etID  | Latin | Balkan Romance | Common Romanian {GOLD} | Old Romanian | Output {GOLD}
0      | #ˈaː# | *#ˈa# | *#ˈa# {GOLD: #ˈa#} | *#ˈa# | *#ˈa# {GOLD: #ˈa#}
1      | #ˌabellˈoːnam# | *#allˈona# | *#alˈunə# {GOLD: >*} | *#alˈunə# | *#alˈunə# {GOLD: #alˈunə#}
2      | #ˈad# | *#ˈa# | *#ˈa# {GOLD: #ˈa#} | *#ˈa# | *#ˈa# {GOLD: #ˈa#}
3      | #ˌadˌakwˈaː# | *#adapˈa# | *#adəpˈa# {GOLD: #adəpˈa#} | *#adəpˈa# | *#adəpˈa# {GOLD: #adəpˈa#}
4      | #ˌadˌappˈositum# | *#adapˈostu# | *#adəpˈostu# {GOLD: >*} | *#adəpˈost# | *#adəpˈost# {GOLD: #adəpˈost#}
5      | #ˌadˌastˈaː# | *#adastˈa# | *#adəstˈa# {GOLD: #adəstˈa#} | *#adəstˈa# | *#adəstˈa# {GOLD: #adəstˈa#}
6      | #ˌadˌawɡˈaː# | *#adawɡˈa# | *#adəwɡˈa# {GOLD: #adəvɡˈa#} | *#adəwɡˈa# | *#adəwɡˈa# {GOLD: #adəwɡˈa#}
7      | #ˌaddˌewˈeːrum# | *#adevˈeru# | *#adevˈeɾu# {GOLD: >*} | *#adevˈər# | *#adevˈər# {GOLD: #adevˈər#}
8      | #ˌadˌidˈipsum# | *#adidˈensu# | *#adidˈensu# {GOLD: >*} | *#adidˈins# | *#adidˈins# {GOLD: #adˈins#}
9      | #ˌadiˈuːnɡe# | *#aɡʲˈunɡʲe# | *#ad͡ʒˈund͡ʒe# {GOLD: #ad͡ʒˈund͡ʒe#} | *#aʒˈund͡ʒe# | *#aʒˈund͡ʒe# {GOLD: #aʒˈund͡ʒe#}
10     | #ˌadiˈuːtoː# | *#aɡʲˈuto# | *#ad͡ʒˈutu# {GOLD: #ad͡ʒˈutu#} | *#aʒˈut# | *#aʒˈut# {GOLD: #aʒˈut#}
11     | #ˌadiˌuːtˈoːrium# | *#aɡʲutˈorju# | *#ad͡ʒutˈojɾu# {GOLD: >*} | *#aʒutˈor# | *#aʒutˈor# {GOLD: #aʒutˈor#}
12     | #ˌadlˈatera# | *#allˈatera# | *#alˈateɾə# {GOLD: >*} | *#alˈaterə# | *#alˈaterə# {GOLD: #alˈəturj#}
13     | #ˌadlˈeɡe# | *#allˈɛɡʲe# | *#ale̯ˈad͡ʒe# {GOLD: >*} | *#alˈed͡ʒe# | *#alˈed͡ʒe# {GOLD: #alˈed͡ʒe#}
14     | #ˌallˌentˈaː# | *#allentˈa# | *#alentˈa# {GOLD: >*} | *#alintˈa# | *#alintˈa# {GOLD: #alintˈa#}
15     | #ˌadlˌonɡˈaː# | *#allonɡˈa# | *#alunɡˈa# {GOLD: >*} | *#alunɡˈa# | *#alunɡˈa# {GOLD: #alunɡˈa#}
16     | #ˌadmˌaɡˈiː# | *#ammaɡʲˈi# | *#aməd͡ʒˈi# {GOLD: >*} | *#aməd͡ʒˈi# | *#aməd͡ʒˈi# {GOLD: #aməd͡ʒˈi#}
17     | #ˌadmˌiːnakiˈaː# | *#amminatʲˈa# | *#aminət͡sˈa# {GOLD: >*} | *#aminət͡sˈa# | *#aminət͡sˈa# {GOLD: #amenint͡sˈa#}
18     | #ˌadnˌinˈaː# | *#anninˈa# | *#anninˈa# {GOLD: >*} | *#aninˈa# | *#aninˈa# {GOLD: #aninˈa#}
19     | ... | ... | #adˈiʎu# {GOLD: #adˈiʎu#} | *#adˈij# | *#adˈij# {GOLD: #adˈij#}
20     | #ˌaddˌormˈiː# | *#adormˈi# | *#adoɾmˈi# {GOLD: >*} | *#adormˈi# | *#adormˈi# {GOLD: #adormˈi#}
21     | #ˌadplˌikˈaː# | *#aplekˈa# | *#aplekˈa# {GOLD: >*} | *#aplekˈa# | *#aplekˈa# {GOLD: #aplekˈa#}
22     | #ˌadpˈoːne# | *#apˈone# | *#apˈune# {GOLD: >*} | *#apˈune# | *#apˈune# {GOLD: #apˈune#}
23     | #ˌadpˈost# | *#apˈoj# | *#apˈoj# {GOLD: >*} | *#apˈoj# | *#apˈoj# {GOLD: #apˈoj#}
24     | #ˌadprˌehˈende# | *#aprjˈɛnde# | *#apɾjˈende# {GOLD: #apɾˈinde#} | *#aprˈinde# | *#aprˈinde# {GOLD: #aprˈinde#}
25     | #ˌadprˈope# | *#aprˈope# | *#apɾo̯ˈape# {GOLD: #apro̯ˈape#} | *#apro̯ˈape# | *#apro̯ˈape# {GOLD: #apro̯ˈape#}
26     | #ˌaddˈuːke# | *#adˈukʲe# | *#adˈut͡ʃe# {GOLD: >*} | *#adˈut͡ʃe# | *#adˈut͡ʃe# {GOLD: #adˈut͡ʃe#}
27     | #ˌadˌumbrˈiː# | *#adumbrˈi# | *#adumbɾˈi# {GOLD: >*} | *#adumbrˈi# | *#adumbrˈi# {GOLD: #adumbrˈi#}
28     | #ˌadˌunkˈaː# | *#adunkˈa# | *#adɨnkˈa# {GOLD: >*} | *#adɨnkˈa# | *#adɨnkˈa# {GOLD: #adɨnkˈa#}
29     | #ˌadˈunkum# | *#adˈunku# | *#adˈunku# {GOLD: >*} | *#adˈunk# | *#adˈunk# {GOLD: #adˈɨnk#}
30     | #ˈaːeːrum# | *#ˈajeru# | *#ˈajeɾu# {GOLD: #ˈajeɾu#} | *#ˈajer# | *#ˈajer# {GOLD: #ˈajer#}
31     | #ˌae̯rˈaːmam# | *#arˈama# | *#aɾˈamə# {GOLD: >*} | *#arˈamə# | *#arˈamə# {GOLD: #arˈamə#}
32     | #ˌafflˈaː# | *#aflˈa# | *#aflˈa# {GOLD: >*} | *#aflˈa# | *#aflˈa# {GOLD: #aflˈa#}
33     | #ˌaɡɡˈestum# | *#aɡʲˈɛstu# | *#ad͡ʒˈestu# {GOLD: >*} | *#ad͡ʒˈest# | *#ad͡ʒˈest# {GOLD: #ad͡ʒˈest#}
34     | #ˈaɡilem# | *#ˈaɡʲele# | *#ˈad͡ʒeɾe# {GOLD: >*} | *#ˈad͡ʒere# | *#ˈad͡ʒere# {GOLD: #ˈad͡ʒer#}
35     | #ˌaɡurˈaː# | *#aɡurˈa# | *#aɡuɾˈa# {GOLD: >*} | *#aɡurˈa# | *#aɡurˈa# {GOLD: #aɡurˈa#}
36     | #ˌawɡˈustum# | *#aɡˈustu# | *#aɡˈustu# {GOLD: #avɡˈustu#} | *#aɡˈust# | *#aɡˈust# {GOLD: #aɡˈust#}
37     | #ˌadiˌektˈaː# | *#ajeptˈa# | *#ajeptˈa# {GOLD: >*} | *#ajeptˈa# | *#ajeptˈa# {GOLD: #ajeptˈa#}
38     | #ˌadiˈuːnum# | *#aɡʲˈunu# | *#ad͡ʒˈunu# {GOLD: >*} | *#aʒˈun# | *#aʒˈun# {GOLD: #aʒˈun#}
39     | #ˌadiˌuːnˈaː# | *#aɡʲunˈa# | *#ad͡ʒunˈa# {GOLD: >*} | *#aʒunˈa# | *#aʒunˈa# {GOLD: #aʒunˈa#}
40     | #ˈakiam# | *#ˈatʲa# | *#ˈat͡sə# {GOLD: >*} | *#ˈat͡sə# | *#ˈat͡sə# {GOLD: #ˈat͡sə#}
41     | #ˌakkˌaptiˈaː# | *#akatʲˈa# | *#akət͡sˈa# {GOLD: #akət͡sˈa#} | *#akət͡sˈa# | *#akət͡sˈa# {GOLD: #akət͡sˈa#}
42     | #ˈakrum# | *#ˈakru# | *#ˈakɾu# {GOLD: >*} | *#ˈakru# | *#ˈakru# {GOLD: #ˈakru#}
43     | #ˈakum# | *#ˈaku# | *#ˈaku# {GOLD: #ˈak#} | *#ˈak# | *#ˈak# {GOLD: #ˈak#}
44     | #ˈakwam# | *#ˈapa# | *#ˈapə# {GOLD: >*} | *#ˈapə# | *#ˈapə# {GOLD: #ˈapə#}
45     | #ˌakwˈaːrium# | *#apˈarju# | *#apˈajɾu# {GOLD: >*} | *#apˈar# | *#apˈar# {GOLD: #apˈar#}
46     | #ˌakwaːtˈoːsum# | *#apatˈosu# | *#apətˈosu# {GOLD: #apətˈos#} | *#apətˈos# | *#apətˈos# {GOLD: #apətˈos#}
47     | #ˈakwilam# | *#ˈakʲela# | *#ˈat͡ʃeɾə# {GOLD: >*} | *#ˈat͡ʃerə# | *#ˈat͡ʃerə# {GOLD: #ˈat͡ʃerə#}
48     | #ˌalbˈastrum# | *#albˈastru# | *#albˈastɾu# {GOLD: #albˈastɾu#} | *#albˈastru# | *#albˈastru# {GOLD: #albˈastru#}
49     | #ˌalbˈiː# | *#albˈi# | *#albˈi# {GOLD: #albˈi#} | *#albˈi# | *#albˈi# {GOLD: #albˈi#}
50     | #ˌalbˈoːrem# | *#albˈore# | *#albo̯ˈaɾe# {GOLD: >*} | *#albo̯ˈare# | *#albo̯ˈare# {GOLD: #albo̯ˈare#}
51     | #ˈalbum# | *#ˈalbu# | *#ˈalbu# {GOLD: #ˈalb#} | *#ˈalb# | *#ˈalb# {GOLD: #ˈalb#}
52     | #ˌallˌewˈaːtum# | *#allˈatu# | *#alˈatu# {GOLD: >*} | *#alˈat# | *#alˈat# {GOLD: #aluˈat#}
53     | #ˌaltˈaːrium# | *#altˈarju# | *#altˈajɾu# {GOLD: #altˈar#} | *#altˈar# | *#altˈar# {GOLD: #altˈar#}
54     | #ˈalterum# | *#ˈalteru# | *#ˈalteɾu# {GOLD: #ˈalt#} | *#ˈalter# | *#ˈalter# {GOLD: #ˈalt#}
55     | #ˌaltˈitiam# | *#altˈitʲa# | *#altjˈit͡sə# {GOLD: >*} | *#altˈit͡sə# | *#altˈit͡sə# {GOLD: #altˈit͡sə#}
56     | #ˌalweˈaːrium# | *#albjˈarju# | *#albjˈajɾu# {GOLD: >*} | *#albjˈer# | *#albjˈer# {GOLD: #albjˈer#}
57     | #ˌalweˈolam# | *#albjˈola# | *#albjo̯ˈaɾə# {GOLD: >*} | *#albio̯ˈarə# | *#albio̯ˈarə# {GOLD: #albio̯ˈarə#}
58     | #ˌalwˈiːnam# | *#albˈina# | *#albˈinə# {GOLD: #albˈinə#} | *#albˈinə# | *#albˈinə# {GOLD: #albˈinə#}
59     | #ˌamˈaːrum# | *#amˈaru# | *#amˈaɾu# {GOLD: >*} | *#amˈar# | *#amˈar# {GOLD: #amˈar#}
60     | #ˌamaːrˈitiam# | *#amarˈetʲa# | *#aməɾe̯ˈat͡sə# {GOLD: >*} | *#aməre̯ˈat͡sə# | *#aməre̯ˈat͡sə# {GOLD: #aməre̯ˈat͡sə#}
61     | #ˌamendˈui# | *#amendˈuj# | *#amendˈoj# {GOLD: >*} | *#amɨndˈoj# | *#amɨndˈoj# {GOLD: #amɨndˈoj#}
62     | #ˌammˌattˈiː# | *#ammatˈi# | *#amət͡sˈi# {GOLD: >*} | *#amət͡sˈi# | *#amət͡sˈi# {GOLD: #amet͡sˈi#}
63     | #ˌammˌortˈiː# | *#ammortˈi# | *#amurt͡sˈi# {GOLD: #amurt͡sˈi#} | *#amurt͡sˈi# | *#amurt͡sˈi# {GOLD: #amort͡sˈi#}
64     | #ˌammˌutˈiː# | *#ammutˈi# | *#amut͡sˈi# {GOLD: >*} | *#amut͡sˈi# | *#amut͡sˈi# {GOLD: #amut͡sˈi#}
65     | #ˌannoːtˈertioː# | *#annotˈɛrtʲo# | *#annut͡sˈert͡su# {GOLD: #ant͡sˈərt͡su#} | *#anut͡sˈert͡s# | *#anut͡sˈert͡s# {GOLD: #ant͡sˈərt͡s#}
66     | #ˌappˌarˈaː# | *#aparˈa# | *#apəɾˈa# {GOLD: #apəɾˈa#} | *#apərˈa# | *#apərˈa# {GOLD: #apərˈa#}
67     | #ˌappˌensˈaː# | *#apesˈa# | *#apesˈa# {GOLD: >*} | *#apəsˈa# | *#apəsˈa# {GOLD: #apəsˈa#}
68     | #ˌaprˈiːkum# | *#prˈiku# | *#pɾˈiku# {GOLD: >*} | *#prˈiɡ# | *#prˈiɡ# {GOLD: #ˈapriɡ#}
69     | #ˌarˈaː# | *#arˈa# | *#aɾˈa# {GOLD: >*} | *#arˈa# | *#arˈa# {GOLD: #arˈa#}
70     | #ˌaraːtˈoːrem# | *#aratˈor# | *#aɾətˈor# {GOLD: >*} | *#arətˈor# | *#arətˈor# {GOLD: #arətˈor#}
71     | #ˌaraːtˈoːrium# | *#aratˈorju# | *#aɾətˈojɾu# {GOLD: >*} | *#arətˈor# | *#arətˈor# {GOLD: #arətˈor#}
72     | #ˌarˈaːtrum# | *#arˈat# | *#aɾˈat# {GOLD: >*} | *#arˈat# | *#arˈat# {GOLD: #arˈat#}
73     | #ˌarˈaːtum# | *#arˈatu# | *#aɾˈatu# {GOLD: >*} | *#arˈat# | *#arˈat# {GOLD: #arˈat#}
74     | #ˌaratˈuːram# | *#aratˈura# | *#aɾətˈuɾə# {GOLD: >*} | *#arətˈurə# | *#arətˈurə# {GOLD: #arətˈurə#}
75     | #ˈarborem# | *#ˈarbore# | *#ˈarbuɾe# {GOLD: #ˈarbuɾe#} | *#ˈarbure# | *#ˈarbure# {GOLD: #ˈarbore#}
76     | #ˌarborˈeːtum# | *#arborˈetu# | *#arbuɾˈetu# {GOLD: #arbuɾˈetu#} | *#arburˈet# | *#arburˈet# {GOLD: #arborˈet#}
77     | #ˌarɡˈentum# | *#arɡʲˈɛntu# | *#ard͡ʒˈentu# {GOLD: #ard͡ʒˈintu#} | *#ard͡ʒˈint# | *#ard͡ʒˈint# {GOLD: #ard͡ʒˈint#}
78     | #ˌarɡentˈaːrium# | *#arɡʲentˈarju# | *#ard͡ʒentˈajɾu# {GOLD: >*} | *#ard͡ʒintˈar# | *#ard͡ʒintˈar# {GOLD: #ard͡ʒintˈar#}
79     | #ˌarɡentˈoːsum# | *#arɡʲentˈosu# | *#ard͡ʒentˈosu# {GOLD: >*} | *#ard͡ʒintˈos# | *#ard͡ʒintˈos# {GOLD: #ard͡ʒintˈos#}
80     | #ˌarkˈaːrium# | *#arkˈarju# | *#arkˈajɾu# {GOLD: >*} | *#arkˈar# | *#arkˈar# {GOLD: #arkˈar#}
81     | #ˈarkum# | *#ˈarku# | *#ˈarku# {GOLD: #ˈarku#} | *#ˈark# | *#ˈark# {GOLD: #ˈark#}
82     | #ˌaːrsˈuːram# | *#arsˈura# | *#arsˈuɾə# {GOLD: >*} | *#arsˈurə# | *#arsˈurə# {GOLD: #arsˈurə#}
83     | #bˌaptidiˈoːnem# | *#boteɡʲˈone# | *#buted͡ʒˈune# {GOLD: #bəted͡ʒˈune#} | *#boteʒˈune# | *#boteʒˈune# {GOLD: #boteʒˈune#}
84     | #bˌaptidiˈaː# | *#botedʲˈa# | *#buted͡zˈa# {GOLD: #bəted͡zˈa#} | *#botezˈa# | *#botezˈa# {GOLD: #botezˈa#}
85     | #bˌasˈilikam# | *#basˈeleka# | *#bəse̯ˈaɾekə# {GOLD: >*} | *#bisˈerikə# | *#bisˈerikə# {GOLD: #bisˈerikə#}
86     | #bˌattuˈaːliam# | *#batˈalja# | *#bətˈaʎe# {GOLD: >*} | *#bətˈaje# | *#bətˈaje# {GOLD: #bətˈaje#}
87     | #brˈaːkae̯# | *#brˈakʲɛ# | *#bɾˈat͡ʃe# {GOLD: >*} | *#brˈat͡ʃe# | *#brˈat͡ʃe# {GOLD: #brˈat͡ʃe#}
88     | #brˈoːtʰakum# | *#brˈotaku# | *#bɾo̯ˈatəku# {GOLD: >*} | *#bro̯ˈatək# | *#bro̯ˈatək# {GOLD: #bro̯ˈatek#}
89     | #dˌamnˈaː# | *#dawnˈa# | *#dəwnˈa# {GOLD: >*} | *#dəwnˈa# | *#dəwnˈa# {GOLD: #dəwnˈa#}
90     | #dˌeːraːmˈaː# | *#deramˈa# | *#deɾəmˈa# {GOLD: >*} | *#derəmˈa# | *#derəmˈa# {GOLD: #dərɨmˈa#}
91     | #dˌeːsˌiːderˈaː# | *#desiderˈa# | *#deʃideɾˈa# {GOLD: >*} | *#deʃiderˈa# | *#deʃiderˈa# {GOLD: #deʃiderˈa#}
92     | #diˈaːnam# | *#dʲˈana# | *#d͡zˈənə# {GOLD: >*} | *#zˈɨnə# | *#zˈɨnə# {GOLD: #zˈɨnə#}
93     | #dˌiskˌarrikˈaː# | *#deskarrkˈa# | *#deskərrkˈa# {GOLD: >*} | *#deskərkˈa# | *#deskərkˈa# {GOLD: #deskərkˈa#}
94     | #dˌolˈoːrem# | *#dolˈore# | *#duɾo̯ˈaɾe# {GOLD: >*} | *#duro̯ˈare# | *#duro̯ˈare# {GOLD: #duro̯ˈare#}
95     | #dˌuplikˈaː# | *#duplekˈa# | *#duplekˈa# {GOLD: >*} | *#duplekˈa# | *#duplekˈa# {GOLD: #duplekˈa#}
96     | #kˌaballˈaːrem# | *#kallˈare# | *#kəlˈaɾe# {GOLD: >*} | *#kəlˈare# | *#kəlˈare# {GOLD: #kəlˈare#}
97     | #kˈae̯lum# | *#kʲˈɛlu# | *#t͡ʃˈeɾu# {GOLD: >*} | *#t͡ʃˈer# | *#t͡ʃˈer# {GOLD: #t͡ʃˈer#}
98     | #kˌantikˈellum# | *#kantekʲˈɛllu# | *#kəntet͡ʃˈelu# {GOLD: >*} | *#kɨntet͡ʃˈel# | *#kɨntet͡ʃˈel# {GOLD: #kɨntet͡ʃˈel#}
99     | #kˌapˈistrum# | *#kapˈestru# | *#kəpˈestɾu# {GOLD: >*} | *#kəpˈəstru# | *#kəpˈəstru# {GOLD: #kəpˈəstru#}
100    | #kˈawulam# | *#ɡˈaula# | *#ɡˈawɾə# {GOLD: #ɡˈavrə#} | *#ɡˈawrə# | *#ɡˈawrə# {GOLD: #ɡˈawrə#}
101    | #kˈeːpam# | *#kʲˈepa# | *#t͡ʃe̯ˈapə# {GOLD: >*} | *#t͡ʃe̯ˈapə# | *#t͡ʃe̯ˈapə# {GOLD: #t͡ʃe̯ˈapə#}
102    | #kˌeːrasiˈaːrium# | *#kʲerasjˈarju# | *#t͡ʃeɾəʃˈajɾu# {GOLD: #t͡ʃiɾeʃˈaɾu#} | *#t͡ʃirəʃˈar# | *#t͡ʃirəʃˈar# {GOLD: #t͡ʃireʃˈar#}
103    | #kˌeːrˈesiam# | *#kʲerˈɛsja# | *#t͡ʃeɾje̯ˈaʃə# {GOLD: #t͡ʃiɾe̯ˈaʃə#} | *#t͡ʃire̯ˈaʃə# | *#t͡ʃire̯ˈaʃə# {GOLD: #t͡ʃire̯ˈaʃə#}
104    | #kˌertˈaː# | *#kʲertˈa# | *#t͡ʃertˈa# {GOLD: >*} | *#t͡ʃertˈa# | *#t͡ʃertˈa# {GOLD: #t͡ʃertˈa#}
105    | #kˌikʰˈoria# | *#kʲikˈorja# | *#t͡ʃiko̯ˈajɾe# {GOLD: >*} | *#t͡ʃiko̯ˈare# | *#t͡ʃiko̯ˈare# {GOLD: #t͡ʃiko̯ˈare#}
106    | #kˌoɡnˈaːtum# | *#komnˈatu# | *#kumnˈatu# {GOLD: >*} | *#kumnˈat# | *#kumnˈat# {GOLD: #kumnˈat#}
107    | #kˌoktˈorium# | *#koptˈorju# | *#kuptˈojɾu# {GOLD: >*} | *#kuptˈor# | *#kuptˈor# {GOLD: #kuptˈor#}
108    | #kˌomminikˈaː# | *#kommenekˈa# | *#kumenekˈa# {GOLD: #kumənekˈa#} | *#kuminekˈa# | *#kuminekˈa# {GOLD: #kuminekˈa#}
109    | #kˈorwum# | *#kˈorbu# | *#kˈorbu# {GOLD: >*} | *#kˈorb# | *#kˈorb# {GOLD: #kˈorb#}
110    | #kˌottidiˈaː# | *#kotedʲˈa# | *#kuted͡zˈa# {GOLD: >*} | *#kutezˈa# | *#kutezˈa# {GOLD: #kutezˈa#}
111    | #krˈistam# | *#krˈesta# | *#kɾe̯ˈastə# {GOLD: >*} | *#kre̯ˈastə# | *#kre̯ˈastə# {GOLD: #kre̯ˈastə#}
112    | #kˌukˈuːtam# | *#kukˈuta# | *#kukˈutə# {GOLD: #kukˈutə#} | *#kukˈutə# | *#kukˈutə# {GOLD: #kukˈutə#}
113    | #kˌurtiˈaː# | *#kurtʲˈa# | *#kurt͡sˈa# {GOLD: >*} | *#kurt͡sˈa# | *#kurt͡sˈa# {GOLD: #krut͡sˈa#}
114    | #kˈodrum# | *#kˈodru# | *#kˈodɾu# {GOLD: >*} | *#kˈodru# | *#kˈodru# {GOLD: #kˈodru#}
115    | #kwˈae̯re# | *#kʲˈɛre# | *#t͡ʃe̯ˈaɾe# {GOLD: >*} | *#t͡ʃˈere# | *#t͡ʃˈere# {GOLD: #t͡ʃˈere#}
116    | #kwˈae̯roː# | *#kʲˈɛro# | *#t͡ʃˈeɾu# {GOLD: #t͡ʃˈeɾu#} | *#t͡ʃˈer# | *#t͡ʃˈer# {GOLD: #t͡ʃˈer#}
117    | #ekkuhˈik# | *#akʲˈi# | *#at͡ʃˈi# {GOLD: >*} | *#at͡ʃˈi# | *#at͡ʃˈi# {GOLD: #at͡ʃˈi#}
118    | #ekkuhˈok# | *#akˈo# | *#akˈo# {GOLD: >*} | *#akˈo# | *#akˈo# {GOLD: #akˈo#}
119    | #ekkeˈillum# | *#akʲˈellu# | *#at͡ʃˈelu# {GOLD: #at͡ʃˈelu#} | *#at͡ʃˈel# | *#at͡ʃˈel# {GOLD: #at͡ʃˈel#}
120    | #ekkuˈistum# | *#akʲˈestu# | *#at͡ʃˈestu# {GOLD: >*} | *#at͡ʃˈest# | *#at͡ʃˈest# {GOLD: #at͡ʃˈest#}
121    | #eksˈalbidum# | *#sˈalbedu# | *#sˈalbedu# {GOLD: >*} | *#sˈalbəd# | *#sˈalbəd# {GOLD: #sˈarbəd#}
122    | #ekskˌadˈeː# | *#skadˈe# | *#skəde̯ˈa# {GOLD: >*} | *#skəde̯ˈa# | *#skəde̯ˈa# {GOLD: #skəde̯ˈa#}
123    | #ekskˌambiˈaː# | *#skambjˈa# | *#skəmbjˈa# {GOLD: >*} | *#skɨmbjˈa# | *#skɨmbjˈa# {GOLD: #skimbˈa#}
124    | #ekskˌappˈaː# | *#skapˈa# | *#skəpˈa# {GOLD: >*} | *#skəpˈa# | *#skəpˈa# {GOLD: #skəpˈa#}
125    | #ekskˌarminˈaː# | *#skarmenˈa# | *#skəɾmənˈa# {GOLD: >*} | *#skərmɨnˈa# | *#skərmɨnˈa# {GOLD: #skərmənˈa#}
126    | #eksmˈulɡe# | *#smˈulɡʲe# | *#smˈuld͡ʒe# {GOLD: #smˈuld͡ʒe#} | *#smˈuld͡ʒe# | *#smˈuld͡ʒe# {GOLD: #smˈuld͡ʒe#}
127    | #eksmˈultum# | *#smˈultu# | *#smˈultu# {GOLD: #smˈultu#} | *#smˈult# | *#smˈult# {GOLD: #smˈult#}
128    | #ekspellawˈaː# | *#spellaˈa# | *#spelˈa# {GOLD: #aspelˈa#} | *#spəlˈa# | *#spəlˈa# {GOLD: #spəlˈa#}
129    | #ekspˈellawoː# | *#spˈɛlla# | *#spe̯ˈa# {GOLD: #aspˈelu#} | *#spe̯ˈa# | *#spe̯ˈa# {GOLD: #spˈəl#}
130    | #ekspˈellawat# | *#spˈɛlla# | *#spe̯ˈa# {GOLD: #aspe̯ˈalə#} | *#spe̯ˈa# | *#spe̯ˈa# {GOLD: #spˈalə#}
131    | #eːrˈikium# | *#arˈetʲu# | *#aɾˈet͡su# {GOLD: >*} | *#arˈet͡s# | *#arˈet͡s# {GOLD: #arˈit͡ʃj#}
132    | #fˌabrikˈaː# | *#fawrekˈa# | *#fəɾekˈa# {GOLD: #fəɾekˈa#} | *#ferekˈa# | *#ferekˈa# {GOLD: #ferekˈa#}
133    | #fˈalkiːs# | *#fˈalkʲi# | *#fˈalt͡ʃi# {GOLD: >*} | *#fˈalt͡ʃj# | *#fˈalt͡ʃj# {GOLD: #fˈəlt͡ʃj#}
134    | #fˈarmakum# | *#fˈarmaku# | *#fˈaɾməku# {GOLD: >*} | *#fˈarmek# | *#fˈarmek# {GOLD: #fˈarmek#}
135    | #fˌebruˈaːrium# | *#fewrˈarju# | *#fewɾˈajɾu# {GOLD: >*} | *#fəwrˈar# | *#fəwrˈar# {GOLD: #fəwrˈar#}
136    | #flˈakulam# | *#flˈakula# | *#flˈakuɾə# {GOLD: >*} | *#flˈakurə# | *#flˈakurə# {GOLD: #flˈakərə#}
137    | #fˌortˈuːnam# | *#fortˈuna# | *#furtˈunə# {GOLD: >*} | *#furtˈunə# | *#furtˈunə# {GOLD: #furtˈunə#}
138    | #fˌossˈaːtum# | *#fosˈatu# | *#fusˈatu# {GOLD: #fusˈat#} | *#fusˈat# | *#fusˈat# {GOLD: #sˈat#}
139    | #frˈeːnum# | *#frˈenu# | *#fɾˈənu# {GOLD: >*} | *#frˈɨw# | *#frˈɨw# {GOLD: #frˈɨw#}
140    | #frˈiːɡe# | *#frˈiɡʲe# | *#fɾˈid͡ʒe# {GOLD: >*} | *#frˈid͡ʒe# | *#frˈid͡ʒe# {GOLD: #frˈid͡ʒe#}
141    | #ɡˌalliːnˈaːkeum# | *#ɡallinˈatʲu# | *#ɡəʎinˈat͡su# {GOLD: >*} | *#ɡəjnˈat͡s# | *#ɡəjnˈat͡s# {GOLD: #ɡəjnˈat͡s#}
142    | #ɡlˈandam# | *#ɡlˈanda# | *#ɡʎˈəndə# {GOLD: #ɡʎˈində#} | *#ɡˈində# | *#ɡˈində# {GOLD: #ɡˈində#}
143    | #ɡlˈandulam# | *#ɡlˈandula# | *#ɡʎˈənduɾə# {GOLD: #ɡʎˈindurə#} | *#ɡˈindurə# | *#ɡˈindurə# {GOLD: #ɡˈindurə#}
144    | #ɡˈulam# | *#ɡˈula# | *#ɡˈuɾə# {GOLD: >*} | *#ɡˈurə# | *#ɡˈurə# {GOLD: #ɡˈurə#}
145    | #ɡˈyːrum# | *#ɡʲˈuru# | *#d͡ʒˈuɾu# {GOLD: #d͡ʒˈuru#} | *#ʒˈur# | *#ʒˈur# {GOLD: #ʒˈur#}
146    | #ˌinpˌerɡˈyːrum# | *#enpreɡʲˈuru# | *#ənpɾed͡ʒˈuɾu# {GOLD: >*} | *#ɨmpreʒˈur# | *#ɨmpreʒˈur# {GOLD: #ɨmpreʒˈur#}
147    | #hˈae̯dum# | *#ˈɛdu# | *#jˈedu# {GOLD: #jˈedu#} | *#jˈed# | *#jˈed# {GOLD: #jˈed#}
148    | #hˌorrˈiː# | *#orrˈi# | *#urɾˈi# {GOLD: #urɾˈɨ#} | *#urˈɨ# | *#urˈɨ# {GOLD: #urˈɨ#}
149    | #hˌorrˈeːskoː# | *#orrˈesko# | *#urɾˈesku# {GOLD: #urɾˈɨsku#} | *#urˈɨsk# | *#urˈɨsk# {GOLD: #urˈɨsk#}
150    | #ˌimperˈaːtum# | *#emperˈatu# | *#əmpeɾˈatu# {GOLD: >*} | *#ɨmpərˈat# | *#ɨmpərˈat# {GOLD: #ɨmpərˈat#}
151    | #ˌinˈaltum# | *#enˈaltu# | *#ənˈaltu# {GOLD: >*} | *#ɨnˈalt# | *#ɨnˈalt# {GOLD: #ɨnˈalt#}
152    | #ˌinˌaltiˈaː# | *#enaltʲˈa# | *#ənəlt͡sˈa# {GOLD: >*} | *#ɨnəlt͡sˈa# | *#ɨnəlt͡sˈa# {GOLD: #ɨnəlt͡sˈa#}
153    | #ˌinkˌalkeˈaː# | *#enkaltʲˈa# | *#ənkəlt͡sˈa# {GOLD: #enkəlt͡sˈa#} | *#ɨnkəlt͡sˈa# | *#ɨnkəlt͡sˈa# {GOLD: #ɨnkəlt͡sˈa#}
154    | #ˌinkˈalkeoː# | *#enkˈaltʲo# | *#ənkˈalt͡su# {GOLD: #enkˈalt͡su#} | *#ɨnkˈalt͡s# | *#ɨnkˈalt͡s# {GOLD: #ɨnkˈalt͡s#}
155    | #ˌinkˌarrikˈaː# | *#enkarrkˈa# | *#ənkərrkˈa# {GOLD: #enkərkˈa#} | *#ɨnkərkˈa# | *#ɨnkərkˈa# {GOLD: #ɨnkərkˈa#}
156    | #ˌinkˌonɡˌyːrˈaː# | *#enkonɡʲurˈa# | *#ənkund͡ʒuɾˈa# {GOLD: >*} | *#ɨnkunʒurˈa# | *#ɨnkunʒurˈa# {GOLD: #ɨnkunʒurˈa#}
157    | #ˌindˌireːktˈaː# | *#endreptˈa# | *#əndɾeptˈa# {GOLD: >*} | *#ɨndreptˈa# | *#ɨndreptˈa# {GOLD: #ɨndreptˈa#}
158    | #ˌinfˌaskiˈaː# | *#enfasʲˈa# | *#ənfəʃˈa# {GOLD: >*} | *#ɨnfəʃˈa# | *#ɨnfəʃˈa# {GOLD: #ɨnfəʃˈa#}
159    | #ˌinɡˌannˈaː# | *#enɡannˈa# | *#ənɡənnˈa# {GOLD: #enɡənˈa#} | *#ɨnɡɨnˈa# | *#ɨnɡɨnˈa# {GOLD: #ɨnɡɨnˈa#}
160    | #ˌinwˌitiˈaː# | *#envetʲˈa# | *#ənvet͡sˈa# {GOLD: >*} | *#ɨnvət͡sˈa# | *#ɨnvət͡sˈa# {GOLD: #ɨnvət͡sˈa#}
161    | #iˌuːdikˈaːtam# | *#ɡʲudekˈata# | *#d͡ʒudekˈatə# {GOLD: >*} | *#ʒudekˈatə# | *#ʒudekˈatə# {GOLD: #ʒudekˈatə#}
162    | #iɡnˈaːrium# | *#emnˈarju# | *#amnˈajɾu# {GOLD: >*} | *#amnˈar# | *#amnˈar# {GOLD: #amnˈar#}
163    | #mˌannuˈaːrium# | *#mannˈarju# | *#mənnˈajɾu# {GOLD: >*} | *#mɨnˈar# | *#mɨnˈar# {GOLD: #mɨnˈer#}
164    | #mˌessionˈaː# | *#mesjonˈa# | *#meʃunˈa# {GOLD: >*} | *#meʃunˈa# | *#meʃunˈa# {GOLD: #miʃunˈa#}
165    | #mastikˈaː# | *#mastekˈa# | *#məstekˈa# {GOLD: >*} | *#mestekˈa# | *#mestekˈa# {GOLD: #mestekˈa#}
166    | #mikstikˈaː# | *#mestekˈa# | *#mestekˈa# {GOLD: >*} | *#mestekˈa# | *#mestekˈa# {GOLD: #mestekˈa#}
167    | #pˌaːwˈoːnem# | *#paˈone# | *#pəˈun# {GOLD: >*} | *#pəˈun# | *#pəˈun# {GOLD: #pəˈun#}
168    | #pˌekˈulium# | *#pekˈulju# | *#pekˈuʎu# {GOLD: >*} | *#pəkˈuj# | *#pəkˈuj# {GOLD: #pəkˈuj#}
169    | #pˈerɡulam# | *#pˈɛrɡla# | *#pje̯ˈarɡʎe# {GOLD: >*} | *#pjˈerɡje# | *#pjˈerɡje# {GOLD: #pˈɨrɡje#}
170    | #pˌistˈaːliam# | *#pestˈalja# | *#pestˈaʎe# {GOLD: >*} | *#pəstˈaje# | *#pəstˈaje# {GOLD: #pəstˈaje#}
171    | #pˈittulam# | *#pˈetula# | *#pˈetuɾə# {GOLD: #pˈetuɾə#} | *#pˈəturə# | *#pˈəturə# {GOLD: #pˈəturə#}
172    | #plˈaːɡam# | *#plˈaɡa# | *#plˈaɡə# {GOLD: >*} | *#plˈaɡə# | *#plˈaɡə# {GOLD: #plˈaɡə#}
173    | #plˈoːppum# | *#plˈopu# | *#plˈopu# {GOLD: >*} | *#plˈop# | *#plˈop# {GOLD: #plˈop#}
174    | #prˌae̯dˈaː# | *#pradˈa# | *#pɾədˈa# {GOLD: >*} | *#prədˈa# | *#prədˈa# {GOLD: #prədˈa#}
175    | #prˌae̯wˈoːtum# | *#prɛˈotu# | *#pɾeˈotu# {GOLD: >*} | *#preˈot# | *#preˈot# {GOLD: #preˈot#}
176    | #prˌiːmawˈeːram# | *#primavˈera# | *#pɾiməve̯ˈaɾə# {GOLD: >*} | *#priməvˈarə# | *#priməvˈarə# {GOLD: #priməvˈarə#}
177    | #pˈunɡam# | *#pˈunɡa# | *#pˈunɡə# {GOLD: #pˈunɡə#} | *#pˈunɡə# | *#pˈunɡə# {GOLD: #pˈunɡə#}
178    | #sˌaɡˈittam# | *#saɡʲˈeta# | *#səd͡ʒe̯ˈatə# {GOLD: #səd͡ʒe̯ˈatə#} | *#səd͡ʒe̯ˈatə# | *#səd͡ʒe̯ˈatə# {GOLD: #səd͡ʒe̯ˈatə#}
179    | #sˌaɡittˈaː# | *#saɡʲetˈa# | *#səd͡ʒetˈa# {GOLD: #səd͡ʒetˈa#} | *#səd͡ʒetˈa# | *#səd͡ʒetˈa# {GOLD: #səd͡ʒetˈa#}
180    | #sˈaːnktum# | *#sˈantu# | *#sˈəntu# {GOLD: >*} | *#sˈɨnt# | *#sˈɨnt# {GOLD: #sˈɨnt#}
181    | #sˈappam# | *#sˈapa# | *#sˈapə# {GOLD: >*} | *#sˈapə# | *#sˈapə# {GOLD: #sˈapə#}
182    | #sˌappˈaː# | *#sapˈa# | *#səpˈa# {GOLD: >*} | *#səpˈa# | *#səpˈa# {GOLD: #səpˈa#}
183    | #sˌekrˈeːtum# | *#sekrˈetu# | *#sekɾˈetu# {GOLD: >*} | *#səkrˈet# | *#səkrˈet# {GOLD: #səkrˈet#}
184    | #sˈerram# | *#sˈɛrra# | *#ʃe̯ˈarɾə# {GOLD: #ʃˈarɾə#} | *#ʃˈarə# | ... {GOLD: ...}
185    | #skˌantˈiliam# | *#skantˈelja# | *#skənte̯ˈaʎe# {GOLD: >*} | *#skɨntˈeje# | *#skɨntˈeje# {GOLD: #skɨntˈeje#}
186    | #spˈissum# | *#spˈesu# | *#spˈesu# {GOLD: #spˈesu#} | *#spˈəs# | ... {GOLD: ...}
187    | #strˈambum# | *#strˈambu# | *#stɾˈəmbu# {GOLD: >*} | *#strˈɨmb# | *#strˈɨmb# {GOLD: #strˈɨmb#}
188    | #ˌadstˌuppˈaː# | *#astupˈa# | *#astupˈa# {GOLD: >*} | *#astupˈa# | *#astupˈa# {GOLD: #astupˈa#}
189    | #stˈuːlam# | *#stˈula# | *#stˈuɾə# {GOLD: #stˈurə#} | *#stˈurə# | *#stˈurə# {GOLD: #stˈurə#}
190    | #tˌoːnsionˈaː# | *#tosjonˈa# | *#tuʃunˈa# {GOLD: >*} | *#tuʃunˈa# | *#tuʃunˈa# {GOLD: #tuʃinˈa#}
191    | #ˌurulˈaː# | *#urlˈa# | *#urlˈa# {GOLD: >*} | *#urlˈa# | *#urlˈa# {GOLD: #urlˈa#}
192    | #wˌeːssˈiːkam# | *#besˈika# | *#beʃˈikə# {GOLD: >*} | *#beʃˈikə# | *#beʃˈikə# {GOLD: #bəʃˈikə#}
193    | #wˈiskum# | *#vˈesku# | *#vˈesku# {GOLD: >*} | *#vˈɨsk# | *#vˈɨsk# {GOLD: #vˈɨsk#}
194    | #wˈiːtrikum# | *#vˈitreku# | *#vˈitɾeku# {GOLD: >*} | *#vˈitriɡ# | *#vˈitriɡ# {GOLD: #vˈitreɡ#}
195    | #wˈiːtrikum# | *#vˈitreku# | *#vˈitɾeku# {GOLD: >*} | *#vˈitriɡ# | *#vˈitriɡ# {GOLD: #vˈitriɡ#}
196    | #fˈeːminum# | *#fˈemenu# | *#fe̯ˈamənu# {GOLD: #fe̯ˈamenu#} | *#fˈamɨn# | *#fˈamɨn# {GOLD: ...}
197    | #fˌeːtiˈolum# | *#fekʲˈolu# | *#fet͡ʃˈoɾu# {GOLD: >*} | *#fet͡ʃˈor# | *#fet͡ʃˈor# {GOLD: #fet͡ʃˈor#}
198    | #fˌeːtiˈolam# | *#fekʲˈola# | *#fet͡ʃo̯ˈaɾə# {GOLD: >*} | *#fet͡ʃo̯ˈarə# | *#fet͡ʃo̯ˈarə# {GOLD: #fet͡ʃo̯ˈarə#}
199    | #jˈuwenem# | *#ɡʲˈuane# | *#d͡ʒˈuəne# {GOLD: >*} | *#ʒˈune# | *#ʒˈune# {GOLD: #ʒˈune#}
200    | #mˈaskulum# | *#mˈasklu# | *#mˈaskʎu# {GOLD: #mˈaskuɾu#} | *#mˈaʃkj# | *#mˈaʃkj# {GOLD: #mˈaskur#}
201    | #nˈaːtum# | *#nˈatu# | *#nˈatu# {GOLD: >*} | *#nˈat# | *#nˈat# {GOLD: #nˈat#}
202    | #pˈuppa# | *#pˈupa# | *#pˈupə# {GOLD: #pˈupə#} | *#pˈupə# | *#pˈupə# {GOLD: #pˈupə#}
203    | #tˈenerum# | *#tˈɛneru# | *#t͡sˈeneɾu# {GOLD: >*} | *#t͡sˈiner# | *#t͡sˈiner# {GOLD: #tˈɨnər#}
204    | #wˌetrˈaːnum# | *#betrˈanu# | *#betɾˈənu# {GOLD: >*} | *#bətrˈɨn# | *#bətrˈɨn# {GOLD: #bətrˈɨn#}
205    | #wˈirɡulam# | *#vˈerɡla# | *#ve̯ˈarɡʎe# {GOLD: >*} | *#vˈerɡje# | *#vˈerɡje# {GOLD: #vˈərɡurə#}
206    | #kˈorpum# | *#kˈorpu# | *#kˈorpu# {GOLD: #kˈorpu#} | *#kˈorp# | *#kˈorp# {GOLD: #kˈorp#}
207    | #stˈaːtum# | *#stˈatu# | *#stˈatu# {GOLD: >*} | *#stˈat# | *#stˈat# {GOLD: #stˈat#}
208    | #bˈarbam# | *#bˈarba# | *#bˈarbə# {GOLD: >*} | *#bˈarbə# | *#bˈarbə# {GOLD: #bˈarbə#}
209    | #bˈukkam# | *#bˈuka# | *#bˈukə# {GOLD: >*} | *#bˈukə# | *#bˈukə# {GOLD: #bˈukə#}
210    | #kˌapitˈiːnam# | *#kapetˈina# | *#kəpet͡sˈinə# {GOLD: >*} | *#kəpət͡sˈɨnə# | *#kəpət͡sˈɨnə# {GOLD: #kəpət͡sˈɨnə#}
211    | #kˌerˈebulum# | *#krˈɛjelu# | *#kɾe̯ˈajeɾu# {GOLD: #krˈejer#} | *#krˈejer# | *#krˈejer# {GOLD: #krˈejer#}
212    | #dˈentem# | *#dˈɛnte# | *#dˈente# {GOLD: >*} | *#dˈinte# | *#dˈinte# {GOLD: #dˈinte#}
213    | #flˈokkum# | *#flˈoku# | *#flˈoku# {GOLD: >*} | *#flˈok# | *#flˈok# {GOLD: #flˈok#}
214    | #frˈontem# | *#frˈonte# | *#fɾˈunte# {GOLD: >*} | *#frˈunte# | *#frˈunte# {GOLD: #frˈunte#}
215    | #ɡˈenam# | *#ɡʲˈɛna# | *#d͡ʒˈenə# {GOLD: >*} | *#d͡ʒˈinə# | *#d͡ʒˈinə# {GOLD: #d͡ʒe̯ˈanə#}
216    | #ɡˌinɡˈiːwam# | *#ɡʲenɡʲˈija# | *#d͡ʒend͡ʒˈijə# {GOLD: >*} | *#d͡ʒind͡ʒˈie# | *#d͡ʒind͡ʒˈie# {GOLD: #d͡ʒind͡ʒˈie#}
217    | #lˈinɡwam# | *#lˈenba# | *#lˈenbə# {GOLD: >*} | *#lˈimbə# | *#lˈimbə# {GOLD: #lˈimbə#}
218    | #mˌaːksˈillam# | *#masˈella# | *#məse̯ˈa# {GOLD: >*} | *#məse̯ˈa# | *#məse̯ˈa# {GOLD: #məse̯ˈa#}
219    | #mˌustˈakea# | *#mustˈatʲa# | *#mustˈat͡sə# {GOLD: >*} | *#mustˈat͡sə# | *#mustˈat͡sə# {GOLD: #mustˈat͡sə#}
220    | #nˈaːriːs# | *#nˈari# | *#nˈaɾi# {GOLD: >*} | *#nˈarj# | *#nˈarj# {GOLD: #nˈərj#}
221    | #nˈaːsum# | *#nˈasu# | *#nˈasu# {GOLD: >*} | *#nˈas# | *#nˈas# {GOLD: #nˈas#}
222    | #pˌalˈaːtium# | *#palˈatʲu# | *#pəɾˈat͡su# {GOLD: >*} | *#pərˈat͡s# | *#pərˈat͡s# {GOLD: #pərˈat͡s#}
223    | #rˈoːstrum# | *#rˈostru# | *#rɾˈostɾu# {GOLD: #rˈostu#} | *#rˈostru# | *#rˈostru# {GOLD: ...}
224    | #tˈestam# | *#tˈɛsta# | *#t͡se̯ˈastə# {GOLD: >*} | *#t͡se̯ˈastə# | *#t͡se̯ˈastə# {GOLD: #t͡se̯ˈastə#}
225    | #kˌerwˈiːkem# | *#kʲerbˈikʲe# | *#t͡ʃerbˈit͡ʃe# {GOLD: >*} | *#t͡ʃerbˈit͡ʃe# | *#t͡ʃerbˈit͡ʃe# {GOLD: #t͡ʃerbˈit͡ʃe#}
226    | #ˈanimam# | *#ˈanema# | *#ˈinemə# {GOLD: #ˈinemə#} | *#ˈinimə# | *#ˈinimə# {GOLD: #ˈinimə#}
227    | #kˌatˈeːnam# | *#katˈena# | *#kətˈenə# {GOLD: >*} | *#kətˈinə# | *#kətˈinə# {GOLD: #kətˈinə#}
228    | #kˈoːleum# | *#kˈolju# | *#kˈoʎu# {GOLD: >*} | *#kˈoj# | *#kˈoj# {GOLD: #kˈoj#}
229    | #kˈostam# | *#kˈosta# | *#ko̯ˈastə# {GOLD: >*} | *#ko̯ˈastə# | *#ko̯ˈastə# {GOLD: #ko̯ˈastə#}
230    | #kˈuːlum# | *#kˈulu# | *#kˈuɾu# {GOLD: >*} | *#kˈur# | *#kˈur# {GOLD: #kˈur#}
231    | #fˌiːkˈaːtum# | *#fikˈatu# | *#fikˈatu# {GOLD: >*} | *#fikˈat# | *#fikˈat# {GOLD: #fikˈat#}
232    | #hˈumerum# | *#ˈumeru# | *#ˈumeɾu# {GOLD: >*} | *#ˈumər# | *#ˈumər# {GOLD: #ˈumər#}
233    | #ˈilia# | *#ˈelja# | *#je̯ˈaʎe# {GOLD: #ˈiʎe#} | *#jˈeje# | *#jˈeje# {GOLD: #ˈie#}
234    | #mˈatium# | *#mˈatʲu# | *#mˈat͡su# {GOLD: #mˈat͡su#} | *#mˈat͡s# | *#mˈat͡s# {GOLD: #mˈat͡s#}
235    | #mˌinuːtˈaliam# | *#menutˈalja# | *#mənutˈaʎe# {GOLD: >*} | *#məruntˈaje# | *#məruntˈaje# {GOLD: #məruntˈaje#}
236    | #mˈuːskulum# | *#mˈusklu# | *#mˈuskʎu# {GOLD: >*} | *#mˈuʃkj# | *#mˈuʃkj# {GOLD: #mˈuʃkj#}
237    | #nˈoːdam# | *#nˈoda# | *#no̯ˈadə# {GOLD: >*} | *#no̯ˈadə# | *#no̯ˈadə# {GOLD: #no̯ˈadə#}
238    | #pˈiskem# | *#pˈeskʲe# | *#pe̯ˈaʃte# {GOLD: >*} | *#pˈeʃte# | *#pˈeʃte# {GOLD: #pˈeʃte#}
239    | #rˈeːnam# | *#rˈena# | *#rɾˈenə# {GOLD: >*} | *#rˈɨnə# | *#rˈɨnə# {GOLD: #rˈɨnə#}
240    | #rˌeːnˈikulum# | *#renˈeklu# | *#rɾinˈekʎu# {GOLD: #rinˈikʎu#} | *#rɨnˈekj# | *#rɨnˈekj# {GOLD: #rinˈikj#}
241    | #rˌenˈunkulum# | *#renˈunklu# | *#rɾenˈunkʎu# {GOLD: >*} | *#rərˈunkj# | *#rərˈunkj# {GOLD: #rərˈunkj#}
242    | #sˈinum# | *#sˈenu# | *#sˈenu# {GOLD: >*} | *#sˈin# | *#sˈin# {GOLD: #sˈɨn#}
243    | #spˌiːnˈaːlem# | *#spinˈale# | *#spinˈaɾe# {GOLD: >*} | *#spinˈare# | *#spinˈare# {GOLD: #spinˈare#}
244    | #splˈeːnam# | *#splˈena# | *#splˈenə# {GOLD: >*} | *#splˈinə# | *#splˈinə# {GOLD: #splˈinə#}
245    | #sˌubˈaːlam# | *#suˈala# | *#suˈaɾə# {GOLD: >*} | *#suˈarə# | *#suˈarə# {GOLD: #suo̯ˈarə#}
246    | #tˈitiam# | *#tˈitʲa# | *#t͡sˈit͡sə# {GOLD: >*} | *#t͡sˈɨt͡sə# | *#t͡sˈɨt͡sə# {GOLD: #t͡sˈɨt͡sə#}
247    | #trˈunkulum# | *#trˈunklu# | *#tɾˈunkʎu# {GOLD: >*} | *#trˈunkj# | *#trˈunkj# {GOLD: #trˈunkj#}
248    | #ˌumbilˈiːkum# | *#umbelˈiku# | *#umbeɾˈiku# {GOLD: >*} | *#mberˈik# | *#mberˈik# {GOLD: #burˈik#}
249    | #wˌenˈeːnum# | *#venˈenu# | *#vənˈenu# {GOLD: >*} | *#vɨnˈin# | *#vɨnˈin# {GOLD: #venˈin#}
250    | #wˈentrem# | *#vˈɛntre# | *#vˈentɾe# {GOLD: >*} | *#vˈintre# | *#vˈintre# {GOLD: #vˈintre#}
251    | #ˈarmum# | *#ˈarmu# | *#ˈaɾmu# {GOLD: >*} | *#ˈarm# | *#ˈarm# {GOLD: #ˈarm#}
252    | #brˈakʰkʰium# | *#brˈatʲu# | *#bɾˈat͡su# {GOLD: >*} | *#brˈat͡s# | *#brˈat͡s# {GOLD: #brˈat͡s#}
253    | #kˌalkˈaːneum# | *#kalkˈanju# | *#kəlkˈəɲu# {GOLD: >*} | *#kəlkˈɨj# | *#kəlkˈɨj# {GOLD: #kəlkˈɨj#}
254    | #kˈubitum# | *#kˈubtu# | *#kˈubtu# {GOLD: >*} | *#kˈub# | *#kˈub# {GOLD: #kˈot#}
255    | #dˈiɡitum# | *#dˈeɡʲetu# | *#de̯ˈad͡ʒetu# {GOLD: >*} | *#dˈed͡ʒet# | *#dˈed͡ʒet# {GOLD: #dˈed͡ʒet#}
256    | #dˌiːrˈeːktum# | *#drˈeptu# | *#dɾˈeptu# {GOLD: >*} | *#drˈept# | *#drˈept# {GOLD: #drˈept#}
257    | #ɡˌenˈukulum# | *#ɡʲenˈuklu# | *#d͡ʒenˈukʎu# {GOLD: >*} | *#d͡ʒenˈunkj# | *#d͡ʒenˈunkj# {GOLD: #d͡ʒenˈunkj#}
258    | #mˈanam# | *#mˈana# | *#mˈənə# {GOLD: >*} | *#mˈɨnə# | *#mˈɨnə# {GOLD: #mˈɨnə#}
259    | #mˌedullˈaːrium# | *#medullˈarju# | *#medulˈajɾu# {GOLD: #mədulˈaɾu#} | *#mədulˈar# | *#mədulˈar# {GOLD: #mədulˈar#}
260    | #pˈalmam# | *#pˈalma# | *#pˈalmə# {GOLD: >*} | *#pˈalmə# | *#pˈalmə# {GOLD: #pˈalmə#}
261    | #pˌetiˈolum# | *#pekʲˈolu# | *#pet͡ʃˈoɾu# {GOLD: >*} | *#pet͡ʃˈor# | *#pet͡ʃˈor# {GOLD: #pit͡ʃˈor#}
262    | #pˈulpam# | *#pˈulpa# | *#pˈulpə# {GOLD: >*} | *#pˈulpə# | *#pˈulpə# {GOLD: #pˈulpə#}
263    | #tˈalpam# | *#tˈalpa# | *#tˈalpə# {GOLD: >*} | *#tˈalpə# | *#tˈalpə# {GOLD: #tˈalpə#}
264    | #ˈunɡulam# | *#ˈunɡla# | *#ˈunɡʎe# {GOLD: >*} | *#ˈunɡje# | *#ˈunɡje# {GOLD: #ˈunɡje#}
265    | #kˈarnem# | *#kˈarne# | *#kˈaɾne# {GOLD: >*} | *#kˈarne# | *#kˈarne# {GOLD: #kˈarne#}
266    | #mˌedˈullam# | *#medˈulla# | *#medˈuvə# {GOLD: >*} | *#mədˈuvə# | *#mədˈuvə# {GOLD: #mədˈuvə#}
267    | #ˈossum# | *#ˈosu# | *#ˈosu# {GOLD: >*} | *#ˈos# | *#ˈos# {GOLD: #ˈos#}
268    | #pˈellem# | *#pˈɛlle# | *#pje̯ˈale# {GOLD: >*} | *#pjˈele# | *#pjˈele# {GOLD: #pjˈele#}
269    | #ˌawdˈiː# | *#awdˈi# | *#awd͡zˈi# {GOLD: >*} | *#awzˈi# | *#awzˈi# {GOLD: #awzˈi#}
270    | #ˌawskultˈaː# | *#askultˈa# | *#askultˈa# {GOLD: >*} | *#askultˈa# | *#askultˈa# {GOLD: #askultˈa#}
271    | #kˌirkˈaː# | *#kʲerkˈa# | *#t͡ʃerkˈa# {GOLD: >*} | *#t͡ʃerkˈa# | *#t͡ʃerkˈa# {GOLD: #t͡ʃerkˈa#}
272    | #ɡˌustˈaː# | *#ɡustˈa# | *#ɡustˈa# {GOLD: >*} | *#ɡustˈa# | *#ɡustˈa# {GOLD: #ɡustˈa#}
273    | #ɡˈustum# | *#ɡˈustu# | *#ɡˈustu# {GOLD: >*} | *#ɡˈust# | *#ɡˈust# {GOLD: #ɡˈust#}
274    | #sˌentˈiː# | *#semtˈi# | *#semt͡sˈi# {GOLD: >*} | *#simt͡sˈi# | *#simt͡sˈi# {GOLD: #simt͡sˈi#}
275    | #wˌidˈeː# | *#vedˈe# | *#vede̯ˈa# {GOLD: >*} | *#vede̯ˈa# | *#vede̯ˈa# {GOLD: #vede̯ˈa#}
276    | #kʰˌaskˈaː# | *#kaskˈa# | *#kəskˈa# {GOLD: >*} | *#kəskˈa# | *#kəskˈa# {GOLD: #kəskˈa#}
277    | #rˌesˌufflˈaː# | *#resuflˈa# | *#rɾesuflˈa# {GOLD: >*} | *#rəsuflˈa# | *#rəsuflˈa# {GOLD: #rəsuflˈa#}
278    | #stˌernuːtˈaː# | *#sternutˈa# | *#steɾnutˈa# {GOLD: >*} | *#sternutˈa# | *#sternutˈa# {GOLD: #strənutˈa#}
279    | #sˌufflˈaː# | *#suflˈa# | *#suflˈa# {GOLD: #suflˈa#} | *#suflˈa# | *#suflˈa# {GOLD: #suflˈa#}
280    | #ˌassudˈaː# | *#asudˈa# | *#asudˈa# {GOLD: >*} | *#asudˈa# | *#asudˈa# {GOLD: #asudˈa#}
281    | #kˌakˈaː# | *#kakˈa# | *#kəkˈa# {GOLD: >*} | *#kəkˈa# | *#kəkˈa# {GOLD: #kəkˈa#}
282    | #ˌekskrˈime# | *#skrˈeme# | *#skɾe̯ˈame# {GOLD: >*} | *#skrˈeme# | *#skrˈeme# {GOLD: #skrˈeme#}
283    | #fˈamem# | *#fˈome# | *#fo̯ˈame# {GOLD: >*} | *#fo̯ˈame# | *#fo̯ˈame# {GOLD: #fo̯ˈame#}
284    | #ˌimbˌukkˈaː# | *#embukˈa# | *#əmbukˈa# {GOLD: >*} | *#ɨmbukˈa# | *#ɨmbukˈa# {GOLD: #ɨmbukˈa#}
285    | #ˌinɡlˌuttˈiː# | *#enɡlutˈi# | *#ənɡʎut͡sˈi# {GOLD: >*} | *#ɨnɡit͡sˈi# | *#ɨnɡit͡sˈi# {GOLD: #ɨnɡit͡sˈi#}
286    | #ˌintˈinɡe# | *#entˈenɡʲe# | *#əntˈend͡ʒe# {GOLD: >*} | *#ɨntˈind͡ʒe# | *#ɨntˈind͡ʒe# {GOLD: #ɨntˈind͡ʒe#}
287    | #lˈaːkrimam# | *#lˈakrema# | *#lˈakɾemə# {GOLD: >*} | *#lˈakrimə# | *#lˈakrimə# {GOLD: #lˈakrimə#}
288    | #mˈuːkkum# | *#mˈuku# | *#mˈuku# {GOLD: >*} | *#mˈuk# | *#mˈuk# {GOLD: #mˈuk#}
289    | #sˈatium# | *#sˈatʲu# | *#sˈat͡su# {GOLD: >*} | *#sˈat͡s# | *#sˈat͡s# {GOLD: #sˈat͡s#}
290    | #sˌatˈullum# | *#satˈullu# | *#sətˈulu# {GOLD: >*} | *#sətˈul# | *#sətˈul# {GOLD: #sətˈul#}
291    | #sˌaturˈaː# | *#saturˈa# | *#sətuɾˈa# {GOLD: >*} | *#səturˈa# | *#səturˈa# {GOLD: #səturˈa#}
292    | #sˌuɡɡluttiˈaː# | *#suɡlutʲˈa# | *#suɡʎut͡sˈa# {GOLD: #suɡʎit͡sˈa#} | *#suɡit͡sˈa# | *#suɡit͡sˈa# {GOLD: #suɡit͡sˈa#}
293    | #sˌorbˈiː# | *#sorbˈi# | *#sorbˈi# {GOLD: >*} | *#sorbˈi# | *#sorbˈi# {GOLD: #sorbˈi#}
294    | #sˌuːdˈoːrem# | *#sudˈore# | *#sudo̯ˈaɾe# {GOLD: >*} | *#sudo̯ˈare# | *#sudo̯ˈare# {GOLD: #sudo̯ˈare#}
295    | #sˈuːɡe# | *#sˈuɡʲe# | *#sˈud͡ʒe# {GOLD: >*} | *#sˈud͡ʒe# | *#sˈud͡ʒe# {GOLD: #sˈud͡ʒe#}
296    | #kˌoːnstˈaː# | *#kostˈa# | *#kustˈa# {GOLD: >*} | *#kustˈa# | *#kustˈa# {GOLD: #kustˈa#}
297    | #fˌaktˈuːram# | *#faptˈura# | *#fəptˈuɾə# {GOLD: >*} | *#fəptˈurə# | *#fəptˈurə# {GOLD: #fəptˈurə#}
298    | #fˈie# | *#fˈi# | *#fˈi# {GOLD: >*} | *#fˈi# | *#fˈi# {GOLD: #fˈi#}
299    | #fˈutue# | *#fˈute# | *#fˈute# {GOLD: >*} | *#fˈute# | *#fˈute# {GOLD: #fˈute#}
300    | #ˌinɡrˌewikˈaː# | *#enɡreekˈa# | *#ənɡɾekˈa# {GOLD: >*} | *#ɨnɡrikˈa# | *#ɨnɡrikˈa# {GOLD: #ɨnɡrekˈa#}
301    | #ˌinɡrˈewikaː# | *#enɡrˈɛeka# | *#ənɡɾe̯ˈakə# {GOLD: >*} | *#ɨnɡre̯ˈakə# | *#ɨnɡre̯ˈakə# {GOLD: #ɨnɡre̯ˈakə#}
302    | #lˌapidˈaː# | *#lapedˈa# | *#ləpedˈa# {GOLD: >*} | *#ləpədˈa# | *#ləpədˈa# {GOLD: #ləpədˈa#}
303    | #nˈaːske# | *#nˈaskʲe# | *#nˈaʃte# {GOLD: >*} | *#nˈaʃte# | *#nˈaʃte# {GOLD: #nˈaʃte#}
304    | #wˌiːwˈatia# | *#viˈatʲa# | *#viˈat͡sə# {GOLD: >*} | *#viˈat͡sə# | *#viˈat͡sə# {GOLD: #vjˈat͡sə#}
305    | #wˈiwum# | *#vˈiu# | *#vˈiw# {GOLD: >*} | *#vˈiw# | *#vˈiw# {GOLD: #vˈiw#}
306    | #wˈiːwe# | *#vˈije# | *#vˈije# {GOLD: >*} | *#vˈie# | *#vˈie# {GOLD: #vˈie#}
307    | #kˌastiːɡˈaː# | *#kastiɡˈa# | *#kəʃtiɡˈa# {GOLD: >*} | *#kɨʃtiɡˈa# | *#kɨʃtiɡˈa# {GOLD: #kɨʃtiɡˈa#}
308    | #krˈeːske# | *#krˈeskʲe# | *#kɾe̯ˈaʃte# {GOLD: >*} | *#krˈeʃte# | *#krˈeʃte# {GOLD: #krˈeʃte#}
309    | #dˌismˌerdˈaː# | *#desmerdˈa# | *#desmerdˈa# {GOLD: #desmjerdˈa#} | *#desmɨrdˈa# | *#desmɨrdˈa# {GOLD: #desmjerdˈa#}
310    | #lˌiɡinˈaː# | *#leɡʲenˈa# | *#leɡenˈa# {GOLD: >*} | *#leɡənˈa# | *#leɡənˈa# {GOLD: #leɡənˈa#}
311    | #ˌattˌepˈiː# | *#atepˈi# | *#atepˈi# {GOLD: >*} | *#atepˈi# | *#atepˈi# {GOLD: #at͡sipˈi#}
312    | #dˌormˈiː# | *#dormˈi# | *#doɾmˈi# {GOLD: >*} | *#dormˈi# | *#dormˈi# {GOLD: #dormˈi#}
313    | #dˌormiːtˈaː# | *#dormitˈa# | *#doɾmitˈa# {GOLD: >*} | *#dormitˈa# | *#dormitˈa# {GOLD: #dormitˈa#}
314    | #ˌekskˌubulˈaː# | *#skuwlˈa# | *#skulˈa# {GOLD: >*} | *#skulˈa# | *#skulˈa# {GOLD: #skulˈa#}
315    | #mˌanˈeː# | *#manˈe# | *#məne̯ˈa# {GOLD: >*} | *#mɨne̯ˈa# | *#mɨne̯ˈa# {GOLD: #mɨne̯ˈa#}
316    | #mˌaːnikˈaː# | *#manekˈa# | *#mənekˈa# {GOLD: >*} | *#mɨnekˈa# | *#mɨnekˈa# {GOLD: #mɨnekˈa#}
317    | #rˌepˌawsˈaː# | *#reposˈa# | *#rɾepusˈa# {GOLD: #rəpəwsˈa#} | *#rəposˈa# | *#rəposˈa# {GOLD: #rəposˈa#}
318    | #sˈomnum# | *#sˈomnu# | *#sˈomnu# {GOLD: >*} | *#sˈomn# | *#sˈomn# {GOLD: #sˈomn#}
319    | #wˌiɡilˈaː# | *#veɡlˈa# | *#veɡʎˈa# {GOLD: >*} | *#veɡe̯ˈa# | *#veɡe̯ˈa# {GOLD: #veɡe̯ˈa#}
320    | #wˈiːsum# | *#vˈisu# | *#vˈisu# {GOLD: >*} | *#vˈis# | *#vˈis# {GOLD: #vˈis#}
321    | #ˌekskˌaldˈaː# | *#skaldˈa# | *#skəldˈa# {GOLD: >*} | *#skəldˈa# | *#skəldˈa# {GOLD: #skəldˈa#}
322    | #lˌawˈaː# | *#laˈa# | *#lˈa# {GOLD: >*} | *#lˈa# | *#lˈa# {GOLD: #lˈa#}
323    | #pˌaːɡˈaːnum# | *#paɡˈanu# | *#pəɡˈənu# {GOLD: >*} | *#pəɡˈɨn# | *#pəɡˈɨn# {GOLD: #pəɡˈɨn#}
324    | #pˈektinoː# | *#pˈɛpteno# | *#pje̯ˈaptenu# {GOLD: #pje̯ˈaptenu#} | *#pjˈeptin# | *#pjˈeptin# {GOLD: #pjˈeptən#}
325    | #pˈektinat# | *#pˈɛptena# | *#pje̯ˈaptenə# {GOLD: #pje̯ˈaptenə#} | *#pjˈeptinə# | *#pjˈeptinə# {GOLD: #pjˈeptənə#}
326    | #spˌurkˈaː# | *#spurkˈa# | *#spurkˈa# {GOLD: >*} | *#spurkˈa# | *#spurkˈa# {GOLD: #spurkˈa#}
327    | #blˈandum# | *#blˈandu# | *#blˈəndu# {GOLD: >*} | *#blˈɨnd# | *#blˈɨnd# {GOLD: #blˈɨnd#}
328    | #blˌandˈitiem# | *#blandˈetʲe# | *#blənde̯ˈat͡se# {GOLD: >*} | *#blɨndˈet͡se# | *#blɨndˈet͡se# {GOLD: #blɨndˈet͡se#}
329    | #inkˌommˈitte# | *#enkommˈete# | *#ənkume̯ˈate# {GOLD: >*} | *#ɨnkumˈete# | *#ɨnkumˈete# {GOLD: #ɨnkumˈete#}
330    | #kˈompitum# | *#kˈompetu# | *#kˈumpetu# {GOLD: >*} | *#kˈumpət# | *#kˈumpət# {GOLD: #kˈumpət#}
331    | #dolˈeː# | *#dolˈe# | *#duɾe̯ˈa# {GOLD: >*} | *#dure̯ˈa# | *#dure̯ˈa# {GOLD: #dure̯ˈa#}
332    | #dˌoliˈoːsum# | *#doljˈosu# | *#duʎˈosu# {GOLD: >*} | *#dujˈos# | *#dujˈos# {GOLD: #dujˈos#}
333    | #dˈolum# | *#dˈolu# | *#dˈoɾu# {GOLD: >*} | *#dˈor# | *#dˈor# {GOLD: #dˈor#}
334    | #ˌekspˈawima# | *#spˈajema# | *#spˈajemə# {GOLD: >*} | *#spˈajimə# | *#spˈajimə# {GOLD: #spˈajimə#}
335    | #ˌekspˌawiːmentˈaː# | *#spamentˈa# | *#spəmentˈa# {GOLD: >*} | *#spemɨntˈa# | *#spemɨntˈa# {GOLD: #spəjmɨntˈa#}
336    | #ˌekstˌemperˈaː# | *#stemperˈa# | *#stempeɾˈa# {GOLD: >*} | *#stimpərˈa# | *#stimpərˈa# {GOLD: #stɨmpərˈa#}
337    | #fˌeːlˈiːkem# | *#felˈikʲe# | *#feɾˈit͡ʃe# {GOLD: >*} | *#ferˈit͡ʃe# | *#ferˈit͡ʃe# {GOLD: #ferˈit͡ʃe#}
338    | #ˌindˌuːrˈaː# | *#endurˈa# | *#ənduɾˈa# {GOLD: >*} | *#ɨndurˈa# | *#ɨndurˈa# {GOLD: #ɨndurˈa#}
339    | #ˌintˌerrittˈaː# | *#enterretˈa# | *#ənterɾetˈa# {GOLD: >*} | *#ɨnterətˈa# | *#ɨnterətˈa# {GOLD: #ɨntərɨtˈa#}
340    | #ˌinwiːtˈaː# | *#envitˈa# | *#ənvitˈa# {GOLD: >*} | *#ɨnvitˈa# | *#ɨnvitˈa# {GOLD: #ɨnvitˈa#}
341    | #mˈalum# | *#mˈalu# | *#mˈaɾu# {GOLD: #mˈaɾu#} | *#mˈar# | *#mˈar# {GOLD: #mˈar#}
342    | #mˌanɡaneˈaː# | *#manɡanjˈa# | *#mənɡəɲˈa# {GOLD: >*} | *#mɨnɡɨjˈa# | *#mɨnɡɨjˈa# {GOLD: #mɨnɡɨjˈa#}
343    | #manˈiːa# | *#manˈi# | *#mənˈi# {GOLD: >*} | *#mɨnˈi# | *#mɨnˈi# {GOLD: #mɨnˈie#}
344    | #miːrˈaː# | *#mirˈa# | *#miɾˈa# {GOLD: >*} | *#mirˈa# | *#mirˈa# {GOLD: #mirˈa#}
345    | #mˌiserˈeːre# | *#meserˈere# | *#meseɾe̯ˈaɾe# {GOLD: #meseɾe̯ˈaɾe#} | *#miserˈere# | *#miserˈere# {GOLD: #meserˈere#}
346    | #mˌoːnstrˈaː# | *#mostrˈa# | *#mustɾˈa# {GOLD: >*} | *#mustrˈa# | *#mustrˈa# {GOLD: #mustrˈa#}
347    | #pˌakˈaː# | *#pakˈa# | *#pəkˈa# {GOLD: >*} | *#pəkˈa# | *#pəkˈa# {GOLD: #pəkˈa#}
348    | #pˌae̯nitˈaː# | *#panetˈa# | *#pənetˈa# {GOLD: >*} | *#pənətˈa# | *#pənətˈa# {GOLD: #pənətˈa#}
349    | #patˈiː# | *#patˈi# | *#pət͡sˈi# {GOLD: >*} | *#pət͡sˈi# | *#pət͡sˈi# {GOLD: #pət͡sˈi#}
350    | #pˌensˈaː# | *#pesˈa# | *#pesˈa# {GOLD: >*} | *#pəsˈa# | *#pəsˈa# {GOLD: #pəsˈa#}
351    | #pˈensum# | *#pˈesu# | *#pˈesu# {GOLD: >*} | *#pˈəs# | *#pˈəs# {GOLD: #pˈəs#}
352    | #piɡritˈaː# | *#preɡʲetˈa# | *#pɾed͡ʒetˈa# {GOLD: >*} | *#pred͡ʒetˈa# | *#pred͡ʒetˈa# {GOLD: #pred͡ʒetˈa#}
353    | #plaːkˈeː# | *#plakʲˈe# | *#plət͡ʃe̯ˈa# {GOLD: >*} | *#plət͡ʃe̯ˈa# | *#plət͡ʃe̯ˈa# {GOLD: #plət͡ʃe̯ˈa#}
354    | #plˈanɡe# | *#plˈanɡʲe# | *#plˈənd͡ʒe# {GOLD: >*} | *#plˈɨnd͡ʒe# | *#plˈɨnd͡ʒe# {GOLD: #plˈɨnd͡ʒe#}
355    | #rˈiːde# | *#rˈide# | *#rɾˈide# {GOLD: >*} | *#rˈɨde# | *#rˈɨde# {GOLD: #rˈɨde#}
356    | #rˈisum# | *#rˈesu# | *#rɾˈesu# {GOLD: >*} | *#rˈəs# | *#rˈəs# {GOLD: #rˈɨs#}
357    | #rˌosiˈoːnem# | *#rosjˈone# | *#rɾuʃˈune# {GOLD: #rɾuʃˈene#} | *#ruʃˈune# | *#ruʃˈune# {GOLD: #ruʃˈine#}
358    | #sufferˈiː# | *#suferˈi# | *#sufeɾˈi# {GOLD: >*} | *#suferˈi# | *#suferˈi# {GOLD: #suferˈi#}
359    | #sˈufflitum# | *#sˈufletu# | *#sˈufletu# {GOLD: >*} | *#sˈuflet# | *#sˈuflet# {GOLD: #sˈuflet#}
360    | #superˈaː# | *#superˈa# | *#supeɾˈa# {GOLD: >*} | *#supərˈa# | *#supərˈa# {GOLD: #supərˈa#}
361    | #suspiːrˈaː# | *#suspirˈa# | *#suspiɾˈa# {GOLD: >*} | *#suspirˈa# | *#suspirˈa# {GOLD: #suspinˈa#}
362    | #tˈima# | *#tˈema# | *#te̯ˈamə# {GOLD: >*} | *#tˈamə# | *#tˈamə# {GOLD: #te̯ˈamə#}
363    | #tˈime# | *#tˈeme# | *#te̯ˈame# {GOLD: >*} | *#tˈeme# | *#tˈeme# {GOLD: #tˈeme#}
364    | #timˈoːrem# | *#temˈore# | *#temo̯ˈaɾe# {GOLD: >*} | *#temo̯ˈare# | *#temo̯ˈare# {GOLD: #temo̯ˈare#}
365    | #tremulˈaː# | *#tremulˈa# | *#tɾemuɾˈa# {GOLD: >*} | *#tremurˈa# | *#tremurˈa# {GOLD: #tremurˈa#}
366    | #trˈiːstum# | *#trˈistu# | *#tɾˈistu# {GOLD: >*} | *#trˈist# | *#trˈist# {GOLD: #trˈist#}
367    | #turbˈaː# | *#turbˈa# | *#turbˈa# {GOLD: >*} | *#turbˈa# | *#turbˈa# {GOLD: #turbˈa#}
368    | #turbulˈaː# | *#turbulˈa# | *#turbuɾˈa# {GOLD: >*} | *#turburˈa# | *#turburˈa# {GOLD: #turburˈa#}
369    | #wirtˈuːtem# | *#vertˈute# | *#vertˈute# {GOLD: >*} | *#vɨrtˈute# | *#vɨrtˈute# {GOLD: #vɨrtˈute#}
370    | #kˌirkitˈaː# | *#kʲerkʲetˈa# | *#t͡ʃert͡ʃetˈa# {GOLD: >*} | *#t͡ʃert͡ʃetˈa# | *#t͡ʃert͡ʃetˈa# {GOLD: #t͡ʃert͡ʃetˈa#}
371    | #kˌoːɡitˈaː# | *#koɡʲetˈa# | *#kud͡ʒetˈa# {GOLD: >*} | *#kud͡ʒetˈa# | *#kud͡ʒetˈa# {GOLD: #kud͡ʒetˈa#}
372    | #kˌonˈoːske# | *#konˈoskʲe# | *#kuno̯ˈaʃte# {GOLD: >*} | *#kuno̯ˈaʃte# | *#kuno̯ˈaʃte# {GOLD: #kuno̯ˈaʃte#}
373    | #krˈeːde# | *#krˈede# | *#kɾe̯ˈade# {GOLD: >*} | *#krˈede# | *#krˈede# {GOLD: #krˈede#}
374    | #kˌaptˈaː# | *#katˈa# | *#kətˈa# {GOLD: >*} | *#kətˈa# | *#kətˈa# {GOLD: #kətˈa#}
375    | #ˌintˌelleːktiˈoːnem# | *#ent͡sellepkʲˈone# | *#ənt͡selept͡ʃˈune# {GOLD: >*} | *#ɨnt͡selept͡ʃˈune# | *#ɨnt͡selept͡ʃˈune# {GOLD: #ɨnt͡selept͡ʃˈune#}
376    | #ˌintˌellˈeːktum# | *#ent͡sellˈeptu# | *#ənt͡selˈeptu# {GOLD: >*} | *#ɨnt͡selˈept# | *#ɨnt͡selˈept# {GOLD: #ɨnt͡selˈept#}
377    | #ˌintˌellˈiɡe# | *#ent͡sellˈeɡʲe# | *#ənt͡sele̯ˈad͡ʒe# {GOLD: >*} | *#ɨnt͡selˈed͡ʒe# | *#ɨnt͡selˈed͡ʒe# {GOLD: #ɨnt͡selˈed͡ʒe#}
378    | #juːdikˈaː# | *#ɡʲudekˈa# | *#d͡ʒudekˈa# {GOLD: >*} | *#ʒudekˈa# | *#ʒudekˈa# {GOLD: #ʒudekˈa#}
379    | #mˈentem# | *#mˈɛnte# | *#mˈente# {GOLD: >*} | *#mˈinte# | *#mˈinte# {GOLD: #mˈinte#}
380    | #mentiˈoːnem# | *#menkʲˈone# | *#ment͡ʃˈune# {GOLD: >*} | *#mint͡ʃˈune# | *#mint͡ʃˈune# {GOLD: #mint͡ʃˈunə#}
381    | #mentˈiː# | *#mentˈi# | *#ment͡sˈi# {GOLD: >*} | *#mint͡sˈi# | *#mint͡sˈi# {GOLD: #mint͡sˈi#}
382    | #ˌoblˌiːtˈaː# | *#owlitˈa# | *#uʎitˈa# {GOLD: >*} | *#ujtˈa# | *#ujtˈa# {GOLD: #ujtˈa#}
383    | #parˈeː# | *#parˈe# | *#pəɾe̯ˈa# {GOLD: >*} | *#pəre̯ˈa# | *#pəre̯ˈa# {GOLD: #pəre̯ˈa#}
384    | #perkˈipe# | *#prekʲˈepe# | *#pɾet͡ʃe̯ˈape# {GOLD: >*} | *#prit͡ʃˈepe# | *#prit͡ʃˈepe# {GOLD: #prit͡ʃˈepe#}
385    | #skˈioː# | *#skʲˈiw̥# | *#ʃtˈiw̥# {GOLD: >*} | *#ʃtˈiw# | *#ʃtˈiw# {GOLD: #ʃtˈiw#}
386    | #skˈiː# | *#skʲˈi# | *#ʃtˈi# {GOLD: >*} | *#ʃtˈi# | *#ʃtˈi# {GOLD: #ʃtˈi#}
387    | #sˌaːnˈaːre# | *#sanˈare# | *#sənˈaɾe# {GOLD: #sənˈa#} | *#sɨnˈare# | ... {GOLD: ...}
388    | #sˌaːnitˈoːsum# | *#sanetˈosu# | *#sənetˈosu# {GOLD: #sənətˈosu#} | *#sɨnətˈos# | *#sɨnətˈos# {GOLD: #sənətˈos#}
389    | #sˈaːnum# | *#sˈanu# | *#sˈənu# {GOLD: #sˈənu#} | *#sˈɨn# | ... {GOLD: ...}
390    | #wˌindikˈaː# | *#vendekˈa# | *#vendekˈa# {GOLD: >*} | *#vindekˈa# | *#vindekˈa# {GOLD: #vindekˈa#}
391    | #wˌirtuˈoːsum# | *#vertˈosu# | *#vertˈosu# {GOLD: >*} | *#vɨrtˈos# | *#vɨrtˈos# {GOLD: #vɨrtˈos#}
392    | #ˌarˈaːneam# | *#rˈanja# | *#rɾˈəɲe# {GOLD: >*} | *#rˈɨje# | *#rˈɨje# {GOLD: #rˈɨje#}
393    | #kˈae̯kia# | *#kʲˈɛtʲa# | *#t͡ʃe̯ˈat͡sə# {GOLD: >*} | *#t͡ʃe̯ˈat͡sə# | *#t͡ʃe̯ˈat͡sə# {GOLD: #t͡ʃe̯ˈat͡sə#}
394    | #katˈellum# | *#katˈɛllu# | *#kət͡sˈelu# {GOLD: >*} | *#kət͡sˈel# | *#kət͡sˈel# {GOLD: #kət͡sˈel#}
395    | #kˈossis# | *#kˈosi# | *#kˈoʃi# {GOLD: >*} | *#kˈoʃj# | *#kˈoʃj# {GOLD: #kˈoʃ#}
396    | #kˈyma# | *#kʲˈuma# | *#t͡ʃˈumə# {GOLD: >*} | *#t͡ʃˈumə# | *#t͡ʃˈumə# {GOLD: #t͡ʃˈumə#}
397    | #dˌoloːrˈoːsum# | *#dolorˈosu# | *#duɾuɾˈosu# {GOLD: >*} | *#dururˈos# | *#dururˈos# {GOLD: #dururˈos#}
398    | #fˈebrim# | *#fˈɛwri# | *#fjˈoɾi# {GOLD: #fjˈevri#} | *#fjˈorj# | *#fjˈorj# {GOLD: #fjˈorj#}
399    | #ɡˈeme# | *#ɡʲˈɛme# | *#d͡ʒe̯ˈame# {GOLD: >*} | *#d͡ʒˈeme# | *#d͡ʒˈeme# {GOLD: #d͡ʒˈeme#}
400    | #ɡˈemitum# | *#ɡʲˈɛmetu# | *#d͡ʒe̯ˈametu# {GOLD: >*} | *#d͡ʒe̯ˈamət# | *#d͡ʒe̯ˈamət# {GOLD: #d͡ʒe̯ˈamət#}
401    | #ɡˈuttam# | *#ɡˈuta# | *#ɡˈutə# {GOLD: >*} | *#ɡˈutə# | *#ɡˈutə# {GOLD: #ɡˈutə#}
402    | #iˌakˈeː# | *#dʲakʲˈe# | *#d͡zət͡ʃe̯ˈa# {GOLD: >*} | *#zət͡ʃe̯ˈa# | *#zət͡ʃe̯ˈa# {GOLD: #zət͡ʃe̯ˈa#}
403    | #lˌae̯sionˈaː# | *#lɛsjonˈa# | *#leʃunˈa# {GOLD: >*} | *#leʃunˈa# | *#leʃunˈa# {GOLD: #leʃinˈa#}
404    | #lˌanɡwˈeːskoː# | *#lanɡʲˈesko# | *#lənd͡ʒˈesku# {GOLD: >*} | *#lɨnd͡ʒˈesk# | *#lɨnd͡ʒˈesk# {GOLD: #lɨnd͡ʒˈesk#}
405    | #lˈanɡwidum# | *#lˈanɡʲedu# | *#lˈənd͡ʒedu# {GOLD: >*} | *#lˈɨnd͡ʒed# | *#lˈɨnd͡ʒed# {GOLD: #lˈɨnd͡ʒed#}
406    | #lˌanɡwˈoːrem# | *#lanɡˈore# | *#lənɡo̯ˈaɾe# {GOLD: >*} | *#lɨnɡo̯ˈare# | *#lɨnɡo̯ˈare# {GOLD: #lɨnɡo̯ˈare#}
407    | #morˈiː# | *#morˈi# | *#muɾˈi# {GOLD: #muɾˈi#} | *#murˈi# | *#murˈi# {GOLD: #murˈi#}
408    | #mˈortem# | *#mˈorte# | *#mo̯ˈarte# {GOLD: >*} | *#mo̯ˈarte# | *#mo̯ˈarte# {GOLD: #mo̯ˈarte#}
409    | #mˈortum# | *#mˈortu# | *#mˈortu# {GOLD: >*} | *#mˈort# | *#mˈort# {GOLD: #mˈort#}
410    | #ˌokkˈiːde# | *#okʲˈide# | *#ut͡ʃˈide# {GOLD: >*} | *#ut͡ʃˈide# | *#ut͡ʃˈide# {GOLD: #ut͡ʃˈide#}
411    | #pˈereoː# | *#pˈɛrjo# | *#pjˈejɾu# {GOLD: #pjˈeɾu#} | *#pˈer# | *#pˈer# {GOLD: #pjˈer#}
412    | #pˈereat# | *#pˈɛrja# | *#pje̯ˈajɾe# {GOLD: #pjˈeɾe#} | *#pˈere# | *#pˈere# {GOLD: #pjˈere#}
413    | #pˌetˈiːɡinem# | *#petˈiɡʲene# | *#pet͡sˈid͡ʒene# {GOLD: >*} | *#pet͡sˈind͡ʒine# | *#pet͡sˈind͡ʒine# {GOLD: #pet͡ʃˈind͡ʒine#}
414    | #puːrˈoːnium# | *#purˈonju# | *#puɾˈoɲu# {GOLD: >*} | *#purˈoj# | *#purˈoj# {GOLD: #purˈoj#}
415    | #pustulˈellam# | *#pusklˈɛlla# | *#puskʎe̯ˈa# {GOLD: >*} | *#puʃke̯ˈa# | *#puʃke̯ˈa# {GOLD: #puʃke̯ˈa#}
416    | #rˌepˈoːne# | *#repˈone# | *#rɾepˈune# {GOLD: >*} | *#rəpˈune# | *#rəpˈune# {GOLD: #rəpˈune#}
417    | #tˌussˈiː# | *#tusˈi# | *#tuʃˈi# {GOLD: >*} | *#tuʃˈi# | *#tuʃˈi# {GOLD: #tuʃˈi#}
418    | #tˈussem# | *#tˈuse# | *#tˈuse# {GOLD: >*} | *#tˈuse# | *#tˈuse# {GOLD: #tˈuse#}
419    | #mˈankum# | *#mˈanku# | *#mˈənku# {GOLD: >*} | *#mˈɨnk# | *#mˈɨnk# {GOLD: #mˈɨnk#}
420    | #mˈuːtum# | *#mˈutu# | *#mˈutu# {GOLD: >*} | *#mˈut# | *#mˈut# {GOLD: #mˈut#}
421    | #ˈorbum# | *#ˈorbu# | *#ˈorbu# {GOLD: >*} | *#ˈorb# | *#ˈorb# {GOLD: #ˈorb#}
422    | #eksklˈoppum# | *#sklˈopu# | *#skʎˈopu# {GOLD: #ʃkʎˈopu#} | *#ʃkjˈop# | *#ʃkjˈop# {GOLD: #ʃkjˈop#}
423    | #ekskloppˈaː# | *#sklopˈa# | *#skʎopˈa# {GOLD: #ʃkʎopˈa#} | *#ʃkjopˈa# | *#ʃkjopˈa# {GOLD: #ʃkjopˈa#}
424    | #sˈurdum# | *#sˈurdu# | *#sˈurdu# {GOLD: >*} | *#sˈurd# | *#sˈurd# {GOLD: #sˈurd#}
425    | #kamˈisiam# | *#kamˈesja# | *#kəme̯ˈaʃə# {GOLD: >*} | *#kəme̯ˈaʃə# | *#kəme̯ˈaʃə# {GOLD: #kəmˈaʃə#}
426    | #lˈiːneam# | *#lˈinja# | *#ʎˈiɲe# {GOLD: >*} | *#ˈie# | *#ˈie# {GOLD: #ˈie#}
427    | #mˈanikam# | *#mˈaneka# | *#mˈənekə# {GOLD: >*} | *#mˈɨnikə# | *#mˈɨnikə# {GOLD: #mˈɨnikə#}
428    | #palliˈoːlam# | *#palljˈola# | *#pəʎo̯ˈaɾə# {GOLD: >*} | *#pəjo̯ˈarə# | *#pəjo̯ˈarə# {GOLD: #pəjo̯ˈarə#}
429    | #sˈarikam# | *#sˈareka# | *#sˈaɾekə# {GOLD: >*} | *#sˈarikə# | *#sˈarikə# {GOLD: #sˈarikə#}
430    | #westiːmˈentum# | *#bestimˈɛntu# | *#beʃtimˈentu# {GOLD: >*} | *#beʃtimˈɨnt# | *#beʃtimˈɨnt# {GOLD: #veʃmˈɨnt#}
431    | #kalkeamˈentum# | *#kaltʲamˈɛntu# | *#kəlt͡səmˈentu# {GOLD: >*} | *#kəlt͡səmˈɨnt# | *#kəlt͡səmˈɨnt# {GOLD: #kəlt͡səmˈɨnt#}
432    | #aːnˈellum# | *#anˈɛllu# | *#inˈelu# {GOLD: >*} | *#inˈel# | *#inˈel# {GOLD: #inˈel#}
433    | #brakʰiˈaːla# | *#bratʲˈala# | *#bɾət͡sˈaɾə# {GOLD: >*} | *#brət͡sˈarə# | *#brət͡sˈarə# {GOLD: #brət͡sˈarə#}
434    | #kirkˈellum# | *#kʲerkʲˈɛllu# | *#t͡ʃert͡ʃˈelu# {GOLD: >*} | *#t͡ʃert͡ʃˈel# | *#t͡ʃert͡ʃˈel# {GOLD: #t͡ʃert͡ʃˈel#}
435    | #korˈoːnam# | *#korˈona# | *#kuɾˈunə# {GOLD: #kuɾˈunə#} | *#kunˈunə# | *#kunˈunə# {GOLD: #kunˈunə#}
436    | #marɡˈellam# | *#marɡʲˈɛlla# | *#mərd͡ʒe̯ˈa# {GOLD: >*} | *#mərd͡ʒe̯ˈa# | *#mərd͡ʒe̯ˈa# {GOLD: #mərd͡ʒe̯ˈa#}
437    | #bˈalteum# | *#bˈaltʲu# | *#bˈalt͡su# {GOLD: >*} | *#bˈalt͡s# | *#bˈalt͡s# {GOLD: #bˈalt͡s#}
438    | #braːkˈiːle# | *#brakʲˈile# | *#bɾət͡ʃˈiɾe# {GOLD: >*} | *#brət͡ʃˈire# | *#brət͡ʃˈire# {GOLD: #brət͡ʃˈire#}
439    | #kˈinɡulam# | *#klˈenɡa# | *#kʎˈenɡə# {GOLD: >*} | *#kˈinɡə# | *#kˈinɡə# {GOLD: #kˈinɡə#}
440    | #fˈaskiam# | *#fˈasʲa# | *#fˈaʃə# {GOLD: >*} | *#fˈaʃə# | *#fˈaʃə# {GOLD: #fˈaʃə#}
441    | #faskˈiolam# | *#fasʲˈola# | *#fəʃo̯ˈaɾə# {GOLD: >*} | *#fəʃo̯ˈarə# | *#fəʃo̯ˈarə# {GOLD: #fɨʃio̯ˈarə#}
442    | #fˈiːlum# | *#fˈilu# | *#fˈiɾu# {GOLD: >*} | *#fˈir# | *#fˈir# {GOLD: #fˈir#}
443    | #ɡlˈemum# | *#ɡlˈɛmu# | *#ɡʎˈemu# {GOLD: #ɡʎˈemu#} | *#ɡjˈem# | *#ɡjˈem# {GOLD: #ɡjˈem#}
444    | #liɡaːtˈuːram# | *#leɡatˈura# | *#leɡətˈuɾə# {GOLD: >*} | *#leɡətˈurə# | *#leɡətˈurə# {GOLD: #leɡətˈurə#}
445    | #wˈittam# | *#bˈeta# | *#be̯ˈatə# {GOLD: >*} | *#bˈatə# | *#bˈatə# {GOLD: #bˈatə#}
446    | #kalkeˈaː# | *#kaltʲˈa# | *#kəlt͡sˈa# {GOLD: >*} | *#kəlt͡sˈa# | *#kəlt͡sˈa# {GOLD: #kəlt͡sˈa#}
447    | #inkˈinɡe# | *#enkʲˈenɡʲe# | *#ənt͡ʃˈend͡ʒe# {GOLD: >*} | *#ɨnt͡ʃˈind͡ʒe# | *#ɨnt͡ʃˈind͡ʒe# {GOLD: #ɨnt͡ʃˈind͡ʒe#}
448    | #koːnsˈue# | *#kˈose# | *#ko̯ˈase# {GOLD: >*} | *#ko̯ˈase# | *#ko̯ˈase# {GOLD: #ko̯ˈase#}
449    | #diskˈulkium# | *#deskˈultʲu# | *#deskˈult͡su# {GOLD: >*} | *#deskˈult͡s# | *#deskˈult͡s# {GOLD: #deskˈult͡s#}
450    | #diskalkeˈaː# | *#deskaltʲˈa# | *#deskəlt͡sˈa# {GOLD: #deskəlt͡sˈa#} | *#deskəlt͡sˈa# | *#deskəlt͡sˈa# {GOLD: #deskəlt͡sˈa#}
451    | #diskulkiˈaː# | *#deskultʲˈa# | *#deskult͡sˈa# {GOLD: >*} | *#deskult͡sˈa# | *#deskult͡sˈa# {GOLD: #deskult͡sˈa#}
452    | #imbrakˈaː# | *#embrakˈa# | *#əmbɾəkˈa# {GOLD: >*} | *#ɨmbrəkˈa# | *#ɨmbrəkˈa# {GOLD: #ɨmbrəkˈa#}
453    | #insolˈaː# | *#ensolˈa# | *#ənsuɾˈa# {GOLD: >*} | *#ɨnsurˈa# | *#ɨnsurˈa# {GOLD: #ɨnsurˈa#}
454    | #infaskiolˈaː# | *#enfasʲolˈa# | *#ənfəʃuɾˈa# {GOLD: >*} | *#ɨnfəʃurˈa# | *#ɨnfəʃurˈa# {GOLD: #ɨnfəʃurˈa#}
455    | #inwestˈiː# | *#envestˈi# | *#ənveʃtˈi# {GOLD: >*} | *#ɨnveʃtˈi# | *#ɨnveʃtˈi# {GOLD: #ɨnveʃtˈi#}
456    | #submˈitte# | *#suwmˈete# | *#sume̯ˈate# {GOLD: >*} | *#sumˈete# | *#sumˈete# {GOLD: #sumˈete#}
457    | #suffolikˈaː# | *#suflekˈa# | *#suflekˈa# {GOLD: >*} | *#suflekˈa# | *#suflekˈa# {GOLD: #suflekˈa#}
458    | #kˈenam# | *#kʲˈɛna# | *#t͡ʃˈenə# {GOLD: >*} | *#t͡ʃˈinə# | *#t͡ʃˈinə# {GOLD: #t͡ʃˈinə#}
459    | #prˈandium# | *#prˈandʲu# | *#pɾˈənd͡zu# {GOLD: >*} | *#prˈɨnz# | *#prˈɨnz# {GOLD: #prˈɨnz#}
460    | #bukkˈaːtam# | *#bukˈata# | *#bukˈatə# {GOLD: >*} | *#bukˈatə# | *#bukˈatə# {GOLD: #bukˈatə#}
461    | #kˌarnˈakeum# | *#karnˈatʲu# | *#kəɾnˈat͡su# {GOLD: >*} | *#kərnˈat͡s# | *#kərnˈat͡s# {GOLD: #kɨrnˈat͡s#}
462    | #kʰˈyːlum# | *#kʲˈilu# | *#t͡ʃˈiɾu# {GOLD: >*} | *#t͡ʃˈir# | *#t͡ʃˈir# {GOLD: #t͡ʃˈir#}
463    | #fˌarˈiːna# | *#farˈina# | *#fəɾˈinə# {GOLD: >*} | *#fənˈinə# | *#fənˈinə# {GOLD: #fərˈinə#}
464    | #frˌiktˈuːram# | *#freptˈura# | *#fɾeptˈuɾə# {GOLD: >*} | *#friptˈurə# | *#friptˈurə# {GOLD: #friptˈurə#}
465    | #lˈardum# | *#lˈardu# | *#lˈardu# {GOLD: >*} | *#lˈard# | *#lˈard# {GOLD: #lˈard#}
466    | #mˈuriam# | *#mˈorja# | *#mo̯ˈajɾe# {GOLD: >*} | *#mo̯ˈare# | *#mo̯ˈare# {GOLD: #mo̯ˈare#}
467    | #merˈendae̯# | *#merˈɛndɛ# | *#meɾˈende# {GOLD: >*} | *#merˈinde# | *#merˈinde# {GOLD: #merˈinde#}
468    | #pˈaːnem# | *#pˈane# | *#pˈəne# {GOLD: >*} | *#pˈɨjne# | *#pˈɨjne# {GOLD: #pˈɨjne#}
469    | #piːsˈaːtum# | *#pisˈatu# | *#pisˈatu# {GOLD: >*} | *#pisˈat# | *#pisˈat# {GOLD: #pəsˈat#}
470    | #plakˈentam# | *#plakʲˈɛnta# | *#plət͡ʃˈentə# {GOLD: >*} | *#plət͡ʃˈintə# | *#plət͡ʃˈintə# {GOLD: #plət͡ʃˈintə#}
471    | #sˈaːl# | *#sˈale# | *#sˈaɾe# {GOLD: >*} | *#sˈare# | *#sˈare# {GOLD: #sˈare#}
472    | #sˈeːbum# | *#sˈeu# | *#sˈew# {GOLD: >*} | *#sˈew# | *#sˈew# {GOLD: #sˈew#}
473    | #tˈortam# | *#tˈorta# | *#to̯ˈartə# {GOLD: >*} | *#to̯ˈartə# | *#to̯ˈartə# {GOLD: #tˈurtə#}
474    | #wˈiːktum# | *#vˈiptu# | *#vˈiptu# {GOLD: #vˈiptu#} | *#vˈipt# | *#vˈipt# {GOLD: #vˈipt#}
475    | #d͡zˈema# | *#d͡zˈɛma# | *#d͡ze̯ˈamə# {GOLD: >*} | *#ze̯ˈamə# | *#ze̯ˈamə# {GOLD: #ze̯ˈamə#}
476    | #mˈustum# | *#mˈustu# | *#mˈustu# {GOLD: >*} | *#mˈust# | *#mˈust# {GOLD: #mˈust#}
477    | #pˈoskam# | *#pˈoska# | *#po̯ˈaskə# {GOLD: #pˈuskə#} | *#po̯ˈaskə# | *#po̯ˈaskə# {GOLD: #pˈuskə#}
478    | #wiːnˈaːkeum# | *#vinˈatʲu# | *#vinˈat͡su# {GOLD: >*} | *#vinˈat͡s# | *#vinˈat͡s# {GOLD: #vinˈat͡s#}
479    | #kˈawkum# | *#kˈawku# | *#kˈawku# {GOLD: >*} | *#kˈawk# | *#kˈawk# {GOLD: #kˈawk#}
480    | #koopertˈoːrium# | *#kopertˈorju# | *#kopertˈojɾu# {GOLD: >*} | *#kopɨrtˈor# | *#kopɨrtˈor# {GOLD: #kərpətˈor#}
481    | #fˈurnum# | *#fˈurnu# | *#fˈuɾnu# {GOLD: #fˈurnu#} | *#fˈurn# | ... {GOLD: ...}
482    | #ɡratˈaːrium# | *#ɡratˈarju# | *#ɡɾətˈajɾu# {GOLD: >*} | *#ɡrətˈar# | *#ɡrətˈar# {GOLD: #ɡrətˈar#}
483    | #wˈaːsum# | *#vˈasu# | *#vˈasu# {GOLD: >*} | *#vˈas# | *#vˈas# {GOLD: #vˈas#}
484    | #kˈalamiː# | *#kˈalami# | *#kˈaɾəmi# {GOLD: >*} | *#kˈarəmj# | *#kˈarəmj# {GOLD: #kˈarəmj#}
485    | #kaprˈeolum# | *#kaprjˈolu# | *#kəpɾjˈoɾu# {GOLD: >*} | *#kəprjˈor# | *#kəprjˈor# {GOLD: #kəprjˈor#}
486    | #kˈasam# | *#kˈasa# | *#kˈasə# {GOLD: >*} | *#kˈasə# | *#kˈasə# {GOLD: #kˈasə#}
487    | #kˌasˈaːrium# | *#kasˈarju# | *#kəsˈajɾu# {GOLD: >*} | *#kəsˈar# | *#kəsˈar# {GOLD: #kəsˈar#}
488    | #kellˈaːrium# | *#kʲellˈarju# | *#t͡ʃelˈajɾu# {GOLD: >*} | *#t͡ʃelˈar# | *#t͡ʃelˈar# {GOLD: #t͡ʃelˈar#}
489    | #kooperiːmˈentum# | *#koperimˈɛntu# | *#kopeɾimˈentu# {GOLD: >*} | *#koperimˈɨnt# | *#koperimˈɨnt# {GOLD: #koperəmˈɨnt#}
490    | #kˈulmen# | *#kˈulme# | *#kˈulme# {GOLD: >*} | *#kˈulme# | *#kˈulme# {GOLD: #kˈulme#}
491    | #fenˈestram# | *#ferˈɛstra# | *#feɾje̯ˈastɾə# {GOLD: >*} | *#fere̯ˈastrə# | *#fere̯ˈastrə# {GOLD: #fere̯ˈastrə#}
492    | #fontˈaːnam# | *#fontˈana# | *#fɨntˈənə# {GOLD: >*} | *#fɨntˈɨnə# | *#fɨntˈɨnə# {GOLD: #fɨntˈɨnə#}
493    | #ostˈeolum# | *#osʲˈolu# | *#uʃˈoɾu# {GOLD: >*} | *#uʃˈor# | *#uʃˈor# {GOLD: #uʃˈor#}
494    | #ˈoːstia# | *#ˈosʲa# | *#o̯ˈaʃə# {GOLD: >*} | *#o̯ˈaʃə# | *#o̯ˈaʃə# {GOLD: #ˈuʃə#}
495    | #pˈortam# | *#pˈorta# | *#po̯ˈartə# {GOLD: >*} | *#po̯ˈartə# | *#po̯ˈartə# {GOLD: #po̯ˈartə#}
496    | #pˈuteum# | *#pˈutʲu# | *#pˈut͡su# {GOLD: >*} | *#pˈut͡s# | *#pˈut͡s# {GOLD: #pˈut͡s#}
497    | #skˈaːlam# | *#skˈala# | *#skˈaɾə# {GOLD: >*} | *#skˈarə# | *#skˈarə# {GOLD: #skˈarə#}
498    | #stˈylum# | *#stˈulu# | *#stˈuɾu# {GOLD: >*} | *#stˈur# | *#stˈur# {GOLD: #stˈur#}
499    | #tˈendam# | *#tˈɛnda# | *#tˈendə# {GOLD: >*} | *#tˈində# | *#tˈində# {GOLD: #tˈində#}
500    | #titˈiːnam# | *#titˈina# | *#t͡sit͡sˈinə# {GOLD: >*} | *#t͡sɨt͡sˈɨnə# | *#t͡sɨt͡sˈɨnə# {GOLD: #t͡sɨt͡sˈɨnə#}
501    | #traːjˈektam# | *#trajˈɛpta# | *#tɾəje̯ˈaptə# {GOLD: >*} | *#trəe̯ˈaptə# | *#trəe̯ˈaptə# {GOLD: #tre̯ˈaptə#}
502    | #armˈaːrium# | *#armˈarju# | *#aɾmˈajɾu# {GOLD: >*} | *#armˈar# | *#armˈar# {GOLD: #armˈar#}
503    | #kapitˈaːneum# | *#kapetˈanju# | *#kəpetˈəɲu# {GOLD: >*} | *#kəpətˈɨj# | *#kəpətˈɨj# {GOLD: #kəpətˈɨj#}
504    | #pˈattum# | *#pˈatu# | *#pˈatu# {GOLD: >*} | *#pˈat# | *#pˈat# {GOLD: #pˈat#}
505    | #skˈorteam# | *#skˈortʲa# | *#sko̯ˈart͡sə# {GOLD: >*} | *#sko̯ˈart͡sə# | *#sko̯ˈart͡sə# {GOLD: #sko̯ˈart͡sə#}
506    | #strˈaːtum# | *#strˈatu# | *#stɾˈatu# {GOLD: >*} | *#strˈat# | *#strˈat# {GOLD: #strˈat#}
507    | #ɡˈentum# | *#ɡʲˈɛntu# | *#d͡ʒˈentu# {GOLD: >*} | *#d͡ʒˈint# | *#d͡ʒˈint# {GOLD: #d͡ʒˈint#}
508    | #amitˈusiam# | *#metˈusja# | *#metˈuʃə# {GOLD: >*} | *#mətˈuʃə# | *#mətˈuʃə# {GOLD: #mətˈuʃə#}
509    | #fˈiːlium# | *#fˈilju# | *#fˈiʎu# {GOLD: >*} | *#fˈiw# | *#fˈiw# {GOLD: #fˈiw#}
510    | #fˈiːliam# | *#fˈilja# | *#fˈiʎe# {GOLD: >*} | *#fˈie# | *#fˈie# {GOLD: #fˈie#}
511    | #frˈaːter# | *#frˈate# | *#fɾˈate# {GOLD: >*} | *#frˈate# | *#frˈate# {GOLD: #frˈate#}
512    | #ɡˈeminum# | *#ɡʲˈɛmenu# | *#d͡ʒe̯ˈamənu# {GOLD: >*} | *#d͡ʒe̯ˈamɨn# | *#d͡ʒe̯ˈamɨn# {GOLD: #d͡ʒe̯ˈamən#}
513    | #mˈammam# | *#mˈomma# | *#mˈumə# {GOLD: >*} | *#mˈumə# | *#mˈumə# {GOLD: #mˈumə#}
514    | #nepˈoːtum# | *#nepˈotu# | *#nepˈotu# {GOLD: >*} | *#nepˈot# | *#nepˈot# {GOLD: #nepˈot#}
515    | #nepˈoːtam# | *#nepˈota# | *#nepo̯ˈatə# {GOLD: >*} | *#nepo̯ˈatə# | *#nepo̯ˈatə# {GOLD: #nepo̯ˈatə#}
516    | #pˈappum# | *#pˈapu# | *#pˈapu# {GOLD: >*} | *#pˈap# | *#pˈap# {GOLD: #pˈap#}
517    | #sˈoror# | *#sˈoro# | *#sˈoɾu# {GOLD: >*} | *#sˈor# | *#sˈor# {GOLD: #sˈor#}
518    | #tˈatam# | *#tˈata# | *#tˈatə# {GOLD: >*} | *#tˈatə# | *#tˈatə# {GOLD: #tˈatə#}
519    | #wˈeːrum# | *#vˈeru# | *#vˈeɾu# {GOLD: #vˈeɾu#} | *#vˈər# | *#vˈər# {GOLD: #vˈər#}
520    | #bˌarbˈaːtum# | *#barbˈatu# | *#bərbˈatu# {GOLD: >*} | *#bərbˈat# | *#bərbˈat# {GOLD: #bərbˈat#}
521    | #kˌoːnsˈokrum# | *#kˈosokru# | *#kˈosukɾu# {GOLD: #kˈuskɾu#} | *#kˈosukru# | *#kˈosukru# {GOLD: #kˈuskru#}
522    | #fiːliˈastrum# | *#filjˈastru# | *#fiʎˈastɾu# {GOLD: >*} | *#fjˈastru# | *#fjˈastru# {GOLD: #fjˈastru#}
523    | #ɡˈenerem# | *#ɡʲˈɛnere# | *#d͡ʒˈeneɾe# {GOLD: >*} | *#d͡ʒˈinere# | *#d͡ʒˈinere# {GOLD: #d͡ʒˈinere#}
524    | #hˈomoː# | *#ˈomo# | *#ˈomu# {GOLD: >*} | *#ˈom# | *#ˈom# {GOLD: #ˈom#}
525    | #marˈiːtum# | *#marˈitu# | *#məɾˈitu# {GOLD: #mərˈit#} | *#mərˈit# | *#mərˈit# {GOLD: #mərˈit#}
526    | #nowˈerka# | *#noˈɛrka# | *#nuje̯ˈarkə# {GOLD: #nuje̯ˈarkə#} | *#nujˈarkə# | *#nujˈarkə# {GOLD: #nujˈarkə#}
527    | #nˈurum# | *#nˈoru# | *#nˈoɾu# {GOLD: >*} | *#nˈor# | *#nˈor# {GOLD: #nˈor#}
528    | #sˈokrum# | *#sˈokru# | *#sˈokɾu# {GOLD: >*} | *#sˈokru# | *#sˈokru# {GOLD: #sˈokru#}
529    | #sˈokiam# | *#sˈotʲa# | *#so̯ˈat͡sə# {GOLD: >*} | *#so̯ˈat͡sə# | *#so̯ˈat͡sə# {GOLD: #so̯ˈat͡sə#}
530    | #sˈokium# | *#sˈotʲu# | *#sˈot͡su# {GOLD: >*} | *#sˈot͡s# | *#sˈot͡s# {GOLD: #sˈot͡s#}
531    | #spˈurium# | *#spˈurju# | *#spˈuɾu# {GOLD: >*} | *#spˈur# | *#spˈur# {GOLD: #spˈur#}
532    | #fˌiːliˈaːnum# | *#filjˈanu# | *#fiʎˈənu# {GOLD: #fiʎˈinu#} | *#fiˈin# | *#fiˈin# {GOLD: #fˈin#}
533    | #nˈonnum# | *#nˈonnu# | *#nˈunnu# {GOLD: >*} | *#nˈun# | *#nˈun# {GOLD: #nˈun#}
534    | #ˈorpʰanum# | *#ˈorfanu# | *#o̯ˈarfənu# {GOLD: #o̯ˈarfənu#} | *#o̯ˈarfɨn# | *#o̯ˈarfɨn# {GOLD: ...}
535    | #wˈiduum# | *#vˈeduw̥# | *#vˈeduv# {GOLD: >*} | *#vˈəduv# | *#vˈəduv# {GOLD: #vˈəduv#}
536    | #kˌoroːnˈaː# | *#koronˈa# | *#kuɾunˈa# {GOLD: >*} | *#kununˈa# | *#kununˈa# {GOLD: #kununˈa#}
537    | #krˌeːdˈentiam# | *#kredˈɛntʲa# | *#kɾedˈent͡sə# {GOLD: >*} | *#kredˈint͡sə# | *#kredˈint͡sə# {GOLD: #kredˈint͡sə#}
538    | #dˈekstrae̯# | *#dˈɛstrɛ# | *#d͡ze̯ˈastɾe# {GOLD: >*} | *#zˈestre# | *#zˈestre# {GOLD: #zˈestre#}
539    | #hˌospˈitium# | *#ospˈetʲu# | *#ospˈet͡su# {GOLD: >*} | *#ospˈət͡s# | *#ospˈət͡s# {GOLD: #ospˈət͡s#}
540    | #ˌinˌuksorˈaː# | *#ensorˈa# | *#ənsuɾˈa# {GOLD: #ensuɾˈa#} | *#ɨnsurˈa# | *#ɨnsurˈa# {GOLD: #ɨnsurˈa#}
541    | #lˌaksˈaː# | *#lasˈa# | *#ləsˈa# {GOLD: >*} | *#ləsˈa# | *#ləsˈa# {GOLD: #ləsˈa#}
542    | #mˌariːtˈaː# | *#maritˈa# | *#məɾitˈa# {GOLD: >*} | *#məritˈa# | *#məritˈa# {GOLD: #məritˈa#}
543    | #nˈuːptiae̯# | *#nˈuntʲɛ# | *#nˈunt͡se# {GOLD: >*} | *#nˈunt͡se# | *#nˈunt͡se# {GOLD: #nˈunt͡sj#}
544    | #petˈiː# | *#petˈi# | *#pet͡sˈi# {GOLD: >*} | *#pet͡sˈi# | *#pet͡sˈi# {GOLD: #pet͡sˈi#}
545    | #lˈuːmen# | *#lˈume# | *#lˈume# {GOLD: >*} | *#lˈume# | *#lˈume# {GOLD: #lˈume#}
546    | #kˈirkinum# | *#kʲˈerkanu# | *#t͡ʃe̯ˈarkənu# {GOLD: >*} | *#t͡ʃe̯ˈarkɨn# | *#t͡ʃe̯ˈarkɨn# {GOLD: #t͡ʃe̯ˈarkən#}
547    | #ekskapitˈaː# | *#skapetˈa# | *#skəpetˈa# {GOLD: >*} | *#skəpətˈa# | *#skəpətˈa# {GOLD: #skəpətˈa#}
548    | #luːkˈiferum# | *#lukʲˈeferu# | *#lut͡ʃe̯ˈafeɾu# {GOLD: >*} | *#lut͡ʃe̯ˈafər# | *#lut͡ʃe̯ˈafər# {GOLD: #lut͡ʃe̯ˈafər#}
549    | #lˈuːnam# | *#lˈuna# | *#lˈunə# {GOLD: >*} | *#lˈunə# | *#lˈunə# {GOLD: #lˈunə#}
550    | #rˌesalˈiː# | *#resalˈi# | *#rɾesəɾˈi# {GOLD: >*} | *#rəsərˈi# | *#rəsərˈi# {GOLD: #rəsərˈi#}
551    | #sˈoːlem# | *#sˈole# | *#so̯ˈaɾe# {GOLD: #so̯ˈaɾe#} | *#so̯ˈare# | *#so̯ˈare# {GOLD: #so̯ˈare#}
552    | #ˈawram# | *#ˈawra# | *#ˈawɾə# {GOLD: #ˈavrə#} | *#ˈawrə# | *#ˈawrə# {GOLD: #ˈawrə#}
553    | #ˈawstrum# | *#ˈawstru# | *#ˈawstɾu# {GOLD: >*} | *#ˈawstru# | *#ˈawstru# {GOLD: #ˈawstru#}
554    | #brˈuːmam# | *#brˈuma# | *#bɾˈumə# {GOLD: >*} | *#brˈumə# | *#brˈumə# {GOLD: #brˈumə#}
555    | #kˌalˈoːrem# | *#kalˈore# | *#kəɾo̯ˈaɾe# {GOLD: >*} | *#kəro̯ˈare# | *#kəro̯ˈare# {GOLD: #kəro̯ˈare#}
556    | #frˈiːɡum# | *#frˈiɡu# | *#fɾˈiɡu# {GOLD: >*} | *#frˈiɡ# | *#frˈiɡ# {GOLD: #frˈiɡ#}
557    | #ɡˈeluː# | *#ɡʲˈɛlu# | *#d͡ʒˈeɾu# {GOLD: >*} | *#d͡ʒˈer# | *#d͡ʒˈer# {GOLD: #d͡ʒˈer#}
558    | #ɡrˈandinam# | *#ɡrˈandena# | *#ɡɾˈindenə# {GOLD: >*} | *#ɡrˈindinə# | *#ɡrˈindinə# {GOLD: #ɡrˈindinə#}
559    | #nˈuːbilum# | *#nˈualu# | *#nˈuəɾu# {GOLD: >*} | *#nˈor# | *#nˈor# {GOLD: #nˈor#}
560    | #nˈinɡwe# | *#nˈinɡʲe# | *#nˈind͡ʒe# {GOLD: >*} | *#nˈind͡ʒe# | *#nˈind͡ʒe# {GOLD: #nˈind͡ʒe#}
561    | #nˈiwem# | *#nˈee# | *#ne̯ˈa# {GOLD: >*} | *#ne̯ˈa# | *#ne̯ˈa# {GOLD: #ne̯ˈa#}
562    | #plowˈaː# | *#plowˈa# | *#plowˈa# {GOLD: >*} | *#plowˈa# | *#plowˈa# {GOLD: #plowˈa#}
563    | #plˈojam# | *#plˈoja# | *#plo̯ˈa# {GOLD: >*} | *#plo̯ˈa# | *#plo̯ˈa# {GOLD: #plo̯ˈaje#}
564    | #rˈoːwem# | *#rˈowa# | *#rɾˈowə# {GOLD: >*} | *#rˈowə# | *#rˈowə# {GOLD: #rˈowə#}
565    | #serˈeːnum# | *#serˈenu# | *#seɾˈenu# {GOLD: >*} | *#senˈin# | *#senˈin# {GOLD: #senˈin#}
566    | #sˈikkitaːs# | *#sˈekʲeta# | *#se̯ˈat͡ʃetə# {GOLD: >*} | *#sˈet͡ʃetə# | *#sˈet͡ʃetə# {GOLD: #sˈet͡ʃetə#}
567    | #tonˈaː# | *#tonˈa# | *#tunˈa# {GOLD: >*} | *#tunˈa# | *#tunˈa# {GOLD: #tunˈa#}
568    | #wˈentum# | *#vˈɛntu# | *#vˈentu# {GOLD: >*} | *#vˈɨnt# | *#vˈɨnt# {GOLD: #vˈɨnt#}
569    | #dˈata# | *#dˈata# | *#dˈatə# {GOLD: >*} | *#dˈatə# | *#dˈatə# {GOLD: #dˈatə#}
570    | #hˈoːram# | *#ˈora# | *#o̯ˈaɾə# {GOLD: >*} | *#o̯ˈarə# | *#o̯ˈarə# {GOLD: #o̯ˈarə#}
571    | #ˈalbam# | *#ˈalba# | *#ˈalbə# {GOLD: >*} | *#ˈalbə# | *#ˈalbə# {GOLD: #ˈalbə#}
572    | #dˈiem# | *#dˈi# | *#d͡zˈi# {GOLD: >*} | *#zˈi# | *#zˈi# {GOLD: #zˈi#}
573    | #hˈeriː# | *#ˈɛri# | *#jˈeɾi# {GOLD: >*} | *#jˈerj# | *#jˈerj# {GOLD: #jˈerj#}
574    | #mˈaːne# | *#mˈane# | *#mˈəne# {GOLD: >*} | *#mˈɨjne# | *#mˈɨjne# {GOLD: #mˈɨjne#}
575    | #dˌeːmˌaːnˈitia# | *#demanˈetʲa# | *#demine̯ˈat͡sə# {GOLD: >*} | *#demine̯ˈat͡sə# | *#demine̯ˈat͡sə# {GOLD: #dimine̯ˈat͡sə#}
576    | #mˈedianˈokte# | *#mˈɛdʲanˈopte# | *#mje̯ˈad͡zəno̯ˈapte# {GOLD: >*} | *#me̯ˈazɨno̯ˈapte# | *#me̯ˈazɨno̯ˈapte# {GOLD: #mjazəno̯ˈapte#}
577    | #mˌerˈiːdieːm# | *#merˈidʲe# | *#meɾˈid͡ze# {GOLD: >*} | *#merˈize# | *#merˈize# {GOLD: #merˈizə#}
578    | #nˈoktem# | *#nˈopte# | *#no̯ˈapte# {GOLD: >*} | *#no̯ˈapte# | *#no̯ˈapte# {GOLD: #no̯ˈapte#}
579    | #domˈinikam# | *#domˈeneka# | *#dumˈenekə# {GOLD: >*} | *#dumˈinikə# | *#dumˈinikə# {GOLD: #dumˈinikə#}
580    | #mˈartis# | *#mˈarti# | *#mˈart͡si# {GOLD: >*} | *#mˈart͡sj# | *#mˈart͡sj# {GOLD: #mˈart͡sj#}
581    | #mˈerkuriː# | *#mˈɛrkuri# | *#mjˈerkuɾi# {GOLD: >*} | *#mjˈerkurj# | *#mjˈerkurj# {GOLD: #mjˈerkurj#}
582    | #sˈambatam# | *#sˈambata# | *#sˈəmbətə# {GOLD: >*} | *#sˈɨmbətə# | *#sˈɨmbətə# {GOLD: #sˈɨmbətə#}
583    | #septimˈaːnam# | *#septemˈana# | *#septemˈənə# {GOLD: >*} | *#səptəmˈɨnə# | *#səptəmˈɨnə# {GOLD: #səptəmˈɨnə#}
584    | #wˈeneris# | *#vˈɛneri# | *#vˈəneɾi# {GOLD: >*} | *#vˈɨnerj# | *#vˈɨnerj# {GOLD: #vˈinerj#}
585    | #ˌaprˈiːlem# | *#prˈile# | *#pɾˈiɾe# {GOLD: >*} | *#prˈire# | *#prˈire# {GOLD: #prjˈer#}
586    | #kˌalendˈaːrium# | *#kalendˈarju# | *#kəɾendˈajɾu# {GOLD: >*} | *#kərindˈar# | *#kərindˈar# {GOLD: #kərindˈar#}
587    | #mˈaium# | *#mˈaju# | *#mˈaju# {GOLD: >*} | *#mˈaj# | *#mˈaj# {GOLD: #mˈaj#}
588    | #mˈartium# | *#mˈartʲu# | *#mˈart͡su# {GOLD: #mˈart͡su#} | *#mˈart͡s# | *#mˈart͡s# {GOLD: #mˈart͡s#}
589    | #ˌawtˈumnam# | *#atˈumna# | *#atˈumnə# {GOLD: >*} | *#atˈumnə# | *#atˈumnə# {GOLD: #to̯ˈamnə#}
590    | #hˌibˈernam# | *#eˈɛrna# | *#eje̯ˈaɾnə# {GOLD: >*} | *#jˈarnə# | *#jˈarnə# {GOLD: #jˈarnə#}
591    | #wˈeːram# | *#vˈera# | *#ve̯ˈaɾə# {GOLD: >*} | *#vˈarə# | *#vˈarə# {GOLD: #vˈarə#}
592    | #pawiːmˈentum# | *#pamˈɛntu# | *#pəmˈentu# {GOLD: >*} | *#pəmˈɨnt# | *#pəmˈɨnt# {GOLD: #pəmˈɨnt#}
593    | #ˌarˈeːnam# | *#arˈena# | *#aɾˈenə# {GOLD: >*} | *#arˈinə# | *#arˈinə# {GOLD: #arˈinə#}
594    | #lˈiːmum# | *#lˈimu# | *#ʎˈimu# {GOLD: >*} | *#ˈim# | *#ˈim# {GOLD: #ˈim#}
595    | #lˈutum# | *#lˈutu# | *#lˈutu# {GOLD: >*} | *#lˈut# | *#lˈut# {GOLD: #lˈut#}
596    | #pˈetram# | *#pˈɛtra# | *#pje̯ˈatɾə# {GOLD: >*} | *#pjˈatrə# | *#pjˈatrə# {GOLD: #pjˈatrə#}
597    | #pˈulwerem# | *#pˈulbere# | *#pˈulbeɾe# {GOLD: >*} | *#pˈulbere# | *#pˈulbere# {GOLD: #pˈulbere#}
598    | #sˈessum# | *#sˈɛsu# | *#ʃˈesu# {GOLD: >*} | *#ʃˈes# | *#ʃˈes# {GOLD: #ʃˈes#}
599    | #tˌerrˈiːna# | *#terrˈina# | *#terɾˈinə# {GOLD: >*} | *#terˈɨnə# | *#terˈɨnə# {GOLD: #t͡sərˈɨnə#}
600    | #kˌarbˈoːnem# | *#karbˈone# | *#kərbˈune# {GOLD: >*} | *#kərbˈune# | *#kərbˈune# {GOLD: #kərbˈune#}
601    | #pˈikulam# | *#pˈekla# | *#pe̯ˈakʎe# {GOLD: >*} | *#pˈekje# | *#pˈekje# {GOLD: #pˈəkurə#}
602    | #pˌuteˈoːsa# | *#pukʲˈosa# | *#put͡ʃo̯ˈasə# {GOLD: >*} | *#put͡ʃo̯ˈasə# | *#put͡ʃo̯ˈasə# {GOLD: #put͡ʃo̯ˈasə#}
603    | #ˌae̯ruːɡˈiːna# | *#aruɡʲˈina# | *#aɾud͡ʒˈinə# {GOLD: >*} | *#arud͡ʒˈinə# | *#arud͡ʒˈinə# {GOLD: #rud͡ʒˈinə#}
604    | #ˈawrum# | *#ˈawru# | *#ˈawɾu# {GOLD: >*} | *#ˈawr# | *#ˈawr# {GOLD: #ˈawr#}
605    | #plˈumbum# | *#plˈumbu# | *#plˈumbu# {GOLD: >*} | *#plˈumb# | *#plˈumb# {GOLD: #plˈumb#}
606    | #kˌontrˌemulˈaː# | *#kotremulˈa# | *#kutɾemuɾˈa# {GOLD: >*} | *#kutremurˈa# | *#kutremurˈa# {GOLD: #kutremurˈa#}
607    | #ɡrˈumum# | *#ɡrˈumu# | *#ɡɾˈumu# {GOLD: >*} | *#ɡrˈum# | *#ɡrˈum# {GOLD: #ɡrˈum#}
608    | #montikˈellum# | *#monkʲˈɛllu# | *#munt͡ʃˈelu# {GOLD: >*} | *#munt͡ʃˈel# | *#munt͡ʃˈel# {GOLD: #munt͡ʃˈel#}
609    | #plˈaɡium# | *#plˈaju# | *#plˈaju# {GOLD: >*} | *#plˈaj# | *#plˈaj# {GOLD: #plˈaj#}
610    | #rˈiːpam# | *#rˈipa# | *#rɾˈipə# {GOLD: >*} | *#rˈɨpə# | *#rˈɨpə# {GOLD: #rˈɨpə#}
611    | #skˌamnˈellum# | *#skawnˈɛllu# | *#skəwnˈelu# {GOLD: #skəmnˈelu#} | *#skəwnˈel# | *#skəwnˈel# {GOLD: #skəwnˈel#}
612    | #sˌolˈiːnum# | *#solˈinu# | *#suɾˈinu# {GOLD: #suɾˈinu#} | *#sunˈin# | ... {GOLD: ...}
613    | #wˈallem# | *#vˈalle# | *#vˈale# {GOLD: #vˈale#} | *#vˈale# | *#vˈale# {GOLD: #vˈale#}
614    | #ˈalweam# | *#ˈalbja# | *#ˈalbjə# {GOLD: >*} | *#ˈalbje# | *#ˈalbje# {GOLD: #ˈalbje#}
615    | #kˈurre# | *#kˈurre# | *#kˈurɾe# {GOLD: >*} | *#kˈurə# | *#kˈurə# {GOLD: #kˈure#}
616    | #ˌekssˌukkˈaː# | *#sukˈa# | *#sukˈa# {GOLD: >*} | *#sukˈa# | *#sukˈa# {GOLD: #uskˈa#}
617    | #fˈundum# | *#fˈundu# | *#fˈundu# {GOLD: >*} | *#fˈund# | *#fˈund# {GOLD: #fˈund#}
618    | #lˈakum# | *#lˈaku# | *#lˈaku# {GOLD: >*} | *#lˈak# | *#lˈak# {GOLD: #lˈak#}
619    | #mˈare# | *#mˈare# | *#mˈaɾe# {GOLD: >*} | *#mˈare# | *#mˈare# {GOLD: #mˈare#}
620    | #mˈarɡinem# | *#mˈarɡʲene# | *#mˈard͡ʒene# {GOLD: >*} | *#mˈard͡ʒine# | *#mˈard͡ʒine# {GOLD: #mˈard͡ʒine#}
621    | #sikkˈaː# | *#sekˈa# | *#sekˈa# {GOLD: >*} | *#sekˈa# | *#sekˈa# {GOLD: #sekˈa#}
622    | #sˈikkum# | *#sˈeku# | *#sˈeku# {GOLD: >*} | *#sˈek# | *#sˈek# {GOLD: #sˈek#}
623    | #tˈermen# | *#tˈɛrme# | *#t͡se̯ˈaɾme# {GOLD: >*} | *#t͡sˈerme# | *#t͡sˈerme# {GOLD: #t͡sˈərm#}
624    | #tˈermul# | *#tˈɛrmule# | *#t͡sˈeɾmuɾe# {GOLD: >*} | *#t͡sˈermure# | *#t͡sˈermure# {GOLD: #t͡sˈərmure#}
625    | #tˈurbul# | *#tˈurbule# | *#tˈurbuɾe# {GOLD: >*} | *#tˈurbure# | *#tˈurbure# {GOLD: #tˈurbure#}
626    | #ˈundam# | *#ˈunda# | *#ˈundə# {GOLD: >*} | *#ˈundə# | *#ˈundə# {GOLD: #ˈundə#}
627    | #wˈadum# | *#vˈadu# | *#vˈadu# {GOLD: >*} | *#vˈad# | *#vˈad# {GOLD: #vˈad#}
628    | #kˈippum# | *#kʲˈepu# | *#t͡ʃˈepu# {GOLD: >*} | *#t͡ʃˈep# | *#t͡ʃˈep# {GOLD: #t͡ʃˈep#}
629    | #flˈoːrem# | *#flˈore# | *#flo̯ˈaɾe# {GOLD: >*} | *#flo̯ˈare# | *#flo̯ˈare# {GOLD: #flo̯ˈare#}
630    | #fˈolia# | *#fˈolja# | *#fo̯ˈaʎe# {GOLD: >*} | *#fo̯ˈaje# | *#fo̯ˈaje# {GOLD: #fo̯ˈaje#}
631    | #fˈolium# | *#fˈolju# | *#fˈoʎu# {GOLD: >*} | *#fˈoj# | *#fˈoj# {GOLD: #fˈoj#}
632    | #frˈondia# | *#frˈondʲa# | *#fɾˈund͡zə# {GOLD: >*} | *#frˈunzə# | *#frˈunzə# {GOLD: #frˈunzə#}
633    | #nowˈellam# | *#noˈɛlla# | *#nuje̯ˈa# {GOLD: >*} | *#nujˈa# | *#nujˈa# {GOLD: #nujˈa#}
634    | #pˈaleam# | *#pˈalja# | *#pˈaʎe# {GOLD: >*} | *#pˈaje# | *#pˈaje# {GOLD: #pˈaje#}
635    | #pˈoːmam# | *#pˈoma# | *#po̯ˈamə# {GOLD: >*} | *#po̯ˈamə# | *#po̯ˈamə# {GOLD: #po̯ˈamə#}
636    | #raːdiːkˈiːnam# | *#radikʲˈina# | *#rɾədet͡ʃˈinə# {GOLD: >*} | *#rədət͡ʃˈinə# | *#rədət͡ʃˈinə# {GOLD: #rədət͡ʃˈinə#}
637    | #rˈaːmum# | *#rˈamu# | *#rɾˈamu# {GOLD: >*} | *#rˈam# | *#rˈam# {GOLD: #rˈam#}
638    | #reːsˈiːna# | *#resˈina# | *#rɾeʃˈinə# {GOLD: >*} | *#rəʃˈinə# | *#rəʃˈinə# {GOLD: #rəʃˈinə#}
639    | #semˈentiam# | *#semˈɛntʲa# | *#semˈent͡sə# {GOLD: >*} | *#semˈɨnt͡sə# | *#semˈɨnt͡sə# {GOLD: #səmˈɨnt͡sə#}
640    | #spˈiːkum# | *#spˈiku# | *#spˈiku# {GOLD: >*} | *#spˈik# | *#spˈik# {GOLD: #spˈik#}
641    | #spˈiːnum# | *#spˈinu# | *#spˈinu# {GOLD: >*} | *#spˈin# | *#spˈin# {GOLD: #spˈin#}
642    | #sˌurkˈellum# | *#surkʲˈɛllu# | *#surt͡ʃˈelu# {GOLD: >*} | *#surt͡ʃˈel# | *#surt͡ʃˈel# {GOLD: #surt͡ʃˈel#}
643    | #sˌurkˈellam# | *#surkʲˈɛlla# | *#surt͡ʃe̯ˈa# {GOLD: >*} | *#surt͡ʃe̯ˈa# | *#surt͡ʃe̯ˈa# {GOLD: #surt͡ʃe̯ˈa#}
644    | #wˈiskidum# | *#vˈesdu# | *#vˈesdu# {GOLD: >*} | *#vˈəsd# | *#vˈəsd# {GOLD: #vˈeʃted#}
645    | #wˈirɡam# | *#vˈerɡa# | *#ve̯ˈarɡə# {GOLD: >*} | *#vˈarɡə# | *#vˈarɡə# {GOLD: #vˈarɡə#}
646    | #kˈarpinum# | *#kˈarpenu# | *#kˈarpenu# {GOLD: >*} | *#kˈarpen# | *#kˈarpen# {GOLD: #kˈarpen#}
647    | #frˈaksinum# | *#frˈasenu# | *#fɾˈasenu# {GOLD: >*} | *#frˈasin# | *#frˈasin# {GOLD: #frˈasin#}
648    | #juːnˈiperum# | *#ɡʲunˈeperu# | *#d͡ʒune̯ˈapeɾu# {GOLD: >*} | *#ʒune̯ˈapər# | *#ʒune̯ˈapər# {GOLD: #ʒne̯ˈapən#}
649    | #mastˈikʰinum# | *#mastˈekanu# | *#məste̯ˈakənu# {GOLD: >*} | *#məste̯ˈakɨn# | *#məste̯ˈakɨn# {GOLD: #meste̯ˈakən#}
650    | #padˈuːlem# | *#padˈule# | *#pədˈuɾe# {GOLD: >*} | *#pədˈure# | *#pədˈure# {GOLD: #pədˈure#}
651    | #pˈiːnum# | *#pˈinu# | *#pˈinu# {GOLD: >*} | *#pˈin# | *#pˈin# {GOLD: #pˈin#}
652    | #plˈatanum# | *#pˈaltanu# | *#pˈaltənu# {GOLD: >*} | *#pˈaltɨn# | *#pˈaltɨn# {GOLD: #pˈaltin#}
653    | #tˈilium# | *#tˈelju# | *#tˈeʎu# {GOLD: >*} | *#tˈej# | *#tˈej# {GOLD: #tˈej#}
654    | #ˈulmum# | *#ˈulmu# | *#ˈulmu# {GOLD: >*} | *#ˈulm# | *#ˈulm# {GOLD: #ˈulm#}
655    | #kerˈesium# | *#kʲerˈɛsju# | *#t͡ʃeɾjˈeʃu# {GOLD: >*} | *#t͡ʃirˈeʃ# | *#t͡ʃirˈeʃ# {GOLD: #t͡ʃirˈeʃ#}
656    | #kotˈoːnea# | *#kotˈonja# | *#ɡutˈuɲe# {GOLD: >*} | *#ɡutˈuje# | *#ɡutˈuje# {GOLD: #ɡutˈuje#}
657    | #kotˈoːneum# | *#kotˈonju# | *#ɡutˈuɲu# {GOLD: >*} | *#ɡutˈuj# | *#ɡutˈuj# {GOLD: #ɡutˈuj#}
658    | #mˈeːlum# | *#mˈelu# | *#mˈeɾu# {GOLD: >*} | *#mˈər# | *#mˈər# {GOLD: #mˈər#}
659    | #nˈukum# | *#nˈuku# | *#nˈuku# {GOLD: >*} | *#nˈuk# | *#nˈuk# {GOLD: #nˈuk#}
660    | #pˈersikum# | *#pˈɛrseku# | *#pje̯ˈarseku# {GOLD: >*} | *#pjˈersek# | *#pjˈersek# {GOLD: #pjˈersek#}
661    | #pˈoːmum# | *#pˈomu# | *#pˈomu# {GOLD: >*} | *#pˈom# | *#pˈom# {GOLD: #pˈom#}
662    | #prˈuːnum# | *#prˈunu# | *#pɾˈunu# {GOLD: >*} | *#prˈun# | *#prˈun# {GOLD: #prˈun#}
663    | #kˈornuː# | *#kˈornu# | *#kˈoɾnu# {GOLD: >*} | *#kˈorn# | *#kˈorn# {GOLD: #kˈorn#}
664    | #mˈoːrum# | *#mˈoru# | *#mˈoɾu# {GOLD: >*} | *#mˈor# | *#mˈor# {GOLD: #mˈur#}
665    | #palˈumbam# | *#palˈumba# | *#pəɾˈumbə# {GOLD: >*} | *#porˈumbə# | *#porˈumbə# {GOLD: #porˈumbə#}
666    | #pˌedukˈellum# | *#pedukʲˈɛllu# | *#pedut͡ʃˈelu# {GOLD: >*} | *#pədut͡ʃˈel# | *#pədut͡ʃˈel# {GOLD: #pədut͡ʃˈel#}
667    | #abˈuːwam# | *#aˈua# | *#aˈuə# {GOLD: #aˈuə#} | *#aˈuə# | *#aˈuə# {GOLD: #aˈuə#}
668    | #wˈiːteam# | *#vˈitʲa# | *#vˈit͡sə# {GOLD: >*} | *#vˈit͡sə# | *#vˈit͡sə# {GOLD: #vˈit͡sə#}
669    | #hˈederam# | *#ˈɛdera# | *#je̯ˈadeɾə# {GOLD: >*} | *#jˈederə# | *#jˈederə# {GOLD: #jˈederə#}
670    | #laːbrˈuːskam# | *#lawrˈuska# | *#ləwɾˈuskə# {GOLD: >*} | *#ləwrˈuskə# | *#ləwrˈuskə# {GOLD: #ləwrˈuskə#}
671    | #sabˈuːkum# | *#saˈuku# | *#səˈuku# {GOLD: >*} | *#səˈuk# | *#səˈuk# {GOLD: #sˈok#}
672    | #sˈorbum# | *#sˈorbu# | *#sˈorbu# {GOLD: >*} | *#sˈorb# | *#sˈorb# {GOLD: #sˈorb#}
673    | #tˈuːfam# | *#tˈufa# | *#tˈufə# {GOLD: >*} | *#tˈufə# | *#tˈufə# {GOLD: #tˈufə#}
674    | #ɡrˈaːnum# | *#ɡrˈanu# | *#ɡɾˈənu# {GOLD: >*} | *#ɡrˈɨw# | *#ɡrˈɨw# {GOLD: #ɡrˈɨw#}
675    | #hˈordeum# | *#ˈordʲu# | *#ˈord͡zu# {GOLD: >*} | *#ˈorz# | *#ˈorz# {GOLD: #ˈorz#}
676    | #mˈilium# | *#mˈelju# | *#mˈeʎu# {GOLD: >*} | *#mˈej# | *#mˈej# {GOLD: #mˈej#}
677    | #pˌaːnˈiːkum# | *#panˈiku# | *#pənˈiku# {GOLD: >*} | *#pənˈink# | *#pənˈink# {GOLD: #pərˈink#}
678    | #sekˈaːlam# | *#sekˈala# | *#sekˈaɾə# {GOLD: >*} | *#sekˈarə# | *#sekˈarə# {GOLD: #sekˈarə#}
679    | #ˈaːlium# | *#ˈalju# | *#ˈaʎu# {GOLD: >*} | *#ˈaj# | *#ˈaj# {GOLD: #ˈaj#}
680    | #kawlˈikulum# | *#kolˈeklu# | *#kuɾˈekʎu# {GOLD: >*} | *#kurˈekj# | *#kurˈekj# {GOLD: #kurˈekj#}
681    | #kukˈurbitam# | *#kukˈurbeta# | *#kukˈurbetə# {GOLD: #kurkubˈetə#} | *#kukˈurbitə# | *#kukˈurbitə# {GOLD: #kurkubˈetə#}
682    | #laktˈuːkam# | *#laptˈuka# | *#ləptˈukə# {GOLD: >*} | *#ləptˈukə# | *#ləptˈukə# {GOLD: #ləptˈukə#}
683    | #leɡˈuːmam# | *#leɡˈuma# | *#leɡˈumə# {GOLD: >*} | *#leɡˈumə# | *#leɡˈumə# {GOLD: #leɡˈumə#}
684    | #lˈentem# | *#lˈɛnte# | *#lˈente# {GOLD: >*} | *#lˈinte# | *#lˈinte# {GOLD: #lˈinte#}
685    | #nˈaːpum# | *#nˈapu# | *#nˈapu# {GOLD: >*} | *#nˈap# | *#nˈap# {GOLD: #nˈap#}
686    | #pˈepinem# | *#pˈɛpene# | *#pje̯ˈapene# {GOLD: >*} | *#pˈepine# | *#pˈepine# {GOLD: #pˈepene#}
687    | #pˈorrum# | *#pˈorru# | *#pˈorɾu# {GOLD: >*} | *#pˈor# | *#pˈor# {GOLD: #pˈur#}
688    | #raːdˈiːkula# | *#radˈikla# | *#rɾəd͡zˈikʎe# {GOLD: >*} | *#rəzˈikje# | *#rəzˈikje# {GOLD: #ridˈikje#}
689    | #wˈirdiam# | *#vˈerdʲa# | *#ve̯ˈard͡zə# {GOLD: #ve̯ˈard͡zə#} | *#vˈarzə# | *#vˈarzə# {GOLD: #vˈarzə#}
690    | #fˈeːnum# | *#fˈenu# | *#fˈənu# {GOLD: >*} | *#fˈɨn# | *#fˈɨn# {GOLD: #fˈɨn#}
691    | #hˈerbam# | *#ˈɛrba# | *#je̯ˈarbə# {GOLD: >*} | *#jˈarbə# | *#jˈarbə# {GOLD: #jˈarbə#}
692    | #trˌifˈolium# | *#trefˈolju# | *#tɾefˈoʎu# {GOLD: >*} | *#trefˈoj# | *#trefˈoj# {GOLD: #trifˈoj#}
693    | #kˈanapam# | *#kˈanapa# | *#kˈənəpə# {GOLD: >*} | *#kˈɨnəpə# | *#kˈɨnəpə# {GOLD: #kˈɨnepə#}
694    | #lˈiːnum# | *#lˈinu# | *#ʎˈinu# {GOLD: >*} | *#ˈin# | *#ˈin# {GOLD: #ˈin#}
695    | #awrˈeolum# | *#arjˈolu# | *#aɾjˈoɾu# {GOLD: >*} | *#arjˈor# | *#arjˈor# {GOLD: #aljˈor#}
696    | #kˈalkem# | *#kˈalkʲe# | *#kˈalt͡ʃe# {GOLD: >*} | *#kˈalt͡ʃe# | *#kˈalt͡ʃe# {GOLD: #kˈalt͡ʃe#}
697    | #fˈilikem# | *#fˈelekʲe# | *#fe̯ˈaɾet͡ʃe# {GOLD: >*} | *#fˈeret͡ʃe# | *#fˈeret͡ʃe# {GOLD: #fˈeret͡ʃe#}
698    | #frˈaːɡa# | *#frˈaɡa# | *#fɾˈaɡə# {GOLD: >*} | *#frˈaɡə# | *#frˈaɡə# {GOLD: #frˈaɡə#}
699    | #frˈaːɡum# | *#frˈaɡu# | *#fɾˈaɡu# {GOLD: >*} | *#frˈaɡ# | *#frˈaɡ# {GOLD: #frˈaɡ#}
700    | #lˈawrum# | *#lˈawru# | *#lˈawɾu# {GOLD: >*} | *#lˈawr# | *#lˈawr# {GOLD: #lˈawr#}
701    | #mˈalwam# | *#mˈalba# | *#mˈalbə# {GOLD: >*} | *#mˈalbə# | *#mˈalbə# {GOLD: #nˈalbə#}
702    | #mˈentam# | *#mˈɛnta# | *#mˈentə# {GOLD: >*} | *#mˈɨntə# | *#mˈɨntə# {GOLD: #mˈintə#}
703    | #mˈetulam# | *#mˈɛkla# | *#mje̯ˈakʎe# {GOLD: #mˈeturə#} | *#mˈekje# | *#mˈekje# {GOLD: #mˈəturə#}
704    | #pˈapyra# | *#pˈapura# | *#pˈapuɾə# {GOLD: >*} | *#pˈapurə# | *#pˈapurə# {GOLD: #pˈapurə#}
705    | #plantˈaɡinam# | *#patlˈaɡʲena# | *#pətlˈad͡ʒenə# {GOLD: >*} | *#pətlˈad͡ʒinə# | *#pətlˈad͡ʒinə# {GOLD: #pətlˈad͡ʒinə#}
706    | #urtˈiːkam# | *#urtˈika# | *#urt͡sˈikə# {GOLD: >*} | *#urt͡sˈɨkə# | *#urt͡sˈɨkə# {GOLD: #urzˈikə#}
707    | #wˈiolam# | *#vjˈola# | *#vjo̯ˈaɾə# {GOLD: >*} | *#vio̯ˈarə# | *#vio̯ˈarə# {GOLD: #vio̯ˈarə#}
708    | #wˈolwula# | *#vˈolbula# | *#vˈolbuɾə# {GOLD: >*} | *#vˈolburə# | *#vˈolburə# {GOLD: #vˈolburə#}
709    | #bˌoːlˈeːtem# | *#bolˈete# | *#buɾe̯ˈate# {GOLD: >*} | *#burˈete# | *#burˈete# {GOLD: #burˈete#}
710    | #ˈeːskam# | *#ˈeska# | *#je̯ˈaskə# {GOLD: >*} | *#jˈaskə# | *#jˈaskə# {GOLD: #jˈaskə#}
711    | #ˌanimˈaːliam# | *#nemˈalja# | *#nemˈaʎe# {GOLD: #nemˈaʎə#} | *#nemˈaje# | *#nemˈaje# {GOLD: #nəmˈaje#}
712    | #dˌomˈestikum# | *#domˈɛsteku# | *#dumje̯ˈasteku# {GOLD: >*} | *#dumˈestek# | *#dumˈestek# {GOLD: #dumˈestek#}
713    | #sˌilwˈaːtikum# | *#selbˈateku# | *#selbˈateku# {GOLD: #səlbˈatik#} | *#səlbˈatek# | *#səlbˈatek# {GOLD: #səlbˈatik#}
714    | #wˈiːtam# | *#vˈita# | *#vˈitə# {GOLD: #vˈitə#} | *#vˈitə# | *#vˈitə# {GOLD: #vˈitə#}
715    | #brˈankam# | *#brˈanka# | *#bɾˈənkə# {GOLD: >*} | *#brˈɨnkə# | *#brˈɨnkə# {GOLD: #brˈɨnkə#}
716    | #kˈoːdam# | *#kˈoda# | *#ko̯ˈadə# {GOLD: >*} | *#ko̯ˈadə# | *#ko̯ˈadə# {GOLD: #ko̯ˈadə#}
717    | #kˈomam# | *#kˈoma# | *#ko̯ˈamə# {GOLD: >*} | *#ko̯ˈamə# | *#ko̯ˈamə# {GOLD: #ko̯ˈamə#}
718    | #dˌeːpˈoːne# | *#depˈone# | *#depˈune# {GOLD: >*} | *#depˈune# | *#depˈune# {GOLD: #depˈune#}
719    | #ˌekstˌirpˈiː# | *#sterpˈi# | *#sterpˈi# {GOLD: >*} | *#sterpˈi# | *#sterpˈi# {GOLD: #stɨrpˈi#}
720    | #ˌekstˈirpum# | *#stˈerpu# | *#stˈerpu# {GOLD: >*} | *#stˈerp# | *#stˈerp# {GOLD: #stˈerp#}
721    | #fˌeːtˈaː# | *#fetˈa# | *#fetˈa# {GOLD: >*} | *#fətˈa# | *#fətˈa# {GOLD: #fətˈa#}
722    | #ˌinkˌaballikˈaː# | *#enkallekˈa# | *#ənkəlekˈa# {GOLD: >*} | *#ɨnkəlekˈa# | *#ɨnkəlekˈa# {GOLD: #ɨnkəlekˈa#}
723    | #mˈuːlam# | *#mˈula# | *#mˈuɾə# {GOLD: #mˈurə#} | *#mˈurə# | *#mˈurə# {GOLD: #mˈurə#}
724    | #pˈallium# | *#pˈallju# | *#pˈaʎu# {GOLD: >*} | *#pˈaj# | *#pˈaj# {GOLD: #pˈaj#}
725    | #pˈantikem# | *#pˈantekʲe# | *#pˈəntet͡ʃe# {GOLD: >*} | *#pˈɨntet͡ʃe# | *#pˈɨntet͡ʃe# {GOLD: #pˈɨntet͡ʃe#}
726    | #rˌuːmiɡˈaː# | *#rumeɡˈa# | *#rɾumeɡˈa# {GOLD: #rumeɡˈa#} | *#ruməɡˈa# | *#ruməɡˈa# {GOLD: #rumeɡˈa#}
727    | #lˌaːtrˈaː# | *#latrˈa# | *#lətɾˈa# {GOLD: >*} | *#lətrˈa# | *#lətrˈa# {GOLD: #lətrˈa#}
728    | #mˌorsikˈaː# | *#morsekˈa# | *#mursekˈa# {GOLD: >*} | *#mursekˈa# | *#mursekˈa# {GOLD: #mursekˈa#}
729    | #mˌuːɡˈiː# | *#muɡʲˈi# | *#mud͡ʒˈi# {GOLD: >*} | *#mud͡ʒˈi# | *#mud͡ʒˈi# {GOLD: #mud͡ʒˈi#}
730    | #rˈaɡe# | *#rˈaɡʲe# | *#rɾˈad͡ʒe# {GOLD: >*} | *#rˈad͡ʒe# | *#rˈad͡ʒe# {GOLD: #rˈad͡ʒe#}
731    | #rhˌonkidiˈaː# | *#ronkʲedʲˈa# | *#rɾunked͡zˈa# {GOLD: >*} | *#runkezˈa# | *#runkezˈa# {GOLD: #rɨnkezˈa#}
732    | #rˌiːmˈaː# | *#rimˈa# | *#rɾimˈa# {GOLD: >*} | *#rɨmˈa# | *#rɨmˈa# {GOLD: #rɨmˈa#}
733    | #ˌarmissˈaːrium# | *#armesˈarju# | *#aɾmesˈajɾu# {GOLD: >*} | *#arməsˈar# | *#arməsˈar# {GOLD: #arməsˈar#}
734    | #ˌaɡnˈellum# | *#mnˈɛllu# | *#mɲˈelu# {GOLD: #mjˈelu#} | *#mjˈel# | *#mjˈel# {GOLD: #mjˈel#}
735    | #ˌannˈoːtinum# | *#nnˈotenu# | *#nno̯ˈatenu# {GOLD: #no̯ˈatenu#} | *#no̯ˈatin# | *#no̯ˈatin# {GOLD: #no̯ˈaten#}
736    | #ˌarˈietem# | *#arjˈete# | *#aɾje̯ˈate# {GOLD: #aɾe̯ˈate#} | *#arˈete# | *#arˈete# {GOLD: #arˈete#}
737    | #ˈasinum# | *#ˈasenu# | *#ˈasenu# {GOLD: >*} | *#ˈasin# | *#ˈasin# {GOLD: #ˈasin#}
738    | #bˈowum# | *#bˈou# | *#bˈow# {GOLD: #bˈou#} | *#bˈow# | *#bˈow# {GOLD: #bˈow#}
739    | #kˌabˈallum# | *#kaˈallu# | *#kˈalu# {GOLD: #kˈalu#} | *#kˈal# | *#kˈal# {GOLD: #kˈal#}
740    | #kˈanem# | *#kˈane# | *#kˈəne# {GOLD: #kˈəne#} | *#kˈɨjne# | *#kˈɨjne# {GOLD: #kˈɨjne#}
741    | #kˈapram# | *#kˈapra# | *#kˈapɾə# {GOLD: #kˈapɾə#} | *#kˈaprə# | *#kˈaprə# {GOLD: #kˈaprə#}
742    | #kˌaprˈiːnam# | *#kaprˈina# | *#kəpɾˈinə# {GOLD: #kəpɾˈinə#} | *#kəprˈinə# | *#kəprˈinə# {GOLD: #kəprˈinə#}
743    | #kˌatˈellam# | *#katˈɛlla# | *#kət͡se̯ˈa# {GOLD: #kət͡se̯ˈawə#} | *#kət͡se̯ˈa# | *#kət͡se̯ˈa# {GOLD: #kət͡se̯ˈa#}
744    | #kˈokkinum# | *#kˈokʲenu# | *#ko̯ˈat͡ʃenu# {GOLD: #ko̯ˈat͡ʃinu#} | *#ko̯ˈat͡ʃin# | *#ko̯ˈat͡ʃin# {GOLD: #ko̯ˈat͡ʃin#}
745    | #kˌornˈuːtum# | *#kornˈutu# | *#kuɾnˈutu# {GOLD: #kurnˈut#} | *#kurnˈut# | *#kurnˈut# {GOLD: #kornˈut#}
746    | #ˈekwam# | *#ˈɛpa# | *#je̯ˈapə# {GOLD: #je̯ˈapə#} | *#jˈapə# | *#jˈapə# {GOLD: #jˈapə#}
747    | #iˌuːnˈiːkem# | *#ɡʲunˈikʲe# | *#d͡ʒunˈit͡ʃe# {GOLD: >*} | *#ʒunˈint͡ʃe# | *#ʒunˈint͡ʃe# {GOLD: #ʒunˈint͡ʃe#}
748    | #iˌuwˈenkum# | *#ɡʲuˈɛnku# | *#d͡ʒuˈenku# {GOLD: #d͡ʒˈunku#} | *#ʒuˈink# | *#ʒuˈink# {GOLD: #ʒˈunk#}
749    | #iˌuwˈenkam# | *#ɡʲuˈɛnka# | *#d͡ʒuˈenkə# {GOLD: #d͡ʒˈunkə#} | *#ʒuˈinkə# | *#ʒuˈinkə# {GOLD: #ʒˈunkə#}
750    | #ˌowˈiːnam# | *#oˈina# | *#oˈinə# {GOLD: #ovˈinə#} | *#oˈinə# | *#oˈinə# {GOLD: #oˈinə#}
751    | #ˈowem# | *#ˈoje# | *#o̯ˈaje# {GOLD: #o̯ˈaje#} | *#o̯ˈaje# | *#o̯ˈaje# {GOLD: #o̯ˈaje#}
752    | #pˌekuwˈiːnam# | *#pekˈujena# | *#pekˈujenə# {GOLD: >*} | *#pəkˈujnə# | *#pəkˈujnə# {GOLD: #pəkˈujnə#}
753    | #pˈorkum# | *#pˈorku# | *#pˈorku# {GOLD: #pˈorku#} | *#pˈork# | *#pˈork# {GOLD: #pˈork#}
754    | #pˌorkˈellum# | *#porkʲˈɛllu# | *#purt͡ʃˈelu# {GOLD: #purt͡ʃˈelu#} | *#purt͡ʃˈel# | *#purt͡ʃˈel# {GOLD: #purt͡ʃˈel#}
755    | #pˌorkˈellam# | *#porkʲˈɛlla# | *#purt͡ʃe̯ˈa# {GOLD: #purt͡ʃe̯ˈawə#} | *#purt͡ʃe̯ˈa# | *#purt͡ʃe̯ˈa# {GOLD: #purt͡ʃe̯ˈa#}
756    | #pˌorkˈiːnam# | *#porkʲˈina# | *#purt͡ʃˈinə# {GOLD: #purt͡ʃˈinə#} | *#purt͡ʃˈinə# | *#purt͡ʃˈinə# {GOLD: #port͡ʃˈinə#}
757    | #rˈubeum# | *#rˈujbu# | *#rɾˈojbu# {GOLD: >*} | *#rˈojb# | *#rˈojb# {GOLD: #rˈojb#}
758    | #skrˈoːfam# | *#skrˈofa# | *#skɾo̯ˈafə# {GOLD: >*} | *#skro̯ˈafə# | *#skro̯ˈafə# {GOLD: #skro̯ˈafə#}
759    | #tˈawrum# | *#tˈawru# | *#tˈawɾu# {GOLD: #tˈavru#} | *#tˈawr# | *#tˈawr# {GOLD: #tˈawr#}
760    | #tˌertiˈaːnum# | *#tertʲˈanu# | *#tert͡sˈənu# {GOLD: >*} | *#tert͡sˈɨn# | *#tert͡sˈɨn# {GOLD: #tert͡sˈɨn#}
761    | #tertˈiːwum# | *#tertˈiu# | *#tert͡sˈiw# {GOLD: >*} | *#tert͡sˈiw# | *#tert͡sˈiw# {GOLD: #tert͡sˈiw#}
762    | #wˈakkam# | *#vˈaka# | *#vˈakə# {GOLD: #vˈakə#} | *#vˈakə# | *#vˈakə# {GOLD: #vˈakə#}
763    | #wˈerrum# | *#vˈɛrru# | *#vjˈerɾu# {GOLD: >*} | *#vjˈer# | *#vjˈer# {GOLD: #vjˈer#}
764    | #bˌerbˈeːkum# | *#berbˈeku# | *#berbˈeku# {GOLD: #berbˈeku#} | *#berbˈek# | *#berbˈek# {GOLD: #berbˈek#}
765    | #bˌerbˈeːkem# | *#berbˈekʲe# | *#berbe̯ˈat͡ʃe# {GOLD: #berbe̯ˈat͡ʃe#} | *#berbˈet͡ʃe# | *#berbˈet͡ʃe# {GOLD: #berbˈet͡ʃe#}
766    | #wˌitˈellam# | *#vetˈɛlla# | *#vet͡se̯ˈa# {GOLD: #vet͡se̯ˈawə#} | *#vet͡se̯ˈa# | *#vet͡se̯ˈa# {GOLD: #vit͡se̯ˈa#}
767    | #wˌitˈellum# | *#vetˈɛllu# | *#vet͡sˈelu# {GOLD: #vet͡sˈelu#} | *#vit͡sˈel# | *#vit͡sˈel# {GOLD: #vit͡sˈel#}
768    | #wˌitˈuleum# | *#vetˈulju# | *#vetˈuʎu# {GOLD: #vetˈuʎu#} | *#vətˈuj# | *#vətˈuj# {GOLD: #vətˈuj#}
769    | #wˌitˈuleam# | *#vetˈulja# | *#vetˈuʎe# {GOLD: #vetˈuʎe#} | *#vətˈuje# | *#vətˈuje# {GOLD: #vətˈuje#}
770    | #bˈuːbalum# | *#bˈualu# | *#bˈuəɾu# {GOLD: >*} | *#bˈowr# | *#bˈowr# {GOLD: #bˈowr#}
771    | #kˈerwum# | *#kʲˈɛrbu# | *#t͡ʃˈerbu# {GOLD: >*} | *#t͡ʃˈerb# | *#t͡ʃˈerb# {GOLD: #t͡ʃˈerb#}
772    | #lˈeporem# | *#lˈɛpore# | *#ʎˈepuɾe# {GOLD: #ʎˈepure#} | *#jˈepure# | *#jˈepure# {GOLD: #jˈepure#}
773    | #lˈupum# | *#lˈupu# | *#lˈupu# {GOLD: >*} | *#lˈup# | *#lˈup# {GOLD: #lˈup#}
774    | #mˌikstˈiːkium# | *#mestˈitʲu# | *#meʃtˈit͡su# {GOLD: >*} | *#meʃtˈit͡s# | *#meʃtˈit͡s# {GOLD: #mistrˈet͡s#}
775    | #sˈoːrikem# | *#sˈorekʲe# | *#so̯ˈaɾet͡ʃe# {GOLD: #ʃo̯ˈaret͡ʃe#} | *#so̯ˈaret͡ʃe# | *#so̯ˈaret͡ʃe# {GOLD: #ʃo̯ˈaret͡ʃe#}
776    | #ˈursum# | *#ˈursu# | *#ˈursu# {GOLD: #ˈursu#} | *#ˈurs# | *#ˈurs# {GOLD: #ˈurs#}
777    | #wˈulpem# | *#vˈulpe# | *#vˈulpe# {GOLD: >*} | *#vˈulpe# | *#vˈulpe# {GOLD: #vˈulpe#}
778    | #ˈalapam# | *#ˈalapa# | *#ˈaɾəpə# {GOLD: #ˈaripə#} | *#ˈarəpə# | *#ˈarəpə# {GOLD: #ˈaripə#}
779    | #krˌistˈaːtum# | *#krestˈatu# | *#kɾestˈatu# {GOLD: >*} | *#krestˈat# | *#krestˈat# {GOLD: #krestˈat#}
780    | #kˈubium# | *#ɡˈujbu# | *#ɡˈujbu# {GOLD: >*} | *#ɡˈujb# | *#ɡˈujb# {GOLD: #kˈujb#}
781    | #ˌekswolˈaː# | *#zbolˈa# | *#zbuɾˈa# {GOLD: >*} | *#zburˈa# | *#zburˈa# {GOLD: #zburˈa#}
782    | #pˈasserem# | *#pˈasere# | *#pˈaseɾe# {GOLD: >*} | *#pˈasere# | *#pˈasere# {GOLD: #pˈasəre#}
783    | #pˈinnam# | *#pˈenna# | *#pe̯ˈannə# {GOLD: #pe̯ˈanə#} | *#pˈanə# | *#pˈanə# {GOLD: #pˈanə#}
784    | #pˈinnulam# | *#pˈennula# | *#pˈennuɾə# {GOLD: >*} | *#pˈənurə# | *#pˈənurə# {GOLD: #pˈənurə#}
785    | #pˈullam# | *#pˈulla# | *#pˈulə# {GOLD: >*} | *#pˈulə# | *#pˈulə# {GOLD: #pˈulə#}
786    | #pˈulleum# | *#pˈullju# | *#pˈuʎu# {GOLD: #pˈuʎu#} | *#pˈuj# | *#pˈuj# {GOLD: #pˈuj#}
787    | #ɡˌallˈiːnam# | *#ɡallˈina# | *#ɡəʎˈinə# {GOLD: #ɡəʎˈinə#} | *#ɡəˈinə# | *#ɡəˈinə# {GOLD: #ɡəˈinə#}
788    | #kˈukum# | *#kˈuku# | *#kˈuku# {GOLD: >*} | *#kˈuk# | *#kˈuk# {GOLD: #kˈuk#}
789    | #drˌepanˈellam# | *#drepnˈɛlla# | *#dɾepne̯ˈa# {GOLD: >*} | *#drepne̯ˈa# | *#drepne̯ˈa# {GOLD: #drepne̯ˈa#}
790    | #ɡˈaiam# | *#ɡˈaja# | *#ɡˈajə# {GOLD: >*} | *#ɡˈaje# | *#ɡˈaje# {GOLD: #ɡˈaje#}
791    | #ɡˈalɡulum# | *#ɡˈalɡulu# | *#ɡˈalɡuɾu# {GOLD: #ɡˈanɡur#} | *#ɡˈalɡur# | *#ɡˈalɡur# {GOLD: #ɡrˈanɡur#}
792    | #ɡrˈawulum# | *#ɡrˈaulu# | *#ɡɾˈawɾu# {GOLD: >*} | *#ɡrˈawr# | *#ɡrˈawr# {GOLD: #ɡrˈawr#}
793    | #ɡrˈuem# | *#ɡrˈuj# | *#ɡɾˈuj# {GOLD: >*} | *#ɡrˈuj# | *#ɡrˈuj# {GOLD: #ɡrˈuj#}
794    | #hˌirundinˈellam# | *#erundenˈɛlla# | *#eɾundine̯ˈa# {GOLD: #rɯndune̯ˈa#} | *#rundine̯ˈa# | *#rundine̯ˈa# {GOLD: #rɨndune̯ˈa#}
795    | #mˈerulam# | *#mˈɛrla# | *#mjˈerlə# {GOLD: #mjˈerlə#} | *#mjˈerlə# | *#mjˈerlə# {GOLD: #mjˈerlə#}
796    | #palˈumbum# | *#palˈumbu# | *#pəɾˈumbu# {GOLD: #pərˈumbu#} | *#porˈumb# | *#porˈumb# {GOLD: #porˈumb#}
797    | #pˌeturnˈiːkulam# | *#peturnˈikla# | *#petuɾnˈikʎe# {GOLD: #petuɾnˈikʎe#} | *#poturnˈikje# | *#poturnˈikje# {GOLD: #poturnˈikje#}
798    | #pˌerwˌiɡilaːtˈoːriam# | *#preveɡlatˈorja# | *#pɾeveɡʎeto̯ˈajɾe# {GOLD: >*} | *#priveɡjeto̯ˈare# | *#priveɡjeto̯ˈare# {GOLD: #priviɡjeto̯ˈare#}
799    | #pˌerwˌiɡilˈaː# | *#preveɡlˈa# | *#pɾeveɡʎˈa# {GOLD: #pɾiveɡʎˈa#} | *#priveɡe̯ˈa# | *#priveɡe̯ˈa# {GOLD: #priveɡe̯ˈa#}
800    | #strˈiːɡam# | *#strˈiɡa# | *#stɾˈiɡə# {GOLD: >*} | *#strˈiɡə# | *#strˈiɡə# {GOLD: #strˈiɡə#}
801    | #stˈurdium# | *#stˈurdʲu# | *#stˈurd͡zu# {GOLD: >*} | *#stˈurz# | *#stˈurz# {GOLD: #stˈurz#}
802    | #tˈurturam# | *#tˈurtura# | *#tˈurtuɾə# {GOLD: >*} | *#tˈurturə# | *#tˈurturə# {GOLD: #tˈurturə#}
803    | #tˌurturˈellam# | *#turturˈɛlla# | *#turtuɾe̯ˈa# {GOLD: >*} | *#turture̯ˈa# | *#turture̯ˈa# {GOLD: #turture̯ˈa#}
804    | #ˌupˈupad͡zam# | *#upˈupad͡za# | *#upˈupəd͡zə# {GOLD: >*} | *#pˈupəzə# | *#pˈupəzə# {GOLD: #pˈupəzə#}
805    | #wˌultˈurium# | *#vultˈurju# | *#vultˈuɾu# {GOLD: #vultˈuɾu#} | *#vultˈur# | *#vultˈur# {GOLD: #vultˈur#}
806    | #lˈaktiːs# | *#lˈapti# | *#lˈapt͡si# {GOLD: >*} | *#lˈapt͡sj# | *#lˈapt͡sj# {GOLD: #lˈapt͡sj#}
807    | #pˌiskˈaːrium# | *#peskˈarju# | *#peskˈajɾu# {GOLD: >*} | *#pəskˈar# | *#pəskˈar# {GOLD: #pəskˈar#}
808    | #brˈoːskam# | *#brˈoska# | *#bɾo̯ˈaskə# {GOLD: >*} | *#bro̯ˈaskə# | *#bro̯ˈaskə# {GOLD: #bro̯ˈaskə#}
809    | #sˈerpeːm# | *#sˈɛrpe# | *#ʃe̯ˈarpe# {GOLD: >*} | *#ʃˈarpe# | *#ʃˈarpe# {GOLD: #ʃˈarpe#}
810    | #sˌerpˈentiam# | *#serpˈɛntʲa# | *#serpˈent͡sə# {GOLD: >*} | *#serpˈɨnt͡sə# | *#serpˈɨnt͡sə# {GOLD: #ʃerpˈɨnt͡sə#}
811    | #wˈiːperam# | *#vˈipera# | *#vˈipeɾə# {GOLD: >*} | *#vˈiperə# | *#vˈiperə# {GOLD: #vˈiperə#}
812    | #wˈiːperae̯# | *#vˈiperɛ# | *#vˈipeɾe# {GOLD: >*} | *#vˈipere# | *#vˈipere# {GOLD: #vˈipere#}
813    | #kˈaːrium# | *#kˈarju# | *#kˈajɾu# {GOLD: >*} | *#kˈar# | *#kˈar# {GOLD: #kˈar#}
814    | #kˌawˈoːnem# | *#ɡaˈone# | *#ɡəˈun# {GOLD: >*} | *#ɡəˈun# | *#ɡəˈun# {GOLD: #ɡəˈun#}
815    | #kˈiːmikem# | *#kʲˈinkʲe# | *#t͡ʃˈint͡ʃe# {GOLD: >*} | *#t͡ʃˈint͡ʃe# | *#t͡ʃˈint͡ʃe# {GOLD: #t͡ʃˈint͡ʃe#}
816    | #flˈuktul# | *#flˈutule# | *#flˈutuɾe# {GOLD: >*} | *#flˈuture# | *#flˈuture# {GOLD: #flˈuture#}
817    | #flˌuktulˈaː# | *#flutulˈa# | *#flutuɾˈa# {GOLD: #flutuɾˈa#} | *#fluturˈa# | *#fluturˈa# {GOLD: #fluturˈa#}
818    | #fˌormˈiːkam# | *#formˈika# | *#foɾmˈikə# {GOLD: >*} | *#formˈikə# | *#formˈikə# {GOLD: #furnˈikə#}
819    | #ɡrˈylljolum# | *#ɡrˈelljjelu# | *#ɡɾe̯ˈaʎjeɾu# {GOLD: >*} | *#ɡrˈejer# | *#ɡrˈejer# {GOLD: #ɡrˈejer#}
820    | #lˌakˈustam# | *#lakˈusta# | *#ləkˈustə# {GOLD: #ləkˈustə#} | *#ləkˈustə# | *#ləkˈustə# {GOLD: #ləkˈustə#}
821    | #lˈendinam# | *#lˈɛndena# | *#lˈendenə# {GOLD: >*} | *#lˈindinə# | *#lˈindinə# {GOLD: #lˈindinə#}
822    | #lˌumbrˈiːkum# | *#lumbrˈiku# | *#lumbɾˈiku# {GOLD: >*} | *#lumbrˈik# | *#lumbrˈik# {GOLD: #limbrˈik#}
823    | #mˈuskam# | *#mˈuska# | *#mˈuskə# {GOLD: >*} | *#mˈuskə# | *#mˈuskə# {GOLD: #mˈuskə#}
824    | #ˌoe̯strˈikulam# | *#strˈekla# | *#stɾe̯ˈakʎe# {GOLD: >*} | *#strˈekje# | *#strˈekje# {GOLD: #strˈekje#}
825    | #pˌeːdˈukulum# | *#pedˈuklu# | *#pedˈukʎu# {GOLD: #pedˈukʎu#} | *#pədˈukj# | *#pədˈukj# {GOLD: #pədˈukje#}
826    | #pˈuːlikem# | *#pˈulekʲe# | *#pˈuɾet͡ʃe# {GOLD: >*} | *#pˈurit͡ʃe# | *#pˈurit͡ʃe# {GOLD: #pˈurit͡ʃe#}
827    | #tˌabˈoːnem# | *#taˈone# | *#təˈun# {GOLD: >*} | *#təˈun# | *#təˈun# {GOLD: #təˈun#}
828    | #wˈermem# | *#vˈɛrme# | *#vje̯ˈaɾme# {GOLD: >*} | *#vjˈerme# | *#vjˈerme# {GOLD: #vjˈerme#}
829    | #wˈespam# | *#vˈɛspa# | *#vje̯ˈaspə# {GOLD: >*} | *#ve̯ˈaspə# | *#ve̯ˈaspə# {GOLD: #ve̯ˈaspə#}
830    | #ˌekskˈurtum# | *#skˈurtu# | *#skˈurtu# {GOLD: >*} | *#skˈurt# | *#skˈurt# {GOLD: #skˈurt#}
831    | #kˈurtum# | *#kˈurtu# | *#kˈurtu# {GOLD: >*} | *#kˈurt# | *#kˈurt# {GOLD: #kˈurt#}
832    | #deˈorsum# | *#ɡʲˈosu# | *#d͡ʒˈosu# {GOLD: >*} | *#ʒˈos# | *#ʒˈos# {GOLD: #ʒˈos#}
833    | #dˌeːsˈertum# | *#desˈɛrtu# | *#deʃˈertu# {GOLD: >*} | *#deʃˈert# | *#deʃˈert# {GOLD: #deʃˈert#}
834    | #ˌeksˈaːmen# | *#sˈame# | *#sˈame# {GOLD: >*} | *#sˈame# | *#sˈame# {GOLD: #sˈamə#}
835    | #fˈalkem# | *#fˈalkʲe# | *#fˈalt͡ʃe# {GOLD: >*} | *#fˈalt͡ʃe# | *#fˈalt͡ʃe# {GOLD: #fˈalt͡ʃe#}
836    | #ɡrˈewem# | *#ɡrˈɛe# | *#ɡɾe̯ˈa# {GOLD: >*} | *#ɡre̯ˈa# | *#ɡre̯ˈa# {GOLD: #ɡre̯ˈa#}
837    | #ˌimpˌutˈaː# | *#emputˈa# | *#əmputˈa# {GOLD: >*} | *#ɨmputˈa# | *#ɨmputˈa# {GOLD: #ɨmputˈa#}
838    | #ˌintˈeɡrum# | *#entrˈɛɡu# | *#əntɾˈeɡu# {GOLD: >*} | *#ɨntrˈeɡ# | *#ɨntrˈeɡ# {GOLD: #ɨntrˈeɡ#}
839    | #lˈonɡum# | *#lˈonɡu# | *#lˈunɡu# {GOLD: >*} | *#lˈunɡ# | *#lˈunɡ# {GOLD: #lˈunɡ#}
840    | #mˌeːnsˈuːram# | *#mesˈura# | *#mesˈuɾə# {GOLD: >*} | *#məsˈurə# | *#məsˈurə# {GOLD: #məsˈurə#}
841    | #mˌeːnsuːrˈaː# | *#mesurˈa# | *#mesuɾˈa# {GOLD: >*} | *#məsurˈa# | *#məsurˈa# {GOLD: #məsurˈa#}
842    | #mˈiːkam# | *#mˈika# | *#mˈikə# {GOLD: >*} | *#mˈikə# | *#mˈikə# {GOLD: #mˈikə#}
843    | #mˌinˈuːtum# | *#menˈutu# | *#mənˈutu# {GOLD: >*} | *#mərˈunt# | *#mərˈunt# {GOLD: #mərˈunt#}
844    | #mˈultum# | *#mˈultu# | *#mˈultu# {GOLD: >*} | *#mˈult# | *#mˈult# {GOLD: #mˈult#}
845    | #nˌumerˈaː# | *#numerˈa# | *#numeɾˈa# {GOLD: >*} | *#numərˈa# | *#numərˈa# {GOLD: #numərˈa#}
846    | #nˈumerum# | *#nˈumeru# | *#nˈumeɾu# {GOLD: >*} | *#nˈumər# | *#nˈumər# {GOLD: #nˈumər#}
847    | #pˌarˈikulam# | *#parˈekla# | *#pəɾe̯ˈakʎe# {GOLD: >*} | *#perˈekje# | *#perˈekje# {GOLD: #perˈekje#}
848    | #pˈartem# | *#pˈarte# | *#pˈarte# {GOLD: >*} | *#pˈarte# | *#pˈarte# {GOLD: #pˈarte#}
849    | #pˈassum# | *#pˈasu# | *#pˈasu# {GOLD: >*} | *#pˈas# | *#pˈas# {GOLD: #pˈas#}
850    | #pˈettiam# | *#pˈɛtʲa# | *#pje̯ˈat͡sə# {GOLD: >*} | *#pe̯ˈat͡sə# | *#pe̯ˈat͡sə# {GOLD: #pˈɨt͡sə#}
851    | #plˈeːnum# | *#plˈenu# | *#plˈenu# {GOLD: >*} | *#plˈin# | *#plˈin# {GOLD: #plˈin#}
852    | #kwˈantum# | *#kˈantu# | *#kˈəntu# {GOLD: >*} | *#kˈɨnt# | *#kˈɨnt# {GOLD: #kˈɨt#}
853    | #sˈinɡulum# | *#sˈenɡulu# | *#sˈenɡuɾu# {GOLD: >*} | *#sˈinɡur# | *#sˈinɡur# {GOLD: #sˈinɡur#}
854    | #sˈummam# | *#sˈumma# | *#sˈumə# {GOLD: >*} | *#sˈumə# | *#sˈumə# {GOLD: #sˈumə#}
855    | #ˌekkumtˈantum# | *#akuntˈantu# | *#akɨntˈəntu# {GOLD: >*} | *#akɨntˈɨnt# | *#akɨntˈɨnt# {GOLD: #atˈɨt#}
856    | #tˈoːtum# | *#tˈotu# | *#tˈotu# {GOLD: >*} | *#tˈot# | *#tˈot# {GOLD: #tˈot#}
857    | #tˈoːtam# | *#tˈota# | *#to̯ˈatə# {GOLD: >*} | *#to̯ˈatə# | *#to̯ˈatə# {GOLD: #to̯ˈatə#}
858    | #ˈambiː# | *#ˈambi# | *#ˈəmbi# {GOLD: >*} | *#ˈɨmbj# | *#ˈɨmbj# {GOLD: #ˈɨmbj#}
859    | #ˌantˈaneum# | *#antˈanju# | *#əntˈəɲu# {GOLD: #əntˈəɲu#} | *#ɨntˈɨj# | *#ɨntˈɨj# {GOLD: #ɨntˈɨj#}
860    | #kwˈiːnkwe# | *#kʲˈinkʲe# | *#t͡ʃˈint͡ʃe# {GOLD: #t͡ʃˈint͡ʃi#} | *#t͡ʃˈint͡ʃe# | *#t͡ʃˈint͡ʃe# {GOLD: #t͡ʃˈint͡ʃj#}
861    | #dˈoːs# | *#dˈoj# | *#dˈoj# {GOLD: #dˈoj#} | *#dˈoj# | *#dˈoj# {GOLD: #dˈoj#}
862    | #dˈuae̯# | *#dˈuɛ# | *#dˈoe# {GOLD: #do̯ˈawə#} | *#dˈoe# | *#dˈoe# {GOLD: #dˈowə#}
863    | #mˈiːlia# | *#mˈilja# | *#mˈiʎe# {GOLD: #mˈiʎe#} | *#mˈie# | *#mˈie# {GOLD: #mˈie#}
864    | #nˈowem# | *#nˈowa# | *#nˈowə# {GOLD: #no̯ˈawə#} | *#nˈowə# | *#nˈowə# {GOLD: #nˈowə#}
865    | #ˈoktoː# | *#ˈopto# | *#ˈoptu# {GOLD: #ˈoptu#} | *#ˈopt# | *#ˈopt# {GOLD: #ˈopt#}
866    | #kwˈattuor# | *#pˈatro# | *#pˈatɾu# {GOLD: #pˈatɾu#} | *#pˈatru# | *#pˈatru# {GOLD: #pˈatru#}
867    | #sˈeksem# | *#sˈɛse# | *#ʃe̯ˈase# {GOLD: #ʃe̯ˈase#} | *#ʃˈase# | *#ʃˈase# {GOLD: #ʃˈase#}
868    | #trˈeːs# | *#trˈej# | *#tɾˈej# {GOLD: #trˈej#} | *#trˈej# | *#trˈej# {GOLD: #trˈej#}
869    | #ˈuːnum# | *#ˈunu# | *#ˈunu# {GOLD: >*} | *#ˈun# | *#ˈun# {GOLD: #ˈunu#}
870    | #wˌiːɡˈinti# | *#viɡʲˈenti# | *#ved͡ʒˈent͡si# {GOLD: #viɡˈint͡si#} | *#ved͡ʒˈint͡sj# | ... {GOLD: ...}
871    | #ˈanɡulum# | *#ˈanɡlu# | *#ˈənɡʎu# {GOLD: >*} | *#ˈɨnɡj# | *#ˈɨnɡj# {GOLD: #ˈunɡj#}
872    | #ˌanɡˈustum# | *#anɡˈustu# | *#ənɡˈustu# {GOLD: >*} | *#ɨnɡˈust# | *#ɨnɡˈust# {GOLD: #ɨnɡˈust#}
873    | #ˈasperum# | *#ˈasperu# | *#ˈaspeɾu# {GOLD: >*} | *#ˈasper# | *#ˈasper# {GOLD: #ˈaspru#}
874    | #kˈirkum# | *#kʲˈerku# | *#t͡ʃˈerku# {GOLD: >*} | *#t͡ʃˈerk# | *#t͡ʃˈerk# {GOLD: #t͡ʃˈerk#}
875    | #dˈeːnsum# | *#dˈesu# | *#dˈesu# {GOLD: >*} | *#dˈes# | *#dˈes# {GOLD: #dˈes#}
876    | #fˌoːrmˈoːsum# | *#formˈosu# | *#foɾmˈosu# {GOLD: >*} | *#formˈos# | *#formˈos# {GOLD: #frumˈos#}
877    | #frˈaɡidum# | *#frˈaɡʲedu# | *#fɾˈad͡ʒedu# {GOLD: >*} | *#frˈad͡ʒed# | *#frˈad͡ʒed# {GOLD: #frˈad͡ʒed#}
878    | #ɡrˈassum# | *#ɡrˈasu# | *#ɡɾˈasu# {GOLD: >*} | *#ɡrˈas# | *#ɡrˈas# {GOLD: #ɡrˈas#}
879    | #ɡrˈossum# | *#ɡrˈosu# | *#ɡɾˈosu# {GOLD: >*} | *#ɡrˈos# | *#ɡrˈos# {GOLD: #ɡrˈos#}
880    | #hˈuːmidum# | *#ˈumedu# | *#ˈumedu# {GOLD: >*} | *#ˈuməd# | *#ˈuməd# {GOLD: #ˈumed#}
881    | #lˈarɡum# | *#lˈarɡu# | *#lˈarɡu# {GOLD: >*} | *#lˈarɡ# | *#lˈarɡ# {GOLD: #lˈarɡ#}
882    | #lˈaːtum# | *#lˈatu# | *#lˈatu# {GOLD: >*} | *#lˈat# | *#lˈat# {GOLD: #lˈat#}
883    | #lˈeːnum# | *#lˈenu# | *#lˈenu# {GOLD: >*} | *#lˈin# | *#lˈin# {GOLD: #lˈin#}
884    | #mˈakrum# | *#mˈakru# | *#mˈakɾu# {GOLD: >*} | *#mˈakru# | *#mˈakru# {GOLD: #mˈakru#}
885    | #mˈarkidum# | *#mˈarkʲedu# | *#mˈart͡ʃedu# {GOLD: >*} | *#mˈart͡ʃed# | *#mˈart͡ʃed# {GOLD: #mˈɨrt͡ʃed#}
886    | #mˈedium# | *#mˈɛdʲu# | *#mjˈed͡zu# {GOLD: >*} | *#mjˈez# | *#mjˈez# {GOLD: #mjˈez#}
887    | #mˈollem# | *#mˈolle# | *#mo̯ˈale# {GOLD: >*} | *#mo̯ˈale# | *#mo̯ˈale# {GOLD: #mo̯ˈale#}
888    | #mˈuːkkidum# | *#mˈukʲedu# | *#mˈut͡ʃedu# {GOLD: >*} | *#mˈut͡ʃed# | *#mˈut͡ʃed# {GOLD: #mˈut͡ʃed#}
889    | #mˈuːtulam# | *#mˈukla# | *#mˈukʎe# {GOLD: >*} | *#mˈukje# | *#mˈukje# {GOLD: #mˈukje#}
890    | #nˈitidum# | *#nˈetedu# | *#ne̯ˈatedu# {GOLD: >*} | *#nˈeted# | *#nˈeted# {GOLD: #nˈeted#}
891    | #kwˌiˈeːtum# | *#kʲjˈetu# | *#t͡ʃˈetu# {GOLD: >*} | *#t͡ʃˈet# | *#t͡ʃˈet# {GOLD: #t͡ʃˈet#}
892    | #kwˌiˈeːtam# | *#kʲjˈeta# | *#t͡ʃe̯ˈatə# {GOLD: >*} | *#t͡ʃe̯ˈatə# | *#t͡ʃe̯ˈatə# {GOLD: #t͡ʃe̯ˈatə#}
893    | #rˈankidum# | *#rˈankʲedu# | *#rɾˈənt͡ʃedu# {GOLD: >*} | *#rˈɨnt͡ʃed# | *#rˈɨnt͡ʃed# {GOLD: #rˈɨnt͡ʃed#}
894    | #rˈaːrum# | *#rˈaru# | *#rɾˈaɾu# {GOLD: >*} | *#rˈar# | *#rˈar# {GOLD: #rˈar#}
895    | #rˌetˈundum# | *#retˈundu# | *#rɾetˈundu# {GOLD: >*} | *#rətˈund# | *#rətˈund# {GOLD: #rətˈund#}
896    | #skrˈobulam# | *#skˈorbula# | *#skˈorbuɾə# {GOLD: >*} | *#skˈorburə# | *#skˈorburə# {GOLD: #skˈorburə#}
897    | #sˈiɡnum# | *#sˈemnu# | *#sˈemnu# {GOLD: >*} | *#sˈemn# | *#sˈemn# {GOLD: #sˈemn#}
898    | #sˌimilˈaː# | *#semelˈa# | *#semeɾˈa# {GOLD: >*} | *#semənˈa# | *#semənˈa# {GOLD: #semənˈa#}
899    | #strˈinktum# | *#strˈemtu# | *#stɾˈemtu# {GOLD: >*} | *#strˈimt# | *#strˈimt# {GOLD: #strˈɨmt#}
900    | #sˌubtˈiːlem# | *#subtˈile# | *#subt͡sˈiɾe# {GOLD: >*} | *#subt͡sˈire# | *#subt͡sˈire# {GOLD: #subt͡sˈire#}
901    | #tˌakˈeː# | *#takʲˈe# | *#tət͡ʃe̯ˈa# {GOLD: >*} | *#tət͡ʃe̯ˈa# | *#tət͡ʃe̯ˈa# {GOLD: #tət͡ʃe̯ˈa#}
902    | #tˈaːlem# | *#tˈale# | *#tˈaɾe# {GOLD: >*} | *#tˈare# | *#tˈare# {GOLD: #tˈare#}
903    | #ˈuːdum# | *#ˈudu# | *#ˈudu# {GOLD: >*} | *#ˈud# | *#ˈud# {GOLD: #ˈud#}
904    | #ˌuːdˈaː# | *#udˈa# | *#udˈa# {GOLD: >*} | *#udˈa# | *#udˈa# {GOLD: #udˈa#}
905    | #wˌiskˈoːsum# | *#veskˈosu# | *#veskˈosu# {GOLD: >*} | *#vɨskˈos# | *#vɨskˈos# {GOLD: #vɨskˈos#}
906    | #kolˈostram# | *#kolˈostra# | *#kuɾo̯ˈastɾə# {GOLD: >*} | *#kuro̯ˈastrə# | *#kuro̯ˈastrə# {GOLD: #korˈastrə#}
907    | #aspektˈaː# | *#askʲeptˈa# | *#aʃteptˈa# {GOLD: >*} | *#aʃteptˈa# | *#aʃteptˈa# {GOLD: #aʃteptˈa#}
908    | #kˈohortem# | *#kˈorte# | *#ko̯ˈarte# {GOLD: >*} | *#ko̯ˈarte# | *#ko̯ˈarte# {GOLD: #kˈurte#}
909    | #konweniˈentiam# | *#kovenjˈɛntʲa# | *#kuviɲˈent͡sə# {GOLD: >*} | *#kuviˈint͡sə# | *#kuviˈint͡sə# {GOLD: #kuviˈint͡sə#}
910    | #konwenˈi# | *#kovenˈi# | *#kuvenˈi# {GOLD: >*} | *#kuvenˈi# | *#kuvenˈi# {GOLD: #kuvenˈi#}
911    | #konwentˈaː# | *#koventˈa# | *#kuventˈa# {GOLD: >*} | *#kuvɨntˈa# | *#kuvɨntˈa# {GOLD: #kuvɨntˈa#}
912    | #dˈominum# | *#dˈomnu# | *#dˈomnu# {GOLD: >*} | *#dˈomn# | *#dˈomn# {GOLD: #dˈomn#}
913    | #frˈankum# | *#frˈanku# | *#fɾˈənku# {GOLD: >*} | *#frˈɨnk# | *#frˈɨnk# {GOLD: #frˈɨnk#}
914    | #ɡrˈae̯kum# | *#ɡrˈɛku# | *#ɡɾˈeku# {GOLD: >*} | *#ɡrˈek# | *#ɡrˈek# {GOLD: #ɡrˈek#}
915    | #hˈospitem# | *#ˈospete# | *#o̯ˈaspete# {GOLD: >*} | *#o̯ˈaspete# | *#o̯ˈaspete# {GOLD: #o̯ˈaspete#}
916    | #hospitˈaː# | *#ospetˈa# | *#ospetˈa# {GOLD: >*} | *#ospətˈa# | *#ospətˈa# {GOLD: #ospətˈa#}
917    | #jˈuːdeks# | *#ɡʲˈude# | *#d͡ʒˈude# {GOLD: >*} | *#ʒˈude# | *#ʒˈude# {GOLD: #ʒˈude#}
918    | #juːdˈikium# | *#ɡʲudˈetʲu# | *#d͡ʒudˈet͡su# {GOLD: >*} | *#ʒudˈet͡s# | *#ʒudˈet͡s# {GOLD: #ʒudˈet͡s#}
919    | #juːraːmˈentum# | *#ɡʲuramˈɛntu# | *#d͡ʒuɾəmˈentu# {GOLD: >*} | *#ʒurəmˈɨnt# | *#ʒurəmˈɨnt# {GOLD: #ʒurəmˈɨnt#}
920    | #juːrˈaː# | *#ɡʲurˈa# | *#d͡ʒuɾˈa# {GOLD: >*} | *#ʒurˈa# | *#ʒurˈa# {GOLD: #ʒurˈa#}
921    | #lawdˈaː# | *#lawdˈa# | *#ləwdˈa# {GOLD: >*} | *#ləwdˈa# | *#ləwdˈa# {GOLD: #ləwdˈa#}
922    | #lˈawdam# | *#lˈawda# | *#lˈawdə# {GOLD: >*} | *#lˈawdə# | *#lˈawdə# {GOLD: #lˈawdə#}
923    | #lˈeːɡem# | *#lˈeɡʲe# | *#le̯ˈad͡ʒe# {GOLD: >*} | *#lˈed͡ʒe# | *#lˈed͡ʒe# {GOLD: #lˈed͡ʒe#}
924    | #liɡaːmˈentum# | *#leɡamˈɛntu# | *#leɡəmˈentu# {GOLD: >*} | *#leɡəmˈɨnt# | *#leɡəmˈɨnt# {GOLD: #leɡəmˈɨnt#}
925    | #potˈentiam# | *#potˈɛntʲa# | *#putˈent͡sə# {GOLD: >*} | *#putˈint͡sə# | *#putˈint͡sə# {GOLD: #putˈint͡sə#}
926    | #saluːtˈaː# | *#salutˈa# | *#səɾutˈa# {GOLD: >*} | *#sərutˈa# | *#sərutˈa# {GOLD: #sərutˈa#}
927    | #sklˈawum# | *#sklˈau# | *#skʎˈaw# {GOLD: >*} | *#ʃkjˈaw# | *#ʃkjˈaw# {GOLD: #ʃkjˈaw#}
928    | #wiːkiːnitˈaːtem# | *#vikʲinetˈate# | *#vet͡ʃinetˈate# {GOLD: >*} | *#vet͡ʃinətˈate# | *#vet͡ʃinətˈate# {GOLD: #vet͡ʃinətˈate#}
929    | #wiktimˈaː# | *#vetemˈa# | *#vetemˈa# {GOLD: >*} | *#vitemˈa# | *#vitemˈa# {GOLD: #vətəmˈa#}
930    | #neae̯stimˈaːtum# | *#njɛstemˈatu# | *#nestemˈatu# {GOLD: >*} | *#nestemˈat# | *#nestemˈat# {GOLD: #nestemˈat#}
931    | #kˌompˌarˈaː# | *#komparˈa# | *#kumpəɾˈa# {GOLD: >*} | *#kumpərˈa# | *#kumpərˈa# {GOLD: #kumpərˈa#}
932    | #kˈompˌaroː# | *#kˈomparo# | *#kˈumpəɾu# {GOLD: >*} | *#kˈumpər# | *#kˈumpər# {GOLD: #kˈumpər#}
933    | #fuːrˈaː# | *#furˈa# | *#fuɾˈa# {GOLD: >*} | *#furˈa# | *#furˈa# {GOLD: #furˈa#}
934    | #fˈuːrem# | *#fˈure# | *#fˈuɾe# {GOLD: >*} | *#fˈure# | *#fˈure# {GOLD: #fˈur#}
935    | #improːmuːtuˈaː# | *#empromutˈa# | *#əmpɾumutˈa# {GOLD: >*} | *#ɨmprumutˈa# | *#ɨmprumutˈa# {GOLD: #ɨmprumutˈa#}
936    | #lˌewˈaː# | *#lbˈa# | *#lbˈa# {GOLD: #lowˈa#} | *#lbˈa# | *#lbˈa# {GOLD: #lwˈa#}
937    | #lˈewoː# | *#lˈɛo# | *#ʎˈew# {GOLD: #ʎje̯ˈau#} | *#jˈew# | *#jˈew# {GOLD: #jˈau#}
938    | #lˈewat# | *#lˈɛa# | *#ʎe̯ˈa# {GOLD: #ʎje̯ˈa#} | *#je̯ˈa# | *#je̯ˈa# {GOLD: #jˈa#}
939    | #neɡoːtiaːtˈoːrem# | *#neɡotʲatˈor# | *#neɡut͡sətˈor# {GOLD: >*} | *#neɡut͡sətˈor# | *#neɡut͡sətˈor# {GOLD: #neɡut͡sətˈor#}
940    | #neɡˈoːtium# | *#neɡˈotʲu# | *#neɡˈot͡su# {GOLD: >*} | *#neɡˈot͡s# | *#neɡˈot͡s# {GOLD: #neɡˈot͡s#}
941    | #pˈerde# | *#pˈɛrde# | *#pje̯ˈarde# {GOLD: >*} | *#pjˈerde# | *#pjˈerde# {GOLD: #pjˈerde#}
942    | #prˈetium# | *#prˈɛtʲu# | *#pɾˈet͡su# {GOLD: >*} | *#prˈet͡s# | *#prˈet͡s# {GOLD: #prˈet͡s#}
943    | #wˈende# | *#vˈɛnde# | *#vˈende# {GOLD: >*} | *#vˈinde# | *#vˈinde# {GOLD: #vˈinde#}
944    | #ˈanɡelum# | *#ˈanɡʲelu# | *#ˈənd͡ʒeɾu# {GOLD: >*} | *#ˈɨnd͡ʒer# | *#ˈɨnd͡ʒer# {GOLD: #ˈɨnd͡ʒer#}
945    | #krˌistˈɛːnu# | *#krestˈɛnu# | *#kɾeʃtˈenu# {GOLD: >*} | *#kreʃtˈin# | *#kreʃtˈin# {GOLD: #kreʃtˈin#}
946    | #krˈukem# | *#krˈukʲe# | *#kɾˈut͡ʃe# {GOLD: >*} | *#krˈut͡ʃe# | *#krˈut͡ʃe# {GOLD: #krˈut͡ʃe#}
947    | #dˈeum# | *#dˈɛw̥# | *#d͡zˈew̥# {GOLD: >*} | *#zˈew# | *#zˈew# {GOLD: #zˈew#}
948    | #drˈakoː# | *#drˈako# | *#dɾˈaku# {GOLD: >*} | *#drˈak# | *#drˈak# {GOLD: #drˈak#}
949    | #inkliːnˈaː# | *#enklinˈa# | *#ənkʎinˈa# {GOLD: #enkʎinˈa#} | *#ɨnkinˈa# | *#ɨnkinˈa# {GOLD: #ɨnkinˈa#}
950    | #inkliːnaːtiˈoːnem# | *#enklinakʲˈone# | *#ənkʎinət͡ʃˈune# {GOLD: #enkʎinat͡ʃˈune#} | *#ɨnkinət͡ʃˈune# | *#ɨnkinət͡ʃˈune# {GOLD: #ɨnkinət͡ʃˈune#}
951    | #liːbertˈaː# | *#ljertˈa# | *#ʎertˈa# {GOLD: >*} | *#jertˈa# | *#jertˈa# {GOLD: #jertˈa#}
952    | #miːriˈoːnem# | *#mirjˈone# | *#miɾˈune# {GOLD: >*} | *#minˈune# | *#minˈune# {GOLD: #minˈune#}
953    | #oːraːtiˈoːnem# | *#orakʲˈone# | *#uɾət͡ʃˈune# {GOLD: >*} | *#urət͡ʃˈune# | *#urət͡ʃˈune# {GOLD: #urət͡ʃˈune#}
954    | #paːɡaːnitˈaːtem# | *#paɡanetˈate# | *#pəɡənetˈate# {GOLD: >*} | *#pəɡɨnətˈate# | *#pəɡɨnətˈate# {GOLD: #pəɡɨnətˈate#}
955    | #pekkˈaːtum# | *#pekˈatu# | *#pekˈatu# {GOLD: >*} | *#pəkˈat# | *#pəkˈat# {GOLD: #pəkˈat#}
956    | #kwadraːɡˈeːsimiː# | *#parrajˈesemi# | *#pərɾəje̯ˈasemi# {GOLD: >*} | *#pərəˈesimj# | *#pərəˈesimj# {GOLD: #pərˈesimj#}
957    | #roɡˈaː# | *#roɡˈa# | *#rɾuɡˈa# {GOLD: >*} | *#ruɡˈa# | *#ruɡˈa# {GOLD: #ruɡˈa#}
958    | #roɡaːtiˈoːnem# | *#roɡakʲˈone# | *#rɾuɡət͡ʃˈune# {GOLD: >*} | *#ruɡət͡ʃˈune# | *#ruɡət͡ʃˈune# {GOLD: #ruɡət͡ʃˈune#}
959    | #pˈaskʰa# | *#pˈaska# | *#pˈaskə# {GOLD: >*} | *#pˈaskə# | *#pˈaskə# {GOLD: #pˈaskə#}
960    | #pˈaskʰae̯# | *#pˈaskʲɛ# | *#pˈaʃte# {GOLD: >*} | *#pˈaʃte# | *#pˈaʃte# {GOLD: #pˈaʃte#}
961    | #serwˈaː# | *#serbˈa# | *#serbˈa# {GOLD: >*} | *#serbˈa# | *#serbˈa# {GOLD: #serbˈa#}
962    | #kommandˈaː# | *#kommandˈa# | *#kuməndˈa# {GOLD: >*} | *#kumɨndˈa# | *#kumɨndˈa# {GOLD: #kumɨndˈa#}
963    | #monumˈentum# | *#monmˈɛntu# | *#monmˈentu# {GOLD: >*} | *#monmˈɨnt# | *#monmˈɨnt# {GOLD: #mormˈɨnt#}
964    | #inkantˈaː# | *#enkantˈa# | *#ənkəntˈa# {GOLD: >*} | *#ɨnkɨntˈa# | *#ɨnkɨntˈa# {GOLD: #ɨnkɨntˈa#}
965    | #tˈemplam# | *#tˈɛmpla# | *#tˈemplə# {GOLD: >*} | *#tˈimplə# | *#tˈimplə# {GOLD: #tˈɨmplə#}
966    | #kantˈaː# | *#kantˈa# | *#kəntˈa# {GOLD: >*} | *#kɨntˈa# | *#kɨntˈa# {GOLD: #kɨntˈa#}
967    | #kʰˈartam# | *#kˈarta# | *#kˈartə# {GOLD: >*} | *#kˈartə# | *#kˈartə# {GOLD: #kˈarte#}
968    | #skrˈiːbe# | *#skrˈije# | *#skɾˈije# {GOLD: >*} | *#skrˈie# | *#skrˈie# {GOLD: #skrˈie#}
969    | #skriːptˈuːram# | *#skriptˈura# | *#skɾiptˈuɾə# {GOLD: >*} | *#skriptˈurə# | *#skriptˈurə# {GOLD: #skriptˈurə#}
970    | #buːkinˈaː# | *#bukʲenˈa# | *#but͡ʃinˈa# {GOLD: >*} | *#but͡ʃinˈa# | *#but͡ʃinˈa# {GOLD: #but͡ʃinˈa#}
971    | #bˈuːkinum# | *#bˈukʲenu# | *#bˈut͡ʃenu# {GOLD: >*} | *#bˈut͡ʃin# | *#bˈut͡ʃin# {GOLD: #bˈut͡ʃin#}
972    | #kˈantikum# | *#kˈanteku# | *#kˈənteku# {GOLD: >*} | *#kˈɨntek# | *#kˈɨntek# {GOLD: #kˈɨntek#}
973    | #kʰˈordam# | *#kˈorda# | *#ko̯ˈardə# {GOLD: >*} | *#ko̯ˈardə# | *#ko̯ˈardə# {GOLD: #ko̯ˈardə#}
974    | #kˈitʰaram# | *#kʲˈetara# | *#t͡ʃe̯ˈatəɾə# {GOLD: >*} | *#t͡ʃe̯ˈatərə# | *#t͡ʃe̯ˈatərə# {GOLD: #t͡ʃˈeterə#}
975    | #sˌiːbˌulˈaː# | *#sijelˈa# | *#ʃijeɾˈa# {GOLD: >*} | *#ʃjerˈa# | *#ʃjerˈa# {GOLD: #ʃujerˈa#}
976    | #sonˈaː# | *#sonˈa# | *#sunˈa# {GOLD: >*} | *#sunˈa# | *#sunˈa# {GOLD: #sunˈa#}
977    | #sˈonum# | *#sˈonu# | *#sˈunu# {GOLD: >*} | *#sˈun# | *#sˈun# {GOLD: #sˈun#}
978    | #sˈonitum# | *#sˈonetu# | *#sˈunetu# {GOLD: >*} | *#sˈunet# | *#sˈunet# {GOLD: #sˈunet#}
979    | #wˈersum# | *#vˈɛrsu# | *#vjˈersu# {GOLD: >*} | *#vjˈers# | *#vjˈers# {GOLD: #vjˈers#}
980    | #jokˈaː# | *#ɡʲokˈa# | *#d͡ʒukˈa# {GOLD: >*} | *#ʒukˈa# | *#ʒukˈa# {GOLD: #ʒukˈa#}
981    | #jˈokum# | *#ɡʲˈoku# | *#d͡ʒˈoku# {GOLD: >*} | *#ʒˈok# | *#ʒˈok# {GOLD: #ʒˈok#}
982    | #pertraːjˈike# | *#petrˈɛkʲe# | *#petɾe̯ˈat͡ʃe# {GOLD: >*} | *#petrˈet͡ʃe# | *#petrˈet͡ʃe# {GOLD: #petrˈet͡ʃe#}
983    | #kaːnˈuːtum# | *#kanˈutu# | *#kənˈutu# {GOLD: >*} | *#kərˈunt# | *#kərˈunt# {GOLD: #kərˈunt#}
984    | #ɡˈalbinum# | *#ɡˈalbenu# | *#ɡˈalbenu# {GOLD: >*} | *#ɡˈalben# | *#ɡˈalben# {GOLD: #ɡˈalben#}
985    | #mˈerum# | *#mˈɛru# | *#mjˈeɾu# {GOLD: >*} | *#mjˈer# | *#mjˈer# {GOLD: #mjˈer#}
986    | #rˈoseum# | *#rˈosju# | *#rɾˈoʃu# {GOLD: >*} | *#rˈoʃ# | *#rˈoʃ# {GOLD: #rˈoʃ#}
987    | #rˈussum# | *#rˈusu# | *#rɾˈusu# {GOLD: >*} | *#rˈus# | *#rˈus# {GOLD: #rˈus#}
988    | #wˈenetum# | *#vˈɛnetu# | *#vˈənetu# {GOLD: >*} | *#vˈɨnət# | *#vˈɨnət# {GOLD: #vˈɨnət#}
989    | #wirɡˈaːtum# | *#verɡˈatu# | *#verɡˈatu# {GOLD: >*} | *#vərɡˈat# | *#vərɡˈat# {GOLD: #vərɡˈat#}
990    | #dˈulke# | *#dˈulkʲe# | *#dˈult͡ʃe# {GOLD: >*} | *#dˈult͡ʃe# | *#dˈult͡ʃe# {GOLD: #dˈult͡ʃe#}
991    | #dulkˈorem# | *#dulkˈore# | *#dulko̯ˈaɾe# {GOLD: >*} | *#dulko̯ˈare# | *#dulko̯ˈare# {GOLD: #dulko̯ˈare#}
992    | #puːtˈoːrem# | *#putˈore# | *#puto̯ˈaɾe# {GOLD: >*} | *#puto̯ˈare# | *#puto̯ˈare# {GOLD: #puto̯ˈare#}
993    | #pˈutridum# | *#pˈutredu# | *#pˈutɾedu# {GOLD: >*} | *#pˈutred# | *#pˈutred# {GOLD: #pˈutred#}
994    | #kaldˈoːrem# | *#kaldˈore# | *#kəldo̯ˈaɾe# {GOLD: >*} | *#kəldo̯ˈare# | *#kəldo̯ˈare# {GOLD: #kəldˈurə#}
995    | #kˈalidum# | *#kˈaldu# | *#kˈaldu# {GOLD: >*} | *#kˈald# | *#kˈald# {GOLD: #kˈald#}
996    | #fˈerwe# | *#fˈɛrbe# | *#fje̯ˈarbe# {GOLD: #fje̯ˈarbe#} | *#fjˈerbe# | *#fjˈerbe# {GOLD: #fjˈerbe#}
997    | #rˈekeːns# | *#rˈɛkʲe# | *#rɾe̯ˈat͡ʃe# {GOLD: >*} | *#rˈet͡ʃe# | *#rˈet͡ʃe# {GOLD: #rˈet͡ʃe#}
998    | #rˌekˈoːrem# | *#rekˈore# | *#rɾeko̯ˈaɾe# {GOLD: >*} | *#rəko̯ˈare# | *#rəko̯ˈare# {GOLD: #rəko̯ˈare#}
999    | #ˈaːrde# | *#ˈarde# | *#ˈarde# {GOLD: #ˈarde#} | *#ˈarde# | *#ˈarde# {GOLD: #ˈarde#}
1000   | #kinˈusiam# | *#kʲenˈusja# | *#t͡ʃenˈuʃə# {GOLD: >*} | *#t͡ʃenˈuʃə# | *#t͡ʃenˈuʃə# {GOLD: #t͡ʃenˈuʃə#}
1001   | #fˈakulam# | *#fˈakula# | *#fˈakuɾə# {GOLD: >*} | *#fˈakurə# | *#fˈakurə# {GOLD: #flˈakərə#}
1002   | #flˈammam# | *#flˈamma# | *#flˈamə# {GOLD: >*} | *#flˈamə# | *#flˈamə# {GOLD: #flˈamə#}
1003   | #fˈokum# | *#fˈoku# | *#fˈoku# {GOLD: >*} | *#fˈok# | *#fˈok# {GOLD: #fˈok#}
1004   | #fuːlˈiːɡinem# | *#fulˈiɡʲene# | *#fuɾˈid͡ʒene# {GOLD: >*} | *#funˈind͡ʒine# | *#funˈind͡ʒine# {GOLD: #funˈind͡ʒine#}
1005   | #fˈuːmum# | *#fˈumu# | *#fˈumu# {GOLD: >*} | *#fˈum# | *#fˈum# {GOLD: #fˈum#}
1006   | #inkˈende# | *#enkʲˈɛnde# | *#ənt͡ʃˈende# {GOLD: >*} | *#ɨnt͡ʃˈinde# | *#ɨnt͡ʃˈinde# {GOLD: #ɨnt͡ʃˈinde#}
1007   | #stˈinɡwe# | *#stˈenɡʲe# | *#stˈend͡ʒe# {GOLD: >*} | *#stˈind͡ʒe# | *#stˈind͡ʒe# {GOLD: #stˈind͡ʒe#}
1008   | #tiːtiˈoːnem# | *#tikʲˈone# | *#tet͡ʃˈune# {GOLD: >*} | *#tet͡ʃˈune# | *#tet͡ʃˈune# {GOLD: #tət͡ʃˈune#}
1009   | #ˌaddˌeːˈante# | *#adˈente# | *#adˈente# {GOLD: >*} | *#adˈinte# | *#adˈinte# {GOLD: #adˈinte#}
1010   | #ˌadhˈikke# | *#ajˈekʲe# | *#aje̯ˈat͡ʃe# {GOLD: >*} | *#aˈet͡ʃe# | *#aˈet͡ʃe# {GOLD: #aˈit͡ʃj#}
1011   | #ˌadmˌo# | *#ammo# | *#amu# {GOLD: >*} | *#am# | *#am# {GOLD: #amu#}
1012   | #ˌadfˈoraːs# | *#afˈora# | *#afo̯ˈaɾə# {GOLD: >*} | *#afo̯ˈarə# | *#afo̯ˈarə# {GOLD: #afˈarə#}
1013   | #ˌaliˈoːreːs# | *#aljˈore# | *#aʎo̯ˈaɾe# {GOLD: >*} | *#ajo̯ˈare# | *#ajo̯ˈare# {GOLD: #ajˈure#}
1014   | #kˈontraː# | *#kˈotra# | *#ko̯ˈatɾə# {GOLD: >*} | *#ko̯ˈatrə# | *#ko̯ˈatrə# {GOLD: #kˈətre#}
1015   | #kurrˈendum# | *#kurrˈɛndu# | *#kurɾˈendu# {GOLD: >*} | *#kurˈɨnd# | *#kurˈɨnd# {GOLD: #kurˈɨnd#}
1016   | #dˌeːˌekkeˈinde# | *#dekʲˈende# | *#det͡ʃˈende# {GOLD: >*} | *#det͡ʃˈinde# | *#det͡ʃˈinde# {GOLD: #det͡ʃˈinde#}
1017   | #ˌaddˌeːˌinˈillahoːram# | *#adenˈellara# | *#adine̯ˈawɾə# {GOLD: >*} | *#adine̯ˈawrə# | *#adine̯ˈawrə# {GOLD: #adine̯ˈawrj#}
1018   | #dˌeːpˈarte# | *#depˈarte# | *#depˈarte# {GOLD: >*} | *#depˈarte# | *#depˈarte# {GOLD: #depˈarte#}
1019   | #dˈeːpost# | *#dˈepo# | *#dˈepu# {GOLD: >*} | *#dˈep# | *#dˈep# {GOLD: #dˈupə#}
1020   | #ˌekkehˈikke# | *#akʲˈikʲe# | *#at͡ʃˈit͡ʃe# {GOLD: >*} | *#at͡ʃˈit͡ʃe# | *#at͡ʃˈit͡ʃe# {GOLD: #at͡ʃˈit͡ʃe#}
1021   | #ˌekkumhˈakke# | *#akumˈakʲe# | *#ako̯ˈat͡ʃe# {GOLD: >*} | *#ako̯ˈat͡ʃe# | *#ako̯ˈat͡ʃe# {GOLD: #ako̯ˈat͡ʃe#}
1022   | #ˌekkumˈillok# | *#akumˈello# | *#akoˈelu# {GOLD: >*} | *#akoˈel# | *#akoˈel# {GOLD: #akˈolo#}
1023   | #ˌekkˈummˌo# | *#akˈummo# | *#akˈumu# {GOLD: >*} | *#akˈum# | *#akˈum# {GOLD: #akˈum#}
1024   | #hˈaːkdˈieː# | *#ˈadʲe# | *#ˈad͡ze# {GOLD: >*} | *#ˈaze# | *#ˈaze# {GOLD: #ˈazj#}
1025   | #illˈaːk# | *#ellˈa# | *#elˈa# {GOLD: >*} | *#lˈa# | *#lˈa# {GOLD: #lˈa#}
1026   | #ˈin# | *#ˈin# | *#ˈən# {GOLD: >*} | *#ˈɨn# | *#ˈɨn# {GOLD: #ˈɨn#}
1027   | #ˌinˌabˈinte# | *#enavˈente# | *#ənəvˈente# {GOLD: >*} | *#ɨnəvˈinte# | *#ɨnəvˈinte# {GOLD: #ɨnaˈinte#}
1028   | #ˌinˌadˈintroː# | *#enadˈentro# | *#ənədˈentɾu# {GOLD: >*} | *#ɨnədˈintru# | *#ɨnədˈintru# {GOLD: #ɨnəˈuntru#}
1029   | #ˌinˌadpˈost# | *#enapˈoj# | *#ənəpˈoj# {GOLD: >*} | *#ɨnəpˈoj# | *#ɨnəpˈoj# {GOLD: #ɨnapˈoj#}
1030   | #ˌinkˈontraː# | *#enkˈotra# | *#ənko̯ˈatɾə# {GOLD: >*} | *#ɨnko̯ˈatrə# | *#ɨnko̯ˈatrə# {GOLD: #ɨnkˈotro#}
1031   | #ˌindˈeretro# | *#endˈɛret# | *#inde̯ˈaɾet# {GOLD: >*} | *#indˈeret# | *#indˈeret# {GOLD: #ɨndˈərət#}
1032   | #ˈintro# | *#ˈentro# | *#ˈəntɾu# {GOLD: >*} | *#ˈɨntru# | *#ˈɨntru# {GOLD: #ˈɨntru#}
1033   | #lˈonɡumad# | *#lˈonɡuma# | *#lˈunɡo̯ə# {GOLD: >*} | *#lˈunɡo̯ə# | *#lˈunɡo̯ə# {GOLD: #lˈɨnɡə#}
1034   | #nˈowum# | *#nˈou# | *#nˈow# {GOLD: >*} | *#nˈow# | *#nˈow# {GOLD: #nˈow#}
1035   | #pˌerˈinter# | *#prˈentre# | *#pɾˈentɾe# {GOLD: >*} | *#prˈintre# | *#prˈintre# {GOLD: #prˈintre#}
1036   | #pˌerˈintroː# | *#prˈentro# | *#pɾˈentɾu# {GOLD: >*} | *#prˈintru# | *#prˈintru# {GOLD: #prˈintru#}
1037   | #pˈost# | *#pˈoj# | *#pˈoj# {GOLD: >*} | *#pˈoj# | *#pˈoj# {GOLD: #pˈoj#}
1038   | #stˈaːnkum# | *#stˈanku# | *#stˈənku# {GOLD: >*} | *#stˈɨnk# | *#stˈɨnk# {GOLD: #stˈɨnɡ#}
1039   | #sˈubtus# | *#sˈubtu# | *#sˈubtu# {GOLD: >*} | *#sˈub# | *#sˈub# {GOLD: #sˈub#}
1040   | #sˈuper# | *#sprˈɛ# | *#spɾˈe# {GOLD: >*} | *#sprˈe# | *#sprˈe# {GOLD: #sprˈe#}
1041   | #sˈuːrsum# | *#sˈusu# | *#sˈusu# {GOLD: >*} | *#sˈus# | *#sˈus# {GOLD: #sˈus#}
1042   | #tardˈiːwum# | *#tardˈiu# | *#tərd͡zˈiw# {GOLD: >*} | *#tɨrzˈiw# | *#tɨrzˈiw# {GOLD: #tɨrzˈiw#}
1043   | #temporˈiːwum# | *#temporˈiu# | *#tempuɾˈiw# {GOLD: >*} | *#timpurˈiw# | *#timpurˈiw# {GOLD: #timpurˈiw#}
1044   | #ˈumkwam# | *#ˈunka# | *#ˈunkə# {GOLD: >*} | *#ˈunkə# | *#ˈunkə# {GOLD: #ˈɨnkə#}
1045   | #ˈunde# | *#ˈunde# | *#ˈunde# {GOLD: >*} | *#ˈunde# | *#ˈunde# {GOLD: #ˈunde#}
1046   | #wˈetulum# | *#vˈɛklu# | *#vjˈekʎu# {GOLD: >*} | *#vˈekj# | *#vˈekj# {GOLD: #vˈekj#}
1047   | #wiːkˈiːnum# | *#vikʲˈinu# | *#vet͡ʃˈinu# {GOLD: >*} | *#vet͡ʃˈin# | *#vet͡ʃˈin# {GOLD: #vet͡ʃˈin#}
1048   | #ˌabbˈatte# | *#abˈate# | *#abˈate# {GOLD: >*} | *#abˈate# | *#abˈate# {GOLD: #abˈate#}
1049   | #ˌadkellˈaː# | *#akʲellˈa# | *#at͡ʃelˈa# {GOLD: >*} | *#at͡ʃelˈa# | *#at͡ʃelˈa# {GOLD: #at͡ʃuˈa#}
1050   | #allarɡˈaː# | *#allarɡˈa# | *#alərɡˈa# {GOLD: >*} | *#alərɡˈa# | *#alərɡˈa# {GOLD: #alerɡˈa#}
1051   | #adpropiˈaː# | *#apropjˈa# | *#apɾopjˈa# {GOLD: #apɾopjˈa#} | *#apropjˈa# | *#apropjˈa# {GOLD: #apropjˈa#}
1052   | #ˌadprˈopioː# | *#aprˈopjo# | *#apɾˈopju# {GOLD: #apɾˈopju#} | *#aprˈop# | *#aprˈop# {GOLD: #aprˈopij#}
1053   | #ˌadprˈopiat# | *#aprˈopja# | *#apɾo̯ˈapjə# {GOLD: #apɾˈopje#} | *#apro̯ˈapje# | *#apro̯ˈapje# {GOLD: #aprˈopje#}
1054   | #ˌassˈedioː# | *#asˈɛdʲo# | *#aʃˈed͡zu# {GOLD: #aʃˈed͡zu#} | *#aʃˈez# | *#aʃˈez# {GOLD: #aʃˈez#}
1055   | #ˌassˈediat# | *#asˈɛdʲa# | *#aʃe̯ˈad͡zə# {GOLD: #aʃe̯ˈad͡zə#} | *#aʃˈazə# | *#aʃˈazə# {GOLD: #aʃˈazə#}
1056   | #kadˈeː# | *#kadˈe# | *#kəde̯ˈa# {GOLD: >*} | *#kəde̯ˈa# | *#kəde̯ˈa# {GOLD: #kəde̯ˈa#}
1057   | #kalkˈaː# | *#kalkˈa# | *#kəlkˈa# {GOLD: >*} | *#kəlkˈa# | *#kəlkˈa# {GOLD: #kəlkˈa#}
1058   | #kˌollokˈaː# | *#kollokˈa# | *#kulukˈa# {GOLD: #kulkˈa#} | *#kulukˈa# | *#kulukˈa# {GOLD: #kulkˈa#}
1059   | #eːraːdiːkˈaː# | *#eradikˈa# | *#eɾədikˈa# {GOLD: >*} | *#rədikˈa# | *#rədikˈa# {GOLD: #ridikˈa#}
1060   | #erraːtikˈiː# | *#erratekʲˈi# | *#erɾətet͡ʃˈi# {GOLD: >*} | *#rətət͡ʃˈi# | *#rətət͡ʃˈi# {GOLD: #rətət͡ʃˈi#}
1061   | #eːrunkˈaː# | *#arunkˈa# | *#aɾunkˈa# {GOLD: >*} | *#arunkˈa# | *#arunkˈa# {GOLD: #arunkˈa#}
1062   | #fˈuɡam# | *#fˈuɡa# | *#fˈuɡə# {GOLD: >*} | *#fˈuɡə# | *#fˈuɡə# {GOLD: #fˈuɡə#}
1063   | #fuɡˈiː# | *#fuɡʲˈi# | *#fud͡ʒˈi# {GOLD: >*} | *#fud͡ʒˈi# | *#fud͡ʒˈi# {GOLD: #fud͡ʒˈi#}
1064   | #intrˈaː# | *#entrˈa# | *#əntɾˈa# {GOLD: >*} | *#ɨntrˈa# | *#ɨntrˈa# {GOLD: #ɨntrˈa#}
1065   | #luːbrikˈaː# | *#luwrekˈa# | *#luɾekˈa# {GOLD: >*} | *#lurekˈa# | *#lurekˈa# {GOLD: #lunekˈa#}
1066   | #mˈerɡe# | *#mˈɛrɡʲe# | *#mje̯ˈard͡ʒe# {GOLD: >*} | *#mˈerd͡ʒe# | *#mˈerd͡ʒe# {GOLD: #mˈerd͡ʒe#}
1067   | #perambulˈaː# | *#prambulˈa# | *#pɾəmbuɾˈa# {GOLD: #preˈumbla#} | *#prɨmburˈa# | *#prɨmburˈa# {GOLD: #plimbˈa#}
1068   | #plikˈaː# | *#plekˈa# | *#plekˈa# {GOLD: >*} | *#plekˈa# | *#plekˈa# {GOLD: #plekˈa#}
1069   | #proːkˈeːde# | *#prokʲˈede# | *#pɾut͡ʃe̯ˈade# {GOLD: >*} | *#prut͡ʃˈede# | *#prut͡ʃˈede# {GOLD: #purt͡ʃˈede#}
1070   | #salˈiː# | *#salˈi# | *#səɾˈi# {GOLD: >*} | *#sərˈi# | *#sərˈi# {GOLD: #sərˈi#}
1071   | #saltˈaː# | *#saltˈa# | *#səltˈa# {GOLD: >*} | *#səltˈa# | *#səltˈa# {GOLD: #səltˈa#}
1072   | #sˈedet# | *#sˈɛde# | *#ʃe̯ˈade# {GOLD: #ʃe̯ˈade#} | *#ʃˈade# | *#ʃˈade# {GOLD: #ʃˈede#}
1073   | #stˈaː# | *#stˈa# | *#stˈa# {GOLD: >*} | *#stˈa# | *#stˈa# {GOLD: #stˈa#}
1074   | #subˈiː# | *#suˈi# | *#suˈi# {GOLD: >*} | *#suˈi# | *#suˈi# {GOLD: #suˈi#}
1075   | #tenˈeː# | *#tenˈe# | *#t͡sine̯ˈa# {GOLD: >*} | *#t͡sine̯ˈa# | *#t͡sine̯ˈa# {GOLD: #t͡sine̯ˈa#}
1076   | #traːjˈike# | *#trˈɛkʲe# | *#tɾe̯ˈat͡ʃe# {GOLD: >*} | *#trˈet͡ʃe# | *#trˈet͡ʃe# {GOLD: #trˈet͡ʃe#}
1077   | #wenˈiː# | *#venˈi# | *#venˈi# {GOLD: >*} | *#venˈi# | *#venˈi# {GOLD: #venˈi#}
1078   | #ˌadreːktˈaː# | *#arreptˈa# | *#arɾeptˈa# {GOLD: >*} | *#arəptˈa# | *#arəptˈa# {GOLD: #arətˈa#}
1079   | #attˈinɡe# | *#atˈenɡʲe# | *#atˈend͡ʒe# {GOLD: >*} | *#atˈind͡ʒe# | *#atˈind͡ʒe# {GOLD: #atˈind͡ʒe#}
1080   | #bˈattue# | *#bˈate# | *#bˈate# {GOLD: >*} | *#bˈate# | *#bˈate# {GOLD: #bˈate#}
1081   | #awkupˈaː# | *#apukˈa# | *#apukˈa# {GOLD: >*} | *#apukˈa# | *#apukˈa# {GOLD: #apukˈa#}
1082   | #kˌomprˈende# | *#koprˈɛnde# | *#kupɾˈende# {GOLD: >*} | *#kuprˈinde# | *#kuprˈinde# {GOLD: #kuprˈinde#}
1083   | #dˈaː# | *#dˈa# | *#dˈa# {GOLD: >*} | *#dˈa# | *#dˈa# {GOLD: #dˈa#}
1084   | #eksbˈattue# | *#zbˈate# | *#zbˈate# {GOLD: >*} | *#zbˈate# | *#zbˈate# {GOLD: #zbˈate#}
1085   | #ekskˈute# | *#skˈute# | *#skˈute# {GOLD: >*} | *#skˈute# | *#skˈute# {GOLD: #sko̯ˈate#}
1086   | #frikˈaː# | *#frekˈa# | *#fɾekˈa# {GOLD: >*} | *#frekˈa# | *#frekˈa# {GOLD: #frekˈa#}
1087   | #frikaːtˈuːram# | *#frekatˈura# | *#fɾekətˈuɾə# {GOLD: >*} | *#frekətˈurə# | *#frekətˈurə# {GOLD: #frekətˈurə#}
1088   | #ˌinɡannˈaː# | *#enɡannˈa# | *#ənɡənnˈa# {GOLD: >*} | *#ɨnɡɨnˈa# | *#ɨnɡɨnˈa# {GOLD: #ɨnɡɨnˈa#}
1089   | #pˈoːne# | *#pˈone# | *#pˈune# {GOLD: >*} | *#pˈune# | *#pˈune# {GOLD: #pˈune#}
1090   | #rˈumpe# | *#rˈumpe# | *#rɾˈumpe# {GOLD: >*} | *#rˈumpe# | *#rˈumpe# {GOLD: #rˈupe#}
1091   | #skarpinˈaː# | *#skarpenˈa# | *#skərpinˈa# {GOLD: >*} | *#skərpinˈa# | *#skərpinˈa# {GOLD: #skərpinˈa#}
1092   | #spˈarɡe# | *#spˈarɡʲe# | *#spˈard͡ʒe# {GOLD: >*} | *#spˈard͡ʒe# | *#spˈard͡ʒe# {GOLD: #spˈard͡ʒe#}
1093   | #strˈinɡe# | *#strˈenɡʲe# | *#stɾˈend͡ʒe# {GOLD: >*} | *#strˈind͡ʒe# | *#strˈind͡ʒe# {GOLD: #strˈɨnd͡ʒe#}
1094   | #okkaːsionˈaː# | *#okasjonˈa# | *#ukəʃunˈa# {GOLD: >*} | *#kəʃunˈa# | *#kəʃunˈa# {GOLD: #kəʃunˈa#}
1095   | #sˈortem# | *#sˈorte# | *#so̯ˈarte# {GOLD: >*} | *#so̯ˈarte# | *#so̯ˈarte# {GOLD: #so̯ˈarte#}
1096   | #ˌadwˈiks# | *#abˈij# | *#abˈij# {GOLD: >*} | *#abˈi# | *#abˈi# {GOLD: #abˈi#}
1097   | #bˈonum# | *#bˈonu# | *#bˈunu# {GOLD: >*} | *#bˈun# | *#bˈun# {GOLD: #bˈun#}
1098   | #kˈatam# | *#kˈata# | *#kˈatə# {GOLD: >*} | *#kˈatə# | *#kˈatə# {GOLD: #kˈate#}
1099   | #kˈum# | *#kˈu# | *#kˈu# {GOLD: >*} | *#kˈu# | *#kˈu# {GOLD: #kˈu#}
1100   | #fˈoraːs# | *#fˈora# | *#fo̯ˈaɾə# {GOLD: >*} | *#fo̯ˈarə# | *#fo̯ˈarə# {GOLD: #fˈərə#}
1101   | #inkˈipe# | *#enkʲˈepe# | *#ənt͡ʃe̯ˈape# {GOLD: >*} | *#ɨnt͡ʃˈepe# | *#ɨnt͡ʃˈepe# {GOLD: #ɨnt͡ʃˈepe#}
1102   | #potˈeː# | *#potˈe# | *#pute̯ˈa# {GOLD: >*} | *#pute̯ˈa# | *#pute̯ˈa# {GOLD: #pute̯ˈa#}
1103   | #kwˈaːlem# | *#kˈale# | *#kˈaɾe# {GOLD: >*} | *#kˈare# | *#kˈare# {GOLD: #kˈare#}
1104   | #kwˈam# | *#kˈa# | *#kˈa# {GOLD: >*} | *#kˈa# | *#kˈa# {GOLD: #kˈa#}
1105   | #kwˈoːmoːdo# | *#kˈomodo# | *#kˈomudu# {GOLD: >*} | *#kˈomud# | *#kˈomud# {GOLD: #kˈum#}
1106   | #rˈeum# | *#rˈɛw̥# | *#rɾˈew̥# {GOLD: >*} | *#rˈəw# | *#rˈəw# {GOLD: #rˈəw#}
1107   | #sˈiːk# | *#sˈi# | *#ʃˈi# {GOLD: >*} | *#ʃˈi# | *#ʃˈi# {GOLD: #ʃˈi#}
1108   | #seːminˈaː# | *#semenˈa# | *#semənˈa# {GOLD: >*} | *#semɨnˈa# | *#semɨnˈa# {GOLD: #semənˈa#}
1109   | #sˈimilem# | *#sˈemele# | *#se̯ˈameɾe# {GOLD: >*} | *#sˈemene# | *#sˈemene# {GOLD: #se̯ˈamən#}
1110   | #abskˈonde# | *#askˈonde# | *#askˈunde# {GOLD: >*} | *#askˈunde# | *#askˈunde# {GOLD: #askˈunde#}
1111   | #ˌadmˌikstikˈaː# | *#ammestekˈa# | *#amestekˈa# {GOLD: >*} | *#amestekˈa# | *#amestekˈa# {GOLD: #amestekˈa#}
1112   | #astˈerne# | *#astˈɛrne# | *#aʃte̯ˈaɾne# {GOLD: >*} | *#aʃtˈerne# | *#aʃtˈerne# {GOLD: #aʃtˈerne#}
1113   | #alliɡˈaː# | *#alleɡˈa# | *#aleɡˈa# {GOLD: >*} | *#aleɡˈa# | *#aleɡˈa# {GOLD: #aleɡˈa#}
1114   | #ˌastruikˈaː# | *#astrujkˈa# | *#astɾujkˈa# {GOLD: >*} | *#astrujkˈa# | *#astrujkˈa# {GOLD: #astrukˈa#}
1115   | #kawtˈaː# | *#kawtˈa# | *#kəwtˈa# {GOLD: >*} | *#kəwtˈa# | *#kəwtˈa# {GOLD: #kəwtˈa#}
1116   | #kooperˈiː# | *#koperˈi# | *#kopeɾˈi# {GOLD: >*} | *#koperˈi# | *#koperˈi# {GOLD: #koperˈi#}
1117   | #krepˈaː# | *#krepˈa# | *#kɾepˈa# {GOLD: >*} | *#krepˈa# | *#krepˈa# {GOLD: #krəpˈa#}
1118   | #kuːrˈaː# | *#kurˈa# | *#kuɾˈa# {GOLD: >*} | *#kurˈa# | *#kurˈa# {GOLD: #kurˈa#}
1119   | #deːspikˈaː# | *#despekˈa# | *#despekˈa# {GOLD: >*} | *#despekˈa# | *#despekˈa# {GOLD: #despikˈa#}
1120   | #dˈiːriɡe# | *#drˈiɡʲe# | *#dɾˈid͡ʒe# {GOLD: >*} | *#drˈid͡ʒe# | *#drˈid͡ʒe# {GOLD: #drˈed͡ʒe#}
1121   | #diskoperˈiː# | *#deskoperˈi# | *#deskopeɾˈi# {GOLD: >*} | *#deskoperˈi# | *#deskoperˈi# {GOLD: #deskoperˈi#}
1122   | #ekskurtˈaː# | *#skurtˈa# | *#skurtˈa# {GOLD: >*} | *#skurtˈa# | *#skurtˈa# {GOLD: #skurtˈa#}
1123   | #ekspulwerˈaː# | *#spulberˈa# | *#spulbeɾˈa# {GOLD: >*} | *#spulberˈa# | *#spulberˈa# {GOLD: #spulberˈa#}
1124   | #ekstˈerɡe# | *#stˈɛrɡʲe# | *#ʃte̯ˈard͡ʒe# {GOLD: >*} | *#ʃtˈerd͡ʒe# | *#ʃtˈerd͡ʒe# {GOLD: #ʃtˈerd͡ʒe#}
1125   | #ekstˈorkwe# | *#stˈorkʲe# | *#sto̯ˈart͡ʃe# {GOLD: >*} | *#sto̯ˈart͡ʃe# | *#sto̯ˈart͡ʃe# {GOLD: #sto̯ˈart͡ʃe#}
1126   | #ekstrakolˈaː# | *#strakolˈa# | *#stɾəkuɾˈa# {GOLD: >*} | *#strəkurˈa# | *#strəkurˈa# {GOLD: #strekurˈa#}
1127   | #ekstrikˈaː# | *#strekˈa# | *#stɾekˈa# {GOLD: >*} | *#strikˈa# | *#strikˈa# {GOLD: #strikˈa#}
1128   | #fˈake# | *#fˈakʲe# | *#fˈat͡ʃe# {GOLD: >*} | *#fˈat͡ʃe# | *#fˈat͡ʃe# {GOLD: #fˈat͡ʃe#}
1129   | #frˈanɡe# | *#frˈanɡʲe# | *#fɾˈənd͡ʒe# {GOLD: >*} | *#frˈɨnd͡ʒe# | *#frˈɨnd͡ʒe# {GOLD: #frˈɨnd͡ʒe#}
1130   | #imbinˈaː# | *#embenˈa# | *#əmbinˈa# {GOLD: >*} | *#ɨmbinˈa# | *#ɨmbinˈa# {GOLD: #ɨmbinˈa#}
1131   | #impartˈiː# | *#empartˈi# | *#əmpərt͡sˈi# {GOLD: >*} | *#ɨmpɨrt͡sˈi# | *#ɨmpɨrt͡sˈi# {GOLD: #ɨmpərt͡sˈi#}
1132   | #impˈinɡe# | *#empˈenɡʲe# | *#əmpˈend͡ʒe# {GOLD: >*} | *#ɨmpˈind͡ʒe# | *#ɨmpˈind͡ʒe# {GOLD: #ɨmpˈind͡ʒe#}
1133   | #implantˈaː# | *#emplantˈa# | *#əmpləntˈa# {GOLD: >*} | *#ɨmplɨntˈa# | *#ɨmplɨntˈa# {GOLD: #ɨmplɨntˈa#}
1134   | #ˈumple# | *#ˈumple# | *#ˈumple# {GOLD: >*} | *#ˈumple# | *#ˈumple# {GOLD: #ˈumple#}
1135   | #impˈunɡe# | *#empˈunɡʲe# | *#əmpˈund͡ʒe# {GOLD: >*} | *#ɨmpˈund͡ʒe# | *#ɨmpˈund͡ʒe# {GOLD: #ɨmpˈund͡ʒe#}
1136   | #ˌinkirkˈaː# | *#enkʲerkˈa# | *#ənt͡ʃerkˈa# {GOLD: >*} | *#ɨnt͡ʃerkˈa# | *#ɨnt͡ʃerkˈa# {GOLD: #ɨnt͡ʃerkˈa#}
1137   | #ˌinklaːwˈaː# | *#enklaˈa# | *#ənkʎˈa# {GOLD: >*} | *#ɨnkjˈa# | *#ɨnkjˈa# {GOLD: #ɨnkjejˈa#}
1138   | #inflˈaː# | *#enflˈa# | *#ənflˈa# {GOLD: >*} | *#ɨnflˈa# | *#ɨnflˈa# {GOLD: #umflˈa#}
1139   | #intˈorkwe# | *#entˈorkʲe# | *#ənto̯ˈart͡ʃe# {GOLD: >*} | *#ɨnto̯ˈart͡ʃe# | *#ɨnto̯ˈart͡ʃe# {GOLD: #ɨnto̯ˈart͡ʃe#}
1140   | #ambiˈaː# | *#ambjˈa# | *#əmbjˈa# {GOLD: >*} | *#ɨmbjˈa# | *#ɨmbjˈa# {GOLD: #ɨmbjˈa#}
1141   | #liɡˈaː# | *#leɡˈa# | *#leɡˈa# {GOLD: >*} | *#leɡˈa# | *#leɡˈa# {GOLD: #leɡˈa#}
1142   | #molliˈaː# | *#molljˈa# | *#muʎˈa# {GOLD: >*} | *#mujˈa# | *#mujˈa# {GOLD: #mujˈa#}
1143   | #pertˈunde# | *#pertˈunde# | *#pertˈunde# {GOLD: >*} | *#pɨrtˈunde# | *#pɨrtˈunde# {GOLD: #pətrˈunde#}
1144   | #rˈade# | *#rˈade# | *#rɾˈade# {GOLD: >*} | *#rˈade# | *#rˈade# {GOLD: #rˈade#}
1145   | #rˈoːde# | *#rˈode# | *#rɾo̯ˈade# {GOLD: >*} | *#ro̯ˈade# | *#ro̯ˈade# {GOLD: #ro̯ˈade#}
1146   | #subtiliˈaː# | *#subteljˈa# | *#subteʎˈa# {GOLD: >*} | *#subtejˈa# | *#subtejˈa# {GOLD: #subt͡sjˈa#}
1147   | #taːliˈaː# | *#taljˈa# | *#təʎˈa# {GOLD: >*} | *#təjˈa# | *#təjˈa# {GOLD: #təjˈa#}
1148   | #trˈaɡe# | *#trˈaɡʲe# | *#tɾˈad͡ʒe# {GOLD: >*} | *#trˈad͡ʒe# | *#trˈad͡ʒe# {GOLD: #trˈad͡ʒe#}
1149   | #ˈunɡe# | *#ˈunɡʲe# | *#ˈund͡ʒe# {GOLD: >*} | *#ˈund͡ʒe# | *#ˈund͡ʒe# {GOLD: #ˈund͡ʒe#}
1150   | #wersˈaː# | *#versˈa# | *#versˈa# {GOLD: >*} | *#vərsˈa# | *#vərsˈa# {GOLD: #vərsˈa#}
1151   | #lukrˈaː# | *#lukrˈa# | *#lukɾˈa# {GOLD: >*} | *#lukrˈa# | *#lukrˈa# {GOLD: #lukrˈa#}
1152   | #lˈukrum# | *#lˈukru# | *#lˈukɾu# {GOLD: >*} | *#lˈukru# | *#lˈukru# {GOLD: #lˈukru#}
1153   | #maɡˈistrum# | *#majˈestru# | *#məjˈestɾu# {GOLD: >*} | *#məjˈestru# | *#məjˈestru# {GOLD: #məjˈestru#}
1154   | #ˌinkwiˈeːtum# | *#enkʲjˈetu# | *#ənt͡ʃˈetu# {GOLD: >*} | *#ɨnt͡ʃˈet# | *#ɨnt͡ʃˈet# {GOLD: #ɨnt͡ʃˈet#}
1155   | #rˈapidum# | *#rˈapedu# | *#rɾˈapedu# {GOLD: >*} | *#rˈapəd# | *#rˈapəd# {GOLD: #rˈapəd#}
1156   | #kaballaːrˈikium# | *#kallarˈetʲu# | *#kələɾˈet͡su# {GOLD: >*} | *#kələrˈet͡s# | *#kələrˈet͡s# {GOLD: #kələrˈet͡s#}
1157   | #karrˈaː# | *#karrˈa# | *#kərɾˈa# {GOLD: >*} | *#kərˈa# | *#kərˈa# {GOLD: #kərˈa#}
1158   | #diskaballikˈaː# | *#deskallekˈa# | *#deskəlekˈa# {GOLD: >*} | *#deskəlekˈa# | *#deskəlekˈa# {GOLD: #deskəlekˈa#}
1159   | #dˈuːke# | *#dˈukʲe# | *#dˈut͡ʃe# {GOLD: >*} | *#dˈut͡ʃe# | *#dˈut͡ʃe# {GOLD: #dˈut͡ʃe#}
1160   | #infreːnˈaː# | *#enfrenˈa# | *#ənfɾənˈa# {GOLD: >*} | *#ɨnfrɨnˈa# | *#ɨnfrɨnˈa# {GOLD: #ɨnfrɨnˈa#}
1161   | #mutˈaː# | *#mutˈa# | *#mutˈa# {GOLD: >*} | *#mutˈa# | *#mutˈa# {GOLD: #mutˈa#}
1162   | #portˈaː# | *#portˈa# | *#purtˈa# {GOLD: >*} | *#purtˈa# | *#purtˈa# {GOLD: #purtˈa#}
1163   | #traɡinˈaː# | *#traɡʲenˈa# | *#tɾəɡenˈa# {GOLD: >*} | *#trəɡənˈa# | *#trəɡənˈa# {GOLD: #trəɡənˈa#}
1164   | #traːmˈitte# | *#tramˈete# | *#tɾime̯ˈate# {GOLD: >*} | *#trimˈete# | *#trimˈete# {GOLD: #trimˈite#}
1165   | #bukkˈellam# | *#bukʲˈɛlla# | *#but͡ʃe̯ˈa# {GOLD: >*} | *#but͡ʃe̯ˈa# | *#but͡ʃe̯ˈa# {GOLD: #but͡ʃe̯ˈa#}
1166   | #kˈarrum# | *#kˈarru# | *#kˈarɾu# {GOLD: >*} | *#kˈar# | *#kˈar# {GOLD: #kˈar#}
1167   | #inkarrikatˈuːram# | *#enkarrkatˈura# | *#ənkərrkətˈuɾə# {GOLD: >*} | *#ɨnkərkətˈurə# | *#ɨnkərkətˈurə# {GOLD: #ɨnkərkətˈurə#}
1168   | #lˈuntrem# | *#lˈuntre# | *#lˈuntɾe# {GOLD: >*} | *#lˈuntre# | *#lˈuntre# {GOLD: #lˈuntre#}
1169   | #pˈedikam# | *#pˈɛdeka# | *#pje̯ˈadekə# {GOLD: >*} | *#pjˈedikə# | *#pjˈedikə# {GOLD: #pjˈedikə#}
1170   | #pʰˌalˈanɡa# | *#palˈanɡa# | *#pəɾˈənɡə# {GOLD: >*} | *#pərˈɨnɡə# | *#pərˈɨnɡə# {GOLD: #pərˈɨnɡə#}
1171   | #rˈotam# | *#rˈota# | *#rɾo̯ˈatə# {GOLD: >*} | *#ro̯ˈatə# | *#ro̯ˈatə# {GOLD: #ro̯ˈatə#}
1172   | #sˈarkinam# | *#sˈarkʲena# | *#sˈart͡ʃenə# {GOLD: >*} | *#sˈart͡ʃinə# | *#sˈart͡ʃinə# {GOLD: #sˈart͡ʃinə#}
1173   | #sˈellam# | *#sˈɛlla# | *#ʃe̯ˈa# {GOLD: >*} | *#ʃˈa# | *#ʃˈa# {GOLD: #ʃˈa#}
1174   | #kˈallem# | *#kˈalle# | *#kˈale# {GOLD: >*} | *#kˈale# | *#kˈale# {GOLD: #kˈale#}
1175   | #karrˈaːriam# | *#karrˈarja# | *#kərɾˈajɾe# {GOLD: >*} | *#kərˈare# | *#kərˈare# {GOLD: #kərˈare#}
1176   | #pˈontem# | *#pˈonte# | *#pˈunte# {GOLD: >*} | *#pˈunte# | *#pˈunte# {GOLD: #pˈunte#}
1177   | #ˈaroː# | *#ˈaro# | *#ˈaɾu# {GOLD: >*} | *#ˈar# | *#ˈar# {GOLD: #ˈar#}
1178   | #kˈerne# | *#kʲˈɛrne# | *#t͡ʃe̯ˈaɾne# {GOLD: >*} | *#t͡ʃˈerne# | *#t͡ʃˈerne# {GOLD: #t͡ʃˈerne#}
1179   | #kollˈiɡe# | *#kollˈeɡʲe# | *#kule̯ˈad͡ʒe# {GOLD: >*} | *#kulˈed͡ʒe# | *#kulˈed͡ʒe# {GOLD: #kulˈed͡ʒe#}
1180   | #maːkʰinˈaː# | *#makʲenˈa# | *#mət͡ʃinˈa# {GOLD: >*} | *#mət͡ʃinˈa# | *#mət͡ʃinˈa# {GOLD: #mət͡ʃinˈa#}
1181   | #piːnsˈaː# | *#pisˈa# | *#pisˈa# {GOLD: >*} | *#pisˈa# | *#pisˈa# {GOLD: #pisˈa#}
1182   | #trˌiːbulˈaː# | *#trijelˈa# | *#tɾijeɾˈa# {GOLD: #trejərˈa#} | *#trjerˈa# | *#trjerˈa# {GOLD: #trejerˈa#}
1183   | #wentulˈaː# | *#ventulˈa# | *#ventuɾˈa# {GOLD: >*} | *#vɨnturˈa# | *#vɨnturˈa# {GOLD: #vɨnturˈa#}
1184   | #mˈolam# | *#mˈola# | *#mo̯ˈaɾə# {GOLD: >*} | *#mo̯ˈarə# | *#mo̯ˈarə# {GOLD: #mo̯ˈarə#}
1185   | #pˈaːlum# | *#pˈalu# | *#pˈaɾu# {GOLD: >*} | *#pˈar# | *#pˈar# {GOLD: #pˈar#}
1186   | #sˈikilem# | *#sˈekʲele# | *#se̯ˈat͡ʃeɾe# {GOLD: >*} | *#sˈet͡ʃere# | *#sˈet͡ʃere# {GOLD: #sˈet͡ʃere#}
1187   | #ˈaːream# | *#ˈarja# | *#ˈaɾje# {GOLD: >*} | *#ˈarje# | *#ˈarje# {GOLD: #ˈarje#}
1188   | #kˈampum# | *#kˈampu# | *#kˈəmpu# {GOLD: >*} | *#kˈɨmp# | *#kˈɨmp# {GOLD: #kˈɨmp#}
1189   | #pˈorkam# | *#pˈorka# | *#po̯ˈarkə# {GOLD: #po̯ˈarkə#} | *#po̯ˈarkə# | *#po̯ˈarkə# {GOLD: #po̯ˈarkə#}
1190   | #rˈunkum# | *#rˈunku# | *#rɾˈunku# {GOLD: >*} | *#rˈunk# | *#rˈunk# {GOLD: #rˈunk#}
1191   | #seːminaːtˈuːram# | *#semenatˈura# | *#semənətˈuɾə# {GOLD: >*} | *#semɨnətˈurə# | *#semɨnətˈurə# {GOLD: #semənətˈurə#}
1192   | #tˈerram# | *#tˈɛrra# | *#t͡se̯ˈarɾə# {GOLD: >*} | *#t͡sˈarə# | *#t͡sˈarə# {GOLD: #t͡sˈarə#}
1193   | #wˈiːneam# | *#vˈinja# | *#vˈiɲe# {GOLD: >*} | *#vˈie# | *#vˈie# {GOLD: #vˈie#}
1194   | #manˈukulum# | *#manˈuklu# | *#mənˈukʎu# {GOLD: >*} | *#mənˈunkj# | *#mənˈunkj# {GOLD: #mənˈunkj#}
1195   | #sˈiram# | *#sˈera# | *#se̯ˈaɾə# {GOLD: >*} | *#se̯ˈarə# | *#se̯ˈarə# {GOLD: #ʃˈirə#}
1196   | #minˈaː# | *#menˈa# | *#mənˈa# {GOLD: >*} | *#mɨnˈa# | *#mɨnˈa# {GOLD: #mɨnˈa#}
1197   | #mˈulɡe# | *#mˈulɡʲe# | *#mˈuld͡ʒe# {GOLD: >*} | *#mˈuld͡ʒe# | *#mˈuld͡ʒe# {GOLD: #mˈuld͡ʒe#}
1198   | #pˈaːske# | *#pˈaskʲe# | *#pˈaʃte# {GOLD: >*} | *#pˈaʃte# | *#pˈaʃte# {GOLD: #pˈaʃte#}
1199   | #ˌinsˌiɡnˈaː# | *#ensemnˈa# | *#ənsemnˈa# {GOLD: >*} | *#ɨnsemnˈa# | *#ɨnsemnˈa# {GOLD: #ɨnsemnˈa#}
1200   | #tˈonde# | *#tˈonde# | *#tˈunde# {GOLD: >*} | *#tˈunde# | *#tˈunde# {GOLD: #tˈunde#}
1201   | #fˌeːnˈakeum# | *#fenˈatʲu# | *#fənˈat͡su# {GOLD: >*} | *#fɨnˈat͡s# | *#fɨnˈat͡s# {GOLD: #fɨnˈat͡s#}
1202   | #fˌeːnˈikea# | *#fenˈetʲa# | *#fəne̯ˈat͡sə# {GOLD: >*} | *#fɨne̯ˈat͡sə# | *#fɨne̯ˈat͡sə# {GOLD: #fɨne̯ˈat͡sə#}
1203   | #hiːbernˈaː# | *#jernˈa# | *#jeɾnˈa# {GOLD: >*} | *#jernˈa# | *#jernˈa# {GOLD: #jernˈa#}
1204   | #jˈuɡum# | *#ɡʲˈuɡu# | *#d͡ʒˈuɡu# {GOLD: >*} | *#ʒˈuɡ# | *#ʒˈuɡ# {GOLD: #ʒˈuɡ#}
1205   | #nˌuːtrˈikium# | *#nutrˈetʲu# | *#nutɾˈet͡su# {GOLD: >*} | *#nutrˈet͡s# | *#nutrˈet͡s# {GOLD: #nutrˈet͡s#}
1206   | #pˌastiˈoːnem# | *#pasʲˈone# | *#pəʃˈune# {GOLD: >*} | *#pəʃˈune# | *#pəʃˈune# {GOLD: #pəʃˈune#}
1207   | #sˌarkinˈaːrium# | *#sarkʲenˈarju# | *#sərt͡ʃinˈajɾu# {GOLD: >*} | *#sərt͡ʃinˈar# | *#sərt͡ʃinˈar# {GOLD: #sərt͡ʃinˈer#}
1208   | #stˈabulum# | *#stˈawlu# | *#stˈawlu# {GOLD: >*} | *#stˈawl# | *#stˈawl# {GOLD: #stˈawl#}
1209   | #stimulˈaːriam# | *#stemulˈarja# | *#stemuɾˈajɾe# {GOLD: >*} | *#stemurˈare# | *#stemurˈare# {GOLD: #strəmurˈare#}
1210   | #tˈurmam# | *#tˈurma# | *#tˈuɾmə# {GOLD: >*} | *#tˈurmə# | *#tˈurmə# {GOLD: #tˈurmə#}
1211   | #wˌakkarˈitiam# | *#vakarˈetʲa# | *#vəkəɾe̯ˈat͡sə# {GOLD: >*} | *#vəkəre̯ˈat͡sə# | *#vəkəre̯ˈat͡sə# {GOLD: #vəkəre̯ˈat͡sə#}
1212   | #bowˈaːrium# | *#bowˈarju# | *#bowˈajɾu# {GOLD: >*} | *#bowˈar# | *#bowˈar# {GOLD: #bowˈar#}
1213   | #pastˈoːrem# | *#pastˈor# | *#pəstˈor# {GOLD: >*} | *#pəstˈor# | *#pəstˈor# {GOLD: #pəstˈor#}
1214   | #pˌorkˈaːrium# | *#porkˈarju# | *#purkˈajɾu# {GOLD: #purkˈaɾu#} | *#purkˈar# | *#purkˈar# {GOLD: #porkˈar#}
1215   | #pˌorkaːrˈikia# | *#porkarˈetʲa# | *#purkəɾe̯ˈat͡sə# {GOLD: #purkəɾe̯ˈat͡sə#} | *#purkəre̯ˈat͡sə# | *#purkəre̯ˈat͡sə# {GOLD: #porkəre̯ˈat͡sə#}
1216   | #kˈaːseum# | *#kˈasju# | *#kˈaʃu# {GOLD: >*} | *#kˈaʃ# | *#kˈaʃ# {GOLD: #kˈaʃ#}
1217   | #kˈeːram# | *#kʲˈera# | *#t͡ʃe̯ˈaɾə# {GOLD: >*} | *#t͡ʃe̯ˈarə# | *#t͡ʃe̯ˈarə# {GOLD: #t͡ʃe̯ˈarə#}
1218   | #koˈaːɡulum# | *#klˈaɡu# | *#kʎˈaɡu# {GOLD: >*} | *#ke̯ˈaɡ# | *#ke̯ˈaɡ# {GOLD: #ke̯ˈaɡ#}
1219   | #fˈawulum# | *#fˈaɡulu# | *#fˈaɡuɾu# {GOLD: >*} | *#fˈaɡur# | *#fˈaɡur# {GOLD: #fˈaɡur#}
1220   | #fˈawum# | *#fˈaɡu# | *#fˈaɡu# {GOLD: >*} | *#fˈaɡ# | *#fˈaɡ# {GOLD: #fˈaɡ#}
1221   | #frˈuːktum# | *#frˈuptu# | *#fɾˈuptu# {GOLD: >*} | *#frˈupt# | *#frˈupt# {GOLD: #frˈupt#}
1222   | #inkoaːɡulˈaː# | *#enklaɡˈa# | *#ənkʎeɡˈa# {GOLD: >*} | *#ɨnkjeɡˈa# | *#ɨnkjeɡˈa# {GOLD: #ɨnkjeɡˈa#}
1223   | #paːstˈuːram# | *#pastˈura# | *#pəstˈuɾə# {GOLD: >*} | *#pəstˈurə# | *#pəstˈurə# {GOLD: #pəstˈurə#}
1224   | #stˈupum# | *#stˈupu# | *#stˈupu# {GOLD: >*} | *#stˈup# | *#stˈup# {GOLD: #stˈup#}
1225   | #sˈuːkum# | *#sˈuku# | *#sˈuku# {GOLD: >*} | *#sˈuk# | *#sˈuk# {GOLD: #sˈuk#}
1226   | #ˈuːnktum# | *#ˈuntu# | *#ˈuntu# {GOLD: >*} | *#ˈunt# | *#ˈunt# {GOLD: #ˈunt#}
1227   | #uːnktˈuːram# | *#untˈura# | *#untˈuɾə# {GOLD: >*} | *#untˈurə# | *#untˈurə# {GOLD: #untˈurə#}
1228   | #ˌekspantikˈaː# | *#spantekˈa# | *#spəntekˈa# {GOLD: >*} | *#spɨntekˈa# | *#spɨntekˈa# {GOLD: #spintekˈa#}
1229   | #weːnˈaː# | *#venˈa# | *#vənˈa# {GOLD: >*} | *#vɨnˈa# | *#vɨnˈa# {GOLD: #vɨnˈa#}
1230   | #weːnaːtˈoːrem# | *#venatˈor# | *#vənətˈor# {GOLD: >*} | *#vɨnətˈor# | *#vɨnətˈor# {GOLD: #vɨnətˈor#}
1231   | #weːnaːtˈoːriam# | *#venatˈorja# | *#vənəto̯ˈajɾe# {GOLD: >*} | *#vɨnəto̯ˈare# | *#vɨnəto̯ˈare# {GOLD: #vɨnəto̯ˈare#}
1232   | #deːspoliˈaː# | *#despoljˈa# | *#despuʎˈa# {GOLD: >*} | *#despujˈa# | *#despujˈa# {GOLD: #despujˈa#}
1233   | #ˌinfrˈanɡe# | *#enfrˈanɡʲe# | *#ənfɾˈənd͡ʒe# {GOLD: >*} | *#ɨnfrˈɨnd͡ʒe# | *#ɨnfrˈɨnd͡ʒe# {GOLD: #ɨnfrˈɨnd͡ʒe#}
1234   | #ˌinfrontˈaː# | *#enfrontˈa# | *#ənfɾuntˈa# {GOLD: >*} | *#ɨnfruntˈa# | *#ɨnfruntˈa# {GOLD: #ɨnfruntˈa#}
1235   | #ˌinwˈinke# | *#envˈenkʲe# | *#ənvˈent͡ʃe# {GOLD: >*} | *#ɨnvˈint͡ʃe# | *#ɨnvˈint͡ʃe# {GOLD: #ɨnvˈint͡ʃe#}
1236   | #lˈuːktam# | *#lˈupta# | *#lˈuptə# {GOLD: >*} | *#lˈuptə# | *#lˈuptə# {GOLD: #lˈuptə#}
1237   | #luktˈaː# | *#luptˈa# | *#luptˈa# {GOLD: >*} | *#luptˈa# | *#luptˈa# {GOLD: #luptˈa#}
1238   | #rapˈiː# | *#rapˈi# | *#rɾəpˈi# {GOLD: >*} | *#rəpˈi# | *#rəpˈi# {GOLD: #rəpˈi#}
1239   | #suppˈoːne# | *#supˈone# | *#supˈune# {GOLD: >*} | *#supˈune# | *#supˈune# {GOLD: #supˈune#}
1240   | #skˈutum# | *#skˈutu# | *#skˈutu# {GOLD: >*} | *#skˈut# | *#skˈut# {GOLD: #skˈut#}
1241   | #tʰˈeːkam# | *#tˈeka# | *#te̯ˈakə# {GOLD: >*} | *#te̯ˈakə# | *#te̯ˈakə# {GOLD: #te̯ˈakə#}
1242   | #zˈawa# | *#zˈaa# | *#zˈa# {GOLD: >*} | *#zˈa# | *#zˈa# {GOLD: #zˈa#}
1243   | #pˈaːkem# | *#pˈakʲe# | *#pˈat͡ʃe# {GOLD: >*} | *#pˈat͡ʃe# | *#pˈat͡ʃe# {GOLD: #pˈat͡ʃe#}
1244   | #prˈae̯dam# | *#prˈada# | *#pɾˈadə# {GOLD: >*} | *#prˈadə# | *#prˈadə# {GOLD: #prˈadə#}
1245   | #kˈaiulum# | *#kˈajjelu# | *#kˈajjeɾu# {GOLD: >*} | *#kˈajer# | *#kˈajer# {GOLD: #kˈajer#}
1246   | #kˈannulam# | *#kˈannula# | *#kˈannuɾə# {GOLD: >*} | *#kˈanurə# | *#kˈanurə# {GOLD: #kˈanurə#}
1247   | #depaːnˈaː# | *#depanˈa# | *#depənˈa# {GOLD: >*} | *#depənˈa# | *#depənˈa# {GOLD: #depənˈa#}
1248   | #folliˈoːlum# | *#folljˈolu# | *#fuʎˈoɾu# {GOLD: >*} | *#fujˈor# | *#fujˈor# {GOLD: #fujˈor#}
1249   | #fˈurka# | *#fˈurka# | *#fˈurkə# {GOLD: >*} | *#fˈurkə# | *#fˈurkə# {GOLD: #fˈurkə#}
1250   | #fustikˈellum# | *#fuskʲˈɛllu# | *#fuʃtˈelu# {GOLD: >*} | *#fuʃtˈel# | *#fuʃtˈel# {GOLD: #fuʃtˈel#}
1251   | #fˈuːsum# | *#fˈusu# | *#fˈusu# {GOLD: >*} | *#fˈus# | *#fˈus# {GOLD: #fˈus#}
1252   | #ˌinkolikˈaː# | *#enkolkˈa# | *#ənkulkˈa# {GOLD: >*} | *#ɨnkulkˈa# | *#ɨnkulkˈa# {GOLD: #ɨnkurkˈa#}
1253   | #sˈuːbulum# | *#sˈuwlu# | *#sˈulu# {GOLD: >*} | *#sˈul# | *#sˈul# {GOLD: #sˈul#}
1254   | #nˈoːdum# | *#nˈodu# | *#nˈodu# {GOLD: >*} | *#nˈod# | *#nˈod# {GOLD: #nˈod#}
1255   | #oːrdˈiː# | *#ordˈi# | *#urd͡zˈi# {GOLD: >*} | *#urzˈi# | *#urzˈi# {GOLD: #urzˈi#}
1256   | #pˈae̯nulam# | *#pˈanula# | *#pˈənuɾə# {GOLD: >*} | *#pˈənurə# | *#pˈənurə# {GOLD: #pˈənurə#}
1257   | #pˈedinum# | *#pˈɛdenu# | *#pje̯ˈadenu# {GOLD: >*} | *#pjˈedin# | *#pjˈedin# {GOLD: #pjˈedin#}
1258   | #pˈiːllam# | *#pˈilla# | *#pˈiwə# {GOLD: >*} | *#pˈiwə# | *#pˈiwə# {GOLD: #pˈiwə#}
1259   | #raskulˈaː# | *#rasklˈa# | *#rɾəskʎˈa# {GOLD: >*} | *#rəʃkjˈa# | *#rəʃkjˈa# {GOLD: #rəʃkjˈa#}
1260   | #retˈella# | *#retˈɛlla# | *#rɾet͡se̯ˈa# {GOLD: >*} | *#rət͡se̯ˈa# | *#rət͡se̯ˈa# {GOLD: #ret͡se̯ˈa#}
1261   | #spˈatʰam# | *#spˈata# | *#spˈatə# {GOLD: >*} | *#spˈatə# | *#spˈatə# {GOLD: #spˈatə#}
1262   | #skwˈaːmam# | *#skˈama# | *#skˈamə# {GOLD: >*} | *#skˈamə# | *#skˈamə# {GOLD: #skˈamə#}
1263   | #stˈuppam# | *#stˈupa# | *#stˈupə# {GOLD: >*} | *#stˈupə# | *#stˈupə# {GOLD: #stˈupə#}
1264   | #tendˈikulam# | *#tendˈekla# | *#tende̯ˈakʎe# {GOLD: >*} | *#tindˈekje# | *#tindˈekje# {GOLD: #tindˈekje#}
1265   | #tˈekse# | *#tˈɛse# | *#t͡se̯ˈase# {GOLD: >*} | *#t͡sˈese# | *#t͡sˈese# {GOLD: #t͡sˈese#}
1266   | #tˈorkwe# | *#tˈorkʲe# | *#to̯ˈart͡ʃe# {GOLD: >*} | *#to̯ˈart͡ʃe# | *#to̯ˈart͡ʃe# {GOLD: #to̯ˈart͡ʃe#}
1267   | #tˈortum# | *#tˈortu# | *#tˈortu# {GOLD: >*} | *#tˈort# | *#tˈort# {GOLD: #tˈort#}
1268   | #ˈasklam# | *#ˈaskla# | *#ˈaskʎe# {GOLD: >*} | *#ˈaʃkje# | *#ˈaʃkje# {GOLD: #ˈaʃkje#}
1269   | #dˈoɡam# | *#dˈoɡa# | *#do̯ˈaɡə# {GOLD: >*} | *#do̯ˈaɡə# | *#do̯ˈaɡə# {GOLD: #do̯ˈaɡə#}
1270   | #doɡˈaːrium# | *#doɡˈarju# | *#duɡˈajɾu# {GOLD: >*} | *#duɡˈar# | *#duɡˈar# {GOLD: #doɡˈar#}
1271   | #dolˈaː# | *#dolˈa# | *#duɾˈa# {GOLD: >*} | *#durˈa# | *#durˈa# {GOLD: #durˈa#}
1272   | #liɡnˈaːrium# | *#lemnˈarju# | *#lemnˈajɾu# {GOLD: >*} | *#lemnˈar# | *#lemnˈar# {GOLD: #lemnˈar#}
1273   | #mˈalleum# | *#mˈallju# | *#mˈaʎu# {GOLD: >*} | *#mˈaj# | *#mˈaj# {GOLD: #mˈaj#}
1274   | #skandˈulam# | *#skandˈula# | *#skəndˈuɾə# {GOLD: >*} | *#skɨndˈurə# | *#skɨndˈurə# {GOLD: #skɨndˈurə#}
1275   | #sekˈuːrem# | *#sekˈure# | *#sekˈuɾe# {GOLD: >*} | *#sekˈure# | *#sekˈure# {GOLD: #sekˈure#}
1276   | #awrˈaːrium# | *#awrˈarju# | *#awɾˈajɾu# {GOLD: >*} | *#awrˈar# | *#awrˈar# {GOLD: #awrˈar#}
1277   | #klˈaːwem# | *#klˈaje# | *#kʎˈaje# {GOLD: >*} | *#kjˈeje# | *#kjˈeje# {GOLD: #kjˈeje#}
1278   | #fˈabrum# | *#fˈawru# | *#fˈawɾu# {GOLD: >*} | *#fˈawr# | *#fˈawr# {GOLD: #fˈawr#}
1279   | #ferrˈaːrium# | *#ferrˈarju# | *#ferɾˈajɾu# {GOLD: #feɾˈaɾu#} | *#fərˈar# | ... {GOLD: ...}
1280   | #fˈollem# | *#fˈolle# | *#fo̯ˈale# {GOLD: >*} | *#fo̯ˈale# | *#fo̯ˈale# {GOLD: #fo̯ˈale#}
1281   | #lˈaːminam# | *#lˈamena# | *#lˈamənə# {GOLD: >*} | *#lˈamɨnə# | *#lˈamɨnə# {GOLD: #lˈamurə#}
1282   | #bˈuttem# | *#bˈute# | *#bˈute# {GOLD: >*} | *#bˈute# | *#bˈute# {GOLD: #bˈute#}
1283   | #kaldˈaːriam# | *#kaldˈarja# | *#kəldˈajɾe# {GOLD: >*} | *#kəldˈare# | *#kəldˈare# {GOLD: #kəldˈare#}
1284   | #kˈuppam# | *#kˈupa# | *#kˈupə# {GOLD: >*} | *#kˈupə# | *#kˈupə# {GOLD: #kˈupə#}
1285   | #ˌekstraːkˌoːlaːtˈoːria# | *#strakolatˈorja# | *#stɾəkuɾəto̯ˈajɾe# {GOLD: >*} | *#strəkurəto̯ˈare# | *#strəkurəto̯ˈare# {GOLD: #strekurəto̯ˈare#}
1286   | #ɡallˈeːtam# | *#ɡallˈeta# | *#ɡəle̯ˈatə# {GOLD: >*} | *#ɡəle̯ˈatə# | *#ɡəle̯ˈatə# {GOLD: #ɡəle̯ˈatə#}
1287   | #ˈoːllam# | *#ˈolla# | *#o̯ˈalə# {GOLD: >*} | *#o̯ˈalə# | *#o̯ˈalə# {GOLD: #o̯ˈalə#}
1288   | #oːllˈaːrium# | *#ollˈarju# | *#ulˈajɾu# {GOLD: >*} | *#olˈar# | *#olˈar# {GOLD: #olˈar#}
1289   | #oːllikˈellam# | *#ollkʲˈɛlla# | *#ult͡ʃe̯ˈa# {GOLD: >*} | *#ult͡ʃe̯ˈa# | *#ult͡ʃe̯ˈa# {GOLD: #ult͡ʃe̯ˈa#}
1290   | #sˈakkum# | *#sˈaku# | *#sˈaku# {GOLD: >*} | *#sˈak# | *#sˈak# {GOLD: #sˈak#}
1291   | #tˈestum# | *#tˈɛstu# | *#t͡sˈestu# {GOLD: >*} | *#t͡sˈest# | *#t͡sˈest# {GOLD: #t͡sˈest#}
1292   | #urkeˈolum# | *#urkʲˈolu# | *#urt͡ʃˈoɾu# {GOLD: >*} | *#urt͡ʃˈor# | *#urt͡ʃˈor# {GOLD: #urt͡ʃˈor#}
1293   | #bˈaiulum# | *#bˈajjelu# | *#bˈajjeɾu# {GOLD: >*} | *#bˈajer# | *#bˈajer# {GOLD: #bˈajer#}
1294   | #korrˈiɡiam# | *#korrˈeja# | *#kurɾe̯ˈa# {GOLD: >*} | *#kure̯ˈa# | *#kure̯ˈa# {GOLD: #kure̯ˈa#}
1295   | #kotˈiːtum# | *#kotˈitu# | *#kut͡sˈitu# {GOLD: >*} | *#kut͡sˈit# | *#kut͡sˈit# {GOLD: #kut͡sˈit#}
1296   | #ɡrˈaːtem# | *#ɡrˈate# | *#ɡɾˈate# {GOLD: >*} | *#ɡrˈate# | *#ɡrˈate# {GOLD: #ɡrˈatje#}
1297   | #fˈimbriam# | *#fˈembrja# | *#fˈembɾje# {GOLD: >*} | *#fˈimbrje# | *#fˈimbrje# {GOLD: #frɨnɡˈie#}
1298   | #fˈorfikem# | *#fˈorfekʲe# | *#fo̯ˈarfet͡ʃe# {GOLD: >*} | *#fo̯ˈarfet͡ʃe# | *#fo̯ˈarfet͡ʃe# {GOLD: #fo̯ˈarfet͡ʃe#}
1299   | #fˈuːnem# | *#fˈune# | *#fˈune# {GOLD: >*} | *#fˈune# | *#fˈune# {GOLD: #fˈunje#}
1300   | #lawatˈuːram# | *#latˈura# | *#lətˈuɾə# {GOLD: >*} | *#lətˈurə# | *#lətˈurə# {GOLD: #lətˈurə#}
1301   | #liksˈiːwiam# | *#lesˈija# | *#leʃˈijə# {GOLD: >*} | *#leʃˈie# | *#leʃˈie# {GOLD: #leʃˈie#}
1302   | #spˈuːmam# | *#spˈuma# | *#spˈumə# {GOLD: >*} | *#spˈumə# | *#spˈumə# {GOLD: #spˈumə#}
1303   | #sˈuːbulam# | *#sˈuwla# | *#sˈulə# {GOLD: >*} | *#sˈulə# | *#sˈulə# {GOLD: #sˈulə#}
1304   | #tˈortam# | *#tˈorta# | *#to̯ˈartə# {GOLD: >*} | *#to̯ˈartə# | *#to̯ˈartə# {GOLD: #to̯ˈartə#}
1305   | #klaːmˈaː# | *#klamˈa# | *#kʎemˈa# {GOLD: >*} | *#kjemˈa# | *#kjemˈa# {GOLD: #kjemˈa#}
1306   | #konwˈentum# | *#kovˈɛntu# | *#kuvˈentu# {GOLD: >*} | *#kuvˈɨnt# | *#kuvˈɨnt# {GOLD: #kuvˈɨnt#}
1307   | #dˈiːke# | *#dˈikʲe# | *#d͡zˈit͡ʃe# {GOLD: >*} | *#zˈit͡ʃe# | *#zˈit͡ʃe# {GOLD: #zˈit͡ʃe#}
1308   | #ekspˈoːne# | *#spˈone# | *#spˈune# {GOLD: >*} | *#spˈune# | *#spˈune# {GOLD: #spˈune#}
1309   | #nˈoːmen# | *#nˈome# | *#nˈume# {GOLD: >*} | *#nˈume# | *#nˈume# {GOLD: #nˈume#}
1310   | #oːrˈaː# | *#orˈa# | *#uɾˈa# {GOLD: >*} | *#urˈa# | *#urˈa# {GOLD: #urˈa#}
1311   | #respˈonde# | *#respˈonde# | *#rɾespˈunde# {GOLD: >*} | *#rəspˈunde# | *#rəspˈunde# {GOLD: #rəspˈunde#}
1312   | #striɡˈaː# | *#streɡˈa# | *#stɾeɡˈa# {GOLD: >*} | *#striɡˈa# | *#striɡˈa# {GOLD: #striɡˈa#}
1313   | #prehˈende# | *#prjˈɛnde# | *#pjɾˈende# {GOLD: >*} | *#prˈinde# | *#prˈinde# {GOLD: #prˈinde#}
1314   | #habˈeː# | *#avˈe# | *#ave̯ˈa# {GOLD: >*} | *#ave̯ˈa# | *#ave̯ˈa# {GOLD: #ave̯ˈa#}
1315   | #habˈeːbat# | *#avˈea# | *#ave̯ˈa# {GOLD: >*} | *#ave̯ˈa# | *#ave̯ˈa# {GOLD: #ave̯ˈa#}
1316   | #dˈae̯dam# | *#dˈɛda# | *#d͡ze̯ˈadə# {GOLD: >*} | *#zˈadə# | *#zˈadə# {GOLD: #zˈadə#}
1317   | #fˈoe̯tum# | *#fˈetu# | *#fˈetu# {GOLD: >*} | *#fˈət# | *#fˈət# {GOLD: #fˈət#}
1318   | #fˈoe̯tam# | *#fˈeta# | *#fe̯ˈatə# {GOLD: >*} | *#fˈatə# | *#fˈatə# {GOLD: #fˈatə#}
1319   | #kwˈenem# | *#kʲˈɛne# | *#t͡ʃˈene# {GOLD: >*} | *#t͡ʃˈine# | *#t͡ʃˈine# {GOLD: #t͡ʃˈine#}
1320   | #mˈeːnem# | *#mˈene# | *#mˈəne# {GOLD: >*} | *#mˈɨjne# | *#mˈɨjne# {GOLD: #mˈine#}
1321   | #pˈeːnsum# | *#pˈesu# | *#pˈesu# {GOLD: >*} | *#pˈəs# | *#pˈəs# {GOLD: #pˈəs#}
1322   | #prˈeːnsum# | *#prˈensu# | *#pɾˈensu# {GOLD: >*} | *#prˈins# | *#prˈins# {GOLD: #prˈins#}
1323   | #rˌespˈoːnsum# | *#respˈonsu# | *#rɾespˈunsu# {GOLD: >*} | *#rəspˈuns# | *#rəspˈuns# {GOLD: #rəspˈuns#}
1324   | #oːrˈikulam# | *#orˈekla# | *#uɾe̯ˈakʎe# {GOLD: >*} | *#urˈekje# | *#urˈekje# {GOLD: #urˈekje#}
1325   | #ˈokulum# | *#ˈoklu# | *#ˈokʎu# {GOLD: >*} | *#ˈokj# | *#ˈokj# {GOLD: #ˈokj#}
1326   | #dˈominam# | *#dˈomna# | *#do̯ˈamnə# {GOLD: >*} | *#do̯ˈamnə# | *#do̯ˈamnə# {GOLD: #do̯ˈamnə#}
1327   | #wˈiridem# | *#vˈerde# | *#ve̯ˈarde# {GOLD: >*} | *#vˈerde# | *#vˈerde# {GOLD: #vˈerde#}
1328   | #kˈaput# | *#kˈapu# | *#kˈapu# {GOLD: >*} | *#kˈap# | *#kˈap# {GOLD: #kˈap#}
1329   | #tˈenet# | *#tˈɛne# | *#t͡sˈene# {GOLD: >*} | *#t͡sˈine# | *#t͡sˈine# {GOLD: #t͡sˈine#}
1330   | #wˈidet# | *#vˈede# | *#ve̯ˈade# {GOLD: >*} | *#vˈede# | *#vˈede# {GOLD: #vˈede#}
1331   | #rˈiːdet# | *#rˈide# | *#rɾˈide# {GOLD: >*} | *#rˈɨde# | *#rˈɨde# {GOLD: #rˈɨde#}
1332   | #dˈuːk# | *#dˈu# | *#dˈu# {GOLD: >*} | *#dˈu# | *#dˈu# {GOLD: #dˈu#}
1333   | #sˈanɡwen# | *#sˈanɡʲe# | *#sˈənd͡ʒe# {GOLD: >*} | *#sˈɨnd͡ʒe# | *#sˈɨnd͡ʒe# {GOLD: #sˈɨnd͡ʒe#}
1334   | #nˈon# | *#nˈo# | *#nˈo# {GOLD: >*} | *#nˈo# | *#nˈo# {GOLD: #nˈu#}
1335   | #mˈel# | *#mˈɛle# | *#mje̯ˈaɾe# {GOLD: >*} | *#mjˈere# | *#mjˈere# {GOLD: #mjˈere#}
1336   | #fˈel# | *#fˈɛle# | *#fje̯ˈaɾe# {GOLD: >*} | *#fjˈere# | *#fjˈere# {GOLD: #fjˈere#}
1337   | #ˈinter# | *#ˈentre# | *#ˈəntɾe# {GOLD: >*} | *#ˈɨntre# | *#ˈɨntre# {GOLD: #ˈɨntre#}
1338   | #pˈer# | *#pˈɛ# | *#pjˈe# {GOLD: >*} | *#pˈe# | *#pˈe# {GOLD: #pˈe#}
1339   | #ˈoːwum# | *#ˈou# | *#ˈow# {GOLD: >*} | *#ˈow# | *#ˈow# {GOLD: #ˈow#}
1340   | #jˈoːwis# | *#ɡʲˈoi# | *#d͡ʒˈoj# {GOLD: >*} | *#ʒˈoj# | *#ʒˈoj# {GOLD: #ʒˈoj#}
1341   | #frˈaːnktum# | *#frˈantu# | *#fɾˈəntu# {GOLD: >*} | *#frˈɨnt# | *#frˈɨnt# {GOLD: #frˈɨnt#}
1342   | #dˈorsum# | *#dˈosu# | *#dˈosu# {GOLD: >*} | *#dˈos# | *#dˈos# {GOLD: #dˈos#}
1343   | #pˈersikam# | *#pˈɛrseka# | *#pje̯ˈarsekə# {GOLD: >*} | *#pjˈersikə# | *#pjˈersikə# {GOLD: #pjˈersikə#}
1344   | #sˈeptem# | *#sˈɛpte# | *#ʃe̯ˈapte# {GOLD: >*} | *#ʃˈapte# | *#ʃˈapte# {GOLD: #ʃˈapte#}
1345   | #kˈoksam# | *#kˈopsa# | *#ko̯ˈapsə# {GOLD: >*} | *#ko̯ˈapsə# | *#ko̯ˈapsə# {GOLD: #ko̯ˈapsə#}
1346   | #frˈiːksit# | *#frˈipsi# | *#fɾˈipʃi# {GOLD: >*} | *#frˈipʃj# | *#frˈipʃj# {GOLD: #frˈipse#}
1347   | #lˈaktem# | *#lˈapte# | *#lˈapte# {GOLD: >*} | *#lˈapte# | *#lˈapte# {GOLD: #lˈapte#}
1348   | #fˈaktum# | *#fˈaptu# | *#fˈaptu# {GOLD: >*} | *#fˈapt# | *#fˈapt# {GOLD: #fˈapt#}
1349   | #lˈukto# | *#lˈupto# | *#lˈuptu# {GOLD: >*} | *#lˈupt# | *#lˈupt# {GOLD: #lˈupt#}
1350   | #pˈektinem# | *#pˈɛptene# | *#pje̯ˈaptene# {GOLD: >*} | *#pjˈeptine# | *#pjˈeptine# {GOLD: #pjˈeptene#}
1351   | #pˈektum# | *#pˈɛptu# | *#pjˈeptu# {GOLD: >*} | *#pjˈept# | *#pjˈept# {GOLD: #pjˈept#}
1352   | #dˈiɡnum# | *#dˈemnu# | *#dˈemnu# {GOLD: >*} | *#dˈemn# | *#dˈemn# {GOLD: #dˈemn#}
1353   | #lˈiɡnum# | *#lˈemnu# | *#lˈemnu# {GOLD: >*} | *#lˈemn# | *#lˈemn# {GOLD: #lˈemn#}
1354   | #pˈuɡnum# | *#pˈumnu# | *#pˈumnu# {GOLD: >*} | *#pˈumn# | *#pˈumn# {GOLD: #pˈumn#}
1355   | #eksˈiː# | *#esˈi# | *#jeʃˈi# {GOLD: >*} | *#jeʃˈi# | *#jeʃˈi# {GOLD: #jeʃˈi#}
1356   | #fraksinˈeːtum# | *#frasenˈetu# | *#fɾəsinˈetu# {GOLD: >*} | *#frəsinˈet# | *#frəsinˈet# {GOLD: #frəsinˈet#}
1357   | #ˌinterroɡˈaː# | *#enterroɡˈa# | *#ənterɾuɡˈa# {GOLD: >*} | *#ɨnteruɡˈa# | *#ɨnteruɡˈa# {GOLD: #ɨntrebˈa#}
1358   | #mulˈierem# | *#muljˈere# | *#muʎe̯ˈaɾe# {GOLD: >*} | *#mujˈere# | *#mujˈere# {GOLD: #mujˈere#}
1359   | #parˈietem# | *#parjˈete# | *#pəɾje̯ˈate# {GOLD: >*} | *#perˈete# | *#perˈete# {GOLD: #perˈete#}
1360   | #lˈakweum# | *#lˈatʲu# | *#lˈat͡su# {GOLD: >*} | *#lˈat͡s# | *#lˈat͡s# {GOLD: #lˈat͡s#}
1361   | #ɡlˈakiam# | *#ɡlˈatʲa# | *#ɡʎˈat͡sə# {GOLD: >*} | *#ɡe̯ˈat͡sə# | *#ɡe̯ˈat͡sə# {GOLD: #ɡe̯ˈat͡sə#}
1362   | #bˈene# | *#bˈɛne# | *#bjˈene# {GOLD: #bˈine#} | *#bˈine# | *#bˈine# {GOLD: #bˈine#}
1363   | #fˈerrum# | *#fˈɛrru# | *#fjˈerɾu# {GOLD: >*} | *#fjˈer# | *#fjˈer# {GOLD: #fjˈer#}
1364   | #fˈakitis# | *#fˈakʲeti# | *#fˈat͡ʃet͡si# {GOLD: >*} | *#fˈat͡ʃet͡sj# | *#fˈat͡ʃet͡sj# {GOLD: #fˈat͡ʃet͡sj#}
1365   | #pˈilum# | *#pˈelu# | *#pˈeɾu# {GOLD: >*} | *#pˈər# | *#pˈər# {GOLD: #pˈər#}
1366   | #pˈirum# | *#pˈeru# | *#pˈeɾu# {GOLD: >*} | *#pˈər# | *#pˈər# {GOLD: #pˈər#}
1367   | #wˈeːnam# | *#vˈena# | *#vˈənə# {GOLD: >*} | *#vˈɨnə# | *#vˈɨnə# {GOLD: #vˈɨnə#}
1368   | #mˈeːnsam# | *#mˈesa# | *#me̯ˈasə# {GOLD: >*} | *#mˈasə# | *#mˈasə# {GOLD: #mˈasə#}
1369   | #kˈuneum# | *#kˈunju# | *#kˈuɲu# {GOLD: >*} | *#kˈuj# | *#kˈuj# {GOLD: #kˈuj#}
1370   | #wˈiːnum# | *#vˈinu# | *#vˈinu# {GOLD: >*} | *#vˈin# | *#vˈin# {GOLD: #vˈin#}
1371   | #espˈeːroː# | *#spˈero# | *#spˈeɾu# {GOLD: >*} | *#spˈer# | *#spˈer# {GOLD: #spˈer#}
1372   | #speːrˈaː# | *#sperˈa# | *#speɾˈa# {GOLD: >*} | *#sperˈa# | *#sperˈa# {GOLD: #sperˈa#}
1373   | #ekstraːpˈunɡe# | *#strapˈunɡʲe# | *#stɾəpˈund͡ʒe# {GOLD: >*} | *#strəpˈund͡ʒe# | *#strəpˈund͡ʒe# {GOLD: #strəpˈund͡ʒe#}
1374   | #kˈerrum# | *#kʲˈɛrru# | *#t͡ʃˈerɾu# {GOLD: >*} | *#t͡ʃˈer# | *#t͡ʃˈer# {GOLD: #t͡ʃˈer#}
1375   | #rˈiːwum# | *#rˈiu# | *#rɾˈiw# {GOLD: >*} | *#rˈɨw# | *#rˈɨw# {GOLD: #rˈɨw#}
1376   | #kˈokwe# | *#kˈokʲe# | *#ko̯ˈat͡ʃe# {GOLD: >*} | *#ko̯ˈat͡ʃe# | *#ko̯ˈat͡ʃe# {GOLD: #ko̯ˈat͡ʃe#}
1377   | #ˌadiˌuːtˈaː# | *#aɡʲutˈa# | *#ad͡ʒutˈa# {GOLD: #ad͡ʒutˈa#} | *#aʒutˈa# | *#aʒutˈa# {GOLD: #aʒutˈa#}
1378   | #fˈakiam# | *#fˈatʲa# | *#fˈat͡sə# {GOLD: >*} | *#fˈat͡sə# | *#fˈat͡sə# {GOLD: #fˈat͡sə#}
1379   | #ˈabia# | *#ˈajba# | *#ˈajbə# {GOLD: >*} | *#ˈajbə# | *#ˈajbə# {GOLD: #ˈajbə#}
1380   | #skˈabiam# | *#sɡˈajba# | *#zɡˈajbə# {GOLD: >*} | *#zɡˈajbə# | *#zɡˈajbə# {GOLD: #zɡˈajbə#}
1381   | #kˈiːbrum# | *#kʲˈiwru# | *#t͡ʃˈuɾu# {GOLD: >*} | *#t͡ʃˈur# | *#t͡ʃˈur# {GOLD: #t͡ʃˈur#}
1382   | #skˈamnum# | *#skˈawnu# | *#skˈawnu# {GOLD: >*} | *#skˈawn# | *#skˈawn# {GOLD: #skˈawn#}
1383   | #dˈamnam# | *#dˈawna# | *#dˈawnə# {GOLD: >*} | *#dˈawnə# | *#dˈawnə# {GOLD: #dˈawnə#}
1384   | #ˈuːber# | *#ˈuɡʲer# | *#ˈud͡ʒer# {GOLD: >*} | *#ˈud͡ʒer# | *#ˈud͡ʒer# {GOLD: #ˈud͡ʒer#}
1385   | #nˈebulam# | *#nˈɛɡula# | *#nˈeɡuɾə# {GOLD: >*} | *#nˈeɡurə# | *#nˈeɡurə# {GOLD: #nˈeɡurə#}
1386   | #rˈubum# | *#rˈuɡu# | *#rɾˈuɡu# {GOLD: >*} | *#rˈuɡ# | *#rˈuɡ# {GOLD: #rˈuɡ#}
1387   | #nˈae̯wum# | *#nˈɛɡu# | *#nˈeɡu# {GOLD: >*} | *#nˈeɡ# | *#nˈeɡ# {GOLD: #nˈeɡ#}
1388   | #awˈunkulum# | *#ˈunklu# | *#ˈunkʎu# {GOLD: >*} | *#ˈunkj# | *#ˈunkj# {GOLD: #ˈunkj#}
1389   | #bˈibe# | *#bˈee# | *#be̯ˈa# {GOLD: >*} | *#be̯ˈa# | *#be̯ˈa# {GOLD: #be̯ˈa#}
1390   | #addˈuːkoː# | *#adˈuko# | *#adˈuku# {GOLD: >*} | *#adˈuk# | *#adˈuk# {GOLD: #adˈuk#}
1391   | #ˈannum# | *#ˈannu# | *#ˈannu# {GOLD: >*} | *#ˈan# | *#ˈan# {GOLD: #ˈan#}
1392   | #skˈiːs# | *#skʲˈij# | *#ʃtˈij# {GOLD: >*} | *#ʃtˈij# | *#ʃtˈij# {GOLD: #ʃtˈij#}
1393   | #nˈos# | *#nˈoj# | *#nˈoj# {GOLD: >*} | *#nˈoj# | *#nˈoj# {GOLD: #nˈoj#}
1394   | #wˈos# | *#vˈoj# | *#vˈoj# {GOLD: >*} | *#vˈoj# | *#vˈoj# {GOLD: #vˈoj#}
1395   | #ˈaudiːs# | *#ˈawdi# | *#ˈawd͡zi# {GOLD: >*} | *#ˈawzj# | *#ˈawzj# {GOLD: #ˈawzj#}
1396   | #kˈasae̯# | *#kˈasɛ# | *#kˈase# {GOLD: >*} | *#kˈase# | *#kˈase# {GOLD: #kˈase#}
1397   | #lˈupiː# | *#lˈupi# | *#lˈupi# {GOLD: >*} | *#lˈupj# | *#lˈupj# {GOLD: #lˈupj#}
1398   | #kwˈandoː# | *#kˈando# | *#kˈəndu# {GOLD: >*} | *#kˈɨnd# | *#kˈɨnd# {GOLD: #kˈɨnd#}
1399   | #ˈeste# | *#ˈɛste# | *#je̯ˈaste# {GOLD: >*} | *#jˈeste# | *#jˈeste# {GOLD: #jˈeste#}
1400   | #ˈillum# | *#ˈellu# | *#jˈelu# {GOLD: >*} | *#jˈel# | *#jˈel# {GOLD: #jˈel#}
1401   | #ˈillam# | *#ˈella# | *#je̯ˈa# {GOLD: >*} | *#jˈa# | *#jˈa# {GOLD: #jˈa#}
1402   | #ˈilliː# | *#ˈelli# | *#jˈeʎi# {GOLD: >*} | *#jˈej# | *#jˈej# {GOLD: #jˈej#}
1403   | #ˈillae̯# | *#ˈellɛ# | *#je̯ˈale# {GOLD: >*} | *#jˈele# | *#jˈele# {GOLD: #jˈele#}
1404   | #ˈeo# | *#ˈɛw̥# | *#jˈew̥# {GOLD: >*} | *#jˈew# | *#jˈew# {GOLD: #jˈew#}
1405   | #ˈe# | *#ˈɛ# | *#jˈe# {GOLD: >*} | *#jˈe# | *#jˈe# {GOLD: #jˈe#}
1406   | #ˌerˈaːbat# | *#erˈaa# | *#eɾˈa# {GOLD: >*} | *#rˈa# | *#rˈa# {GOLD: ...}
1407   | #nˈiɡrum# | *#nˈeɡru# | *#nˈeɡɾu# {GOLD: >*} | *#nˈeɡru# | *#nˈeɡru# {GOLD: #nˈeɡru#}
1408   | #nˈiɡram# | *#nˈeɡra# | *#ne̯ˈaɡɾə# {GOLD: >*} | *#ne̯ˈaɡrə# | *#ne̯ˈaɡrə# {GOLD: #ne̯ˈaɡrə#}
1409   | #nˈiɡrae̯# | *#nˈeɡrɛ# | *#ne̯ˈaɡɾe# {GOLD: >*} | *#nˈeɡre# | *#nˈeɡre# {GOLD: #nˈeɡre#}
1410   | #sˈeːram# | *#sˈera# | *#se̯ˈaɾə# {GOLD: >*} | *#se̯ˈarə# | *#se̯ˈarə# {GOLD: #se̯ˈarə#}
1411   | #dˈekem# | *#dˈɛkʲe# | *#d͡ze̯ˈat͡ʃe# {GOLD: >*} | *#zˈet͡ʃe# | *#zˈet͡ʃe# {GOLD: #zˈet͡ʃe#}
1412   | #mˈollam# | *#mˈolla# | *#mo̯ˈalə# {GOLD: >*} | *#mo̯ˈalə# | *#mo̯ˈalə# {GOLD: #mo̯ˈalə#}
1413   | #stˈeːllam# | *#stˈella# | *#ste̯ˈa# {GOLD: >*} | *#ste̯ˈa# | *#ste̯ˈa# {GOLD: #ste̯ˈa#}
1414   | #bˈonam# | *#bˈona# | *#bˈunə# {GOLD: >*} | *#bˈunə# | *#bˈunə# {GOLD: #bˈunə#}
1415   | #mˈea# | *#mˈɛa# | *#mje̯ˈa# {GOLD: >*} | *#me̯ˈa# | *#me̯ˈa# {GOLD: #me̯ˈa#}
1416   | #mˈontem# | *#mˈonte# | *#mˈunte# {GOLD: >*} | *#mˈunte# | *#mˈunte# {GOLD: #mˈunte#}
1417   | #parˈentem# | *#parˈɛnte# | *#pəɾˈente# {GOLD: >*} | *#pərˈinte# | *#pərˈinte# {GOLD: #pərˈinte#}
1418   | #saːnitˈaːtem# | *#sanetˈate# | *#sənetˈate# {GOLD: #sənətˈate#} | *#sɨnətˈate# | *#sɨnətˈate# {GOLD: #sənətˈate#}
1419   | #pˌortˈaːbat# | *#portˈaa# | *#purtˈa# {GOLD: >*} | *#purtˈa# | *#purtˈa# {GOLD: #purtˈa#}
1420   | #kiːwitˈaːtem# | *#kʲjetˈate# | *#t͡ʃetˈate# {GOLD: >*} | *#t͡ʃetˈate# | *#t͡ʃetˈate# {GOLD: #t͡ʃetˈate#}
1421   | #dˈiːkoː# | *#dˈiko# | *#d͡zˈiku# {GOLD: >*} | *#zˈik# | *#zˈik# {GOLD: #zˈik#}
1422   | #krˈeːskis# | *#krˈeskʲi# | *#kɾˈeʃti# {GOLD: >*} | *#krˈeʃtj# | *#krˈeʃtj# {GOLD: #krˈeʃtj#}
1423   | #ekskˈawum# | *#sɡˈau# | *#zɡˈaw# {GOLD: >*} | *#zɡˈaw# | *#zɡˈaw# {GOLD: #zɡˈəw#}
1424   | #ˌekskˈawuloː# | *#sɡˈaulo# | *#zɡˈawɾu# {GOLD: >*} | *#zɡˈawr# | *#zɡˈawr# {GOLD: #zɡˈəwr#}
1425   | #ˌekskˈawulat# | *#sɡˈaula# | *#zɡˈawɾə# {GOLD: >*} | *#zɡˈawrə# | *#zɡˈawrə# {GOLD: #zɡˈəwrə#}
1426   | #ˌekskˈawriat# | *#sɡˈawrja# | *#zɡˈaɾje# {GOLD: #sɡˈarʲə#} | *#zɡˈarje# | *#zɡˈarje# {GOLD: #zɡˈɨrje#}
1427   | #skˈoβra# | *#sɡˈowra# | *#zɡˈowɾə# {GOLD: >*} | *#zɡˈorə# | *#zɡˈorə# {GOLD: #zɡˈurə#}
1428   | #tˈempum# | *#tˈɛmpu# | *#tˈempu# {GOLD: >*} | *#tˈimp# | *#tˈimp# {GOLD: #tˈimp#}
1429   | #famˈiliam# | *#famˈelja# | *#fəme̯ˈaʎe# {GOLD: #fəme̯ˈaʎe#} | *#femˈeje# | *#femˈeje# {GOLD: #femˈeje#}
1430   | #ˈipsum# | *#ˈensu# | *#ˈənsu# {GOLD: >*} | *#ˈɨns# | *#ˈɨns# {GOLD: #ˈɨns#}
1431   | #mˈaɡis# | *#mˈaj# | *#mˈaj# {GOLD: >*} | *#mˈaj# | *#mˈaj# {GOLD: #mˈaj#}