INPUT,/ˈaː/,/ˌabellˈoːnam/,/ˈad/,/ˌadˌakwˈaː/,/ˌadˌappˈositum/,/ˌadˌastˈaː/,/ˌadˌawɡˈaː/,/ˌaddˌewˈeːrum/,/ˌadˌidˈipsum/,/ˌadiˈuːnɡe/,/ˌadiˈuːtoː/,/ˌadiˌuːtˈoːrium/,/ˌadlˈatera/,/ˌadlˈeɡe/,/ˌallˌentˈaː/,/ˌadlˌonɡˈaː/,/ˌadmˌaɡˈiː/,/ˌadmˌiːnakiˈaː/,/ˌadnˌinˈaː/,{ABSENT},/ˌaddˌormˈiː/,/ˌadplˌikˈaː/,/ˌadpˈoːne/,/ˌadpˈost/,/ˌadprˌehˈende/,/ˌadprˈope/,/ˌaddˈuːke/,/ˌadˌumbrˈiː/,/ˌadˌunkˈaː/,/ˌadˈunkum/,/ˈaːeːrum/,/ˌae̯rˈaːmam/,/ˌafflˈaː/,/ˌaɡɡˈestum/,/ˈaɡilem/,/ˌaɡurˈaː/,/ˌawɡˈustum/,/ˌadiˌektˈaː/,/ˌadiˈuːnum/,/ˌadiˌuːnˈaː/,/ˈakiam/,/ˌakkˌaptiˈaː/,/ˈakrum/,/ˈakum/,/ˈakwam/,/ˌakwˈaːrium/,/ˌakwaːtˈoːsum/,/ˈakwilam/,/ˌalbˈastrum/,/ˌalbˈiː/,/ˌalbˈoːrem/,/ˈalbum/,/ˌallˌewˈaːtum/,/ˌaltˈaːrium/,/ˈalterum/,/ˌaltˈitiam/,/ˌalweˈaːrium/,/ˌalweˈolam/,/ˌalwˈiːnam/,/ˌamˈaːrum/,/ˌamaːrˈitiam/,/ˌamendˈui/,/ˌammˌattˈiː/,/ˌammˌortˈiː/,/ˌammˌutˈiː/,/ˌannoːtˈertioː/,/ˌappˌarˈaː/,/ˌappˌensˈaː/,/ˌaprˈiːkum/,/ˌarˈaː/,/ˌaraːtˈoːrem/,/ˌaraːtˈoːrium/,/ˌarˈaːtrum/,/ˌarˈaːtum/,/ˌaratˈuːram/,/ˈarborem/,/ˌarborˈeːtum/,/ˌarɡˈentum/,/ˌarɡentˈaːrium/,/ˌarɡentˈoːsum/,/ˌarkˈaːrium/,/ˈarkum/,/ˌaːrsˈuːram/,/bˌaptidiˈoːnem/,/bˌaptidiˈaː/,/bˌasˈilikam/,/bˌattuˈaːliam/,/brˈaːkae̯/,/brˈoːtʰakum/,/dˌamnˈaː/,/dˌeːraːmˈaː/,/dˌeːsˌiːderˈaː/,/diˈaːnam/,/dˌiskˌarrikˈaː/,/dˌolˈoːrem/,/dˌuplikˈaː/,/kˌaballˈaːrem/,/kˈae̯lum/,/kˌantikˈellum/,/kˌapˈistrum/,/kˈawulam/,/kˈeːpam/,/kˌeːrasiˈaːrium/,/kˌeːrˈesiam/,/kˌertˈaː/,/kˌikʰˈoria/,/kˌoɡnˈaːtum/,/kˌoktˈorium/,/kˌomminikˈaː/,/kˈorwum/,/kˌottidiˈaː/,/krˈistam/,/kˌukˈuːtam/,/kˌurtiˈaː/,/kˈodrum/,/kwˈae̯re/,/kwˈae̯roː/,/ekkuhˈik/,/ekkuhˈok/,/ekkeˈillum/,/ekkuˈistum/,/eksˈalbidum/,/ekskˌadˈeː/,/ekskˌambiˈaː/,/ekskˌappˈaː/,/ekskˌarminˈaː/,/eksmˈulɡe/,/eksmˈultum/,/ekspellawˈaː/,/eːrˈikium/,/fˌabrikˈaː/,/fˈalkiːs/,/fˈarmakum/,/fˌebruˈaːrium/,/flˈakulam/,/fˈakulam/,/fˌortˈuːnam/,/fˌossˈaːtum/,/frˈeːnum/,/frˈiːɡe/,/ɡˌalliːnˈaːkeum/,/ɡlˈandam/,/ɡlˈandulam/,/ɡˈulam/,/ɡˈyːrum/,/ˌinpˌerɡˈyːrum/,/hˈae̯dum/,/hˌorrˈiː/,/hˌorrˈeːskoː/,/ˌimperˈaːtum/,/ˌinˈaltum/,/ˌinˌaltiˈaː/,/ˌinkˌalkeˈaː/,/ˌinkˈalkeoː/,/ˌinkˌarrikˈaː/,/ˌinkˌonɡˌyːrˈaː/,/ˌindˌireːktˈaː/,/ˌinfˌaskiˈaː/,/ˌinɡˌannˈaː/,/ˌinwˌitiˈaː/,/iˌuːdikˈaːtam/,/iɡnˈaːrium/,/mˌannuˈaːrium/,/mˌessionˈaː/,/mastikˈaː/,/mikstikˈaː/,/pˌaːwˈoːnem/,/pˌekˈulium/,/pˈerɡulam/,/pˌistˈaːliam/,/pˈittulam/,/plˈaːɡam/,/plˈoːppum/,/prˌae̯dˈaː/,/prˌae̯wˈoːtum/,/prˌiːmawˈeːram/,/pˈunɡam/,/sˌaɡˈittam/,/sˌaɡittˈaː/,/sˈaːnktum/,/sˈappam/,/sˌappˈaː/,/sˌekrˈeːtum/,/sˈerram/,/skˌantˈiliam/,/spˈissum/,/strˈambum/,/ˌadstˌuppˈaː/,/stˈuːlam/,/tˌoːnsionˈaː/,/ˌurulˈaː/,/wˌeːssˈiːkam/,/wˈiskum/,/wˈiːtrikum/,/fˈeːminum/,/fˌeːtiˈolum/,/fˌeːtiˈolam/,/jˈuwenem/,/mˈaskulum/,/nˈaːtum/,/pˈuppa/,/tˈenerum/,/wˌetrˈaːnum/,/wˈirɡulam/,/kˈorpum/,/stˈaːtum/,/bˈarbam/,/bˈukkam/,/kˌapitˈiːnam/,/kˌerˈebulum/,/dˈentem/,/flˈokkum/,/frˈontem/,/ɡˈenam/,/ɡˌinɡˈiːwam/,/lˈinɡwam/,/mˌaːksˈillam/,/mˌustˈakea/,/nˈaːriːs/,/nˈaːsum/,/pˌalˈaːtium/,/rˈoːstrum/,/tˈestam/,/kˌerwˈiːkem/,/ˈanimam/,/kˌatˈeːnam/,/kˈoːleum/,/kˈostam/,/kˈuːlum/,/fˌiːkˈaːtum/,/hˈumerum/,/ˈilia/,/mˈatium/,/mˌinuːtˈaliam/,/mˈuːskulum/,/nˈoːdam/,/pˈiskem/,/pˌulmˈoːnem/,/rˈeːnam/,/rˌeːnˈikulum/,/rˌenˈunkulum/,/sˈinum/,/spˌiːnˈaːlem/,/splˈeːnam/,/sˌubˈaːlam/,/tˈitiam/,/trˈunkulum/,/ˌumbilˈiːkum/,/wˌenˈeːnum/,/wˈentrem/,/ˈarmum/,/brˈakʰkʰium/,/kˌalkˈaːneum/,/kˈubitum/,/dˈiɡitum/,/dˌiːrˈeːktum/,/ɡˌenˈukulum/,/mˈanam/,/mˌedullˈaːrium/,/pˈalmam/,/pˌetiˈolum/,/pˈulpam/,/tˈalpam/,/ˈunɡulam/,/kˈarnem/,/mˌedˈullam/,/ˈossum/,/pˈellem/,/ˌawdˈiː/,/ˌawskultˈaː/,/kˌirkˈaː/,/ɡˌustˈaː/,/ɡˈustum/,/sˌentˈiː/,/wˌidˈeː/,/kʰˌaskˈaː/,/rˌesˌufflˈaː/,/stˌernuːtˈaː/,/sˌufflˈaː/,/ˌassudˈaː/,/kˌakˈaː/,/ˌekskrˈime/,/fˈamem/,/ˌimbˌukkˈaː/,/ˌinɡlˌuttˈiː/,/ˌintˈinɡe/,/lˈaːkrimam/,/mˈuːkkum/,/sˈatium/,/sˌatˈullum/,/sˌaturˈaː/,/ekskuppiˈaː/,/sˌuɡɡluttiˈaː/,/sˌorbˈiː/,/sˌuːdˈoːrem/,/sˈuːɡe/,/kˌoːnstˈaː/,/fˌaktˈuːram/,/fˈie/,/fˈutue/,/ˌinɡrˌewikˈaː/,/ˌinɡrˈewikaː/,/lˌapidˈaː/,/nˈaːske/,/wˌiːwˈatia/,/wˈiwum/,/wˈiːwe/,/kˌastiːɡˈaː/,/krˈeːske/,/dˌismˌerdˈaː/,/lˌiɡinˈaː/,/ˌattˌepˈiː/,/dˌormˈiː/,/dˌormiːtˈaː/,/ˌekskˌubulˈaː/,/mˌanˈeː/,/mˌaːnikˈaː/,/rˌepˌawsˈaː/,/sˈomnum/,/wˌiɡilˈaː/,/wˈiːsum/,/ˌekskˌaldˈaː/,/lˌawˈaː/,/pˌaːɡˈaːnum/,/pˈektinoː/,/pˈektinat/,/spˌurkˈaː/,/blˈandum/,/blˌandˈitiem/,/inkˌommˈitte/,/kˈompitum/,/dolˈeː/,/dˌoliˈoːsum/,/dˈolum/,/ˌekspˈawima/,/ˌekspˌawiːmentˈaː/,/ˌekstˌemperˈaː/,/fˌeːlˈiːkem/,/ˌindˌuːrˈaː/,/ˌintˌerrittˈaː/,/ˌinwiːtˈaː/,/mˈalum/,/mˌanɡaneˈaː/,/manˈiːa/,/miːrˈaː/,/mˌiserˈeːre/,/mˌoːnstrˈaː/,/pˌakˈaː/,/pˌae̯nitˈaː/,/patˈiː/,/pˌensˈaː/,/pˈensum/,/piɡritˈaː/,/plaːkˈeː/,/plˈanɡe/,/rˈiːde/,/rˈisum/,/rˌosiˈoːnem/,/sufferˈiː/,/sˈufflitum/,/superˈaː/,/suspiːrˈaː/,/tˈima/,/tˈime/,/timˈoːrem/,/tremulˈaː/,/trˈiːstum/,/turbˈaː/,/turbulˈaː/,/wirtˈuːtem/,/kˌirkitˈaː/,/kˌoːɡitˈaː/,/kˌonˈoːske/,/krˈeːde/,/kˌaptˈaː/,/ˌintˌelleːktiˈoːnem/,/ˌintˌellˈeːktum/,/ˌintˌellˈiɡe/,/juːdikˈaː/,/mˈentem/,/mentiˈoːnem/,/mentˈiː/,/ˌoblˌiːtˈaː/,/parˈeː/,/perkˈipe/,/skˈioː/,/skˈiː/,/sˌaːnˈaː/,/sˌaːnitˈoːsum/,/sˈaːnum/,/wˌindikˈaː/,/wˌirtuˈoːsum/,/ˌarˈaːneam/,/kˈae̯kia/,/katˈellum/,/kˈossis/,/kˈyma/,/dˌoloːrˈoːsum/,/fˈebrim/,/ɡˈeme/,/ɡˈemitum/,/ɡˈuttam/,/iˌakˈeː/,/lˌae̯sionˈaː/,/lˌanɡwˈeːskoː/,/lˈanɡwidum/,/lˌanɡwˈoːrem/,/morˈiː/,/mˈortem/,/mˈortum/,/ˌokkˈiːde/,/pˈereoː/,/pˈereat/,/pˌetˈiːɡinem/,/puːrˈoːnium/,/pustulˈellam/,/rˌepˈoːne/,/tˌussˈiː/,/tˈussem/,/mˈankum/,/mˈuːtum/,/ˈorbum/,/eksklˈoppum/,/ekskloppˈaː/,/sˈurdum/,/kamˈisiam/,/lˈiːneam/,/mˈanikam/,/palliˈoːlam/,/sˈarikam/,/westiːmˈentum/,/kalkeamˈentum/,/aːnˈellum/,/brakʰiˈaːla/,/kirkˈellum/,/korˈoːnam/,/marɡˈellam/,/bˈalteum/,/braːkˈiːle/,/kˈinɡulam/,/fˈaskiam/,/faskˈiolam/,/fˈiːlum/,/ɡlˈemum/,/liɡaːtˈuːram/,/wˈittam/,/kalkeˈaː/,/inkˈinɡe/,/koːnsˈue/,/diskˈulkium/,/diskalkeˈaː/,/diskulkiˈaː/,/imbrakˈaː/,/insolˈaː/,/infaskiolˈaː/,/inwestˈiː/,/submˈitte/,/suffolikˈaː/,/kˈenam/,/prˈandium/,/bukkˈaːtam/,/kˌarnˈakeum/,/kʰˈyːlum/,/fˌarˈiːna/,/frˌiktˈuːram/,/lˈardum/,/mˈuriam/,/merˈendae̯/,/pˈaːnem/,/piːnsˈaːtum/,/plakˈentam/,/sˈaːl/,/sˈeːbum/,/tˈurtam/,/wˈiːktum/,/d͡zˈema/,/mˈustum/,/pˈoskam/,/wiːnˈaːkeum/,/kˈawkum/,/fˈurnum/,/ɡratˈaːrium/,/wˈaːsum/,/kˈalamiː/,/kaprˈeolum/,/kˈasam/,/kˌasˈaːrium/,/kellˈaːrium/,/kooperiːmˈentum/,/kˈulmen/,/fenˈestram/,/fontˈaːnam/,/ostˈeolum/,/ˈoːstia/,/pˈortam/,/pˈuteum/,/skˈaːlam/,/stˈylum/,/tˈendam/,/titˈiːnam/,/traːjˈektam/,/armˈaːrium/,/kapitˈaːneum/,/pˈattum/,/skˈorteam/,/strˈaːtum/,/ɡˈentum/,/amitˈusiam/,/fˈiːlium/,/fˈiːliam/,/frˈaːter/,/ɡˈeminum/,/mˈammam/,/nepˈoːtum/,/nepˈoːtam/,/pˈappum/,/sˈoror/,/tˈatam/,/wˈeːrum/,/bˌarbˈaːtum/,/kˌoːnsˈokrum/,/fiːliˈastrum/,/ɡˈenerem/,/hˈomoː/,/marˈiːtum/,/nowˈerka/,/nˈurum/,/sˈokrum/,/sˈokiam/,/sˈokium/,/spˈurium/,/fˌiːliˈaːnum/,/nˈonnum/,/ˈorpʰanum/,/wˈiduum/,/kˌoroːnˈaː/,/krˌeːdˈentiam/,/dˈekstrae̯/,/hˌospˈitium/,/ˌinˌuksorˈaː/,/lˌaksˈaː/,/mˌariːtˈaː/,/nˈupta/,/petˈiː/,/lˈuːmen/,/kˈirkinum/,/ekskapitˈaː/,/luːkˈiferum/,/lˈuːnam/,/rˌesalˈiː/,/sˈoːlem/,/ˈawram/,/ˈawstrum/,/brˈuːmam/,/kˌalˈoːrem/,/frˈiːɡum/,/ɡˈeluː/,/ɡrˈandinam/,/nˈuːbilum/,/nˈinɡwe/,/nˈiwem/,/plowˈaː/,/plˈojam/,/rˈoːwem/,/serˈeːnum/,/sˈikkitaːs/,/tonˈaː/,/wˈentum/,/dˈata/,/hˈoːram/,/ˈalbam/,/dˈiem/,/hˈeriː/,/mˈaːne/,/dˌeːmˌaːnˈitia/,/mˈedia/,/mˌerˈiːdieːm/,/nˈoktem/,/domˈinikam/,/mˈartis/,/mˈerkuriː/,/sˈambatam/,/septimˈaːnam/,/wˈeneris/,/ˌaprˈiːliem/,/kˌalendˈaːrium/,/mˈaium/,/mˈartium/,/ˌawtˈumnam/,/hˌibˈernam/,/wˈeːram/,/pawiːmˈentum/,/ˌarˈeːnam/,/lˈiːmum/,/lˈutum/,/pˈetram/,/pˈulwerem/,/sˈessum/,/tˌerrˈiːna/,/kˌarbˈoːnem/,/pˈikulam/,/pˌuteˈoːsa/,/ˌae̯ruːɡˈiːna/,/ˈawrum/,/plˈumbum/,/kˌontrˌemulˈaː/,/ɡrˈumum/,/montikˈellum/,/plˈaɡium/,/rˈiːpam/,/skˌamnˈellum/,/sˌolˈiːnum/,/wˈallem/,/ˈalweam/,/kˈurre/,/ˌekssˌuːkkˈaː/,/ˌekssˈuːkkoː/,/fˈundum/,/lˈakum/,/mˈare/,/mˈarɡinem/,/sikkˈaː/,/sˈikkum/,/tˈermen/,/tˈermul/,/tˈurbul/,/ˈundam/,/wˈadum/,/kˈippum/,/flˈoːrem/,/fˈolia/,/fˈolium/,/frˈondia/,/nowˈellam/,/pˈaleam/,/pˈoːmam/,/raːdiːkˈiːnam/,/rˈaːmum/,/reːsˈiːna/,/semˈentiam/,/spˈiːkum/,/spˈiːnum/,/sˌurkˈellum/,/sˌurkˈellam/,/wˈiskidum/,/wˈirɡam/,/kˈarpinum/,/frˈaksinum/,/juːnˈiperum/,/mastˈikʰinum/,/padˈuːlem/,/pˈiːnum/,/plˈatanum/,/tˈilium/,/ˈulmum/,/kerˈesium/,/kotˈoːnea/,/kotˈoːneum/,/mˈeːlum/,/nˈukum/,/pˈersikum/,/pˈoːmum/,/prˈuːnum/,/kˈornuː/,/mˈoːrum/,/palˈumbam/,/pˌedukˈellum/,/abˈuːwam/,/wˈiːteam/,/hˈederam/,/laːbrˈuːskam/,/sabˈuːkum/,/sˈorbum/,/tˈuːfam/,/ɡrˈaːnum/,/hˈordeum/,/mˈilium/,/pˌaːnˈiːkum/,/sekˈaːlam/,/ˈaːlium/,/kawlˈikulum/,/kukˈurbitam/,/laktˈuːkam/,/leɡˈuːmam/,/lˈentem/,/nˈaːpum/,/pˈepinem/,/pˈorrum/,/raːdˈiːkula/,/wˈirdiam/,/fˈeːnum/,/hˈerbam/,/trˌifˈolium/,/kˈanapam/,/lˈiːnum/,/awrˈeolum/,/kˈalkem/,/fˈilikem/,/frˈaːɡa/,/frˈaːɡum/,/lˈawrum/,/mˈalwam/,/mˈentam/,/mˈetulam/,/pˈapyra/,/plantˈaɡinam/,/urtˈiːkam/,/wˈiolam/,/wˈolwula/,/bˌoːlˈeːtem/,/ˈeːskam/,/ˌanimˈaːliam/,/dˌomˈestikum/,/sˌilwˈaːtikum/,/wˈiːtam/,/brˈankam/,/kˈoːdam/,/kˈomam/,/dˌeːpˈoːne/,/ˌekstˌirpˈiː/,/ˌekstˈirpum/,/fˌeːtˈaː/,/ˌinkˌaballikˈaː/,/mˈuːlam/,/pˈallium/,/pˈantikem/,/rˌuːmiɡˈaː/,/ɡˌarrˈeːskoː/,/lˌaːtrˈaː/,/mˌorsikˈaː/,/mˌuːɡˈiː/,/rˈaɡe/,/rhˌonkidiˈaː/,/rˌiːmˈaː/,/ˌarmissˈaːrium/,/ˌaɡnˈellum/,/ˌannˈoːtinum/,/ˌarˈietem/,/ˈasinum/,/bˈowum/,/kˌabˈallum/,/kˈanem/,/kˈapram/,/kˌaprˈiːnam/,/kˌatˈellam/,/kˈokkinum/,/kˌornˈuːtum/,/ˈekwam/,/iˌuːnˈiːkem/,/iˌuwˈenkum/,/iˌuwˈenkam/,/ˌowˈiːnam/,/ˈowem/,/pˌekuwˈiːnam/,/pˈorkum/,/pˌorkˈellum/,/pˌorkˈellam/,/pˌorkˈiːnam/,/rˈubeum/,/skrˈoːfam/,/tˈawrum/,/tˌertiˈaːnum/,/tertˈiːwum/,/wˈakkam/,/wˈerrum/,/bˌerbˈeːkum/,/bˌerbˈeːkem/,/wˌitˈellam/,/wˌitˈellum/,/wˌitˈuleum/,/wˌitˈuleam/,/bˈuːbalum/,/kˈerwum/,/lˈeporem/,/lˈupum/,/mˌikstˈiːkium/,/sˈoːrikem/,/ˈursum/,/wˈulpem/,/ˈalapam/,/krˌistˈaːtum/,/kˈubium/,/ˌekswolˈaː/,/ˈowum/,/pˈasserem/,/pˈinnam/,/pˈinnulam/,/pˈullam/,/pˈulleum/,/ɡˌallˈiːnam/,/kˈukum/,/drˌepanˈellam/,/ɡˈaiam/,/ɡˈalɡulum/,/ɡrˈawulum/,/ɡrˈuem/,/hˌirundinˈellam/,/mˈerulam/,/palˈumbum/,/pˌeturnˈiːkulam/,/pˌerwˌiɡilaːtˈoːriam/,/pˌerwˌiɡilˈaː/,/strˈiːɡam/,/stˈurdium/,/tˈurturam/,/tˌurturˈellam/,/ˌupˈupad͡zam/,/wˌultˈurium/,/lˈaktiːs/,/pˌiskˈaːrium/,/brˈoːskam/,/sˈerpeːm/,/sˌerpˈentiam/,/wˈiːperam/,/wˈiːperae̯/,/kˈaːrium/,/kˌawˈoːnem/,/kˈiːmikem/,/flˈuktul/,/flˌuktulˈaː/,/fˌormˈiːkam/,/ɡrˈylljolum/,/lˌakˈustam/,/lˈendinam/,/lˌumbrˈiːkum/,/mˈuskam/,/ˌoe̯strˈikulam/,/pˌeːdˈukulum/,/pˈuːlikem/,/tˌabˈoːnem/,/wˈermem/,/wˈespam/,/ˌekskˈurtum/,/kˈurtum/,/deˈorsum/,/dˌeːsˈertum/,/ˌeksˈaːmen/,/fˈalkem/,/ɡrˈewem/,/ˌimpˌutˈaː/,/ˌintˈeɡrum/,/lˈonɡum/,/mˌeːnsˈuːram/,/mˌeːnsuːrˈaː/,/mˈiːkam/,/mˌinˈuːtum/,/mˈultum/,/nˌumerˈaː/,/nˈumerum/,/pˌarˈikulam/,/pˈartem/,/pˈassum/,/pˈettiam/,/plˈeːnum/,/kwˌantum/,/sˈinɡulum/,/sˈummam/,/ˌekkutˌantum/,/tˈoːtum/,/tˈoːtam/,/ˈambiː/,/ˌantˈaneum/,/kwˈiːnkwe/,/dˈoːs/,/dˈuwae̯/,/mˈiːlia/,/nˈowem/,/ˈoktoː/,/kwˈattuor/,/sˈeksem/,/trˈeːs/,/ˈuːnum/,/wˌiːɡˈinti/,/ˈanɡulum/,/ˌanɡˈustum/,/ˈasperum/,/kˈirkulum/,/kˈirkum/,/dˈeːnsum/,/fˌoːrmˈoːsum/,/frˈaɡidum/,/ɡrˈassum/,/ɡrˈossum/,/hˈuːmidum/,/lˈarɡum/,/lˈaːtum/,/lˈeːnum/,/mˈakrum/,/mˈarkidum/,/mˈedium/,/mˈollem/,/mˈuːkkidum/,/mˈuːtulam/,/nˈitidum/,/kwˌiˈeːtum/,/kwˌiˈeːtam/,/rˈankidum/,/rˈaːrum/,/rˌetˈundum/,/rˈudum/,/skrˈobulam/,/skrˈobum/,/sˈiɡnum/,/sˌimilˈaː/,/strˈinktum/,/sˌubtˈiːlem/,/tˌakˈeː/,/tˈaːlem/,/ˈuːdum/,/ˌuːdˈaː/,/wˌiskˈoːsum/,/kolˈostram/,/aspektˈaː/,/kˈohortem/,/konweniˈentiam/,/konwenˈi/,/konwentˈaː/,/dˈominum/,/frˈankum/,/ɡrˈae̯kum/,/hˈospitem/,/hospitˈaː/,/jˈuːdeks/,/juːdˈikium/,/juːraːmˈentum/,/juːrˈaː/,/lawdˈaː/,/lˈawdam/,/lˈeːɡem/,/liɡaːmˈentum/,/potˈentiam/,/saluːtˈaː/,/sklˈawum/,/wiːkiːnitˈaːtem/,/wiktimˈaː/,/neae̯stimˈaːtum/,/kˌompˌarˈaː/,/kˈompˌaroː/,/fuːrˈaː/,/fˈuːrum/,/improːmuːtuˈaː/,/lˌewˈaː/,/lˈewoː/,/lˈewat/,/neɡoːtiaːtˈoːrem/,/neɡˈoːtium/,/pˈerde/,/prˈetium/,/wˈende/,/ˈanɡelum/,/krˌistˈɛːnu/,/krˈukem/,/dˈeum/,/drˈakoː/,/inkliːnˈaː/,/inkliːnaːtiˈoːnem/,/liːbertˈaː/,/miːriˈoːnem/,/oːraːtiˈoːnem/,/paːɡaːnitˈaːtem/,/pekkˈaːtum/,/kwadraːɡˈeːsimiː/,/roɡˈaː/,/roɡaːtiˈoːnem/,/pˈaskʰa/,/pˈaskʰae̯/,/serwˈaː/,/kommandˈaː/,/monumˈentum/,/inkantˈaː/,/tˈemplam/,/kantˈaː/,/kʰˈartam/,/skrˈiːbe/,/skriːptˈuːram/,/buːkinˈaː/,/bˈuːkinum/,/kˈantikum/,/kʰˈordam/,/kˈitʰaram/,/sˌiːbˌulˈaː/,/sonˈaː/,/sˈonum/,/sˈonitum/,/wˈersum/,/jokˈaː/,/jˈokum/,/pertraːjˈike/,/kaːnˈuːtum/,/ɡˈalbinum/,/mˈerum/,/rˈoseum/,/rˈussum/,/wˈenetum/,/wirɡˈaːtum/,/dˈulke/,/dulkˈorem/,/puːtˈoːrem/,/pˈutridum/,/kaldˈuːram/,/kˈalidum/,/fˈerwe/,/rˈekeːns/,/rˌekˈoːrem/,/ˈaːrde/,/kinˈusiam/,/flˈammam/,/fˈokum/,/fuːlˈiːɡinem/,/fˈuːmum/,/inkˈende/,/stˈinɡwe/,/tiːtiˈoːnem/,/ˌaddˌeːˈante/,/ˌadhˈiːkkeː/,/ˌadmˌo/,/ˌadfˈoraːs/,/ˌalioːrˈeːs/,/kontraː/,/kurrˈendum/,/dˌeːˌekkeˈinde/,/ˌaddˌeːˌinˈillahoːram/,/dˌeːpˈarte/,/dˈeːpost/,/ˌekkehˈikke/,/ˌekkumhˈakke/,/ˌekkumillˈok/,/ˌekkˈummˌo/,/hˈaːkdˈieː/,/illˈaːk/,/ˈin/,/ˌinˌabˈinte/,/ˌinˌadˈintroː/,/ˌinˌadpˈost/,/ˌinkontraː/,/ˌindˈeretro/,/ˈintro/,/lˈonɡumad/,/nˈowum/,/pˌerˈinter/,/pˌerˈintroː/,/pˈost/,/stˈaːnkum/,/sˈubtus/,/sˈuper/,/sˈuːrsum/,/tardˈiːwum/,/temporˈiːwum/,/ˈumkwam/,/ˈunde/,/wˈetulum/,/wiːkˈiːnum/,/ˌabbˈatte/,/ˌadkellˈaː/,/allarɡˈaː/,/adpropiˈaː/,/ˌadprˈopioː/,/ˌadprˈopiat/,/ˌassˈedioː/,/ˌassˈediat/,/kadˈeː/,/kalkˈaː/,/kˌollokˈaː/,/eːraːdiːkˈaː/,/erraːtikˈiː/,/eːrunkˈaː/,/fˈuɡam/,/fuɡˈiː/,/intrˈaː/,/luːbrikˈaː/,/mˈerɡe/,/perambulˈaː/,/plikˈaː/,/proːkˈeːde/,/salˈiː/,/saltˈaː/,/sˈedeːt/,/stˈaː/,/subˈiː/,/tenˈeː/,/traːjˈike/,/wenˈiː/,/ˌadreːktˈaː/,/attˈinɡe/,/bˈattue/,/awkupˈaː/,/kˌomprˈende/,/dˈaː/,/eksbˈattue/,/ekskˈote/,/ekskˌutulˈaː/,/frikˈaː/,/frikaːtˈuːram/,/ˌinɡannˈaː/,/pˈoːne/,/rˈumpe/,/skarpinˈaː/,/spˈarɡe/,/strˈinɡe/,/okkaːsionˈaː/,/sˈortem/,/ˌadwˈiks/,/bˈonum/,/kˈatae̯/,/kˈum/,/foraːs/,/inkˈipe/,/potˈeː/,/kwˈaːlem/,/kwˈam/,/kwˈoːmoːdo/,/rˈeum/,/sˈiːk/,/seːminˈaː/,/sˈimilem/,/abskˈonde/,/ˌadmˌikstikˈaː/,/astˈerne/,/alliɡˈaː/,/ˌastruwekˈaː/,/kawtˈaː/,/kooperˈiː/,/krepˈaː/,/kuːrˈaː/,/deːspikˈaː/,/dˈiːriɡe/,/diskoperˈiː/,/ekskurtˈaː/,/ekspulwerˈaː/,/ekstˈerɡe/,/ekstˈorkwe/,/ekstrakolˈaː/,/ekstrikˈaː/,/fˈake/,/frˈanɡe/,/imbinˈaː/,/impartˈiː/,/impˈinɡe/,/implantˈaː/,/ˈumple/,/impˈunɡe/,/ˌinkirkˈaː/,/ˌinklaːwiˈaː/,/inflˈaː/,/intˈorkwe/,/ambiˈaː/,/liɡˈaː/,/molliˈaː/,/pertˈunde/,/rˈade/,/rˈoːde/,/sˌubtˌiːliˈaː/,/taːliˈaː/,/trˈaɡe/,/ˈunɡe/,/wersˈaː/,/lukrˈaː/,/lˈukrum/,/maɡˈistrum/,/ˌinkwiˈeːtum/,/rˈapidum/,/kaballaːrˈikium/,/karrˈaː/,/diskaballikˈaː/,/dˈuːke/,/infreːnˈaː/,/mutˈaː/,/portˈaː/,/traɡinˈaː/,/traːmˈitte/,/bukkˈellam/,/kˈarrum/,/inkarrikatˈuːram/,/lˈuntrem/,/pˈedikam/,/pʰˌalˈanɡa/,/rˈotam/,/sˈarkinam/,/sˈellam/,/kˈallem/,/karrˈaːriam/,/pˈontem/,/ˈaroː/,/kˈerne/,/kollˈiɡe/,/maːkʰinˈaː/,/piːnsˈaː/,/trˌiːbulˈaː/,/wentulˈaː/,/mˈolam/,/pˈaːlum/,/sˈikilem/,/ˈaːream/,/kˈampum/,/pˈorkam/,/rˈunkum/,/seːminaːtˈuːram/,/tˈerram/,/wˈiːneam/,/manˈukulum/,/sˈiram/,/minˈaː/,/mˈulɡe/,/pˈaːske/,/ˌinsˌiɡnˈaː/,/tˈonde/,/fˌeːnˈakeum/,/fˌeːnˈikea/,/hiːbernˈaː/,/jˈuɡum/,/nˌuːtrˈikium/,/pˌastiˈoːnem/,/sˌarkinˈaːrium/,/stˈabulum/,/stimulˈaːriam/,/tˈurmam/,/wˌakkarˈitiam/,/bowˈaːrium/,/pastˈoːrem/,/pˌorkˈaːrium/,/pˌorkaːrˈikia/,/kˈaːseum/,/kˈeːram/,/koˈaːɡulum/,/fˈawulum/,/fˈawum/,/frˈuːktum/,/inkoaːɡulˈaː/,/paːstˈuːram/,/stˈupum/,/sˈuːkum/,/ˈuːnktum/,/uːnktˈuːram/,/ˌekspantikˈaː/,/weːnˈaː/,/weːnaːtˈoːrem/,/weːnaːtˈoːriam/,/deːspoliˈaː/,/ˌinfrˈanɡe/,/ˌinfrontˈaː/,/ˌinwˈinke/,/lˈuːktam/,/luktˈaː/,/rapˈiː/,/suppˈoːne/,/skˈutum/,/tʰˈeːkam/,/zˈawa/,/pˈaːkem/,/prˈae̯dam/,/kˈaiulum/,/kˈannulam/,/depaːnˈaː/,/folliˈoːlum/,/fˈurka/,/fustikˈellum/,/fˈuːsum/,/ˌinkˌurrikˈaː/,/sˈuːbulum/,/nˈoːdum/,/oːrdˈiː/,/pˈae̯nulam/,/pˈedinum/,/pˈiːllam/,/raskulˈaː/,/retˈella/,/spˈatʰam/,/skwˈaːmam/,/stˈuppam/,/tendˈikulam/,/tˈekse/,/tˈorkwe/,/tˈortum/,/ˈasklam/,/dˈoɡam/,/doɡˈaːrium/,/dolˈaː/,/liɡnˈaːrium/,/mˈalleum/,/skandˈulam/,/sekˈuːrem/,/awrˈaːrium/,/klˈaːwem/,/fˈabrum/,/ferrˈaːrium/,/fˈollem/,/lˈaːminam/,/bˈuttem/,/kaldˈaːriam/,/kˈuppam/,/ˌekstraːkˌoːlaːtˈoːria/,/ɡallˈeːtam/,/ˈoːllam/,/oːllˈaːrium/,/oːllikˈellam/,/sˈakkum/,/tˈestum/,/urkeˈolum/,/bˈaiulum/,/korrˈiɡiam/,/kotˈiːtum/,/frˌimbˈiːa/,/fˈorfikem/,/fˈuːnem/,/lawatˈuːram/,/liksˈiːwiam/,/spˈuːmam/,/sˈuːbulam/,/tˈortam/,/klaːmˈaː/,/konwˈentum/,/dˈiːke/,/ekspˈoːne/,/nˈoːmen/,/oːrˈaː/,/respˈonde/,/striɡˈaː/,/prehˈende/,/habˈeː/,/habˈeːbat/,/dˈae̯dam/,/fˈoe̯tum/,/fˈoe̯tam/,/kwˈenem/,/pˈeːnsum/,/prˈeːnsum/,/rˌespˈoːnsum/,/oːrˈikulam/,/ˈokulum/,/dˈominam/,/wˈiridem/,/kˈaput/,/tˈenet/,/wˈidet/,/rˈiːdet/,/dˈuːk/,/sˈanɡwen/,/nˈoːn/,/mˈel/,/fˈel/,/ˈinter/,/pˈer/,/ˈoːwum/,/jˈoːwis/,/frˈaːnktum/,/dˈorsum/,/pˈersikam/,/sˈeptem/,/kˈoksam/,/frˈiːkset/,/lˈaktem/,/fˈaktum/,/lˈukto/,/pˈektinem/,/pˈektum/,/dˈiɡnum/,/lˈiɡnum/,/pˈuɡnum/,/eksˈiː/,/fraksinˈeːtum/,/ˌintreɡwˈaː/,/mulˈierem/,/parˈietem/,/lˈakweum/,/ɡlˈakiam/,/bˈene/,/fˈerrum/,/fˈakitis/,/pˈilum/,/pˈirum/,/wˈeːnam/,/mˈeːnsam/,/kˈuneum/,/wˈiːnum/,/espˈeːroː/,/speːrˈaː/,/ekstraːpˈunɡe/,/kˈerrum/,/rˈiːwum/,/kˈokwe/,/ˌadiˌuːtˈaː/,/fˈakiam/,/ˈabia/,/skˈabiam/,/kˈiːbrum/,/skˈamnum/,/dˈamnam/,/ˈuːber/,/nˈebulam/,/rˈubum/,/nˈae̯wum/,/awˈunkulum/,/bˈibe/,/addˈuːkoː/,/ˈannum/,/skˈiːs/,/nˈos/,/wˈos/,/ˈaudiːs/,/kˈasae̯/,/lˈupiː/,/kwˈandoː/,/ˈeste/,/ˈillum/,/ˈillam/,/ˈilliː/,/ˈillae̯/,/ˈeo/,/ˈe/,/ˌerˈaːbat/,/nˈiɡrum/,/nˈiɡram/,/nˈiɡrae̯/,/sˈeːram/,/dˈekem/,/mˈollam/,/stˈeːllam/,/bˈonam/,/mˈea/,/mˈontem/,/parˈentem/,/saːnitˈaːtem/,/pˌortˈaːbat/,/kiːwitˈaːtem/,/dˈiːkoː/,/krˈeːskis/,/ekskˈawum/,/ˌekskˈawuloː/,/ˌekskˈawulat/,/ˌekskˈawriat/,/skˈoβra/,/tˈempum/,/famˈiliam/,/ˈipsum/,/mˈaɡis/
R0,,,,,,,,,,,,,,,,,,,,,,,,,,,,,,,,,,,,,,,,,,,,,,,,,,,,,,,,,,,,,,,,,,,,,,,,,,,,,,,,,,,,,,,,,,,,,,,,,,,,,,,,,,,,,,,,,,,,,,,,,,,,,,,,,,,,,,,,,,,,,,,,,,,,,,,,,,,,,,,,,,,,,,,,,,,,,,,,,,,,,,,,,,,,,,,,,,,,,,,,,,,,,,,,,,,,,,,,,,,,,,,,,,,,,,,,,,,,,,,,,,,,,,,,,,,,,,,,,,,,,,,,,,,,,,,,,,,,,,,,,,,,,,,,,,,,,,,,,,,,,,,,,,,,,,,,,,,,,,,,,,,,,,,,,,,,,,,,,,,,,,,,,,,,,,,,,,,,,,,,,,,,,,,,,,,,,,,,,,,,,,,,,,,,,,,,,,,,,,,,,,,,,,,,,,,,,,,,,,,,,,,,,,,,,,,,,,,,,,,,,,,,,,,,,,,,,,,,,,,,,,,,,,,,,,,,,,,,,,,,,,,,,,,,,,,,,,,,,,,,,,,,,,,,,,,,,,,,,,,,,,,,,,,,,,,,,,,,,,,,,,,,,,,,,,,,,,,,,,,,,,,,,,,,,,,,,,,,,,,,,,,,,,,,,,,,,,,,,,,,,,,,,,,,,,,,,,,,,,,,,,,,,,,,,,,,,,,,,,,,,,,,,,,,,,,,,,,,,,,,,,,,,,,,,,,,,,,,,,,,,,,,,,,,,,,,,,,,,,,,,,,,,,,,,,,,,,,,,,,,,,,,,,,,,,,,,,,,,,,,,,,,,,,,,,,,,,,,,,,,,,,,,,,,,,,,,,,,,,,,,,,,,,,,,,,,,,,,,,,,,,,,,,,,,,,,,,,,,,,,,,,,,,,,,,,,,,,,,,,,,,,,,,,,,,,,,,,,,,,,,,,,,,,,,,,,,,,,,,,,,,,,,,,,,,,,,,,,,,,,,,,,,,,,,,,,,,,,,,,,,,,,,,,,,,,,,,,,,,,,,,,,,,,,,,,,,,,,,,,,,,,,,,,,,,,,,,,,,,,,,,,,,,,,,,,,,,,,,,,,,,,,,,,,,,,,,,,,,,,,,,,,,,,,,,,,,,,,,,,,,,,,,,,,,,,,,,,,,,,,,,,,,,,,,,,,,,,,,,,,,,,,,,,,,,,,,,,,,,,,,,,,,,,,,,,,,,,,,,,,,,,,,,,,,,,,,,,,,,,,,,,,,,,,,,,,,,,,,,,,,,,,,,,,,,,,,,,,,,,,,,,,,,,,,,,,,,,,,,,,,,,,,,,,,,,,,,,,,,,,,,,,,,,,,,,,,,,,,,,,,,,,,,,,,,,,,,,,,,,,,,,,,,,,,,,,,,,,,,,,,,,,,,,,,,,,,,,,,,,,,,,,,,,,,,,,,,,,,,,,,,,,,,,,,,,,,,,,,,,,,,,,,,,,,,,,,,,,,,,,,,,,,,,,,,,,,,,,,,,,,,,,,,,,,,,,,,,,,,,,,,,,,,,,,,,,,,,,,,,,,,,,,,,,,,,,,,,
R1,,,,,,,,,,,,,,,,,,,,,,,,,,,,,,,,,,,,,,,,,,,,,,,,,,,,,,,,,,,,,,,,,,,,,,,,,,,,,,,,,,,,,,,,,,,,,,,,,,,,,,,,,,,,,,,,,,,,,,,,,,,,,,,,,,,,,,,,,,,,,,,,,,,,,,,,,,,,,,,,,,,,,,,,,,,,,,,,,,,,,,,,,,,,,,,,,,,,,,,,,,,,,,,,,,,,,,,,,,,,,,,,,,,,,,,,,,,,,,,,,,,,,,,,,,,,,,,,,,,,,,,,,,,,,,,,,,,,,,,,,,,,,,,,,,,,,,,,,,,,,,,,,,,,,,,,,,,,,,,,,,,,,,,,,,,,,,,,,,,,,,,,,,,,,,,,,,,,,,,,,,,,,,,,,,,,,,,,,,,,,,,,,,,,,,,,,,,,,,,,,,,,,,,,,,,,,,,,,,,,,,,,,,,,,,,,,,,,,,,,,,,,,,,,,,,,,,,,,,,,,,,,,,,,,,,,,,,,,,,,,,,,,,,,,,,,,,,,,,,,,,,,,,,,,,,,,,,,,,,,,,,,,,,,,,,,,,,,,,,,,,,,,,,,,,,,,,,,,,,,,,,,,,,,,,,,,,,,,,,,,,,,,,,,,,,,,,,,,,,,,,,,,,,,,,,,,,,,,,,,,,,,,,,,,,,,,,,,,,,,,,,,,,,,,,,,,,,,,,,,,,,,,,,,,,,,,,,,,,,,,,,,,,,,,,,,,,,,,,,,,,,,,,,,,,,,,,,,,,,,,,,,,,,,,,,,,,,,,,,,,,,,,,,,,,,,,,,,,,,,,,,,,,,,,,,,,,,,,,,,,,,,,,,,,,,,,,,,,,,,,,,,,,,,,,,,,,,,,,,,,,,,,,,,,,,,,,,,,,,,,,,,,,,,,,,,,,,,,,,,,,,,,,,,,,,,,,,,,,,,,,,,,,,,,,,,,,,,,,,,,,,,,,,,,,,,,,,,,,,,,,,,,,,,,,,,,,,,,,,,,,,,,,,,,,,,,,,,,,,,,,,,,,,,,,,,,,,,,,,,,,,,,,,,,,,,,,,,,,,,,,,,,,,,,,,,,,,,,,,,,,,,,,,,,,,,,,,,,,,,,,,,,,,,,,,,,,,,,,,,,,,,,,,,,,,,,,,,,,,,,,,,,,,,,,,,,,,,,,,,,,,,,,,,,,,,,,,,,,,,,,,,,,,,,,,,,,,,,,,,,,,,,,,,,,,,,,,,,,,,,,,,,,,,,,,,,,,,,,,,,,,,,,,,,,,,,,,,,,,,,,,,,,,,,,,,,,,,,,,,,,,,,,,,,,,,,,,,,,,,,,,,,,,,,,,,,,,,,,,,,,,,,,,,,,,,,,,,,,,,,,,,,,,,,,,,,,,,,,,,,,,,,,,,,,,,,,,,,,,,,,,,,,,,,,,,,,,,,,,,,,,,,,,,,,,,,,,,,,,,,,,,,,,,,,,,,,,,,,,,,,,,,,,,,,,,,,,,,,,,,,,,,,,,,,,,,,,,,,,,,,,,,,,,,,,,,,,
R2,,,,,,,,,,,,,,,,,,,,,,,,,,,,,,,,,,,,,,,,,,,,,,,,,,,,,,,,,,,,,,,,,,,,,,,,,,,,,,,,,,,,,,,,,,,,,,,,,,,,,,,,,,,,,,,,,,,,,,,,,,,,,,,,,,,,,,,,,,,,,,,,,,,,,,,,,,,,,,,,,,,,,,,,,,,,,,,,,,,,,,,,,,,,,,,,,,,,,,,,,,,,,,,,,,,,,,,,,,,,,,,,,,,,,,,,,,,,,,,,,,,,,,,,,,,,,,,,,,,,,,,,,,,,,,,,,,,,,,,,,,,,,,,,,,,,,,,,,,,,,,,,,,,,,,,,,,,,,,,,,,,,,,,,,,,,,,,,,,,,,,,,,,,,,,,,,,,,,,,,,,,,,,,,,,,,,,,,,,,,,,,,,,,,,,,,,,,,,,,,,,,,,,,,,,,,,,,,,,,,,,,,,,,,,,,,,,,,,,,,,,,,,,,,,,,,,,,,,,,,,,,,,,,,,,,,,,,,,,,,,,,,,,,,,,,,,,,,,,,,,,,,,,,,,,,,,,,,,,,,,,,,,,,,,,,,,,,,,,,,,,,,,,,,,,,,,,,,,,,,,,,,,,,,,,,,,,,,,,,,,,,,,,,,,,,,,,,,,,,,,,,,,,,,,,,,,,,,,,,,,,,,,,,,,,,,,,,,,,,,,,,,,,,,,,,,,,,,,,,,,,,,,,,,,,,,,,,,,,,,,,,,,,,,,,,,,,,,,,,,,,,,,,,,,,,,,,,,,,,,,,,,,,,,,,,,,,,,,,,,,,,,,,,,,,,,,,,,,,,,,,,,,,,,,,,,,,,,,,,,,,,,,,,,,,,,,,,,,,,,,,,,,,,,,,,,,,,,,,,,,,,,,,,,,,,,,,,,,,,,,,,,,,,,,,,,,,,,,,,,,,,,,,,,,,,,,,,,,,,,,,,,,,,,,,,,,,,,,,,,,,,,,,,,,,,,,,,,,,,,,,,,,,,,,,,,,,,,,,,,,,,,,,,,,,,,,,,,,,,,,,,,,,,,,,,,,,,,,,,,,,,,,,,,,,,,,,,,,,,,,,,,,,,,,,,,,,,,,,,,,,,,,,,,,,,,,,,,,,,,,,,,,,,,,,,,,,,,,,,,,,,,,,,,,,,,,,,,,,,,,,,,,,,,,,,,,,,,,,,,,,,,,,,,,,,,,,,,,,,,,,,,,,,,,,,,,,,,,,,,,,,,,,,,,,,,,,,,,,,,,,,,,,,,,,,,,,,,,,,,,,,,,,,,,,,,,,,,,,,,,,,,,,,,,,,,,,,,,,,,,,,,,,,,,,,,,,,,,,,,,,,,,,,,,,,,,,,,,,,,,,,,,,,,,,,,,,,,,,,,,,,,,,,,,,,,,,,,,,,,,,,,,,,,,,,,,,,,,,,,,,,,,,,,,,,,,,,,,,,,,,,,,,,,,,,,,,,,,,,,,,,,,,,,,,,,,,,,,,,,,,,,,,,,,,,,,,,,,,,,,,,,,,,,,,,,,,,,,,,,,,,,,,,,,,,,,,,
R3,,,,,,,,,,,,,,,,,,,,,,,,,,,,,,,,,,,,,,,,,,,,,,,,,,,,,,,,,,,,,,,,,,,,,,,,,,,,,,,,,,,,,,,,,,,,,,,,,,,,,,,,,,,,,,,,,,,,,,,,,,,,,,,,,,,,,,,,,,,,,,,,,,,,,,,,,,,,,,,,,,,,,,,,,,,,,,,,,,,,,,,,,,,,,,,,,,,,,,,,,,,,,,,,,,,,,,,,,,,,,,,,,,,,,,,,,,,,,,,,,,,,,,,,,,,,,,,,,,,,,,,,,,,,,,,,,,,,,,,,,,,,,,,,,,,,,,,,,,,,,,,,,,,,,,,,,,,,,,,,,,,,,,,,,,,,,,,,,,,,,,,,,,,,,,,,,,,,,,,,,,,,,,,,,,,,,,,,,,,,,,,,,,,,,,,,,,,,,,,,,,,,,,,,,,,,,,,,,,,,,,,,,,,,,,,,,,,,,,,,,,,,,,,,,,,,,,,,,,,,,,,,,,,,,,,,,,,,,,,,,,,,,,,,,,,,,,,,,,,,,,,,,,,,,,,,,,,,,,,,,,,,,,,,,,,,,,,,,,,,,,,,,,,,,,,,,,,,,,,,,,,,,,,,,,,,,,,,,,,,,,,,,,,,,,,,,,,,,,,,,,,,,,,,,,,,,,,,,,,,,,,,,,,,,,,,,,,,,,,,,,,,,,,,,,,,,,,,,,,,,,,,,,,,,,,,,,,,,,,,,,,,,,,,,,,,,,,,,,,,,,,,,,,,,,,,,,,,,,,,,,,,,,,,,,,,,,,,,,,,,,,,,,,,,,,,,,,,,,,,,,,,,,,,,,,,,,,,,,,,,,,,,,,,,,,,,,,,,,,,,,,,,,,,,,,,,,,,,,,,,,,,,,,,,,,,,,,,,,,,,,,,,,,,,,,,,,,,,,,,,,,,,,,,,,,,,,,,,,,,,,,,,,,,,,,,,,,,,,,,,,,,,,,,,,,,,,,,,,,,,,,,,,,,,,,,,,,,,,,,,,,,,,,,,,,,,,,,,,,,,,,,,,,,,,,,,,,,,,,,,,,,,,,,,,,,,,,,,,,,,,,,,,,,,,,,,,,,,,,,,,,,,,,,,,,,,,,,,,,,,,,,,,,,,,,,,,,,,,,,,,,,,,,,,,,,,,,,,,,,,,,,,,,,,,,,,,,,,,,,,,,,,,,,,,,,,,,,,,,,,,,,,,,,,,,,,,,,,,,,,,,,,,,,,,,,,,,,,,,,,,,,,,,,,,,,,,,,,,,,,,,,,,,,,,,,,,,,,,,,,,,,,,,,,,,,,,,,,,,,,,,,,,,,,,,,,,,,,,,,,,,,,,,,,,,,,,,,,,,,,,,,,,,,,,,,,,,,,,,,,,,,,,,,,,,,,,,,,,,,,,,,,,,,,,,,,,,,,,,,,,,,,,,,,,,,,,,,,,,,,,,,,,,,,,,,,,,,,,,,,,,,,,,,,,,,,,,,,,,,,,,,,,,,,,,,,,,,,,,,,,,,,,,,,,,,,,,,,,,,,,,,,,,,,,,,,,,
R4,,,,,,,,,,,,,,,,,,,,,,,,,,,,,,,,,,,,,,,,,,,,,,,,,,,,,,,,,,,,,,,,,,,,,,,,,,,,,,,,,,,,,,,,,,,,,,,,,,,,,,,,,,,,,,,,,,,,,,,,,,,,,,,,,,,,,,,,,,,,,,,,,,,,,,,,,,,,,,,,,,,,,,,,,,,,,,,,,,,,,,,,,,,,,,,,,,,,,,,,,,,,,,,,,,,,,,,,,,,,,,,,,,,,,,,,,,,,,,,,,,,,,,,,,,,,,,,,,,,,,,,,,,,,,,,,,,,,,,,,,,,,,,,,,,,,,,,,,,,,,,,,,,,,,,,,,,,,,,,,,,,,,,,,,,,,,,,,,,,,,,,,,,,,,,,,,,,,,,,,,,,,,,,,,,,,,,,,,,,,,,,,,,,,,,,,,,,,,,,,,,,,,,,,,,,,,,,,,,,,,,,,,,,,,,,,,,,,,,,,,,,,,,,,,,,,,,,,,,,,,,,,,,,,,,,,,,,,,,,,,,,,,,,,,,,,,,,,,,,,,,,,,,,,,,,,,,,,,,,,,,,,,,,,,,,,,,,,,,,,,,,,,,,,,,,,,,,,,,,,,,,,,,,,,,,,,,,,,,,,,,,,,,,,,,,,,,,,,,,,,,,,,,,,,,,,,,,,,,,,,,,,,,,,,,,,,,,,,,,,,,,,,,,,,,,,,,,,,,,,,,,,,,,,,,,,,,,,,,,,,,,,,,,,,,,,,,,,,,,,,,,,,,,,,,,,,,,,,,,,,,,,,,,,,,,,,,,,,,,,,,,,,,,,,,,,,,,,,,,,,,,,,,,,,,,,,,,,,,,,,,,,,,,,,,,,,,,,,,,,,,,,,,,,,,,,,,,,,,,,,,,,,,,,,,,,,,,,,,,,,,,,,,,,,,,,,,,,,,,,,,,,,,,,,,,,,,,,,,,,,,,,,,,,,,,,,,,,,,,,,,,,,,,,,,,,,,,,,,,,,,,,,,,,,,,,,,,,,,,,,,,,,,,,,,,,,,,,,,,,,,,,,,,,,,,,,,,,,,,,,,,,,,,,,,,,,,,,,,,,,,,,,,,,,,,,,,,,,,,,,,,,,,,,,,,,,,,,,,,,,,,,,,,,,,,,,,,,,,,,,,,,,,,,,,,,,,,,,,,,,,,,,,,,,,,,,,,,,,,,,,,,,,,,,,,,,,,,,,,,,,,,,,,,,,,,,,,,,,,,,,,,,,,,,,,,,,,,,,,,,,,,,,,,,,,,,,,,,,,,,,,,,,,,,,,,,,,,,,,,,,,,,,,,,,,,,,,,,,,,,,,,,,,,,,,,,,,,,,,,,,,,,,,,,,,,,,,,,,,,,,,,,,,,,,,,,,,,,,,,,,,,,,,,,,,,,,,,,,,,,,,,,,,,,,,,,,,,,,,,,,,,,,,,,,,,,,,,,,,,,,,,,,,,,,,,,,,,,,,,,,,,,,,,,,,,,,,,,,,,,,,,,,,,,,,,,,,,,,,,,,,,,,,,,,,,,,,,,,,,,,,,,,,,,,,,,,,
R5,,,,,,,,,,,,,,,,,,,,,,,,,,,,,,,,,,,,,,,,,,,,,,,,,,,,,,,,,,,,,,,,,,,,,,,,,,,,,,,,,,,,,,,,,,,,,,,,,,,,,,,,,,,,,,,,,,,,,,,,,,,,,,,,,,,,,,,,,,,,,,,,,,,,,,,,,,,,,,,,,,,,,,,,,,,,,,,,,,,,,,,,,,,,,,,,,,,,,,,,,,,,,,,,,,,,,,,,,,,,,,,,,,,,,,,,,,,,,,,,,,,,,,,,,,,,,,,,,,,,,,,,,,,,,,,,,,,,,,,,,,,,,,,,,,,,,,,,,,,,,,,,,,,,,,,,,,,,,,,,,,,,,,,,,,,,,,,,,,,,,,,,,,,,,,,,,,,,,,,,,,,,,,,,,,,,,,,,,,,,,,,,,,,,,,,,,,,,,,,,,,,,,,,,,,,,,,,,,,,,,,,,,,,,,,,,,,,,,,,,,,,,,,,,,,,,,,,,,,,,,,,,,,,,,,,,,,,,,,,,,,,,,,,,,,,,,,,,,,,,,,,,,,,,,,,,,,,,,,,,,,,,,,,,,,,,,,,,,,,,,,,,,,,,,,,,,,,,,,,,,,,,,,,,,,,,,,,,,,,,,,,,,,,,,,,,,,,,,,,,,,,,,,,,,,,,,,,,,,,,,,,,,,,,,,,,,,,,,,,,,,,,,,,,,,,,,,,,,,,,,,,,,,,,,,,,,,,,,,,,,,,,,,,,,,,,,,,,,,,,,,,,,,,,,,,,,,,,,,,,,,,,,,,,,,,,,,,,,,,,,,,,,,,,,,,,,,,,,,,,,,,,,,,,,,,,,,,,,,,,,,,,,,,,,,,,,,,,,,,,,,,,,,,,,,,,,,,,,,,,,,,,,,,,,,,,,,,,,,,,,,,,,,,,,,,,,,,,,,,,,,,,,,,,,,,,,,,,,,,,,,,,,,,,,,,,,,,,,,,,,,,,,,,,,,,,,,,,,,,,,,,,,,,,,,,,,,,,,,,,,,,,,,,,,,,,,,,,,,,,,,,,,,,,,,,,,,,,,,,,,,,,,,,,,,,,,,,,,,,,,,,,,,,,,,,,,,,,,,,,,,,,,,,,,,,,,,,,,,,,,,,,,,,,,,,,,,,,,,,,,,,,,,,,,,,,,,,,,,,,,,,,,,,,,,,,,,,,,,,,,,,,,,,,,,,,,,,,,,,,,,,,,,,,,,,,,,,,,,,,,,,,,,,,,,,,,,,,,,,,,,,,,,,,,,,,,,,,,,,,,,,,,,,,,,,,,,,,,,,,,,,,,,,,,,,,,,,,,,,,,,,,,,,,,,,,,,,,,,,,,,,,,,,,,,,,,,,,,,,,,,,,,,,,,,,,,,,,,,,,,,,,,,,,,,,,,,,,,,,,,,,,,,,,,,,,,,,,,,,,,,,,,,,,,,,,,,,,,,,,,,,,,,,,,,,,,,,,,,,,,,,,,,,,,,,,,,,,,,,,,,,,,,,,,,,,,,,,,,,,,,,,,,,,,,,,,,,,,,,,,,,,,,,,,,,,,,,
R6,,,,,,,,,,,,,,,,,,,,,,,,,,,,,,,,,,,,,,,,,,,,,,,,,,,,,,,,,,,,,,,,,,,,,,,,,,,,,,,,,,,,,,,,,,,,,,,,,,,,,,,,,,,,,,,,,,,,,,,,,,,,,,,,,,,,,,,,,,,,,,,,,,,,,,,,,,,,,,,,,,,,,,,,,,,,,,,,,,,,,,,,,,,,,,,,,,,,,,,,,,,,,,,,,,,,,,,,,,,,,,,,,,,,,,,,,,,,,,,,,,,,,,,,,,,,,,,,,,,,,,,,,,,,,,,,,,,,,,,,,,,,,,,,,,,,,,,,,,,,,,,,,,,,,,,,,,,,,,,,,,,,,,,,,,,,,,,,,,,,,,,,,,,,,,,,,,,,,,,,,,,,,,,,,,,,,,,,,,,,,,,,,,,,,,,,,,,,,,,,,,,,,,,,,,,,,,,,,,,,,,,,,,,,,,,,,,,,,,,,,,,,,,,,,,,,,,,,,,,,,,,,,,,,,,,,,,,,,,,,,,,,,,,,,,,,,,,,,,,,,,,,,,,,,,,,,,,,,,,,,,,,,,,,,,,,,,,,,,,,,,,,,,,,,,,,,,,,,,,,,,,,,,,,,,,,,,,,,,,,,,,,,,,,,,,,,,,,,,,,,,,,,,,,,,,,,,,,,,,,,,,,,,,,,,,,,,,,,,,,,,,,,,,,,,,,,,,,,,,,,,,,,,,,,,,,,,,,,,,,,,,,,,,,,,,,,,,,,,,,,,,,,,,,,,,,,,,,,,,,,,,,,,,,,,,,,,,,,,,,,,,,,,,,,,,,,,,,,,,,,,,,,,,,,,,,,,,,,,,,,,,,,,,,,,,,,,,,,,,,,,,,,,,,,,,,,,,,,,,,,,,,,,,,,,,,,,,,,,,,,,,,,,,,,,,,,,,,,,,,,,,,,,,,,,,,,,,,,,,,,,,,,,,,,,,,,,,,,,,,,,,,,,,,,,,,,,,,,,,,,,,,,,,,,,,,,,,,,,,,,,,,,,,,,,,,,,,,,,,,,,,,,,,,,,,,,,,,,,,,,,,,,,,,,,,,,,,,,,,,,,,,,,,,,,,,,,,,,,,,,,,,,,,,,,,,,,,,,,,,,,,,,,,,,,,,,,,,,,,,,,,,,,,,,,,,,,,,,,,,,,,,,,,,,,,,,,,,,,,,,,,,,,,,,,,,,,,,,,,,,,,,,,,,,,,,,,,,,,,,,,,,,,,,,,,,,,,,,,,,,,,,,,,,,,,,,,,,,,,,,,,,,,,,,,,,,,,,,,,,,,,,,,,,,,,,,,,,,,,,,,,,,,,,,,,,,,,,,,,,,,,,,,,,,,,,,,,,,,,,,,,,,,,,,,,,,,,,,,,,,,,,,,,,,,,,,,,,,,,,,,,,,,,,,,,,,,,,,,,,,,,,,,,,,,,,,,,,,,,,,,,,,,,,,,,,,,,,,,,,,,,,,,,,,,,,,,,,,,,,,,,,,,,,,,,,,,,,,,,,,,,,,,,,,,,,,,,,,,,,,,,,,,,,,,,,,,,
R7,,,,,,,,,,,,,,,,,,,,,,,,,,,,,,,,,,,,,,,,,,,,,,,,,,,,,,,,,,,,,,,,,,,,,,,,,,,,,,,,,,,,,,,,,,,,,,,,,,,,,,,,,,,,,,,,,,,,,,,,,,,,,,,,,,,,,,,,,,,,,,,,,,,,,,,,,,,,,,,,,,,,,,,,,,,,,,,,,,,,,,,,,,,,,,,,,,,,,,,,,,,,,,,,,,,,,,,,,,,,,,,,,,,,,,,,,,,,,,,,,,,,,,,,,,,,,,,,,,,,,,,,,,,,,,,,,,,,,,,,,,,,,,,,,,,,,,,,,,,,,,,,,,,,,,,,,,,,,,,,,,,,,,,,,,,,,,,,,,,,,,,,,,,,,,,,,,,,,,,,,,,,,,,,,,,,,,,,,,,,,,,,,,,,,,,,,,,,,,,,,,,,,,,,,,,,,,,,,,,,,,,,,,,,,,,,,,,,,,,,,,,,,,,,,,,,,,,,,,,,,,,,,,,,,,,,,,,,,,,,,,,,,,,,,,,,,,,,,,,,,,,,,,,,,,,,,,,,,,,,,,,,,,,,,,,,,,,,,,,,,,,,,,,,,,,,,,,,,,,,,,,,,,,,,,,,,,,,,,,,,,,,,,,,,,,,,,,,,,,,,,,,,,,,,,,,,,,,,,,,,,,,,,,,,,,,,,,,,,,,,,,,,,,,,,,,,,,,,,,,,,,,,,,,,,,,,,,,,,,,,,,,,,,,,,,,,,,,,,,,,,,,,,,,,,,,,,,,,,,,,,,,,,,,,,,,,,,,,,,,,,,,,,,,,,,,,,,,,,,,,,,,,,,,,,,,,,,,,,,,,,,,,,,,,,,,,,,,,,,,,,,,,,,,,,,,,,,,,,,,,,,,,,,,,,,,,,,,,,,,,,,,,,,,,,,,,,,,,,,,,,,,,,,,,,,,,,,,,,,,,,,,,,,,,,,,,,,,,,,,,,,,,,,,,,,,,,,,,,,,,,,,,,,,,,,,,,,,,,,,,,,,,,,,,,,,,,,,,,,,,,,,,,,,,,,,,,,,,,,,,,,,,,,,,,,,,,,,,,,,,,,,,,,,,,,,,,,,,,,,,,,,,,,,,,,,,,,,,,,,,,,,,,,,,,,,,,,,,,,,,,,,,,,,,,,,,,,,,,,,,,,,,,,,,,,,,,,,,,,,,,,,,,,,,,,,,,,,,,,,,,,,,,,,,,,,,,,,,,,,,,,,,,,,,,,,,,,,,,,,,,,,,,,,,,,,,,,,,,,,,,,,,,,,,,,,,,,,,,,,,,,,,,,,,,,,,,,,,,,,,,,,,,,,,,,,,,,,,,,,,,,,,,,,,,,,,,,,,,,,,,,,,,,,,,,,,,,,,,,,,,,,,,,,,,,,,,,,,,,,,,,,,,,,,,,,,,,,,,,,,,,,,,,,,,,,,,,,,,,,,,,,,,,,,,,,,,,,,,,,,,,,,,,,,,,,,,,,,,,,,,,,,,,,,,,,,,,,,,,,,,,,,,,,,,,,,,,,,,,,,,,,,,,,,,,,,,,
R8,,,,,,,,,,,,,,,,,,,,,,,,,,,,,,,,,,,,,,,,,,,,,,,,,,,,,,,,,,,,,,,,,,,,,,,,,,,,,,,,,,,,,,,,,,,,,,,,,,,,,,,,,,,,,,,,,,,,,,,,,,,,,,,,,,,,,,,,,,,,,,,,,,,,,,,,,,,,,,,,,,,,,,,,,,,,,,,,,,,,,,,,,,,,,,,,,,,,,,,,,,,,,,,,,,,,,,,,,,,,,,,,,,,,,,,,,,,,,,,,,,,,,,,,,,,,,,,,,,,,,,,,,,,,,,,,,,,,,,,,,,,,,,,,,,,,,,,,,,,,,,,,,,,,,,,,,,,,,,,,,,,,,,,,,,,,,,,,,,,,,,,,,,,,,,,,,,,,,,,,,,,,,,,,,,,,,,,,,,,,,,,,,,,,,,,,,,,,,,,,,,,,,,,,,,,,,,,,,,,,,,,,,,,,,,,,,,,,,,,,,,,,,,,,,,,,,,,,,,,,,,,,,,,,,,,,,,,,,,,,,,,,,,,,,,,,,,,,,,,,,,,,,,,,,,,,,,,,,,,,,,,,,,,,,,,,,,,,,,,,,,,,,,,,,,,,,,,,,,,,,,,,,,,,,,,,,,,,,,,,,,,,,,,,,,,,,,,,,,,,,,,,,,,,,,,,,,,,,,,,,,,,,,,,,,,,,,,,,,,,,,,,,,,,,,,,,,,,,,,,,,,,,,,,,,,,,,,,,,,,,,,,,,,,,,,,,,,,,,,,,,,,,,,,,,,,,,,,,,,,,,,,,,,,,,,,,,,,,,,,,,,,,,,,,,,,,,,,,,,,,,,,,,,,,,,,,,,,,,,,,,,,,,,,,,,,,,,,,,,,,,,,,,,,,,,,,,,,,,,,,,,,,,,,,,,,,,,,,,,,,,,,,,,,,,,,,,,,,,,,,,,,,,,,,,,,,,,,,,,,,,,,,,,,,,,,,,,,,,,,,,,,,,,,,,,,,,,,,,,,,,,,,,,,,,,,,,,,,,,,,,,,,,,,,,,,,,,,,,,,,,,,,,,,,,,,,,,,,,,,,,,,,,,,,,,,,,,,,,,,,,,,,,,,,,,,,,,,,,,,,,,,,,,,,,,,,,,,,,,,,,,,,,,,,,,,,,,,,,,,,,,,,,,,,,,,,,,,,,,,,,,,,,,,,,,,,,,,,,,,,,,,,,,,,,,,,,,,,,,,,,,,,,,,,,,,,,,,,,,,,,,,,,,,,,,,,,,,,,,,,,,,,,,,,,,,,,,,,,,,,,,,,,,,,,,,,,,,,,,,,,,,,,,,,,,,,,,,,,,,,,,,,,,,,,,,,,,,,,,,,,,,,,,,,,,,,,,,,,,,,,,,,,,,,,,,,,,,,,,,,,,,,,,,,,,,,,,,,,,,,,,,,,,,,,,,,,,,,,,,,,,,,,,,,,,,,,,,,,,,,,,,,,,,,,,,,,,,,,,,,,,,,,,,,,,,,,,,,,,,,,,,,,,,,,,,,,,,,,,,,,,,,,,,,,,,,,,,,,,,,,,,,,,,,,,,,,,
R9,,,,,,,,,,,,,,,,,,,,,,,,,,,,,,,,*/ˌarˈaːmam/,,,,,,,,,,,,,,,,,,,,,,,,,,,,,,,,,,,,,,,,,,,,,,,,,,,,,,,,,,,,,,,,,,,,,,,,,,,,,,,,,,,,,,,,,,,,,,,,,,,,,,,,,,,,,,,,,,,,,,,,,,,,,,,,,,,,,,,,,,,,,,,,,,,,,,,,,,,,,,,,,,,,,,,,,,,,,,,,,,,,,,,,,,,,,,,,,,,,,,,,,,,,,,,,,,,,,,,,,,,,,,,,,,,,,,,,,,,,,,,,,,,,,,,,,,,,,,,,,,,,,,,,,,,,,,,,,,,,,,,,,,,,,,,,,,,,,,,,,,,,,,,,,,,,,,,,,,,,,,,,,,,,,,,,,,,,,,,,,,,,,,,,,,,,,,,,,,,,,,,,,,,,,,,,,,,,,,,,,,,,,,,,,,,,,,,,,,,,,,,,,,,,,,,,,,,,,,,,,,,,,,,,,,,,,,,,,,,,,,,,,,,,,,,,,,,,,,,,,,,,,,,,,,,,,,,,,,,,,,,,,,,,,,,,,,,,,,,,,,,,,,,,,,,,,,,,,,,,,,,,,,,,,,,,,,,,,,,,,,,,,,,,,,,,,,,,,,,,,,,,,,,,,,,,,,,*/ˌaruːɡˈiːna/,,,,,,,,,,,,,,,,,,,,,,,,,,,,,,,,,,,,,,,,,,,,,,,,,,,,,,,,,,,,,,,,,,,,,,,,,,,,,,,,,,,,,,,,,,,,,,,,,,,,,,,,,,,,,,,,,,,,,,,,,,,,,,,,,,,,,,,,,,,,,,,,,,,,,,,,,,,,,,,,,,,,,,,,,,,,,,,,,,,,,,,,,,,,,,,,,,,,,,,,,,,,,,,,,,,,,,,,,,,,,,,,,,,,,,,,,,,,,,,,,,,,,,,,,,,,,,,,,,,,,,,,,,,,,,,,,,,,,,,,,,,,,,,,,,,,,,,,,,,,,,,,,,,,,,,,,,,,,,,,,,,,,,,,,,,,,,,,,,,,,,,,,,,,,,,,,,,,,,,,,,,,,,,,,,,,,,,,,,,,,,,,,,,,,,,,,,,,,,,,,,,,,,,,,,,,,,,,,,,,,,,,,,,,,,,,,,,,,,,,,,,,,,,,,,,,,,,,,,,,,,,,,,,,,,,,,,,,,,,,,,,,,,,,,,,,,,,,,,,,,,,,,,,,,,,,,,,,,,,,,,,,,,,,,,,,,,,,,,,,,,,,,,,,,,,,,,,,,,,,,,,,,,,,,,,,,,,,,,,,,,,,,,,,,,,,,,,,,,,,,,,,,,,,,,,,,,,,,,,,,,,,,,,,,,,,,,,,,,,,,,,,,,,,,,,,,,,,,,,,,,,,,,,,,,,,,,,,,,,,,,,,,,,,,,,,,,,,,,,,,,,,,,,,,,,,,,,,,,,,,,,,,,,,,,,,,,,,,,,,,,,,,,,,,,,,,,,,,,,,,,,,,,,,,,,,,,,,,,,,,,,,,,,,,,,,,,,,,,,,,,,,,,,,,,,,,,,,,,,,,,,,,,,,,,,,
R10,,,,,,,,,,,,,,,,,,,,,,,,,,,,,,,,,,,,,,,,,,,,,,,,,,,,,,,,,,,,,,,,,,,,,,,,,,,,,,,,,,,,,,,,,,,,,,,,,,,,,,,,,,,,,,,,,,,,,,,,,,,,,,,,,,,,,,,,,,,,,,,,,,,,,,,,,,,,,,,,,,,,,,,,,,,,,,*/prˌadˈaː/,,,,,,,,,,,,,,,,,,,,,,,,,,,,,,,,,,,,,,,,,,,,,,,,,,,,,,,,,,,,,,,,,,,,,,,,,,,,,,,,,,,,,,,,,,,,,,,,,,,,,,,,,,,,,,,,,,,,,,,,,,,,,,,,,,,,,,,,,,,,,,,,,,,,,,,,,,,,,,,,,,,,,,,,,,,,,,,*/pˌanitˈaː/,,,,,,,,,,,,,,,,,,,,,,,,,,,,,,,,,,,,,,,,,,,,,,,,,,,,,,,,,,,,,,,,,,,,,,,,,,,,,,,,,,,,,,,,,,,,,,,,,,,,,,,,,,,,,,,,,,,,,,,,,,,,,,,,,,,,,,,,,,,,,,,,,,,,,,,,,,,,,,,,,,,,,,,,,,,,,,,,,,,,,,,,,,,,,,,,,,,,,,,,,,,,,,,,,,,,,,,,,,,,,,,,,,,,,,,,,,,,,,,,,,,,,,,,,,,,,,,,,,,,,,,,,,,,,,,,,,,,,,,,,,,,,,,,,,,,,,,,,,,,,,,,,,,,,,,,,,,,,,,,,,,,,,,,,,,,,,,,,,,,,,,,,,,,,,,,,,,,,,,,,,,,,,,,,,,,,,,,,,,,,,,,,,,,,,,,,,,,,,,,,,,,,,,,,,,,,,,,,,,,,,,,,,,,,,,,,,,,,,,,,,,,,,,,,,,,,,,,,,,,,,,,,,,,,,,,,,,,,,,,,,,,,,,,,,,,,,,,,,,,,,,,,,,,,,,,,,,,,,,,,,,,,,,,,,,,,,,,,,,,,,,,,,,,,,,,,,,,,,,,,,,,,,,,,,,,,,,,,,,,,,,,,,,,,,,,,,,,,,,,,,,,,,,,,,,,,,,,,,,,,,,,,,,,,,,,,,,,,,,,,,,,,,,,,,,,,,,,,,,,,,,,,,,,,,,,,,,,,,,,,,,,,,,,,,,,,,,,,,,,,,,,,,,,,,,,,,,,,,,,,,,,,,,,,,,,,,,,,,,,,,,,,,,,,,,,,,,,,,,,,,,,,,,,,,,,,,,,,,,,,,,,,,,,,,,,,,,,,,,,,,,,,,,,,,,,,,,,,,,,,,,,,,,,,,,,,,,,,,,,,,,,,,,,,,,,,,,,,,,,,,,,,,,,,,,,,,,,,,,,,,,,,,,,,,,,,,,,,,,,,*/prˈadam/,,,,,,,,,,,,*/pˈanulam/,,,,,,,,,,,,,,,,,,,,,,,,,,,,,,,,,,,,,,,,,,,,,,,,,,,,,,,,,,,,,,,,,,,,,,,,,,,,,,,,,,,,,,,,,,,,,,,,,,,,,,,,,,,,,,,,,,,,,,,,,,,,,,,,,,,,,,,,,,,,,,,,,,,,,,,,,,,,,,,,,,,,,,,,,,,,,
R11,,,,,,,,,,,,,,,,,,,,,,,,,,,,,,,,,,,,,,,,,,,,,,,,,,,,,,,,,,,,,,*/ˌamendˈuj/,,,,,,,,,,,,,,,,,,,,,,,,,,,,,,,,,,,,,,,,,,,,,,,,,,,,,,,,,,,,,,,,,,,,,,,,,,,,,,,,,,,,,,,,,,,,,,,,,,,,,,,,,,,,,,,,,,,,,,,,,,,,,,,,,,,,,,,,,,,,,,,,,,,,,,,,,,,,,,,,,,,,,,,,,,,,,,,,,,,,,,,,,,,,,,,,,,,,,,,,,,,,,,,,,,,,,,,,,,,,,,,,,,,,,,,,,,,,,,,,,,,,,,,,,,,,,,,,,,,,,,,,,,,,,,,,,,,,,,,,,,,,,,,,,,,,,,,,,,,,,,,,,,,,,,,,,,,,,,,,,,,,,,,,,,,,,,,,,,,,,,,,,,,,,,,,,,,,,,,,,,,,,,,,,,,,,,,,,,,,,,,,,,,,,,,,,,,,,,,,,,,,,,,,,,,,,,,,,,,,,,,,,,,,,,,,,,,,,,,,,,,,,,,,,,,,,,,,,,,,,,,,,,,,,,,,,*/wˈiduwm/,,,,,,,,,,,,,,,,,,,,,,,,,,,,,,,,,,,,,,,,,,,,,,,,,,,,,,,,,,,,,,,,,,,,,,,,,,,,,,,,,,,,,,,,,,,,,,,,,,,,,,,,,,,,,,,,,,,,,,,,,,,,,,,,,,,,,,,,,,,,,,,,,,,,,,,,,,,,,,,,,,,,,,,,,,,,,,,,,,,,,,,,,,,,,,,,,,,,,,,,,,,,,,,,,,,,,,,,,,,,,,,,,,,,,,,,,,,,,,,,,,,,,,,,,,,,,,,,,,,,,,,,,,,,,,,,,,,,,,,,,,,,,,,,,,,,,,,,,,,,,,,,,,,,,,,,,,,,,,,,,,,,,,,,,,,,,,,,,,,,,,,,,,,,,,,,,,,,,,,,,,,,,,,,,,,,,,,,,,,,,,,,,,,,,,,,,,,,,,,,,,,,,,,,,,,,,,,,,,,,,,,,,,,,,,,,,,,,,,,,,,,,,,,,,,,,,,,,,,,,,,,,,,,,,,,,,,,,,,,,,,,,,,,,,,,,,,,,,,,,,,,,,,,,,,,,,,,,,,,,,,,,,,,,,,,,,,,,,,,,,,,,,,,,,,,,,,,,,,,,,,,,,,,,,,,,,,,,,,,,,,,,,,,,,,,,,,,,,,,,,,,,,,,,,,,,,,,,,,,,,,,,,,,,,,,,,,,,,,,,,,,,,,,,,,,,,,,,,,,,,,,,,,,,,,,,,,,,,,,,,,,,,,,,,,,,,,,,,,,,,,,,,,,,,,,,,,,,,,,,,,,,,,,,,,,,,,,,,,,,,,,,,,,,,,,,,,,,,,,,,,,,,,,,,,,,,,,,,,,,,,,,,,,,,,,,,,,,,,,,,,,,,,,,,,,,,,,,,,,,,,,,,,,,,,,,,,,,,,,,,,,,,,,,,,,,,,,,,,,,,,,,,,,,,,,,,,,,,,,,,,,,,,,,,,,,,,,,,,,,
R12,,,,,,,,,,,,,,,,,,,,,,,,,,,,,,,,,,,,,,,,,,,,,,,,,,,,,,,,,,,,,,,,,,,,,,,,,,,,,,,,,,,,,,,,,,,,,,,,,,,,,,,,,,,,,,,,,,,,,,,,,,,,,,,,,,,,,,,,,,,,,,,,,,,,,,,,,,,,,,,,,,,,,,,,,,,,,,,,,,,,,,,,,,,,,,,,,,,,,,,,,,,,,,,,,,,,,,,,,,,,,,,,,,,,,,,,,,,,,,,,,,,,,,,,,,,,,,,,,,,,,,,,,,,,,,,,,,,,,,,,,,,,,,,,,,,,,,,,,,,,,,,,,,,,,,,,,,,,,,,,,,,,,,,,,,,,,,,,,,,,,,,,,,,,,,,,,,,,,,,,,,,,,,,,,,,,,,,,,,,,,,,,,,,,,,,,,,,,,,,,,,,,,,,,,,,,,,,,,,,,,,,,,,,,,,,,,,,,,,,,,,,,,,,,,,,,,,,,,,,,,,,,,,,,,,,,,,,,,,,,,,,,,,,,,,,,,,,,,,,,,,,,,,,,,,,,,,,,,,,,,,,,,,,,,,,,,,,,,,,,,,,,,,,,,,,,,,,,,,,,,,,,,,,,,,,,,,,,,,,,,,,,,,,,,,,,,,,,,,,,,,,,,,,,,,,,,,,,,,,,,,,,,,,,,,,,,,,,,,,,,,,,,,,,,,,,,,,,,,,,,,,,,,,,,,,,,,,,,,,,,,,,,,,,,,,,,,,,,,,,,,,,,,,,,,,,,,,,,,,,,,,,,,,,,,,,,,,,,,,,,,,,,,,,,,,,,,,,,,,,,,,,,,,,,,,,,,,,,,,,,,,,,,,,,,,,,,,,,,,,,,,,,,,,,,,,,,,,,,,,,,,,,,,,,,,,,,,,,,,,,,,,,,,,,,,,,,,,,,,,,,,,,,,,,,,,,,,,,,,,,,,,,,,,,,,,,,,,,,,,,,,,,,,,,,,,,,,,,,,,,,,,,,,,,,,,,,,,,,,,,,,,,,,,,,,,,,,,,,,,,,,,,,,,,,,,,,,,,,,,,,,,,,,,,,,,,,,,,,,,,,,,,,,,,,,,,,*/ˌaddˈeːˈante/,,,,,,,,,,,,,,,,,,,,,,,,,,,,,,,,,,,,,,,,,,,,,,,,,,,,,,,,,,,,,,,,,,,,,,,,,,,,,,,,,,,,,,,,,,,,,,,,,,,,,,,,,,,,,,,,,,,,,,,,,,,,,,,,,,,,,,,,,,,,,,,,,,,,,,,,,,,,,,,,,,,,,,,,,,,,,,,,,,,,,,,,,,,,,,,,,,,,,,,,,,,,,,,,,,,,,,,,,,,,,,,,,,,,,,,,,,,,,,,,,,,,,,,,,,,,,,,,,,,,,,,,,,,,,,,,,,,,,,,,,,,,,,,,,,,,,,,,,,,,,,,,,,,,,,,,,,,,,,,,,,,,,,,,,,,,,,,,,,,,,,,,,,,,,,,,,,,,,,,,,,,,,,,,,,,,,,,,,,,,,,,,,,,,,,,,,,,,,,,,,,,,,,,,,,,,,,,,,,,,,
R13,,,,,,,,,,,,,,,,,,,,,,,,,,,,,,,,,,,,,,,,,,,,,,,,,,,,,,,,,,,,,,,,,,,,,,,,,,,,,,,,,,,,,,,,,,,,,,,,,,,,,,,,,,,,,,,,,,,,,,,,,,,,,,,,,,,,,,,,,,,,,,,,,,,,,,,,,,,,,,,,,,,,,,,,,,,,,,,,,,,,,,,,,,,,,,,,,,,,,,,,,,,,,,,,,,,,,,,,,,,,,,,,,,,,,,,,,,,,,,,,,,,,,,,,,,,,,,,,,,,,,,,,,,,,,,,,,,,,,,,,,,,,,,,,,,,,,,,,,,,,,,,,,,,,,,,,,,,,,,,,,,,,,,,,,,,,,,,,,,,,,,,,,,,,,,,,,,,,,,,,,,,,,,,,,,,,,,,,,,,,,,,,,,,,,,,,,,,,,,,,,,,,,,,,,,,,,,,,,,,,,,,,,,,,,,,,,,,,,,,,,,,,,,,,,,,,,,,,,,,,,,,,,,,,,,,,,,,,,,,,,,,,,,,,,,,,,,,,,,,,,,,,,,,,,,,,,,,,,,,,,,,,,,,,,,,,,,,,,,,,,,,,,,,,,,,,,,,,,,,,,,,,,,,,,,,,,,,,,,,,,,,,,,,,,,,,,,,,,,,,,,,,,,,,,,,,,,,,,,,,,,,,,,,,,,,,,,,,,,,,,,,,,,,,,,,,,,,,,,,,,,,,,,,,,,,,,,,,,,,,,,,,,,,,,,,,,,,,,,,,,,,,,,,,,,,,,,,,,,,,,,,,,,,,,,,,,,,,,,,,,,,,,,,,,,,,,,,,,,,,,,,,,,,,,,,,,,,,,,,,,,,,,,,,,,,,,,,,,,,,,,,,,,,,,,,,,,,,,,,,,,,,,,,,,,,,,,,,,,,,,,,,,,,,,,,,,,,,,,,,,,,,,,,,,,,,,,,,,,,,,,,,,,,,,,,,,,,,,,,,,,,,,,,,,,,,,,,,,,,,,,,,,,,,,,,,,,,,,,,,,,,,,,,,,,,,,,,,,,,,,,,,,,,,,,,,,,,,,,,,,,,,,,,,,,,,,,,,,,,,,,,,,,,,,,,,,,*/ˌaddˈeːnte/,,,,,,,*/dˌeːkkeˈinde/,*/ˌaddˌeːnˈillahoːram/,,,,,,,,,,,,,,,,,,,,,,,,,,,,,,,,,,,,,,,,,,,,,,,,,,,,,,,,,,,,,,,,,,,,,,,,,,,,,,,,,,,,,,,,,,,,,,,,,,,,,,,,,,,,,,,,,,,,,,,,,,,,,,,,,,,,,,,,,,,,,,,,,,,,,,,,,,,,,,,,,,,,,,,,,,,,,,,,,,,,,,,,,,,,,,,,,,,,,,,,,,,,,,,,,,,,,,,,,,,,,,,,,,,,,,,,,,,,,,,,,,,,,,,,,,,,,,,,,,,,,,,,,,,,,,,,,,,,,,,,,,,,,,,,,,,,,,,,,,,,,,,,,,,,,,,,,,,,,,,,,,,,,,,,,,,,,,,,,,,,,,,,,,,,,,,,,,,,,,,,,,,,,,,,,,,,,,,,,,,,,,,,,,,,,,,,,,,,,,,,,,,,,,,,,,,,,
R14,,,,,,,,,,,,,,,,,,,,,,,,,,,,,,,,,,,,,,,,,,,,,,,,,,,,,,,,,,,,,,,,,,,,,,,,,,,,,,,,,,,,,,,,,,,,,,,,,,,,,,,,,,,,,,,,,,,,,,,,,,,,,,,,,,,,,,,,,,,,,,,,,,,,,,,,,,,,,,,,,,,,,,,,,,,,,,,,,,,,,,,,,,,,,,,,,,,,,,,,,,,,,,,,,,,,,,,,,,,,,,,,,,,,,,,,,,,,,,,,,,,,,,,,,,,,,,,,,,,,,,,,,,,,,,,,,,,,,,,,,,,,,,,,,,,,,,,,,,,,,,,,,,,,,,,,,,,,,,,,,,,,,,,,,,,,,,,,,,,,,,,,,,,,,,,,,,,,,,,,,,,,,,,,,,,,,,,,,,,,,,,,,,,,,,,,,,,,,,,,,,,,,,,,,,,,,,,,,,,,,,,,,,,,,,,,,,,,,,,,,,,,,,,,,,,,,,,,,,,,,,,,,,,,,,,,,,,,,,,,,,,,,,,,,,,,,,,,,,,,,,,,,,,,,,,,,,,,,,,,,,,,,,,,,,,,,,,,,,,,,,,,,,,,,,,,,,,,,,,,,,,,,,,,,,,,,,,,,,,,,,,,,,,,,,,,,,,,,,,,,,,,,,,,,,,,,,,,,,,,,,,,,,,,,,,,,,,,,,,,,,,,,,,,,,,,,,,,,,,,,,,,,,,,,,,,,,,,,,,,,,,,,,,,,,,,,,,,,,,,,,,,,,,,,,,,,,,,,,,,,,,,,,,,,,,,,,,,,,,,,,,,,,,,,,,,,,,,,,,,,,,,,,,,,,,,,,,,,,,,,,,,,,,,,,,,,,,,,,,,,,,,,,,,,,,,,,,,,,,,,,,,,,,,,,,,,,,,,,,,,,,,,,,,,,,,,,,,,,,,,,,,,,,,,,,,,,,,,,,,,,,,,,,,,,,,,,,,,,,,,,,,,,,,,,,,,,,,,,,,,,,,,,,,,,,,,,,,,,,,,,,,,,,,,,,,,,,,,,,,,,,,,,,,,,,,,,,,,,,,,,,,,,,,,,,,,,,,,,,,,,,,,,,,,,,,,,,,,,,,,,,,,,,,,,,,,,,,,,,,,,,,,*/spˈer/,,,,,,,,,,,,,,,,,,,,,,,,,,,,,,,,,,,,,,,,,,,,,,,,,,,,,,,,,,,,,,,,,,,,,,,,,,,,,,,,,,,,,,,,,,,,,,,,,,,,,,,,,,,,,,,,,,,,,,,,,,,,,,,,,,,,,,,,,,,,,,,,,,,,,,,,,,,,,,,,,,,,,,,,,,,,,,,,,,,,,,,,,,,,,,,,,,,,,,,,,,,,,,,,,,,,,,,,,,,,,,,,,,,,,,,,,,,,,,,,,,,,,,,,,,,,,,,,,,,,,,,,,,,,,,,,,,,,,,,,,,,,,,,,,,,,,,,,,,,,,,,,,,,,,,,,,,,,,,,,,,,,,,,,,,,,,,,,,,,,,,,,,,,,,,,,,,,,,,,,,,,,,,,,,,,,,,,,,,,,,,,,,,,,,,
R15,,,,,,,,,,,,,,,,,,,,,,,,,,,,,,,,,,,,,,,,,,,,,,,,,,,,,,,,,,,,,,,,,,,,,,,,,,,,,,,,,,,,,,,,,,,,,,,,,,,,,,,,,,,,,,,,,,,,,,,,,,,,,,,,,,,,,,,,,,,,,,,,,,,,,,,,,,,,,,,,,,,,,,,,,,,,,,,,,,,,,,,,,,,,,,,,,,,,,,,,,,,,,,,,,,,,,,,,,,,,,,,,,,,,,,,,,,,,,,,,,,,,,,,,,,,,,,,,,,,,,,,,,,,,,,,,,,,,,,,,,,,,,,,,,,,,,,,,,,,,,,,,,,,,,,,,,,,,,,,,,,,,,,,,,,,,,,,,,,,,,,,,,,,,,,,,,,,,,,,,,,,,,,,,,,,,,,,,,,,,,,,,,,,,,,,,,,,,,,,,,,,,,,,,,,,,,,,,,,,,,,,,,,,,,,,,,,,,,,,,,,,,,,,,,*/kˈoːnsˈue/,,,,,,,,,,,,,,,,,,,,,,,,,,,,,,,,,,,,,,,,,,,,,,,,,,,,,,,,,,,,,,,,,,,,,,,,*/kˈoːnsˈokrum/,,,,,,,,,,,,,,,,,,,,,,,,,,,,,,,,,,,,,,,,,,,,,,,,,,,,,,,,,,,,,,,,,,,,,,,,,,,,,,,,,,,,,,,,,,,,,,,,,,,,,,,,,,,,,,,,,,,,,,,,,,,,,,,,,,,,,,,,,,,,,,,,,,,,,,,,,,,,,,,,,,,,,,,,,,,,,,,,,,,,,,,,,,,,,,,,,,,,,,,,,,,,,,,,,,,,,,,,,,,,,,,,,,,,,,,,,,,,,,,,,,,,,,,,,,,,,,,,,,,,,,,,,,,,,,,,,,,,,,,,,,,,,,,,,,,,,,,,,,,,,,,,,,,,,,,,,,,,,,,,,,,,,,,,,,,,,,,,,,,,,,,,,,,,,,,,,,,,,,,,,,,,,,,,,,,,,,,,,,,,,,,,,,,,,,,,,,,,,,,,,,,,,,,,,,,,,,,,,,,,,,,,,,,,,,,,,,,,,,,,,,,,,,,,,,,,,,,,,,,,,,,,,,,,,,,,,,,,,,,,,,,,,,,,,,,,,,,,,,,,,,,,,,,,,,,,,,,,,,,,,,,,,,,,,,,,,,,,,,,,,,,,,,,,,,,,,,,,,,,,,,,,,,,,,,,,,,,,,,,,,,,,,,,,,,,,,,,,,,,,,,,,,,,,,,,,,,,,,,,,,,,,,,,,,,,,,,,,,,,,,,,,,,,,,,,,,,,,,,,,,,,,,,,,,,,,,,,,,,,,,,,,,,,,,,,,,,,,,,,,,,,,,,,,,,,,,,,,,,,,,,,,,,,,,,,,,,,,,,,,,,,,,,,,,,,,,,,,,,,,,,,,,,,,,,,,,,,,,,,,,,,,,,,,,,,,,,,,,,,,,,,,,,,,,,,,,,,,,,,,,,,,,,,,,,,,,,,,,,,,,,,,,,,,,,,,,,,,,,,,,,,,,,,,,,,,,,,,,,,,,,,,,,,,,,,,,,,,,,,,,,,,,,,,,,,,,,
R16,,,,,,,,,,,,,,,,,,,,,,,,,,,,,,,,,,,,,,,,,,,,,,,,,,,,,,,,,,,,,,,,,,,,,,,,,,,,,,,,,,,,,,,,,,,,,,,,,,,,,,,,,,,,,,,,,,,,,,,,,,,,,,,,,,,,,,,,,,,,,,,,,,,,,,,,,,,,,,,,,,,,,,,,,,,,,,,,,,,,,,,,,,,,,,,,,,,,,,,,,,,,,,,,,,,,,,,,,,,,,,,,,,,,,,,,,,,,,,,,,,,,,,,,,,,,,,,,,,,,,,,,,,,,,,,,,,,,,,,,,,,,,,,,,,,,,,,,,,,,,,,,,,,,,,,,,,,,,,,,,,,,,,,,,,,,,,,,,,,,,,,,,,,,,,,,,,,,,,,,,,,,,,,,,,,,,,,,,,,,,,,,,,,,,,,,,,,,,,,,,,,,,,,,,,,,,,,,,,,,,,,,,,,,,,,,,,,,,,,,,,,,,,,,,*/kˈoːnsue/,,,,,,,,,,,,,,,,,,,,,,,,,,,,,,,,,,,,,,,,,,,,,,,,,,,,,,,,,,,,,,,,,,,,,,,,*/kˈoːnsokrum/,,,,,,,,,,,,,,,,,,,,,,,,,,,,,,,,,,,,,,,,,,,,,,,,,,,,,,,,,,,,,,,,,,,,,,,,,,,,,,,,,,,,,,,,,,,,,,,,,,,,,,,,,,,,,,,,,,,,,,,,,,,,,,,,,,,,,,,,,,,,,,,,,,,,,,,,,,,,,,,,,,,,,,,,,,,,,,,,,,,,,,,,,,,,,,,,,,,,,,,,,,,,,,,,,,,,,,,,,,,,,,,,,,,,,,,,,,,,,,,,,,,,,,,,,,,,,,,,,,,,,,,,,,,,,,,,,,,,,,,,,,,,,,,,,,,,,,,,,,,,,,,,,,,,,,,,,,,,,,,,,,,,,,,,,,,,,,,,,,,,,,,,,,,,,,,,,,,,,,,,,,,,,,,,,,,,,,,,,,,,,,,,,,,,,,,,,,,,,,,,,,,,,,,,,,,,,,,,,,,,,,,,,,,,,,,,,,,,,,,,,,,,,,,,,,,,,,,,,,,,,,,,,,,,,,,,,,,,,,,,,,,,,,,,,,,,,,,,,,,,,,,,,,,,*/hˈaːkdieː/,,,,,,,,,,,,,,,,,,,,,,,,,,,,,,,,,,,,,,,,,,,,,,,,,,,,,,,,,,,,,,,,,,,,,,,,,,,,,,,,,,,,,,,,,,,,,,,,,,,,,,,,,,,,,,,,,,,,,,,,,,,,,,,,,,,,,,,,,,,,,,,,,,,,,,,,,,,,,,,,,,,,,,,,,,,,,,,,,,,,,,,,,,,,,,,,,,,,,,,,,,,,,,,,,,,,,,,,,,,,,,,,,,,,,,,,,,,,,,,,,,,,,,,,,,,,,,,,,,,,,,,,,,,,,,,,,,,,,,,,,,,,,,,,,,,,,,,,,,,,,,,,,,,,,,,,,,,,,,,,,,,,,,,,,,,,,,,,,,,,,,,,,,,,,,,,,,,,,,,,,,,,,,,,,,,,,,,,,,,,,,,,,,,,,,,,,,,,,,,,,,,,,,
R17,,,,,,,,,,*/ˌadjˈuːnɡe/,*/ˌadjˈuːtoː/,*/ˌadjˌuːtˈoːrjum/,,,,,,*/ˌadmˌiːnakjˈaː/,,,,,,,,,,,,,,,,,,,,*/ˌadjˌektˈaː/,*/ˌadjˈuːnum/,*/ˌadjˌuːnˈaː/,*/ˈakjam/,*/ˌakkˌaptjˈaː/,,,,*/ˌakwˈaːrjum/,,,,,,,,*/ˌaltˈaːrjum/,,*/ˌaltˈitjam/,*/ˌalwjˈaːrjum/,*/ˌalwjˈolam/,,,*/ˌamaːrˈitjam/,,,,,*/ˌannoːtˈertjoː/,,,,,,*/ˌaraːtˈoːrjum/,,,,,,,*/ˌarɡentˈaːrjum/,,*/ˌarkˈaːrjum/,,,*/bˌaptidjˈoːnem/,*/bˌaptidjˈaː/,,*/bˌattwˈaːljam/,,,,,,*/djˈaːnam/,,,,,,,,,,*/kˌeːrasjˈaːrjum/,*/kˌeːrˈesjam/,,*/kˌikʰˈorja/,,*/kˌoktˈorjum/,,,*/kˌottidjˈaː/,,,*/kˌurtjˈaː/,,,,,,*/ekkjˈillum/,*/ekkwˈistum/,,,*/ekskˌambjˈaː/,,,,,,*/eːrˈikjum/,,,,*/fˌebrwˈaːrjum/,,,,,,,*/ɡˌalliːnˈaːkjum/,,,,,,,,,,,*/ˌinˌaltjˈaː/,*/ˌinkˌalkjˈaː/,*/ˌinkˈalkjoː/,,,,*/ˌinfˌaskjˈaː/,,*/ˌinwˌitjˈaː/,*/jˌuːdikˈaːtam/,*/iɡnˈaːrjum/,*/mˌannwˈaːrjum/,*/mˌessjonˈaː/,,,,*/pˌekˈuljum/,,*/pˌistˈaːljam/,,,,,,,,,,,,,,,*/skˌantˈiljam/,,,,,*/tˌoːnsjonˈaː/,,,,,,*/fˌeːtjˈolum/,*/fˌeːtjˈolam/,,,,,,,,,,,,,,,,,,,,,*/mˌustˈakja/,,,*/pˌalˈaːtjum/,,,,,,*/kˈoːljum/,,,,,*/ˈilja/,*/mˈatjum/,*/mˌinuːtˈaljam/,,,,,,,,,,,,*/tˈitjam/,,,,,,*/brˈakʰkʰjum/,*/kˌalkˈaːnjum/,,,,,,*/mˌedullˈaːrjum/,,*/pˌetjˈolum/,,,,,,,,,,,,,,,,,,,,,,,,,,,,*/sˈatjum/,,,*/ekskuppjˈaː/,*/sˌuɡɡluttjˈaː/,,,,,,,*/fˈutwe/,,,,,*/wˌiːwˈatja/,,,,,,,,,,,,,,,,,,,,,,,,*/blˌandˈitjem/,,,,*/dˌoljˈoːsum/,,,,,,,,,,*/mˌanɡanjˈaː/,,,,,,,,,,,,,,,*/rˌosjˈoːnem/,,,,,,,,,,,,,,,,,,*/ˌintˌelleːktjˈoːnem/,,,,,*/mentjˈoːnem/,,,,,,,,,,,*/wˌirtwˈoːsum/,*/ˌarˈaːnjam/,*/kˈae̯kja/,,,,,,,,,*/jˌakˈeː/,*/lˌae̯sjonˈaː/,,,,,,,,*/pˈerjoː/,*/pˈerjat/,,*/puːrˈoːnjum/,,,,,,,,,,,*/kamˈisjam/,*/lˈiːnjam/,,*/palljˈoːlam/,,,*/kalkjamˈentum/,,*/brakʰjˈaːla/,,,,*/bˈaltjum/,,,*/fˈaskjam/,,,,,,*/kalkjˈaː/,,*/kˈoːnswe/,*/diskˈulkjum/,*/diskalkjˈaː/,*/diskulkjˈaː/,,,*/infaskjolˈaː/,,,,,*/prˈandjum/,,*/kˌarnˈakjum/,,,,,*/mˈurjam/,,,,,,,,,,,,*/wiːnˈaːkjum/,,,*/ɡratˈaːrjum/,,,,,*/kˌasˈaːrjum/,*/kellˈaːrjum/,*/kwoperiːmˈentum/,,,,,*/ˈoːstja/,,*/pˈutjum/,,,,,,*/armˈaːrjum/,*/kapitˈaːnjum/,,*/skˈortjam/,,,*/amitˈusjam/,*/fˈiːljum/,*/fˈiːljam/,,,,,,,,,,,,*/fiːljˈastrum/,,,,,,,*/sˈokjam/,*/sˈokjum/,*/spˈurjum/,*/fˌiːljˈaːnum/,,,,,*/krˌeːdˈentjam/,,*/hˌospˈitjum/,,,,,,,,,,,,,,,,,,,,,,,,,,,,,,,,,,,,*/dˌeːmˌaːnˈitja/,*/mˈedja/,*/mˌerˈiːdjeːm/,,,,,,,,*/ˌaprˈiːljem/,*/kˌalendˈaːrjum/,*/mˈajum/,*/mˈartjum/,,,,,,,,,,,,,,*/pˌutjˈoːsa/,,,,,,,*/plˈaɡjum/,,,,,*/ˈalwjam/,,,,,,,,,,,,,,,,,*/fˈolja/,*/fˈoljum/,*/frˈondja/,,*/pˈaljam/,,,,,*/semˈentjam/,,,,,,,,,,,,,,*/tˈiljum/,,*/kerˈesjum/,*/kotˈoːnja/,*/kotˈoːnjum/,,,,,,,,,,,*/wˈiːtjam/,,,,,,,*/hˈordjum/,*/mˈiljum/,,,*/ˈaːljum/,,,,,,,,,,*/wˈirdjam/,,,*/trˌifˈoljum/,,,,,,,,,,,,,,,,,,,*/ˌanimˈaːljam/,,,,,,,,,,,,,*/pˈalljum/,,,,,,,,*/rhˌonkidjˈaː/,,*/ˌarmissˈaːrjum/,,,,,,,,,,,,,,*/jˌuːnˈiːkem/,*/jˌuwˈenkum/,*/jˌuwˈenkam/,,,,,,,,*/rˈubjum/,,,*/tˌertjˈaːnum/,,,,,,,,*/wˌitˈuljum/,*/wˌitˈuljam/,,,,,*/mˌikstˈiːkjum/,,,,,,*/kˈubjum/,,,,,,,*/pˈulljum/,,,,*/ɡˈajam/,,,,,,,,*/pˌerwˌiɡilaːtˈoːrjam/,,,*/stˈurdjum/,,,,*/wˌultˈurjum/,,*/pˌiskˈaːrjum/,,,*/sˌerpˈentjam/,,,*/kˈaːrjum/,,,,,,,,,,,,,,,,,,,*/djˈorsum/,,,,,,,,,,,,,,,,,,*/pˈettjam/,,,,,,,,,*/ˌantˈanjum/,,,,*/mˈiːlja/,,,*/kwˈattwor/,,,,,,,,,,,,,,,,,,,,,*/mˈedjum/,,,,,,,,,,,,,,,,,,,,,,,,,*/konwenjˈentjam/,,,,,,,,,*/juːdˈikjum/,,,,,,,*/potˈentjam/,,,,,*/njae̯stimˈaːtum/,,,,,*/improːmuːtwˈaː/,,,,*/neɡoːtjaːtˈoːrem/,*/neɡˈoːtjum/,,*/prˈetjum/,,,,,,,,*/inkliːnaːtjˈoːnem/,,*/miːrjˈoːnem/,*/oːraːtjˈoːnem/,,,,,*/roɡaːtjˈoːnem/,,,,,,,,,,,,,,,,,,,,,,,,,,,,*/rˈosjum/,,,,,,,,,,,,,,*/kinˈusjam/,,,,,,,*/tiːtjˈoːnem/,,,,,*/ˌaljoːrˈeːs/,,,*/dˌeːkkjˈinde/,,,,,,,,*/hˈaːkdjeː/,,,,,,,,,,,,,,,,,,,,,,,,,,,*/adpropjˈaː/,*/ˌadprˈopjoː/,*/ˌadprˈopjat/,*/ˌassˈedjoː/,*/ˌassˈedjat/,,,,,,,,,,,,,,,,,,,,,,,,,*/bˈattwe/,,,,*/eksbˈattwe/,,,,,,,,,,,*/okkaːsjonˈaː/,,,,,,,,,,,,,,,,,,,,,,*/kwoperˈiː/,,,,,,,,,,,,,,,,,,,,,*/ˌinklaːwjˈaː/,,,*/ambjˈaː/,,*/molljˈaː/,,,,*/sˌubtˌiːljˈaː/,*/taːljˈaː/,,,,,,,*/ˌinkwjˈeːtum/,,*/kaballaːrˈikjum/,,,,,,,,,,,,,,,,,,,*/karrˈaːrjam/,,,,,,,,,,,,*/ˈaːrjam/,,,,,,*/wˈiːnjam/,,,,,,,,*/fˌeːnˈakjum/,*/fˌeːnˈikja/,,,*/nˌuːtrˈikjum/,*/pˌastjˈoːnem/,*/sˌarkinˈaːrjum/,,*/stimulˈaːrjam/,,*/wˌakkarˈitjam/,*/bowˈaːrjum/,,*/pˌorkˈaːrjum/,*/pˌorkaːrˈikja/,*/kˈaːsjum/,,*/kwˈaːɡulum/,,,,*/inkwaːɡulˈaː/,,,,,,,,,*/weːnaːtˈoːrjam/,*/deːspoljˈaː/,,,,,,,,,,,,,*/kˈajulum/,,,*/folljˈoːlum/,,,,,,,,,,,,,,,,,,,,,,*/doɡˈaːrjum/,,*/liɡnˈaːrjum/,*/mˈalljum/,,,*/awrˈaːrjum/,,,*/ferrˈaːrjum/,,,,*/kaldˈaːrjam/,,*/ˌekstraːkˌoːlaːtˈoːrja/,,,*/oːllˈaːrjum/,,,,*/urkjˈolum/,*/bˈajulum/,*/korrˈiɡjam/,,,,,,*/liksˈiːwjam/,,,,,,,,,,,,,,,,,,,,,,,,,,,,,,,,,,,,,,,,,,,,,,,,,,,,,,,,,,*/lˈakwjum/,*/ɡlˈakjam/,,,,,,,,*/kˈunjum/,,,,,,,,*/ˌadjˌuːtˈaː/,*/fˈakjam/,*/ˈabja/,*/skˈabjam/,,,,,,,,,,,,,,,,,,,,,,,,,,,,,,,,,,,,,,,,,,,,,,*/ˌekskˈawrjat/,,,*/famˈiljam/,,
R18,,,,,,,,,,,,,,,,,,,,,,,,,,,,,,,,,,,,,,,,,,,,,,,,,,,,,,,,,,,,,,,,,,,,,,,,,,,,,,,,,,,,,,,,,,,,,,,,,,,,,,,,,,,,,,,,,,,,,,,,,,,,,,,,,,,,,,*/fˌebrˈaːrjum/,,,,,,,,,,,,,,,,,,,,,,,,,,,,,,,,,,,,,,,,,,,,,,,,,,,,,,,,,,,,,,,,,,,,,,,,,,,,,,,,,,,,,,,,,,,,,,,,,,,,,,,,,,,,,,,,,,,,,,,,,,,,,,,,,,,,,,,,,,,,,,,,,,,,,,,,,,,,,,,,,,,,,,,,,,,,,,,,,,,,,,,,,,,,,,,,,,,,,,,,,,,,,,,,,,,,,,,,,,,,,,,,,,,,,,,,,,,,,,,,,,,,,,,,,,,,,,,,,,,,,,,,,,,,,,,,,,,,,,,,,,,,,,,,,,,,,,,,,,,,,,,,,,,,,,,,,,,,,,,,,,,,,,,,,,,,,,,,,,,,,,,,,,,,,,,,,,,,,,,,,,,,,,,,,,,,,,,,,,,,,,,,,,,,,,,,,,,,,,,,,,,,,,,,,,,,,,,,,,,,,,,,,,,,,,,,,,,,,,,,,,,,,,,,,,,,,,,,,,,,,,,,,,,,,,,,,,,,,,,,,,,,,,,,,,,,,,,,,,,,,,,,,,,,,,,,,,,,,,,,,,,,,,,,,,,,,,,,,,,,,,,,,,,,,,,,,,,,,,,,,,,,,,,,,,,,,,,,,,,,,,,,,,,,,,,,,,,,,,,,,,,,,,,,,,,,,,,,,,,,,,,,,,,,,,,,,,,,,,,,,,,,,,,,,,,,,,,,,,,,,,,,,,,,,,,,,,,,,,,,,,,,,,,,,,,,,,,,,,,,,,,,,,,,,,,,,,,,,,,,,,,,,,,,,,,,,,,,,,,,,,,,,,,,,,,,,,,,,,,,,,,,,,,,,,,,,,,,,,,,,,,,,,,,,,,,,,,,,,,,,,,,,,,,,,,,,,,,,,,,,,,,,,,,,,,,,,,,,,,,,,,,,,,,,,,,,,,,,,,,,,,,,,,,,,,,,,,,,,,,,,,,,,,,,,,,,,,,,,,,,,,,,,,,,,,,,,,,,,,,,,,,,,,,,,,,,,,,,,,,,,,,,,,,,,,,,,,,,,,,,,,,,,,,,,,,,,,,,,,,,,,,,,,,,,,,,,,,,,,,,,,,,,,,,,,,,,,,,,,,,,,,,,,,,,,,,,,,,,,,,,,,,,,,,,,,,,,,,,,,,,,,,,,,,,,,,,,,,,,,,,,,,,,,,,,,,,,,,,,,,,,,,,,,,,,,,,,,,,,,,,,,,,,,,,,,,,,,,,,,,,,,,,,,,,,,,,,,,,,,,,,,,,,,,,,,,,,,,,,,,,,,,,,,,,,,,,,,,,,,,,,,,,,,,,,,,,,,,,,,,,,,,,,,,,,,,,,,,,,,,,,,,,,,,,,,,,,,,,,,,,,,,,,,,,,,,,,,,,,,,,,,,,,,,,,,,,,,,,,,,
R19,,,,,,,,,,,,,,,,,,,,,,,,,,,,,,,,,,,,,,,,,,,,,,,,,,,,,,,,,,,,,,,,,,,,,,,,,,,,,,,,,,,,,,,,,,,,,,,,,,,,,,,,,,,,,,,,,,,,,,,,,,,,,,,,,,,,,,,,,,,,,,,,,,,,,,,,,,,,,,,,,,,,,,,,,,,,,,,,,,,,,,,,,,,,,,,,,,,,,,,,,,,,,,,,,,,,,,,,,,,,,,,,,,,,,,,,,,,,,,,,,,,,,,,,,,,,,,,,,,,,,,,,,,,,,,,,,,,,,,,,,,,,,,,,,,,,,,,,,,,,,,,,,,,,,,,,,,,,,,,,,,,,,,,,,,,,,,,,,,,,,,,,,,,,,,,,,,,,,,,,,,,,,,,,,,,,,,,,,,,,,,,,,,,,,,,,,,,,,,,,,,,,,,,,,,,,,,,,,,,,,,,,,,,,,,,,,,,,,,,,,,,,,,,,,,,,,,,,,,,,,,,,,,,,,,,,,,,,,,,,,,,,,,,,,,,,,,,,,,,,,,,,,,,,,,,,,,,,,,,,,,,,,,,,,,,,,,,,,,,,,,,,,,,,,,,,,,,,,,,,,,,,,,,,,,,,,,,,,,,,,,,,,,,,,,,,,,,,,,,,,,,,,,,,,,,,,,,,,,,,,,,,,,,,,,,,,,,,,,,,,,,,,,,,,,,,,,,,,,,,,,,,,,,,,,,,,,,,,,,,,,,,,,,,,,,,,,,,,,,,,,,,,,,,,,,,,,,,,,,,,,,,,,,,,,,,,,,,,,,,,,,,,,,,,,,,,,,,,,,,,,,,,,,,,,,,,,,,,,,,,,,,,,,,,,,,,,,,,,,,,,,,,,,,,,,,,,,,,,,,,,,,,,,,,,,,,,,,,,,,,,,,,,,,,,,,,,,,,,,,,,,,,,,,,,,,,,,,,,,,,,,,,,,,,,,,,,,,,,,,,,,,,,,,,,,,,,,,,,,,,,,,,,,,,,,,,,,,,,,,,,,,,,,,,,,,,,,,,,,,,,,,,,,,,,,,,,,,,,,,,,,,,,,,,,,,,,,,,,,,,,,,,,,,,,,,,,,,,,,,,,,,,,,,,,,,,,,,,,,,,,,,,,,,,,,,,,,,,,,,,,,,,,,,,,,,,,,,,,,,,,,,,,,,,,,,,,,,,,,,,,,,,,,,,,,,,,,,,,,,,,,,,,,,,,,,,,,,,,,,,,,,,,,,,,,,,,,,,,,,,,,,,,,,,,,,,,,,,,,,,,,,,,,,,,,,,,,,,,,,,,,,,,,,,,,,,,,,,,,,,,,,,,,,,,,,,,,,,,,,,,,,,,,,,,,,,,,,,,,,,,,,,,,,,,,,,,,,,,,,,,,,,,,,,,,,,,,,,,,,,,,,,,,,,,,,,,,,,,,,,,,,,,,,,,,,,,,,,,,,,,,,,,,,,,,,,,,,,,,,,,,,,,,,,,,,,,,,,,,,,,,,,,,,,,,,,,,,,,,*/ˈawdiːs/,,,,,,,,,,,,,,,,,,,,,,,,,,,,,,,,,,,,
R20,,,,,,,,,,,,,,,,,,,,,,,,,,,,,,,,,,,,,,,,,,,,,,,,,,,,,,,,,,,,,,,,,,,,,,,,,,,,,,,,,,,,,,,,*/brˈaːkaj/,,,,,,,,,,*/kˈajlum/,,,,,,,,,,,,,,,,,,*/kwˈajre/,*/kwˈajroː/,,,,,,,,,,,,,,,,,,,,,,,,,,,,,,*/hˈajdum/,,,,,,,,,,,,,,,,,,,,,,,,,,,,*/prˌajwˈoːtum/,,,,,,,,,,,,,,,,,,,,,,,,,,,,,,,,,,,,,,,,,,,,,,,,,,,,,,,,,,,,,,,,,,,,,,,,,,,,,,,,,,,,,,,,,,,,,,,,,,,,,,,,,,,,,,,,,,,,,,,,,,,,,,,,,,,,,,,,,,,,,,,,,,,,,,,,,,,,,,,,,,,,,,,,,,,,,,,,,,,,,,,,,,,,,,,,,,,,,,,,,,,,,,,,,,,,,,,,,,,*/kˈajkja/,,,,,,,,,,*/lˌajsjonˈaː/,,,,,,,,,,,,,,,,,,,,,,,,,,,,,,,,,,,,,,,,,,,,,,,,,,,,,,,,,,,,,,,,*/merˈendaj/,,,,,,,,,,,,,,,,,,,,,,,,,,,,,,,,,,,,,,,,,,,,,,,,,,,,,,,,,,,,,,,,,,,,,,*/dˈekstraj/,,,,,,,,,,,,,,,,,,,,,,,,,,,,,,,,,,,,,,,,,,,,,,,,,,,,,,,,,,,,,,,,,,,,,,,,,,,,,,,,,,,,,,,,,,,,,,,,,,,,,,,,,,,,,,,,,,,,,,,,,,,,,,,,,,,,,,,,,,,,,,,,,,,,,,,,,,,,,,,,,,,,,,,,,,,,,,,,,,,,,,,,,,,,,,,,,,,,,,,,,,,,,,,,,,,,,,,,,,,,,,,,,,,,,,,,,,,,,,,,,,,,,,,,,,,,,,,,,,,,,,,,,,,,,,,,,,,,,*/wˈiːperaj/,,,,,,,,,,,,*/ˌojstrˈikulam/,,,,,,,,,,,,,,,,,,,,,,,,,,,,,,,,,,,,,,*/dˈuwaj/,,,,,,,,,,,,,,,,,,,,,,,,,,,,,,,,,,,,,,,,,,,,,,,,,,,,,,,*/ɡrˈajkum/,,,,,,,,,,,,,,,,*/njajstimˈaːtum/,,,,,,,,,,,,,,,,,,,,,,,,,,,,,,*/pˈaskʰaj/,,,,,,,,,,,,,,,,,,,,,,,,,,,,,,,,,,,,,,,,,,,,,,,,,,,,,,,,,,,,,,,,,,,,,,,,,,,,,,,,,,,,,,,,,,,,,,,,,,,,,,,,,,,,,,,,,,,,,,,,,,,,,,,,,,,,,,,,,,*/kˈataj/,,,,,,,,,,,,,,,,,,,,,,,,,,,,,,,,,,,,,,,,,,,,,,,,,,,,,,,,,,,,,,,,,,,,,,,,,,,,,,,,,,,,,,,,,,,,,,,,,,,,,,,,,,,,,,,,,,,,,,,,,,,,,,,,,,,,,,,,,,,,,,,,,,,,,,,,,,,,,,,,,,,,,,,,,,,,,,,,,,,,,,,,,,,,,,,,,,,,,,,,,,,,,,,,,,,,,,,,,*/dˈajdam/,*/fˈojtum/,*/fˈojtam/,,,,,,,,,,,,,,,,,,,,,,,,,,,,,,,,,,,,,,,,,,,,,,,,,,,,,,,,,,,,,,,,,,,,*/nˈajwum/,,,,,,,,,*/kˈasaj/,,,,,,,*/ˈillaj/,,,,,,*/nˈiɡraj/,,,,,,,,,,,,,,,,,,,,,,
R21,,,,,,,,,,,,,,,,,,,,,,,,,,,,,,,,,,,,,,,,,,,,,,,,,,,,,,,,,,,,,,,,,,,,,,,,,,,,,,,,,,,,,,,,,,,,,,,,,,,,,,,,,,,*/kˌoŋnˈaːtum/,,,,,,,,,,,,,,,,,,,,,,,,,,,,,,,,,,,,,,,,,,,,,,,,,,,,,,,*/iŋnˈaːrjum/,,,,,,,,,,,,,,,,,,,,,,,,,,,,,,,,,,,,,,,,,,,,,,,,,,,,,,,,,,,,,,,,,,,,,,,,,,,,,,,,,,,,,,,,,,,,,,,,,,,,,,,,,,,,,,,,,,,,,,,,,,,,,,,,,,,,,,,,,,,,,,,,,,,,,,,,,,,,,,,,,,,,,,,,,,,,,,,,,,,,,,,,,,,,,,,,,,,,,,,,,,,,,,,,,,,,,,,,,,,,,,,,,,,,,,,,,,,,,,,,,,,,,,,,,,,,,,,,,,,,,,,,,,,,,,,,,,,,,,,,,,,,,,,,,,,,,,,,,,,,,,,,,,,,,,,,,,,,,,,,,,,,,,,,,,,,,,,,,,,,,,,,,,,,,,,,,,,,,,,,,,,,,,,,,,,,,,,,,,,,,,,,,,,,,,,,,,,,,,,,,,,,,,,,,,,,,,,,,,,,,,,,,,,,,,,,,,,,,,,,,,,,,,,,,,,,,,,,,,,,,,,,,,,,,,,,,,,,,,,,,,,,,,,,,,,,,,,,,,,,,,,,,,,,,,,,,,,,,,,,,,,,,,,,,,,,,,,,,,,,,,,,,,,,,,,,,,,,,,,,,,,,,,,,,,,,,,*/ˌaŋnˈellum/,,,,,,,,,,,,,,,,,,,,,,,,,,,,,,,,,,,,,,,,,,,,,,,,,,,,,,,,,,,,,,,,,,,,,,,,,,,,,,,,,,,,,,,,,,,,,,,,,,,,,,,,,,,,,,,,,,,,,,,,,,,,,,,,,,,,,,,,,,,,,,,,,,,,,,,,,,,,,,,,,,,,,,,*/sˈiŋnum/,,,,,,,,,,,,,,,,,,,,,,,,,,,,,,,,,,,,,,,,,,,,,,,,,,,,,,,,,,,,,,,,,,,,,,,,,,,,,,,,,,,,,,,,,,,,,,,,,,,,,,,,,,,,,,,,,,,,,,,,,,,,,,,,,,,,,,,,,,,,,,,,,,,,,,,,,,,,,,,,,,,,,,,,,,,,,,,,,,,,,,,,,,,,,,,,,,,,,,,,,,,,,,,,,,,,,,,,,,,,,,,,,,,,,,,,,,,,,,,,,,,,,,,,,,,,,,,,,,,,,,,,,,,,,,,,,,,,,,,,,,,,,,,,,,,,,,,,,,,,,,*/ˌinsˌiŋnˈaː/,,,,,,,,,,,,,,,,,,,,,,,,,,,,,,,,,,,,,,,,,,,,,,,,,,,,,,,,,,,,,,,,,,,,,,,,,*/liŋnˈaːrjum/,,,,,,,,,,,,,,,,,,,,,,,,,,,,,,,,,,,,,,,,,,,,,,,,,,,,,,,,,,,,,,,,,,,,,,,,,,,,,,*/dˈiŋnum/,*/lˈiŋnum/,*/pˈuŋnum/,,,,,,,,,,,,,,,,,,,,,,,,,,,,,,,,,,,,,,,,,,,,,,,,,,,,,,,,,,,,,,,,,,,,,,,,,,,,,
R22,,,,,,,,,,,,,,,,,,,,,,,,,,,,,,,,,,,,,,,,,,,,,,,,,,,,,,,,,,,,,,,,,,,,,,,,,,,,,,,,,,,,,,,,,,,,,,,,,,,,,,,,,,,,,,,,,,,,,,,,,,,,,,,,,,,,,,,,,,,,,,,,,,,,,,,,,,,,,,,,,,,,,,,,,,,,,,,,,,,,,,,,,,,,,,,,,,,,,,,,,,,,,,,,,,,,,,,,,,,,,,,,,,,,,,,,,,,,,,,,,,,,,,,,,,,,,,,,,,,,,,,,,,,,,,,,,,,,,,,,,,,,,,,,,,,,,,,,,,,,,,,,,,,,,,,,,,,,,,,,,,,,,,,,,,,,,,,,,,,,,,,,,,,,,,,,,,,,,,,,,,,,,,,,,,,,,,,,,,,,,,,,,,,,,,,,,,,,,,,,,,,,,,,,,,,,,,,,,,,,,,,,,,,,,,,,,,,,,,,,,,,,,,,,,,,,,,,,,,,,,,,,,,,,,,,,,,,,,,,,,,,,,,,,,,,,,,,,,,,,,,,,,,,,,,,,,,,,,,,,,,,,,,,,,,,,,,*/ˈorfanum/,,,,,,,,,,,,,,,,,,,,,,,,,,,,,,,,,,,,,,,,,,,,,,,,,,,,,,,,,,,,,,,,,,,,,,,,,,,,,,,,,,,,,,,,,,,,,,,,,,,,,,,,,,,,,,,,,,,,,,,,,,,,,,,,,,,,,,,,,,,,,,,,,,,,,,,,,,,,,,,,,,,,,,,,,,,,,,,,,,,,,,,,,,,,,,,,,,,,,,,,,,,,,,,,,,,,,,,,,,,,,,,,,,,,,,,,,,,,,,,,,,,,,,,,,,,,,,,,,,,,,,,,,,,,,,,,,,,,,,,,,,,,,,,,,,,,,,,,,,,,,,,,,,,,,,,,,,,,,,,,,,,,,,,,,,,,,,,,,,,,,,,,,,,,,,,,,,,,,,,,,,,,,,,,,,,,,,,,,,,,,,,,,,,,,,,,,,,,,,,,,,,,,,,,,,,,,,,,,,,,,,,,,,,,,,,,,,,,,,,,,,,,,,,,,,,,,,,,,,,,,,,,,,,,,,,,,,,,,,,,,,,,,,,,,,,,,,,,,,,,,,,,,,,,,,,,,,,,,,,,,,,,,,,,,,,,,,,,,,,,,,,,,,,,,,,,,,,,,,,,,,,,,,,,,,,,,,,,,,,,,,,,,,,,,,,,,,,,,,,,,,,,,,,,,,,,,,,,,,,,,,,,,,,,,,,,,,,,,,,,,,,,,,,,,,,,,,,,,,,,,,,,,,,,,,,,,,,,,,,,,,,,,,,,,,,,,,,,,,,,,,,,,,,,,,,,,,,,,,,,,,,,,,,,,,,,,,,,,,,,,,,,,,,,,,,,,,,,,,,,,,,,,,,,,,,,,,,,,,,,,,,,,,,,,,,,,,,,,,,,,,,,,,,,,,,,,,,,,,,,,,,,,,,,,,,,,,,,,,,,,,,,,,,,,,,,,,,,,,,,,,,,,,,,,,,,,,,,,,,,,,,,,,,,,,,,,,,,,,,,,
R23,,,,,,,,,,,,,,,,,,,,,,,,,,,,,,,,,,,,,,,,,,,,,,,,,,,,,,,,,,,,,,,,,,,,,,,,,,,,,,,,,,,,,,,,,*/brˈoːtakum/,,,,,,,,,,,,,,,,,*/kˌikˈorja/,,,,,,,,,,,,,,,,,,,,,,,,,,,,,,,,,,,,,,,,,,,,,,,,,,,,,,,,,,,,,,,,,,,,,,,,,,,,,,,,,,,,,,,,,,,,,,,,,,,,,,,,,,,,,,,,,,,,,,,,,,,,,,,,,,,,,,,,,,,,,,,,,,*/brˈakkjum/,,,,,,,,,,,,,,,,,,,,,,,,*/kˌaskˈaː/,,,,,,,,,,,,,,,,,,,,,,,,,,,,,,,,,,,,,,,,,,,,,,,,,,,,,,,,,,,,,,,,,,,,,,,,,,,,,,,,,,,,,,,,,,,,,,,,,,,,,,,,,,,,,,,,,,,,,,,,,,,,,,,,,,,,,,,,,,,,,,,,,,,,,,,,,,,,,,*/brakjˈaːla/,,,,,,,,,,,,,,,,,,,,,,,,,,,,,*/kˈyːlum/,,,,,,,,,,,,,,,,,,,,,,,,,,,,,,,,,,,,,,,,,,,,,,,,,,,,,,,,,,,,,,,,,,,,,,,,,,,,,,,,,,,,,,,,,,,,,,,,,,,,,,,,,,,,,,,,,,,,,,,,,,,,,,,,,,,,,,,,,,,,,,,,,,,,,,,,,,,,,,,,,,,,,,,,,,,,,,,,,,,,,,,,,,,*/mastˈikinum/,,,,,,,,,,,,,,,,,,,,,,,,,,,,,,,,,,,,,,,,,,,,,,,,,,,,,,,,,,,,,,,,,,,,,,,,,,,,,,,,,,,,,,,,,,,,,,,,,,,,,,,,,,,,,,,,,,,,,,,,,,,,,,,,,,,,,,,,,,,,,,,,,,,,,,,,,,,,,,,,,,,,,,,,,,,,,,,,,,,,,,,,,,,,,,,,,,,,,,,,,,,,,,,,,,,,,,,,,,,,,,,,,,,,,,,,,,,,,,,,,,,,,,,,,,,,,,,,,,,,,,,,,,,,,,,,,,,,,,,,,,,,,,,,,,,,,,,,,,,,,,,,,,,,,,,,,,,*/pˈaska/,*/pˈaskaj/,,,,,,,*/kˈartam/,,,,,,*/kˈordam/,*/kˈitaram/,,,,,,,,,,,,,,,,,,,,,,,,,,,,,,,,,,,,,,,,,,,,,,,,,,,,,,,,,,,,,,,,,,,,,,,,,,,,,,,,,,,,,,,,,,,,,,,,,,,,,,,,,,,,,,,,,,,,,,,,,,,,,,,,,,,,,,,,,,,,,,,,,,,,,,,,,,,,,,,,,,,,,,,,,,,,,,,,,,,,,,,,,,,,,,,,,,,,*/pˌalˈanɡa/,,,,,,,,,,*/maːkinˈaː/,,,,,,,,,,,,,,,,,,,,,,,,,,,,,,,,,,,,,,,,,,,,,,,,,,,,,,,,,,,,,*/tˈeːkam/,,,,,,,,,,,,,,,,,,,,*/spˈatam/,,,,,,,,,,,,,,,,,,,,,,,,,,,,,,,,,,,,,,,,,,,,,,,,,,,,,,,,,,,,,,,,,,,,,,,,,,,,,,,,,,,,,,,,,,,,,,,,,,,,,,,,,,,,,,,,,,,,,,,,,,,,,,,,,,,,,,,,,,,,,,,,,,,,,,,,,,,,,,,,,,,,,,,,
R24,,*/abellˈoːnam/,,*/adakwˈaː/,*/adappˈositum/,*/adastˈaː/,*/adawɡˈaː/,*/addewˈeːrum/,*/adidˈipsum/,*/adjˈuːnɡe/,*/adjˈuːtoː/,*/adjuːtˈoːrjum/,*/adlˈatera/,*/adlˈeɡe/,*/allentˈaː/,*/adlonɡˈaː/,*/admaɡˈiː/,*/admiːnakjˈaː/,*/adninˈaː/,,*/addormˈiː/,*/adplikˈaː/,*/adpˈoːne/,*/adpˈost/,*/adprehˈende/,*/adprˈope/,*/addˈuːke/,*/adumbrˈiː/,*/adunkˈaː/,*/adˈunkum/,,*/arˈaːmam/,*/afflˈaː/,*/aɡɡˈestum/,,*/aɡurˈaː/,*/awɡˈustum/,*/adjektˈaː/,*/adjˈuːnum/,*/adjuːnˈaː/,,*/akkaptjˈaː/,,,,*/akwˈaːrjum/,*/akwaːtˈoːsum/,,*/albˈastrum/,*/albˈiː/,*/albˈoːrem/,,*/allewˈaːtum/,*/altˈaːrjum/,,*/altˈitjam/,*/alwjˈaːrjum/,*/alwjˈolam/,*/alwˈiːnam/,*/amˈaːrum/,*/amaːrˈitjam/,*/amendˈuj/,*/ammattˈiː/,*/ammortˈiː/,*/ammutˈiː/,*/annoːtˈertjoː/,*/apparˈaː/,*/appensˈaː/,*/aprˈiːkum/,*/arˈaː/,*/araːtˈoːrem/,*/araːtˈoːrjum/,*/arˈaːtrum/,*/arˈaːtum/,*/aratˈuːram/,,*/arborˈeːtum/,*/arɡˈentum/,*/arɡentˈaːrjum/,*/arɡentˈoːsum/,*/arkˈaːrjum/,,*/aːrsˈuːram/,*/baptidjˈoːnem/,*/baptidjˈaː/,*/basˈilikam/,*/battwˈaːljam/,,,*/damnˈaː/,*/deːraːmˈaː/,*/deːsiːderˈaː/,,*/diskarrikˈaː/,*/dolˈoːrem/,*/duplikˈaː/,*/kaballˈaːrem/,,*/kantikˈellum/,*/kapˈistrum/,,,*/keːrasjˈaːrjum/,*/keːrˈesjam/,*/kertˈaː/,*/kikˈorja/,*/koŋnˈaːtum/,*/koktˈorjum/,*/komminikˈaː/,,*/kottidjˈaː/,,*/kukˈuːtam/,*/kurtjˈaː/,,,,,,,,,*/ekskadˈeː/,*/ekskambjˈaː/,*/ekskappˈaː/,*/ekskarminˈaː/,,,,,*/fabrikˈaː/,,,*/febrˈaːrjum/,,,*/fortˈuːnam/,*/fossˈaːtum/,,,*/ɡalliːnˈaːkjum/,,,,,*/inperɡˈyːrum/,,*/horrˈiː/,*/horrˈeːskoː/,*/imperˈaːtum/,*/inˈaltum/,*/inaltjˈaː/,*/inkalkjˈaː/,*/inkˈalkjoː/,*/inkarrikˈaː/,*/inkonɡyːrˈaː/,*/indireːktˈaː/,*/infaskjˈaː/,*/inɡannˈaː/,*/inwitjˈaː/,*/juːdikˈaːtam/,,*/mannwˈaːrjum/,*/messjonˈaː/,,,*/paːwˈoːnem/,*/pekˈuljum/,,*/pistˈaːljam/,,,,*/pradˈaː/,*/prajwˈoːtum/,*/priːmawˈeːram/,,*/saɡˈittam/,*/saɡittˈaː/,,,*/sappˈaː/,*/sekrˈeːtum/,,*/skantˈiljam/,,,*/adstuppˈaː/,,*/toːnsjonˈaː/,*/urulˈaː/,*/weːssˈiːkam/,,,,*/feːtjˈolum/,*/feːtjˈolam/,,,,,,*/wetrˈaːnum/,,,,,,*/kapitˈiːnam/,*/kerˈebulum/,,,,,*/ɡinɡˈiːwam/,,*/maːksˈillam/,*/mustˈakja/,,,*/palˈaːtjum/,,,*/kerwˈiːkem/,,*/katˈeːnam/,,,,*/fiːkˈaːtum/,,,,*/minuːtˈaljam/,,,,*/pulmˈoːnem/,,*/reːnˈikulum/,*/renˈunkulum/,,*/spiːnˈaːlem/,,*/subˈaːlam/,,,*/umbilˈiːkum/,*/wenˈeːnum/,,,,*/kalkˈaːnjum/,,,*/diːrˈeːktum/,*/ɡenˈukulum/,,*/medullˈaːrjum/,,*/petjˈolum/,,,,,*/medˈullam/,,,*/awdˈiː/,*/awskultˈaː/,*/kirkˈaː/,*/ɡustˈaː/,,*/sentˈiː/,*/widˈeː/,*/kaskˈaː/,*/resufflˈaː/,*/sternuːtˈaː/,*/sufflˈaː/,*/assudˈaː/,*/kakˈaː/,*/ekskrˈime/,,*/imbukkˈaː/,*/inɡluttˈiː/,*/intˈinɡe/,,,,*/satˈullum/,*/saturˈaː/,,*/suɡɡluttjˈaː/,*/sorbˈiː/,*/suːdˈoːrem/,,*/koːnstˈaː/,*/faktˈuːram/,,,*/inɡrewikˈaː/,*/inɡrˈewikaː/,*/lapidˈaː/,,*/wiːwˈatja/,,,*/kastiːɡˈaː/,,*/dismerdˈaː/,*/liɡinˈaː/,*/attepˈiː/,*/dormˈiː/,*/dormiːtˈaː/,*/ekskubulˈaː/,*/manˈeː/,*/maːnikˈaː/,*/repawsˈaː/,,*/wiɡilˈaː/,,*/ekskaldˈaː/,*/lawˈaː/,*/paːɡˈaːnum/,,,*/spurkˈaː/,,*/blandˈitjem/,*/inkommˈitte/,,,*/doljˈoːsum/,,*/ekspˈawima/,*/ekspawiːmentˈaː/,*/ekstemperˈaː/,*/feːlˈiːkem/,*/induːrˈaː/,*/interrittˈaː/,*/inwiːtˈaː/,,*/manɡanjˈaː/,,,*/miserˈeːre/,*/moːnstrˈaː/,*/pakˈaː/,*/panitˈaː/,,*/pensˈaː/,,,,,,,*/rosjˈoːnem/,,,,,,,,,,,,,*/kirkitˈaː/,*/koːɡitˈaː/,*/konˈoːske/,,*/kaptˈaː/,*/intelleːktjˈoːnem/,*/intellˈeːktum/,*/intellˈiɡe/,,,,,*/obliːtˈaː/,,,,,*/saːnˈaː/,*/saːnitˈoːsum/,,*/windikˈaː/,*/wirtwˈoːsum/,*/arˈaːnjam/,,,,,*/doloːrˈoːsum/,,,,,*/jakˈeː/,*/lajsjonˈaː/,*/lanɡwˈeːskoː/,,*/lanɡwˈoːrem/,,,,*/okkˈiːde/,,,*/petˈiːɡinem/,,,*/repˈoːne/,*/tussˈiː/,,,,,,,,,,,,,,,,,,,,,,,,,,,,,,,,,,,,,,,,,,,,*/karnˈakjum/,,*/farˈiːna/,*/friktˈuːram/,,,,,,,,,,,,,,,,,,,,,,*/kasˈaːrjum/,,,,,,,,,,,,,,,,,,,,,,,,,,,,,,,,,*/barbˈaːtum/,,,,,,,,,,,,*/fiːljˈaːnum/,,,,*/koroːnˈaː/,*/kreːdˈentjam/,,*/hospˈitjum/,*/inuksorˈaː/,*/laksˈaː/,*/mariːtˈaː/,,,,,,,,*/resalˈiː/,,,,,*/kalˈoːrem/,,,,,,,,,,,,,,,,,,,,*/deːmaːnˈitja/,,*/merˈiːdjeːm/,,,,,,,,*/aprˈiːljem/,*/kalendˈaːrjum/,,,*/awtˈumnam/,*/hibˈernam/,,,*/arˈeːnam/,,,,,,*/terrˈiːna/,*/karbˈoːnem/,,*/putjˈoːsa/,*/aruːɡˈiːna/,,,*/kontremulˈaː/,,,,,*/skamnˈellum/,*/solˈiːnum/,,,,*/ekssuːkkˈaː/,*/ekssˈuːkkoː/,,,,,,,,,,,,,,,,,,,,,,,,,,*/surkˈellum/,*/surkˈellam/,,,,,,,,,,,,,,,,,,,,,,,*/pedukˈellum/,,,,,,,,,,,*/paːnˈiːkum/,,,,,,,,,,,,,,,*/trifˈoljum/,,,,,,,,,,,,,,,,,*/boːlˈeːtem/,,*/animˈaːljam/,*/domˈestikum/,*/silwˈaːtikum/,,,,,*/deːpˈoːne/,*/ekstirpˈiː/,*/ekstˈirpum/,*/feːtˈaː/,*/inkaballikˈaː/,,,,*/ruːmiɡˈaː/,*/ɡarrˈeːskoː/,*/laːtrˈaː/,*/morsikˈaː/,*/muːɡˈiː/,,*/rhonkidjˈaː/,*/riːmˈaː/,*/armissˈaːrjum/,*/aŋnˈellum/,*/annˈoːtinum/,*/arˈietem/,,,*/kabˈallum/,,,*/kaprˈiːnam/,*/katˈellam/,,*/kornˈuːtum/,,*/juːnˈiːkem/,*/juwˈenkum/,*/juwˈenkam/,*/owˈiːnam/,,*/pekuwˈiːnam/,,*/porkˈellum/,*/porkˈellam/,*/porkˈiːnam/,,,,*/tertjˈaːnum/,,,,*/berbˈeːkum/,*/berbˈeːkem/,*/witˈellam/,*/witˈellum/,*/witˈuljum/,*/witˈuljam/,,,,,*/mikstˈiːkjum/,,,,,*/kristˈaːtum/,,*/ekswolˈaː/,,,,,,,*/ɡallˈiːnam/,,*/drepanˈellam/,,,,,*/hirundinˈellam/,,,*/peturnˈiːkulam/,*/perwiɡilaːtˈoːrjam/,*/perwiɡilˈaː/,,,,*/turturˈellam/,*/upˈupad͡zam/,*/wultˈurjum/,,*/piskˈaːrjum/,,,*/serpˈentjam/,,,,*/kawˈoːnem/,,,*/fluktulˈaː/,*/formˈiːkam/,,*/lakˈustam/,,*/lumbrˈiːkum/,,*/ojstrˈikulam/,*/peːdˈukulum/,,*/tabˈoːnem/,,,*/ekskˈurtum/,,,*/deːsˈertum/,*/eksˈaːmen/,,,*/imputˈaː/,*/intˈeɡrum/,,*/meːnsˈuːram/,*/meːnsuːrˈaː/,,*/minˈuːtum/,,*/numerˈaː/,,*/parˈikulam/,,,,,*/kwantum/,,,*/ekkutantum/,,,,*/antˈanjum/,,,,,,,,,,,*/wiːɡˈinti/,,*/anɡˈustum/,,,,,*/foːrmˈoːsum/,,,,,,,,,,,,,,,*/kwiˈeːtum/,*/kwiˈeːtam/,,,*/retˈundum/,,,,,*/similˈaː/,,*/subtˈiːlem/,*/takˈeː/,,,*/uːdˈaː/,*/wiskˈoːsum/,,,,,,,,,,,,,,,,,,,,,,,,,,*/komparˈaː/,*/kˈomparoː/,,,,*/lewˈaː/,,,,,,,,,*/kristˈɛːnu/,,,,,,,,,,,,,,,,,,,,,,,,,,,,,,*/siːbulˈaː/,,,,,,,,,,,,,,,,,,,,,,,*/rekˈoːrem/,,,,,,,,,,*/addˈeːnte/,*/adhˈiːkkeː/,*/admo/,*/adfˈoraːs/,*/aljoːrˈeːs/,,,*/deːkkjˈinde/,*/addeːnˈillahoːram/,*/deːpˈarte/,,*/ekkehˈikke/,*/ekkumhˈakke/,*/ekkumillˈok/,*/ekkˈummo/,,,,*/inabˈinte/,*/inadˈintroː/,*/inadpˈost/,*/inkontraː/,*/indˈeretro/,,,,*/perˈinter/,*/perˈintroː/,,,,,,,,,,,,*/abbˈatte/,*/adkellˈaː/,,,*/adprˈopjoː/,*/adprˈopjat/,*/assˈedjoː/,*/assˈedjat/,,,*/kollokˈaː/,,,,,,,,,,,,,,,,,,,,*/adreːktˈaː/,,,,*/komprˈende/,,,,*/ekskutulˈaː/,,,*/inɡannˈaː/,,,,,,,,*/adwˈiks/,,,,,,,,,,,,,,,*/admikstikˈaː/,,,*/astruwekˈaː/,,,,,,,,,,,,,,,,,,,,,,*/inkirkˈaː/,*/inklaːwjˈaː/,,,,,,,,,*/subtiːljˈaː/,,,,,,,,*/inkwjˈeːtum/,,,,,,,,,,,,,,,,*/palˈanɡa/,,,,,,,,,,,,*/triːbulˈaː/,,,,,,,,,,,,,,,,,*/insiŋnˈaː/,,*/feːnˈakjum/,*/feːnˈikja/,,,*/nuːtrˈikjum/,*/pastjˈoːnem/,*/sarkinˈaːrjum/,,,,*/wakkarˈitjam/,,,*/porkˈaːrjum/,*/porkaːrˈikja/,,,,,,,,,,,,,*/ekspantikˈaː/,,,,,*/infrˈanɡe/,*/infrontˈaː/,*/inwˈinke/,,,,,,,,,,,,,,,,,*/inkurrikˈaː/,,,,,,,,,,,,,,,,,,,,,,,,,,,,,,,,,*/ekstraːkoːlaːtˈoːrja/,,,,,,,,,,,*/frimbˈiːa/,,,,,,,,,,,,,,,,,,,,,,,,,*/respˈoːnsum/,,,,,,,,,,,,,,,,,,,,,,,,,,,,,,,,,,*/intreɡwˈaː/,,,,,,,,,,,,,,,,,,,,*/adjuːtˈaː/,,,,,,,,,,,,,,,,,,,,,,,,,,,,,*/erˈaːbat/,,,,,,,,,,,,,*/portˈaːbat/,,,,,*/ekskˈawuloː/,*/ekskˈawulat/,*/ekskˈawrjat/,,,,,
R25,,,,,,,,,,,,,,,,,,,,,,,,,,,,,,,,,,,,,,,,,,,,,,,,,,,,,,,,,,,,,,,,,,,,,,,,,,,,,,,,,,,,,,,,,,,,,,,,,,,,,,,,,,,,,,,,,,,,,,,,,,,,,,,,,,,,,,,,,,,,,,,,,,,,,,,,,,,,,,,,,,,,,,,,,,,,,,,,,,,,,,,,,,,,,,,,,,,,,,,,,,,,,,,,,,,,,,,,,,,,,,,,,,,,,,,,,,,,,,,,,,,,,,,,,,,,,,,,,,,,,,,,,,,,,,,,,,,,,,,,,,,,,,,,,,,,,,,,,,,,,,,,,,,,,,,,,,,,,,,,,,,,,,,,,,,,,,,,,,,,,,,,,,,,,,,,,,,,,,,,,,,,,,,,,,,,,,,,,,,,,,,,,,,,,,,,,,,,,,,,,,,,,,,,,,,,,,,,,,,,,,,,,,,,,,,,,,,,,,,,,,,,,,,,,,,,,,,,,,,,,,,,,,,,,,,,,,,,,,,,,,,,,,,,,,,,,,,,,,,,,,,,,,,,,,,,,,,,,,,,,,,,,,,,,,,,,,,,,,,,,,,,,,,,,,,,,,,,,,,,,,,,,,,,,,,,,,,,,,,,,,,,,,,,,,,,,,,,,,,,,,,,,,,,,,,,,,,,,,,,,,,,,,,,,,,,,,,,,,,,,,,,,,,,,,,,,,,,,,,,,,,,,,,,,,,,,,,,,,,,,,,,,,,,,,,,,,,,,,,,,,,,,,,,,,,,,,,,,,,,,,,,,,,,,,,,,,,,,,,,,,,,,,,,,,,,,,,,,,,,,,,,,,,,,,,,,,,,,,,,,,,,,,,,,,,,,,,,,,,,,,,,,,,,,,,,,,,,,,,,,,,,,,,,,,,,,,,,,,,,,,,,,,,,,,,,,,,,,,,,,,,,,,,,,,,,,,,,,,,,,,,,,,,,,,,,,,,,,,,,,,,,,,,,,,,,,,,,,,,,,,,,,,,,,,,,,,,,,,,,,,,,,,,,,,,,,,,,,,,,,,,,,,,,,,,,,,,,,,,,,,,,,,,,,,,,,,,,,,,,,,,,,,,,,,,,,,,,,,,,,,,,,,,,,,,,,,,,,,,,,,,,,,,,,,,,,,,,,,,,,,,,,,,,,,,,,,,,,,,,,,,,,,,,,,,,,,,,,,,,,,,,,,,,,,,,,,,,,,,,,,,,,,,,,,,,,,,,,,,,,,,,,,,,,,,,,,,,,,,,,,,,,,,,,,,,,,,,,,,,,,,,,,,,,,,,,,,,,,,,,,,,,,,,,,,,,,,,,,,,,,,,,,,,,,,,,,,,,,,,,,,,,,,,,,,,,,,,,,,,,,,,,,,,,,,,,,,,,,,,,,,,,,,,,,,,,,,,,,,,,,,,,,,,,,,,,,,,,,,,,,,,,,,,,,,,,,,,,,,,,,,,,,,,,,,,,,,,,,,,,,,,*/lˈakjum/,,,,,,,,,,,,,,,,,,,,,,,,,,,,,,,,,,,,,,,,,,,,,,,,,,,,,,,,,,,,,,,,,,,,,,,
R26,,,,,,,,,,,,,,,,,,,,,,,,,,,,,,,,,,,,,,,,,,,,,,,,,,,,,,,,,,,,,,,,,,,,,,,,,,,,,,,,,,,,,,,,,,,,,,,,,,,,,,,,,,,,,,,,,,,,,,,,,,,,,,,,,,,,,,,,,,,,,,,,,,,,,,,,,,,,,,,,,,,,,,,,,,,,,,,,,,,,,,,,,,,,,,,,,,,,,,,,,,,,,,,,,,,,,,,,,,,,,,,,,,,,,,,,,,,,,,,,,,,,,,,,,,,,,,,,,,,,,,,,,,,,,,,,,,,,,,,,,,,,,,,,,,,,,,,,,,,,,,,,,,,,,,,,,,,,,,*/reposˈaː/,,,,,,,,,,,,,,,,,,,,,,,,,,,,,,,,,,,,,,,,,,,,,,,,,,,,,,,,,,,,,,,,,,,,,,,,,,,,,,,,,,,,,,,,,,,,,,,,,,,,,,,,,,,,,,,,,,,,,,,,,,,,,,,,,,,,,,,,,,,,,,,,,,,,,,,,,,,,,,,,,,,,,,,,,,,,,,,,,,,,,,,,,,,,,,,,,,,,,,,,,,,,,,,,,,,,,,,,,,,,,,,,,,,,,,,,,,,,,,,,,,,,,,,,,,,,,,,,,,,,,,,,,,,,,,,,,,,,,,,,,,,,,,,,,,,,,,,,,,,,,,,,,,,,,,,,,,,,,,,,,,,,,,,,,,,,,,,,,,,,,,,,,,,,,,,,,,,,,,,,,,,*/kolˈikulum/,,,,,,,,,,,,,,,,,,,,,,,,,,,,,,,,,,,,,,,,,,,,,,,,,,,,,,,,,,,,,,,,,,,,,,,,,,,,,,,,,,,,,,,,,,,,,,,,,,,,,,,,,,,,,,,,,,,,,,,,,,,,,,,,,,,,,,,,,,,,,,,,,,,,,,,,,,,,,,,,,,,,,,,,,,,,,,,,,,,,,,,,,,,,,,,,,,,,,,,,,,,,,,,,,,,,,,,,,,,,,,,,,,,,,,,,,,,,,,,,,,,,,,,,,,,,,,,,,,,,,,,,,,,,,,,,,,,,,,,,,,,,,,,,,,,,,,,,,,,,,,,,,,,,,,,,,,,,,,,,,,,,,,,,,,,,,,,,,,,,,,,,,,,,,,,,,,,,,,,,,,,,,,,,,,,,,,,,,,,,,,,,,,,,,,,,,,,,,,,,,,,,,,,,,,,,,,,,,,,,,,,,,,,,,,,,,,,,,,,,,,,,,,,,,,,,,,,,,,,,,,,,,,,,,,,,,,,,,,,,,,,,,,,,,,,,,,,,,,,,,,,,,,,,,,,,,,,,,,,,,,,,,,,,,,,,,,,,,,,,,,,,,,,,,,,,,,,,,,,,,,,,,,,,,,,,,,,,,,,,,,,,,,,,,,,,,,,,,,,,,,,,,,,,,,,,,,,,,,,,,,,,,,,,,,,,,,,,,,,,,,,,,,,,,,,,,,,,,,,,,,,,,,,,,,,,,,,,,,,,,,,,,,,,,,,,,,,,,,,,,,,,,,,,,,,,,,,,,,,,,,,,,,,,,,,,,,,,,,,,,,,,,,,,,,,,,,
R27,,,,,,,,,,,,,,,,,,,,,,,,,,,,,,,,,,,,,,,,,,,,,,,,,,,,,,,,,,,,,,,,,,,,,,,,,,,,,,,,,,,,,,,,,,,,,,,,,,,,,,,,,,,,,,,,,,,,,,,,,,,,,,,,,,,,,,,,,,,,,,,,,,,,,,,,,,,,,,,,,,,,,,,,,,,,,,,,,,,,,,,,,,,,,,,,,,,,,,,,,,,,,,,,,,,,,,,,,,,,,,,,,,,,,,,,,,,,,,,,,,,,,,,,,,,,,,,,,,,,,,,,,,,,,,,,,,,,,,,,,,,,,,,,,,,,,,,,,,,,,,,,,,,,,,,,,,,,,,,,,,,,,,,,,,,,,,,,,,,,,,,,,,,,,,,,,,,,,,,,,,,,,,,,,,,,,,,,,,,,,,,,,,,,,,,,,,,,,,,,,,,,,,,,,,,,,,,,,,,,,,,,,,,,,,,,,,,,,,,,,,,,,,,,,,,,,,,,,,,,,,,,,,,,,,,,,,,,,,,,,,,,,,,,,,,,,,,,,,,,,,,,,,,,,,,,,,,,,,,,,,,,,,,,,,,,,,,,,,,,,,,,,,,,,,,,,,,,,,,,,,,,,,,,,,,,,,,,,,,,,,,,,,,,,,,,,,,,,,,,,,,,,,,,,,,,,,,,,,,,,,,,,,,,,,,,,,,,,,,,,,,,,,,,,,,,,,,,,,,,,,,,,,,,,,,,,,,,,,,,,,,,,,,,,,,,,,,,,,,,,,,,,,,,,,,,,,,,,,,,,,,,,,,,,,,,,,,,,,,,,,,,,,,,,,,,,,,,,,,,,,,,,,,,,,,,,,,,,,,,,,,,,,,,,,,,,,,,,,,,,,,,,,,,,,,,,,,,,,,,,,,,,,,,,,,,,,,,,,,,,,,,,,,,,,,,,,,,,,,,,,,,,,,,,,,,,,,,,,,,,,,,,,,,,,,,,,,,,,,,,,,,,,,,,,,,,,,,,,,,,,,,,,,,,,,,,,,,,,,,,,,,,,,,,,,,,,,,,,,,,,,,,,,,,,,,,,,,,,,,,,,,,,,,,,,,,,,,,,,,,,,,,,,,,,,,,,,,,,,,,,,,,,,,,,,,,,,,,,,,,,,,,,,,,,,,,,,,,,,,,,,,,,,,,,,,,,,,,,,,,,,,,,*/awpukˈaː/,,,,,,,,,,,,,,,,,,,,,,,,,,,,,,,,,,,,,,,,,,,,,,,,,,,,,,,,,,,,,,,,,,,,,,,,,,,,,,,,,,,,,,,,,,,,,,,,,,,,,,,,,,,,,,,,,,,,,,,,,,,,,,,,,,,,,,,,,,,,,,,,,,,,,,,,,,,,,,,,,,,,,,,,,,,,,,,,,,,,,,,,,,,,,,,,,,,,,,,,,,,,,,,,,,,,,,,,,,,,,,,,,,,,,,,,,,,,,,,,,,,,,,,,,,,,,,,,,,,,,,,,,,,,,,,,,,,,,,,,,,,,,,,,,,,,,,,,,,,,,,,,,,,,,,,,,,,,,,,,,,,,,,,,,,,,,,,,,,,,,,,,,,,,,
R28,,,,,,,,,,,,,,,,,,,,,,,,,,,,,,,,,,,,,,,,,,,,,,,,,,,,,,,,,,,,,,,,,,,,,,,,,,,,,,,,,,,,,,,,,,,,,,,,,,,,,,,,,,,,,,,,,,,,,,,,,,,,,,,,,,,,,,,,,,,,,,,,,,,,,,,,,,,,,,,,,,,,,,,,,,,,,,,,,,,,,,,,,,,,,,,,,,,,,,,,,,,,,,,,,,,,,,,,,,,,,,,,,,,,,,,,,,,,,,,,,,,,,,,,,,,,,,,,,,,,,,,,,,,,,,,,,,,,,,,,,,,,,,,,,,,,,,,,,,,,,,,,,,,,,,,,,,,,,,,,,,,,,,,,,,,,,,,,,,,,,,,,,,,,,,,,,,,,,,,,,,,,,,,,,,,,,,,,,,,,,,,,,,,,,,,,,,,,,,,,,,,,,,,,,,,,,,,,,,,,,,,,,,,,,,,,,,,,,,,,,,,,,,,,,,,,,,,,,,,,,,,,,,,,,,,,,,,,,,,,,,,,,,,,,,,,,,,,,,,,,,,,,,,,,,,,,,,,,,,,,,,,,,,,,,,,,,,,,,,,,,,,,,,,,,,,,,,,,,,,,,,,,,,,,,,,,,,,,,,,,,,,,,,,,,,,,,,,,,,,,,,,,,,,,,,,,,,,,,,,,,,,,,,,,,,,,,,,,,,,,,,,,,,,,,,,,,,,,,,,,,,,,,,,,,,,,,,,,,,,,,,,,,,,,,,,,,,,,,,,,,,,,,,,,,,,,,,,,,,,,,,,,,,,,,,,,,,,,,,,,,,,,,,,,,,,,,,,,,,,,,,,,,,,,,,,,,,,,,,,,,,,,,,,,,,,,,,,,,,,,,,,,,,,,,,,,,,,,,,,,,,,,,,,,,,,,,,,,,,,,,,,,,,,,,,,,,,,,,,,,,,,,,,,,,,,,,,,,,,,,,,,,,,,,,,,,,,,,,,,,,,,,,,,,,,,,*/askeptˈaː/,,,,,,,,,,,,,,,,,,,,,,,,,,,,,,,,,,,,,,,,,,,,,,,,,,,,,,,,,,,,,,,,,,,,,,,,,,,,,,,,,,,,,,,,,,,,,,,,,,,,,,,,,,,,,,,,,,,,,,,,,,,,,,,,,,,,,,,,,,,,,,,,,,,,,,,,,,,,,,,,,,,,,,,,,,,,,,,,,,,,,,,,,,,,,,,,,,,,,,,,,,,,,,,,,,,,,,,,,,,,,,,,,,,,,,,,,,,,,,,,,,,,,,,,,,,,,,,,,,,,,,,,,,,,,,,,,,,,,,,,,,,,,,,,,,,,,,,,,,,,,,,,,,,,,,,,,,,,,,,,,,,,,,,,,,,,,,,,,,,,,,,,,,,,,,,,,,,,,,,,,,,,,,,,,,,,,,,,,,,,,,,,,,,,,,,,,,,,,,,,,,,,,,,,,,,,,,,,,,,,,,,,,,,,,,,,,,,,,,,,,,,,,,,,,,,,,,,,,,,,,,,,,,,,,,,,,,,,,,,,,,,,,,,,,,,,,,,,,,,,,,,,,,,,,,,,,,,,,,,,,,
R29,,,,,,,,,,,,,,,,,,,,,,,,,,,,,,,,,,,,,*/aɡˈustum/,,,,,,,,,,,,,,,,,,,,,,,,,,,,,,,,,,,,,,,,,,,,,,,,,,,,,,,,,,,,,,,,,,,,,,,,,,,,,,,,,,,,,,,,,,,,,,,,,,,,,,,,,,,,,,,,,,,,,,,,,,,,,,,,,,,,,,,,,,,,,,,,,,,,,,,,,,,,,,,,,,,,,,,,,,,,,,,,,,,,,,,,,,,,,,,,,,,,,,,,,,,,,,,,,,,,,,,,,,,,,,,,,,,,,,,,,*/askultˈaː/,,,,,,,,,,,,,,,,,,,,,,,,,,,,,,,,,,,,,,,,,,,,,,,,,,,,,,,,,,,,,,,,,,,,,,,,,,,,,,,,,,,,,,,,,,,,,,,,,,,,,,,,,,,,,,,,,,,,,,,,,,,,,,,,,,,,,,,,,,,,,,,,,,,,,,,,,,,,,,,,,,,,,,,,,,,,,,,,,,,,,,,,,,,,,,,,,,,,,,,,,,,,,,,,,,,,,,,,,,,,,,,,,,,,,,,,,,,,,,,,,,,,,,,,,,,,,,,,,,,,,,,,,,,,,,,,,,,,,,,,,,,,,,,,,,,,,,,,,,,,,,,,,,,,,,,,,,,,,,,*/atˈumnam/,,,,,,,,,,,,,,,,,,,,,,,,,,,,,,,,,,,,,,,,,,,,,,,,,,,,,,,,,,,,,,,,,,,,,,,,,,,,,,,,,,,,,,,,,,,,,,,,,,,,,,,,,,,*/arˈeolum/,,,,,,,,,,,,,,,,,,,,,,,,,,,,,,,,,,,,,,,,,,,,,,,,,,,,,,,,,,,,,,,,,,,,,,,,,,,,,,,,,,,,,,,,,,,,,,,,,,,,,,,,,,,,,,,,,,,,,,,,,,,,,,,,,,,,,,,,,,,,,,,,,,,,,,,,,,,,,,,,,,,,,,,,,,,,,,,,,,,,,,,,,,,,,,,,,,,,,,,,,,,,,,,,,,,,,,,,,,,,,,,,,,,,,,,,,,,,,,,,,,,,,,,,,,,,,,,,,,,,,,,,,,,,,,,,,,,,,,,,,,,,,,,,,,,,,,,,,,,,,,,,,,,,,,,,,,,,,,,,,,,,,,,,,,,,,,,,,,,,,,,,,,,,,,,,,,,,,,,,,,,,,,,,,,,,,,,,,,,,,,,,,,,,,,*/apukˈaː/,,,,,,,,,,,,,,,,,,,,,,,,,,,,,,,,,,,,,,,,,,,,,,,,,,,,,,,,,,,,,,,,,,,,,,,,,,,,,,,,,,,,,,,,,,,,,,,,,,,,,,,,,,,,,,,,,,,,,,,,,,,,,,,,,,,,,,,,,,,,,,,,,,,,,,,,,,,,,,,,,,,,,,,,,,,,,,,,,,,,,,,,,,,,,,,,,,,,,,,,,,,,,,,,,,,,,,,,,,,,,,,,,,,,,,,,,,,,,,,,,,,,,,,,,,,,,,,,,,,,,,,,,,,,,,,,,,,,,,,,,,,,,,,,,,,,,,,,,,,,,,,,,,*/aˈunkulum/,,,,,,,,,,,,,,,,,,,,,,,,,,,,,,,,,,,,,,,,,,,
R30,,,,,,,,,,,,,,,,,,,,,,,,,,,,,,,,,,,,,,,,,,,,,,,,,,,,,,,,,,,,,,,,,,,,,,,,,,,,,,,,,,,,,,,,,,,,,,,,,,,,,,,,,,,,,,,,,,,,,,,,,,,,,,,,,,,,,,,,,,,,,,,,,,,,,,,,,,,,,,,,,,,,,,,,,,,,,,,,,,,,,,,,,,,,,,,,,,,,,,,,,,,,,,,,,,,,,,,,,,,,,,,,,,,,,,,,,,,,,,,,,,,,,,,,,,,,,,,,,,,,,,,,,,,,,,,,,,,,,,,,,,,,,,,,,,,,,,,,,,,,,,,,,,,,,,,,,,,,,,,,,,,,,,,,,,,,,,,,,,,,,,,,,,,,,,,,,,,,,,,,,,,,,,,,,,,,,,,,,,,,,,,,,,,,,,,,,,,,,,,,,,,,,,,,,,,,,,,,,,,,,,,,,,,,,,,,,,,,,,,,,,,,,,,,,,,,,,,,,,,,,,,,,,,,,,,,,,,,,,,,,,,,,,,,,,,*/ferˈestram/,,,,,,,,,,,,,,,,,,,,,,,,,,,,,,,,,,,,,,,,,,,,,,,,,,,,,,,,,,,,,,,,,,,,,,,,,,,,,,,,,,,,,,,,,,,,,,,,,,,,,,,,,,,,,,,,,,,,,,,,,,,,,,,,,,,,,,,,,,,,,,,,,,,,,,,,,,,,,,,,,,,,,,,,,,,,,,,,,,,,,,,,,,,,,,,,,,,,,,,,,,,,,,,,,,,,,,,,,,,,,,,,,,,,,,,,,,,,,,,,,,,,,,,,,,,,,,,,,,,,,,,,,,,,,,,,,,,,,,,,,,,,,,,,,,,,,,,,,,,,,,,,,,,,,,,,,,,,,,,,,,,,,,,,,,,,,,,,,,,,,,,,,,,,,,,,,,,,,,,,,,,,,,,,,,,,,,,,,,,,,,,,,,,,,,,,,,,,,,,,,,,,,,,,,,,,,,,,,,,,,,,,,,,,,,,,,,,,,,,,,,,,,,,,,,,,,,,,,,,,,,,,,,,,,,,,,,,,,,,,,,,,,,,,,,,,,,,,,,,,,,,,,,,,,,,,,,,,,,,,,,,,,,,,,,,,,,,,,,,,,,,,,,,,,,,,,,,,,,,,,,,,,,,,,,,,,,,,,,,,,,,,,,,,,,,,,,,,,,,,,,,,,,,,,,,,,,,,,,,,,,,,,,,,,,,,,,,,,,,,,,,,,,,,,,,,,,,,,,,,,,,,,,,,,,,,,,,,,,,,,,,,,,,,,,,,,,,,,,,,,,,,,,,,,,,,,,,,,,,,,,,,,,,,,,,,,,,,,,,,,,,,,,,,,,,,,,,,,,,,,,,,,,,,,,,,,,,,,,,,,,,,,,,,,,,,,,,,,,,,,,,,,,,,,,,,,,,,,,,,,,,,,,,,,,,,,,,,,,,,,,,,,,,,,,,,,,,,,,,,,,,,,,,,,,,,,,,,,,,,,,,,,,,,,,,,,,,,,,,,,,,,,,,,,,,,,,,,,,,,,,,,,,,,,,,,,,,,,,,,,,,,
R31,,,,,,,,,,,,,,,,,,,,,,,,,,,,,,,,,,,,,,,,,,,,,,,,,,,,,,,,,,,,,,,,,,,,,,,,,,,,,,,,,,,,,,,,,,,,,,,,,,,,,,,,,,,,,,,,,,,,,,,,,,,,,,,,,,,,,,,,,,,,,,,,,,,,,,,,,,,,,,,,,,,,,,,,,,,,,,,,,,,,,,,,,,,,,,,,,,,,,,,,,,,,,,,,,,,,,,,,,,,,,,,,,,,,,,,,,,,,,,,,,,,,,,,,,,,,,,,,,,,,,,,,,,,,,,,,,,,,,,,,,,,,,,,,,,,,,,,,,,,,,,,,,,,,,,,,,,,,,,,,,,,,,,,,,,,,,,,,,,,,,,,,,,,,,,,,,,,,,,,,,,,,,,,,,,,,,,,,,,,,,,,,,,,,,,,,,,,,,,,,,,,,,,,,,,,,,,,,,,,,,,,,,,,,,,,,,,,,,,,,,,,,,,,,,,,,,,,,,,,,,,,,,,,,,,,,,,,,,,,,,,,,,,,,,,,,,,,,,,,,,,,,,,,,,,,,,,,,,,,,,,,,,,,,,,,,,,,,,,,,,,,,,,*/kˈirkanum/,,,,,,,,,,,,,*/nˈuːbalum/,,,,,,,,,,,,,,,,,,,,,,,,,,,,,,,,,,,,,,,,,,,,,,,,,,,,,,,,,,,,,,,,,,,,,,,,,,,,,,,,,,,,,,,,,,,*/mastˈikanum/,,,,,,,,,,,,,,,,,,,,,,,,,,,,,,,,,,,,,,,,,,,,,,,,,,,,,,,,,,,,,,,,,,,,,,,,,,,,,,,,,,,,,,,,,,,,,,,,,,,,,,,,,,,,,,,,,,,,,,,,,,,,,,,,,,,,,,,,,,,,,,,,,,,,,,,,,,,,,,,,,,,,,,,,,,,,,,,,,,,,,,,,,,,,,,,,,,,,,,,,,,,,,,,,,,,,,,,,,,,,,,,,,,,,,,,,,,,,,,,,,,,,,,,,,,,,,,,,,,,,,,,,,,,,,,,,,,,,,,,,,,,,,,,,,,,,,,,,,,,,,,,,,,,,,,,,,,,,,,,,,,,,,,,,,,,,,,,,,,,,,,,,,,,,,,,,,,,,,,,,,,,,,,,,,,,,,,,,,,,,,,,,,,,,,,,,,,,,,,,,,,,,,,,,,,,,,,,,,,,,,,,,,,,,,,,,,,,,,,,,,,,,,,,,,,,,,,,,,,,,,,,,,,,,,,,,,,,,,,,,,,,,,,,,,,,,,,,,,,,,,,,,,,,,,,,,,,,,,,,,,,,,,,,,,,,,,,,,,,,,,,,,,,,,,,,,,,,,,,,,,,,,,,,,,,,,,,,,,,,,,,,,,,,,,,,,,,,,,,,,,,,,,,,,,,,,,,,,,,,,,,,,,,,,,,,,,,,,,,,,,,,,,,,,,,,,,,,,,,,,,,,,,,,,,,,,,,,,,,,,,,,,,,,,,,,,,,,,,,,,,,,,,,,,,,,,,,,,,,,,,,,,,,,,,,,,,,,,,,,,,,,,,,,,,,,,,,,,,,,,,,,,,,,,,,,,,,,,,,,,,,,,,
R32,,,,,,,,,,,,,,,,,,,,,,,,,,,,,,,,,,,,,,,,,,,,,,,,,,,,,,,,,,,,,,,,,,,,,,,,,,,,,,,,,,,,,,,,,,,,,,,,,,,,,,,,,,,,,,,,,,,,,,,,,,,,,,,,,,,,,,,,,,,,,,,,,,,,,,,,,,,,,,,,,,,,,,,,,,,,,,,,,,,,,,,,,,,,,,,,,,,,,,,,,,,,,,,,,,,,,,,,,,,,,,,,,,,,,,,,,,,,,,,,,,,,,,,,,,,,,,,,,,,,,,,,,,,,,,,,,,,,,,,,,,,,,,,,,,,,,,,,,,,,,,,,,,,,,,,,,,,,,,,,,,,,,,,,,,,,,,,,,,,,,,,,,,,,,,,,,,,,,,,,,,,,,,,,,,,,,,,,,,,,,,,,,,,,,,,,,,,,,,,,,,,,,,,,,,,,,,,,,,,,,,,,,,,,,,,,,,,,,,,,,,,,,,,,,,,,,,,,,,,,,,,,,,,,,,,,,,,,,,,,,,,,,,,,,,,,,,,,,,,,,,,,,,,,,,,,,,,,,,,,,,,,,,,,,,,,,,,,,,,,,,,,,,,,,,,,,,,,,,,,,,,,,,,,,,,,,,,,,,,,,,,,,,,,,,,,,,,,,,,,,,,,,,,,,,,,,,,,,,,,,,,,,,,,,,,,,,,,,,,,,,,,,,,,,,,,,,,,,,,,,,,,,,,,,,,,,,,,,,,,,,,,,,,,,,,,,,,,,,,,,,,,,,,,,,,,,,,,,,,,,,,,,,,,,,,,,,,,,,,,,,,,,,,,,,,,,,,,,,,,,,,,,,,,,,,,,,,,,,,,,,,,,,,,,,,,,,,,,,,,,,,,,,,,,,,,,,,,,,,,,,,,,,,,,,,,,,,,,,,,,,,,,,,,,,,,,,,,,,,,,,,,,,,,,,,,,,,,,,,,,,,,,,,,,,,,,,,,,,,,,,,,,,,,,,,,,,,,,,,,,,,,,,,,,,,,,,,,,,,,,,,,,,,,,,,,,,,,,,,,,,,,,,,,,,,,,,,,,,,,,,,,,,,,*/pertrˈaːjike/,,,,,,,,,,,,,,,,,,,,,,,,,,,,,,,,,,,,,,,,,,,,,,,,,,,,,,,,,,,,,,,,,,,,,,,,,,,,,,,,,,,,,,,,,,,,,*/trˈaːjike/,,,,,,,,,,,,,,,,,,,,,,,,,,,,,,,,,,,,,,,,,,,,,,,,,,,,,,,,,,,,,,,,,,,,,,,,,,,,,,,,,,,,,,,,,,,,,,,,,,,,,,,,,,,,,,,,,,,,,,,,,,,,,,,,,,,,,,,,,,,,,,,,,,,,,,,,,,,,,,,,,,,,,,,,,,,,,,,,,,,,,,,,,,,,,,,,,,,,,,,,,,,,,,,,,,,,,,,,,,,,,,,,,,,,,,,,,,,,,,,,,,,,,,,,,,,,,,,,,,,,,,,,,,,,,,,,,,,,,,,,,,,,,,,,,,,,,,,,,,,,,,,,,,,,,,,,,,,,,,,,,,,,,,,,,,,,,,,,,,,,,,,,,,,,,,,,,,
R33,,,,,,,,,,,,,,,,,,,,,,,,,,,,,,,,,,,,,,,,,,,,,,,,,,,,,,,,,,,,,,,,,,,,,,,,,,,,,,,,,,,,,,,,,,,,,,,,,,,,,,,,,,,,,,,,,,,,,,,,,,,,,,,,,,,,,,,,,,,,,,,,,,,,,,,,,,,,,,,,,,,,,,,,,,,,,,,,,,,,,,,,,,,,,,,,,,,,,,,,,,,,,,,,,,,,,,,,,,,,,,,,,,,,,,,,,,,,,,,,,,,,,,,,,,,,,,,,,,,,,,,,,,,,,,,,,,,,,,,,,,,,,,,,,,,,,,,,,,,,,,,,,,,,,,,,,,,,,,,,,,,,,,,,,,,,,,,,,,,,,,,,,,,,,,,,,,,,,,,,,,,,,,,,,,,,,,,,,,,,,,,,,,,,,,,,,,,,,,,,,,,,,,,,,,,,,,,,,,,,,,,,,,,,,,,,,,,,,,,,,,,,,,,,,,,,,,,,,,,,,,,,,,,,,,,,,,,,,,,,,,,,,,,,,,,,,,,,,,,,,,,,,,,,,,,,,,,,,,,,,,,,,,,,,,,,,,,,,,,,,,,,,,,,,,,,,,,,,,,,,,,,,,,,,,,,,,,,,,,,,,,,,,,,,,,,,,,,,,,,,,,,,,,,,,,,,,,,,,,,,,,,,,,,,,,,,,,,,,,,,,,,,,,,,,,,,,,,,,,,,,,,,,,,,,,,,,,,,,,,,,,,,,,,,,,,,,,,,,,,,,,,,,,,,,,,,,,,,,,,,,,,,,,,,,,,,,,,,,,,,,,,,,,,,,*/jˈuwenkum/,*/jˈuwenkam/,,,*/pekˈuwiːnam/,,,,,,,,,,,,,,,,,,,,,,,,,,,,,,,,,,,,,,,,,,,,,,,,,,,,,,,,,,,,,,,,,,,,,,,,,,,,,,,,,,,,,,,,,,,,,,,,,,,,,,,,,,,,,,,,,,,,,,,,,,,,,,,,,,,,,,,,,,,,,,,,,,,,,,,,,,,,,,,,,,,,,,,,,,,,,,,,,,,,,,,,,,,,,,,,,,,,,,,,,,,,,,,,,,,,,,,,,,,,,,,,,,,,,,,,,,,,,,,,,,,,,,,,,,,,,,,,,,,,,,,,,,,,,,,,,,,,,,,,,,,,,,,,,,,,,,,,,,,,,,,,,,,,,,,,,,,,,,,,,,,,,,,,,,,,,,,,,,,,,,,,,,,,,,,,,,,,,,,,,,,,,,,,,,,,,,,,,,,,,,,,,,,,,,,,,,,,,,,,,,,,,,,,,,,,,,,,,,,,,,,,,,,,,,,,,,,,,,,,,,,,,,,,,,,,,,,,,,,,,,,,,,,,,,,,,,,,,,,,,,,,,,,,,,,,,,,,,,,,,,,,,,,,,,,,,,,,,,,,,,,,,,,,,,,,,,,,,,,,,,,,,,,,,,,,,,,,,,,,,,,,,,,,,,,,,,,,,,,,,,,,,,,,,,,,,,,,,,,,,,,,,,,,,,,,,,,,,,,,,,,,,,,,,,,,,,,,,,,,,,,,,,,,,,,,,,,,,,,,,,,,,,,,,,,,,,,,,,,,,
R34,,,,,,,,,,,,,,,,,,,,,,,,,,,,,,,,,,,,,,,,,,,,,,,,,,,,,,,,,,,,,,,,,,,,,,,,,,,,,,,,,,,,,,,,,,,,,,,,,,,,,,,,,,,,,,,,,,,,,,,,,,,,,,,,,,,,,,,,,,,,,,,,,,,,,,,,,,,,,,,,,,,,,,,,,,,,,,,,,,,,,,,,,,,,,,,,,,,,,,,,,,,,,,,,,,,,,,,,,,,,,,,,,,,,,,,,,,,,,,,,,,,,,,,,,,,,,,,,,,,,,,,,,,,,,,,,,,,,,,,,,,,,,,,,,,,,,,,,,,,,,,,,,,,,,,,,,,,,,,,,,,,,,,,,,,,,,,,,,,,,,,,,,,,,,,,,,,,,,,,,,,,,,,,,,,,,,,,,,,,,,,,,,,,,,,,,,,,,,,,,,,,,,,,,,,,,,,,,,,,,,,,,,,,,,,,,,,,,,,,,,,,,,,,,,,,,,,,,,,,,,,,,,,,,,,,,,,,,,,,,,,,,,,,,,,,,,,,,,,,,,,,,,,,,,,,,,,,,,,,,,,,,,,,,,,,,,,,,,,,,,,,,,,,,,,,,,,,,,,,,,,,,,,,,,,,,,,,,,,,,,,,,,,,,,,,,,,,,,,,,,,,,,,,,,,,,,,,,,,,,,,,,,,,,,,,,,,,,,,,,,,,,,,,,,,,,,,,,,,,,,,,,,,,,,,,,,,,,,,,,,,,,,,,,,,,,,,,,,,,,,,,,,,,,,,,,,,,,,,,,,,,,,,,,,,,,,,,,,,,,,,,,,,,,,,,,,,,,,,,,,,,,,,,,,,,,,,,,,,,,,,,,,,,,,,,,,,,,,,,,,,,,,,,,,,,,,,,,,,,,,,,,,,,,,,,,,,,,,,,,,,,,,,,,,,,,,,,,,,,,,,,,,,,,,,,,,,,,,,,,,,,,,,,,,,,,,,,,,,,,,,,,,,,,,,,,,,,,,,,,,,,,,,,,,,,,,,,,,,,,,,,,,,,,,,,,,,,,,,,,,,,,,,,,,,,,,,,,,,,,,,,,,,,,*/pertrˈaːjke/,,,,,,,,,,,,,,,,,,,,,,,,,,,,,,,,,,,,,,,,,,,,,,,,,,,,,,,,,,,,,,,,,,,,,,,,,,,,,,,,,,,,,,,,,,,,,*/trˈaːjke/,,,,,,,,,,,,,,,,,,,,,,,,,,,,,,,,,,,,,,,,,,,,,,,,,,,,,,,,,,,,,,,,,,,,,,,,,,,,,,,,,,,,,,,,,,,,,,,,,,,,,,,,,,,,,,,,,,,,,,,,,,,,,,,,,,,,,,,,,,,,,,,,,,,,,,,,,,,,,,,,,,,,,,,,,,,,,,,,,,,,,,,,,,,,,,,,,,,,,,,,,,,,,,,,,,,,,,,,,,,,,,,,,,,,,,,,,,,,,,,,,,,,,,,,,,,,,,,,,,,,,,,,,,,,,,,,,,,,,,,,,,,,,,,,,,,,,,,,,,,,,,,,,,,,,,,,,,,,,,,,,,,,,,,,,,,,,,,,,,,,,,,,,,,,,,,,,,
R35,,,,,,,,,,,,,,,,,,,,,,,,,,,,,,,,,,,,,,,,,,,,,,,,,,,,,*/alluwˈaːtum/,,,,,,,,,,,,,,,,,,,,,,,,,,,,,,,,,,,,,,,,,,,,,,,,,,,,,,,,,,,,,,,,,,,,,,,,,,,,,,,,,,,,,,,,,,,,,,,,,,,,,,,,,,,,,,,,,,,,,,,,,,,,,,,,,,,,,,,,,,,,,,,,,,,,,,,,,,,,,,,,,,,,,,,,,,,,,,,,,,,,,,,,,,,,,,,,,,,,,,,,,,,,,,,,,,,,,,,,,,,,,,,,,,,,,,,,,,,,,,,,,,,,,,,,,,,,,,,,,,,,,,,,,,,,,,,,,,,,,,,,,,,,,,,,,,,,,,,,,,,,,,,,,,,,,,,,,,,,,,,,,,,,,,,,,,,,,,,,,,,,,,,,,,,,,,,,,,,,,,,,,,,,,,,,,,,,,,,,,,,,,,,,,,,,,,,,,,,,,,,,,,,,,,,,,,,,,,,,,,,,,,,,,,,,,,,,,,,,,,,,,,,,,,,,,,,,,,,,,,,,,,,,,,,,,,,,,,,,,,,,,,,,,,,,,,,,,,,,,,,,,,,,,,,,,,,,,,,,,,,,,,,,,,,,,,,,,,,,,,,,,,,,,,,,,,,,,,,,,,,,,,,,,,,,,,,,,,,,,,,,,,,,,,,,,,,,,,,,,,,,,,,,,,,,,,,,,,,,,,,,,,,,,,,,,,,,,,,,,,,,,,,,,,,,,,,,,,,,,,,,,,,,,,,,,,,,,,,,,,,,,,,,,,,,,,,,,,,,,,,,,,,,,,,,,,,,,,,,,,,,,,,,,,,,,,,,,,,,,,,,,,,,,,,,,,,,,,,,,,,,,,,,,,,,,,,,,,,,,,,,,,,,,,,,,,,,,,,,,,,,,,,,,,,,,,,,,,,,,,,,,,,,,,,,,,,,,,,,,,,,,,,,,,,,,,,,,,,,,,,,,,,,,,,,,,,,,,,,,,,,,,,,,,,,,*/luwˈaː/,,,,,,,,,,,,,,,,,,,,,,,,,,,,,,,,,,,,,,,,,,,,,,,,,,,,,,,,,,,,,,,,,,,,,,,,,,,,,,,,,,,,,,,,,,,,,,,,,,,,,,,,,,,,,,,,,,,,,,,,,,,,,,,,,,,,,,,,,,,,,,,,,,,,,,,,,,,,,,,,,,,,,,,,,,,,,,,,,,,,,,,,,,,,,,,,,,,,,,,,,,,,,,,,,,,,,,,,,,,,,,,,,,,,,,,,,,,,,,,,,,,,,,,,,,,,,,,,,,,,,,,,,,,,,,,,,,,,,,,,,,,,,,,,,,,,,,,,,,,,,,,,,,,,,,,,,,,,,,,,,,,,,,,,,,,,,,,,,,,,,,,,,,,,,,,,,,,,,,,,,,,,,,,,,,,,,,,,,,,,,,,,,,,,,,,,,,,,,,,,,,,,,,,,,,,,,,,,,,,,,,,,,,,,,,,,,,,,,,,,,,,,,,,,,,,,,,,,,,,,,,,,,,,,,,,,,,,,,,,,,,,,,,,,,,,,,
R36,,,,,,,,,,,,,,,,,,,,,,,,,,,,,,,,,,,,,,,,,,,,,,,,,,,,,,,,,,,,,,,,,,,,,,,,,,,,,,,,,,,,,,,,,,,,,,,,,,,,,,,,,,,,,,,,,,,,,,*/akkuhˈik/,*/akkuhˈok/,*/akkjˈillum/,*/akkwˈistum/,,,,,,,,,,,,,,,,,,,,,,,,,,,,,,,,,,,,,,,,,,,,,,,,,,,,,,,,,,,,,,,,,,,,,,,,,,,,,,,,,,,,,,,,,,,,,,,,,,,,,,,,,,,,,,,,,,,,,,,,,,,,,,,,,,,,,,,,,,,,,,,,,,,,,,,,,,,,,,,,,,,,,,,,,,,,,,,,,,,,,,,,,,,,,,,,,,,,,,,,,,,,,,,,,,,,,,,,,,,,,,,,,,,,,,,,,,,,,,,,,,,,,,,,,,,,,,,,,,,,,,,,,,,,,,,,,,,,,,,,,,,,,,,,,,,,,,,,,,,,,,,,,,,,,,,,,,,,,,,,,,,,,,,,,,,,,,,,,,,,,,,,,,,,,,,,,,,,,,,,,,,,,,,,,,,,,,,,,,,,,,,,,,,,,,,,,,,,,,,,,,,,,,,,,,,,,,,,,,,,,,,,,,,,,,,,,,,,,,,,,,,,,,,,,,,,,,,,,,,,,,,,,,,,,,,,,,,,,,,,,,,,,,,,,,,,,,,,,,,,,,,,,,,,,,,,,,,,,,,,,,,,,,,,,,,,,,,,,,,,,,,,,,,,,,,,,,,,,,,,,,,,,,,,,,,,,,,,,,,,,,,,,,,,,,,,,,,,,,,,,,,,,,,,,,,,,,,,,,,,,,,,,,,,,,,,,,,,,,,,,,,,,,,,,,,,,,,,,,,,,,,,,,,,,,,,,,,,,,,,,,,,,,,,,,,,,,,,,,,,,,,,,,,,,,,,,,,,,,,,,,,,,,,,,,,,,,,,,*/akkutantum/,,,,,,,,,,,,,,,,,,,,,,,,,,,,,,,,,,,,,,,,,,,,,,,,,,,,,,,,,,,,,,,,,,,,,,,,,,,,,,,,,,,,,,,,,,,,,,,,,,,,,,,,,,,,,,,,,,,,,,,,,,,,,,,,,,,,,,,,,,,,,,,,,,,,,,,,,,,,,,,,,,,,,,,*/akkehˈikke/,*/akkumhˈakke/,*/akkumillˈok/,*/akkˈummo/,,,,,,,,,,,,,,,,,,,,,,,,,,,,,,,,,,,,,,,,,,,,,,,,,,,,,,,,,,,,,,,,,,,,,,,,,,,,,,,,,,,,,,,,,,,,,,,,,,,,,,,,,,,,,,,,,,,,,,,,,,,,,,,,,,,,,,,,,,,,,,,,,,,,,,,,,,,,,,,,,,,,,,,,,,,,,,,,,,,,,,,,,,,,,,,,,,,,,,,,,,,,,,,,,,,,,,,,,,,,,,,,,,,,,,,,,,,,,,,,,,,,,,,,,,,,,,,,,,,,,,,,,,,,,,,,,,,,,,,,,,,,,,,,,,,,,,,,,,,,,,,,,,,,,,,,,,,,,,,,,,,,,,,,,,,,,,,,,,,,,,,,,,,,,,,,,,,,,,,,,,,,,,,,,,,,,,,,,,,,,,,,,,,,,,,,,,,,,,,,,,,,,,,
R37,,,,,,,,,,,,,,,,,,,,,,,,,,,,,,,,,,,,,,,,,,,,,,,,,,,,,,,,,,,,,,,,,,,,,,,,,,,,,,,,,,,,,,,,,,,,,,,,,,,,,,,,,,,,,,,,,,,,,,,,,,,,,,,,,,*/aːrˈikjum/,,,,,,,,,,,,,,,,,,,,,,,,,,,,,,,,,,,,,,,,,,,,,,,,,,,,,,,,,,,,,,,,,,,,,,,,,,,,,,,,,,,,,,,,,,,,,,,,,,,,,,,,,,,,,,,,,,,,,,,,,,,,,,,,,,,,,,,,,,,,,,,,,,,,,,,,,,,,,,,,,,,,,,,,,,,,,,,,,,,,,,,,,,,,,,,,,,,,,,,,,,,,,,,,,,,,,,,,,,,,,,,,,,,,,,,,,,,,,,,,,,,,,,,,,,,,,,,,,,,,,,,,,,,,,,,,,,,,,,,,,,,,,,,,,,,,,,,,,,,,,,,,,,,,,,,,,,,,,,,,,,,,,,,,,,,,,,,,,,,,,,,,,,,,,,,,,,,,,,,,,,,,,,,,,,,,,,,,,,,,,,,,,,,,,,,,,,,,,,,,,,,,,,,,,,,,,,,,,,,,,,,,,,,,,,,,,,,,,,,,,,,,,,,,,,,,,,,,,,,,,,,,,,,,,,,,,,,,,,,,,,,,,,,,,,,,,,,,,,,,,,,,,,,,,,,,,,,,,,,,,,,,,,,,,,,,,,,,,,,,,,,,,,,,,,,,,,,,,,,,,,,,,,,,,,,,,,,,,,,,,,,,,,,,,,,,,,,,,,,,,,,,,,,,,,,,,,,,,,,,,,,,,,,,,,,,,,,,,,,,,,,,,,,,,,,,,,,,,,,,,,,,,,,,,,,,,,,,,,,,,,,,,,,,,,,,,,,,,,,,,,,,,,,,,,,,,,,,,,,,,,,,,,,,,,,,,,,,,,,,,,,,,,,,,,,,,,,,,,,,,,,,,,,,,,,,,,,,,,,,,,,,,,,,,,,,,,,,,,,,,,,,,,,,,,,,,,,,,,,,,,,,,,,,,,,,,,,,,,,,,,,,,,,,,,,,,,,,,,,,,,,,,,,,,,,,,,,,,,,,,,,,,,,,,,,,,,,,,,,,,,,,,,,,,,,,,,,,,,,,,,,,,,,,,,,,,,,,*/aːrunkˈaː/,,,,,,,,,,,,,,,,,,,,,,,,,,,,,,,,,,,,,,,,,,,,,,,,,,,,,,,,,,,,,,,,,,,,,,,,,,,,,,,,,,,,,,,,,,,,,,,,,,,,,,,,,,,,,,,,,,,,,,,,,,,,,,,,,,,,,,,,,,,,,,,,,,,,,,,,,,,,,,,,,,,,,,,,,,,,,,,,,,,,,,,,,,,,,,,,,,,,,,,,,,,,,,,,,,,,,,,,,,,,,,,,,,,,,,,,,,,,,,,,,,,,,,,,,,,,,,,,,,,,,,,,,,,,,,,,,,,,,,,,,,,,,,,,,,,,,,,,,,,,,,,,,,,,,,,,,,,,,,,,,,,,,,,,,,,,,,,,,,,,,,,,,,,,,,,,,,,,,,,,,,,,,,,,,
R38,,,,,,,,,,,,,*/allˈatera/,*/allˈeɡe/,,*/allonɡˈaː/,*/ammaɡˈiː/,*/ammiːnakjˈaː/,*/anninˈaː/,,,,,,,,,,,,,,,,,,,,,,,,,,,,,,,,,,,,,,,,,,,,,,,,,,,,,,,,,,,,,,,,,,,,,,,,,,,,,,,,,,,,,,,,,,,,,,,,,,,,,,,,,,,,,,,,,,,,,,,,,,,,,,,,,,,,,,,,,,,,,,,,,,,,,,,,,,,,,,,,,,,,,,,,,,,,,,,,,,,,,,,,,,,,,,,,,,,,,,,,,,,,,,,,,,,,,,,,,,,,,,,,,,,,,,,,,,,,,,,,,,,,,,,,,,,,,,,,,,,,,,,,,,,,,,,,,,,,,,,,,,,,,,,,,,,,,,,,,,,,,,,,,,,,,,,,,,,,,,,,,,,,,,,,,,,,,,,,,,,,,,,,,,,,,,,,,,,,,,,,,,,,,,,,,,,,,,,,,,,,,,,,,,,,,,,,,,,,,,,,,,,,,,,,,,,,,,,,,,,,,,,,,,,,,,,,,,,,,,,,,,,,,,,,,,,,,,,,,,,,,,,,,,,,,,,,,,,,,,,,,,,,,,,,,,,,,,,,,,,,,,,,,,,,,,,,,,,,,,,,,,,,,,,,,,,,,,,,,,,,,,,,,,,,,,,,,,,,,,,,,,,,,,,,,,,,,,,,,,,,,,,,,,,,,,,,,,,,,,,,,,,,,,,,,,,,,,,,,,,,,,,,,,,,,,,,,,,,,,,,,,,,,,,,,,,,,,,,,,,,,,,,,,,,,,,,,,,,,,,,,,,,,,,,,,,,,,,,,,,,,,,,,,,,,,,,,,,,,,,,,,,,,,,,,,,,,,,,,,,,,,,,,,,,,,,,,,,,,,,,,,,,,,,,,,,,,,,,,,,,,,,,,,,,,,,,,,,,,,,,,,,,,,,,,,,,,,,,,,,,,,,,,,,,,,,,,,,,,,,,,,,,,,,,,,,,,,,,,,,,,,,,,,,,,,,,,,,,,,,,,,,,,,,,,,,,,,,,,,,,,,,,,,,,,,,,,,,,,,,,,,,,,,,,,,,,,,,,,,,,,,,*/kwarraːɡˈeːsimiː/,,,,,,,,,,,,,,,,,,,,,,,,,,,,,,,,,,,,,,,,,,,,,,,,,,,,,,*/ammo/,,,,,,,,,,,,,,,,,,,,,,,,,,,,,,,,,,,,,,,,,,,,,,,,,,,,,,,,,,,,,,,,,,,*/arreːktˈaː/,,,,,,,,,,,,,,,,,,,*/awwˈiks/,,,,,,,,,,,,,,,*/ammikstikˈaː/,,,,,,,,,,,,,,,,,,,,,,,,,,,,,,,,,,,,,,,,,,,,,,,,,,,,,,,,,,,,,,,,,,,,,,,,,,,,,,,,,,,,,,,,,,,,,,,,,,,,,,,,,,,,,,,,,,,,,,,,,,,,,,,,,,,,,,,,,,,,,,,,,,,,,,,,,,,,,,,,,,,,,,,,,,,,,,,,,,,,,,,,,,,,,,,,,,,,,,,,,,,,,,,,,,,,,,,,,,,,,,,,,,,,,,,,,,,,,,,,,,,,,,,,,,,,,,,,,,,,,,,,,,,,,,,,,,,,,,,,,,,,,,,,,,,,,,,,,,,,,,,,,,,,,,,,,,,,,,
R39,,,,,,,,*/adewˈeːrum/,,*/ajˈuːnɡe/,*/ajˈuːtoː/,*/ajuːtˈoːrjum/,,,,,,,,,*/adormˈiː/,*/aplikˈaː/,*/apˈoːne/,*/apˈost/,*/aprehˈende/,*/aprˈope/,*/adˈuːke/,,,,,,,,,,,*/ajektˈaː/,*/ajˈuːnum/,*/ajuːnˈaː/,,,,,,,,,,,,,,,,,,,,,,,,,,,,,,,,,,,,,,,,,,,,,,,,,,,,,,,,,,,,,,,,,,,,,,,,,,,,,,,,,,,,,,,,,,,,,,,,,,,,,,,,,,,,,,,,,,,,,,,,,,,,,,,,,,,,,,,,,,,,,,,,,,,,*/astuppˈaː/,,,,,,,,,,,,,,,,,,,,,,,,,,,,,,,,,,,,,,,,,,,,,,,,,,,,,,,,,,,,,,,,,,,,,,,,,,,,,,,,,,,,,,,,,,,,,,,,,,,,,,,,,,,,,,,,,,,,,,,,,,,,,,,,,,,,,,,,,,,,,,,,,,,,,,,,,,,,,,,,,,,,,,,,,,,,,,,,,,,,,,,,,,,,,,,,,,,,,,,,,,,,,,,,,,,,,,,,,,,,,,,,,,,,,,,,,,,,,,,,,,,,,,,,,,,,,,,,,,,,,,,,,,,,,,,,,,,,,,,,,,,,,,,,,,,,,,,,,,,,,,,,,,,,,,,,,,,,,,,,,,,,,,,,,,,,,,,,,,,,,,,,,,,,,,,,,,,,,,,,,,,,,,,,,,,,,,,,,,,,,,,,,,,,,,,,,,,,,,,,,,,,,,,,,,,,,,,,,,,,,,,,,,,,,,,,,,,,,,,,,,,,,,,,,,,,,,,,,,,,,,,,,,,,,,,,,,,,,,,,,,,,,,,,,,,,,,,,,,,,,,,,,,,,,,,,,,,,,,,,,,,,,,,,,,,,,,,,,,,,,,,,,,,,,,,,,,,,,,,,,,,,,,,,,,,,,,,,,,,,,,,,,,,,,,,,,,,,,,,,,,,,,,,,,,,,,,,,,,,,,,,,,,,,,,,,,,,,,,,,,,,,,,,,,,,,,,,,,,,,,,,,,,,,,,,,,,,,,,,,,,,,,,,,,,,,,,,,,,,,,,,,,,,,,,,,,,,,,,,,,,,,,,,,,,,,,,,,,,,,,,,,,,,,,,,,,,,,,,,,,,,,,,,,,,,,,,,,,,,,,,,,,,,,,,,,,,,,,,,,,,,,,,,,,,,,,,,,,,,,,,,,,,*/adˈeːnte/,*/ahˈiːkkeː/,,*/afˈoraːs/,,,,,*/adeːnˈillahoːram/,,,,,,,,,,,,*/inapˈost/,,,,,,,,,,,,,,,,,,,,*/akellˈaː/,,*/apropjˈaː/,*/aprˈopjoː/,*/aprˈopjat/,,,,,,,,,,,,,,,,,,,,,,,,,,,,,,,,,,,,,,,,,,,,,,,,,,,,,,,,,,,,,,,,,,,,,,,,,,,,,,,,,,,,,,,,,,,,,,,,,,,,,,,,,,,,,,,,,,,,,,,,,,,,,,,,,,,,,,,,,,,,,,,,,,,,,,,,,,,,,,,,,,,,,,,,,,,,,,,,,,,,,,,,,,,,,,,,,,,,,,,,,,,,,,,,,,,,,,,,,,,,,,,,,,,,,,,,,,,,,,,,,,,,,,,,,,,,,,,,,,,,,,,,,,,,,,,,,,,,,,,,,,,,,,,,,,,,,,,,,,,,,,,,,,,,,,,,,,,,,,,,,,,*/ajuːtˈaː/,,,,,,,,,,,,,*/adˈuːkoː/,,,,,,,,,,,,,,,,,,,,,,,,,,,,,,,,,,,,,,,,,
R40,,,,,,,,,,,,,,,,,,,,,,,,,,,,,,,,,,,,,,,,,,,,,,,,,,,,,,,,,,,,,,,,,,,,,,,,,,,,,,,,,,,,,,,,,,,,,,,,,,,,,,,,,,,,,,,,,,,,,,,,,,,,,,,,,,,,,,,,,,,,,,,,,,,,,,,,,,,,,,,,,,,,,,,,,,,,,,,,,,,,,,,,,,,,,,,,,,,,,,,,,,,,,,,,,,,,,,,,,,,,,,,,,,,,,,,,,,,,,,,,,,,,,,,,,,,,,,,,,,,,,,,,,,,,,,,,,,,,,,,,,,,,,,,,,,,,,,,,,,,,,,,,,,,,,,,,,,,,,,,,,,,,,,,,,,,,,,,,,,,,,,,,,,,,,,,,,,,,,,,,,,,,,,,,,,,,,,,,,,,,,,,,,,,,,,,,,,,,,,,,,,,,,,,,,,,,,,,,,,,,,,,,,,,,,,,,,,,,,,,,,,,,,,,,,,,,,,,,,,,,,,,,,,,,,,,,,,,,,,,,,,,,,,,,,,,,,,,,,,,,,,,,,,,,*/mitˈusjam/,,,,,,,,,,,,,,,,,,,,,,,,,,,,,,,,,,,,,,,,,,,,,,,,,,,,,,,,,,,,,,,,,,,,,,,,,,,,,,,,,,,,,,,,,,,,,,,,,,,,,,,,,,,,,,,,,,,,,,,,,,,,,,,,,,,,,,,,,,,,,,,,,,,,,,,,,,,,,,,,,,,,,,,,,,,,,,,,,,,,,,,,,,,,,,,,,,,,,,,,,,,,*/nimˈaːljam/,,,,,,,,,,,,,,,,,,,,,,,,,,,,,,,,,,,,,,,,,,,,,,,,,,,,,,,,,,,,,,,,,,,,,,,,,,,,,,,,,,,,,,,,,,,,,,,,,,,,,,,,,,,,,,,,,,,,,,,,,,,,,,,,,,,,,,,,,,,,,,,,,,,,,,,,,,,,,,,,,,,,,,,,,,,,,,,,,,,,,,,,,,,,,,,,,,,,,,,,,,,,,,,,,,,,,,,,,,,,,,,,,,,,,,,,,,,,,,,,,,,,,,,,,,,,,,,,,,,,,,,,,,,,,,,,,,,,,,,,,,,,,,,,,,,,,,,,,,,,,,,,,,,,,,,,,,,,,,,,,,,,,,,,,,,,,,,,,,,,,,,,,,,,,,,,,,,,,,,,,,,,,,,,,,,,,,,,,,,,,,,,,,,,,,,,,,,,,,,,,,,,,,,,,,,,,,,,,,,,,,,,,,,,,,,,,,,,,,,,,,,,,,,,,,,,,,,,,,,,,,,,,,,,,,,,,,,,,,,,,,,,,,,,,,,,,,,,,,,,,,,,,,,,,,,,,,,,,,,,,,,,,,,,,,,,,,,,,,,,,,,,,,,,,,,,,,,,,,,,,,,,,,,,,,,,,,,,,,,,,,,,,,,,,,,,,,,,,,,,,,,,,,,,,,,,,,,,,,,,,,,,,,,,,,,,,,,,,,,,,,,,,,,,,,,,,,,,,,,,,,,,,,,,,,,,,,,,,,,,,,,,,,,,,,,,,,,,,,,,,,,,,,,,,,,,,,,,,,,,,,,
R41,,,,,,,,,,,,,,,,,,,,,,,,,*/apreˈende/,,,,,,,,,,,,,,,,,,,,,,,,,,,,,,,,,,,,,,,,,,,,,,,,,,,,,,,,,,,,,,,,,,,,,,,,,,,,,,,,,,,,,,,,,,,,,*/akkuˈik/,*/akkuˈok/,,,,,,,,,,,,,,,,,,,,,,,,,,,,*/ˈajdum/,*/orrˈiː/,*/orrˈeːskoː/,,,,,,,,,,,,,,,,,,,,,,,,,,,,,,,,,,,,,,,,,,,,,,,,,,,,,,,,,,,,,,,,,,,,,,,,,,,,,,,,,,*/ˈumerum/,,,,,,,,,,,,,,,,,,,,,,,,,,,,,,,,,,,,,,,,,,,,,,,,,,,,,,,,,,,,,,,,,,,,,,,,,,,,,,,,,,,,,,,,,,,,,,,,,,,,,,,,,,,,,,,,,,,,,,,,,,,,,,,,,,,,,,,,,,,,,,,,,,,,,,,,,,,,,,,,,,,,,,,,,,,,,,,,,,,,,,,,,,,,,,,,,,,,,,,,,,,,,,,,,,,,,,,,,,,,,,,,,,,,,,,,,,,,,,,,,,,,,,,,,,,,,,,,,,,,,,,,,,,,,,,,,,,,,,,,,,,,,,,,,,,,,*/ˈomoː/,,,,,,,,,,,,,,,*/ospˈitjum/,,,,,,,,,,,,,,,,,,,,,,,,,,,,,,,*/ˈoːram/,,,*/ˈeriː/,,,,,,,,,,,,,,,,,*/ibˈernam/,,,,,,,,,,,,,,,,,,,,,,,,,,,,,,,,,,,,,,,,,,,,,,,,,,,,,,,,,,,,,,,,,,,,,,,,,,,,,,,,*/ˈederam/,,,,,,*/ˈordjum/,,,,,,,,,,,,,,,,*/ˈerbam/,,,,,,,,,,,,,,,,,,,,,,,,,,,,,,,,,,,,,,,,,*/ronkidjˈaː/,,,,,,,,,,,,,,,,,,,,,,,,,,,,,,,,,,,,,,,,,,,,,,,,,,,,,,,,,,,,,,,,*/irundinˈellam/,,,,,,,,,,,,,,,,,,,,,,,,,,,,,,,,,,,,,,,,,,,,,,,,,,,,,,,,,,,,,,,,,,,,,,,,,,,,,,,,,,,,,,,*/ˈuːmidum/,,,,,,,,,,,,,,,,,,,,,,,,,,,,,,*/kˈoortem/,,,,,,,*/ˈospitem/,*/ospitˈaː/,,,,,,,,,,,,,,,,,,,,,,,,,,,,,,,,,,,,,,,,,,,,,,,,,,,,,,,,,,,,,,,,,,,,,,,,,,,,,,,,,,,,,,,,,,,,,*/aˈiːkkeː/,,,,,,,*/adeːnˈillaoːram/,,,*/akkeˈikke/,*/akkumˈakke/,,,*/ˈaːkdjeː/,,,,,,,,,,,,,,,,,,,,,,,,,,,,,,,,,,,,,,,,,,,,,,,,,,,,,,,,,,,,,,,,,,,,,,,,,,,,,,,,,,,,,,,,,,,,,,,,,,,,,,,,,,,,,,,,,,,,,,,,,,,,,,,,,,,,,,,,,,,,,,,,,,,,,,,,,,,,,,,,,,,,,,,,,,,,,,,,,,,,*/iːbernˈaː/,,,,,,,,,,,,,,,,,,,,,,,,,,,,,,,,,,,,,,,,,,,,,,,,,,,,,,,,,,,,,,,,,,,,,,,,,,,,,,,,,,,,,,,,,,,,,,,,,,,,,,,,,,,,,*/preˈende/,*/abˈeː/,*/abˈeːbat/,,,,,,,,,,,,,,,,,,,,,,,,,,,,,,,,,,,,,,,,,,,,,,,,,,,,,,,,,,,,,,,,,,,,,,,,,,,,,,,,,,,,,,,,,,,,,,,,,,,,,,,,,,,,,,,,,,,
R42,,,,,,,,,,,,,,,,,,,,,,,,,,,,,,,,,,,,,,,,,,,,,,,,,,,,,,,,,,,,,,,,,,,,,,,,,,,,,,,,,,,,,,,,*/brˈaːkɛː/,,,,,,,,,,*/kˈɛːlum/,,,,,,,,,,,,,,,,,,*/kwˈɛːre/,*/kwˈɛːroː/,,,,,,,,,,,,,,,,,,,,,,,,,,,,,,*/ˈɛːdum/,,,,,,,,,,,,,,,,,,,,,,,,,,,,*/prɛːwˈoːtum/,,,,,,,,,,,,,,,,,,,,,,,,,,,,,,,,,,,,,,,,,,,,,,,,,,,,,,,,,,,,,,,,,,,,,,,,,,,,,,,,,,,,,,,,,,,,,,,,,,,,,,,,,,,,,,,,,,,,,,,,,,,,,,,,,,,,,,,,,,,,,,,,,,,,,,,,,,,,,,,,,,,,,,,,,,,,,,,,,,,,,,,,,,,,,,,,,,,,,,,,,,,,,,,,,,,,,,,,,,,*/kˈɛːkja/,,,,,,,,,,*/lɛːsjonˈaː/,,,,,,,,,,,,,,,,,,,,,,,,,,,,,,,,,,,,,,,,,,,,,,,,,,,,,,,,,,,,,,,,*/merˈendɛː/,,,,,,,,,,,,,,,,,,,,,,,,,,,,,,,,,,,,,,,,,,,,,,,,,,,,,,,,,,,,,,,,,,,,,,*/dˈekstrɛː/,,,,,,,,,,,,,,,,,,,,,,,,,,,,,,,,,,,,,,,,,,,,,,,,,,,,,,,,,,,,,,,,,,,,,,,,,,,,,,,,,,,,,,,,,,,,,,,,,,,,,,,,,,,,,,,,,,,,,,,,,,,,,,,,,,,,,,,,,,,,,,,,,,,,,,,,,,,,,,,,,,,,,,,,,,,,,,,,,,,,,,,,,,,,,,,,,,,,,,,,,,,,,,,,,,,,,,,,,,,,,,,,,,,,,,,,,,,,,,,,,,,,,,,,,,,,,,,,,,,,,,,,,,,,,,,,,,,,,*/wˈiːperɛː/,,,,,,,,,,,,,,,,,,,,,,,,,,,,,,,,,,,,,,,,,,,,,,,,,,*/dˈuwɛː/,,,,,,,,,,,,,,,,,,,,,,,,,,,,,,,,,,,,,,,,,,,,,,,,,,,,,,,*/ɡrˈɛːkum/,,,,,,,,,,,,,,,,*/njɛːstimˈaːtum/,,,,,,,,,,,,,,,,,,,,,,,,,,,,,,*/pˈaskɛː/,,,,,,,,,,,,,,,,,,,,,,*/pertrˈɛːke/,,,,,,,,,,,,,,,,,,,,,,,,,,,,,,,,,,,,,,,,,,,,,,,,,,,,,,,,,,,,,,,,,,,,,,,,,,,,,,,,,,,,,,,,,,,,,*/trˈɛːke/,,,,,,,,,,,,,,,,,,,,,,,*/kˈatɛː/,,,,,,,,,,,,,,,,,,,,,,,,,,,,,,,,,,,,,,,,,,,,,,,,,,,,,,,,,,,,,,,,,,,,,,,,,,,,,,,,,,,,,,,,,,,,,,,,,,,,,,,,,,,,,,,,,,,,,,,,,,,,,,,,,,,,,,,,,,,,,,,,,,,,,,,,,,,,,,,,,,,,,,,,,,,,,,,,,,,,,,,,,,,,,,,,,,,,,,,,,,,,,,,,,,,,,,,,,*/dˈɛːdam/,,,,,,,,,,,,,,,,,,,,,,,,,,,,,,,,,,,,,,,,,,,,,,,,,,,,,,,,,,,,,,,,,,,,,,*/nˈɛːwum/,,,,,,,,,*/kˈasɛː/,,,,,,,*/ˈillɛː/,,,,,,*/nˈiɡrɛː/,,,,,,,,,,,,,,,,,,,,,,
R43,,,,,,,,,,,,,,,,,,,,,,,,,,,,,,,,,,,,,,,,,,,,,,,,,,,,,,,,,,,,,,,,,,,,,,,,,,,,,,,,,,,,,,,,,,,,,,,,,,,,,,,,,,,,,,,,,,,,,,,,,,,,,,,,,,,,,,,,,,,,,,,,,,,,,,,,,,,,,,,,,,,,,,,,,,,,,,,,,,,,,,,,,,,,,,,,,,,,,,,,,,,,,,,,,,,,,,,,,,,,,,,,,,,,,,,,,,,,,,,,,,,,,,,,,,,,,,,,,,,,,,,,,,,,,,,,,,,,,,,,,,,,,,,,,,,,,,,,,,,,,,,,,,,,,,,,,,,,,,,,,,,,,,,,,,,,,,,,,,,,,,,,,,,,,,,,,,,,,,,,,,,,,,,,,,,,,,,,,,,,,,,,,,,,,,,,,,,,,,,,,,,,,,,,,,,,,,,,,,,,,,,,,,,,,,,,,,,,,,,,,,,,,,,,,,,,,,,,,,,,,,,,,,,,,,,,,,,,,,,,,,,,,,,,,,,,,,,,,,,,,,,,,,,,,,,,,,,,,,,,,,,,,,,,,,,,,,,,,,,,,,,,,,,,,,,,,,,,,,,,,,,,,,,,,,,,,,,,,,,,,,,,,,,,,,,,,,,,,,,,,,,,,,,,,,,,,,,,,,,,,,,,,,,,,,,,,,,,,,,,,,,,,,,,,,,,,,,,,,,,,,,,,,,,,,,,,,,,,,,,,,,,,,,,,,,,,,,,,,,,,,,,,,,,,,,,,,,,,,,,,,,,,,,,,,,,,,,,,,,,,,,,,,,,,,,,,,,,,,,,,,,,,,,,,,,,,,,,,,,,,,,,,,,,,,,,,,,,,,,,,,,,,,,,,,,,,,,,,,,,,,,,,,,*/eːstrˈikulam/,,,,,,,,,,,,,,,,,,,,,,,,,,,,,,,,,,,,,,,,,,,,,,,,,,,,,,,,,,,,,,,,,,,,,,,,,,,,,,,,,,,,,,,,,,,,,,,,,,,,,,,,,,,,,,,,,,,,,,,,,,,,,,,,,,,,,,,,,,,,,,,,,,,,,,,,,,,,,,,,,,,,,,,,,,,,,,,,,,,,,,,,,,,,,,,,,,,,,,,,,,,,,,,,,,,,,,,,,,,,,,,,,,,,,,,,,,,,,,,,,,,,,,,,,,,,,,,,,,,,,,,,,,,,,,,,,,,,,,,,,,,,,,,,,,,,,,,,,,,,,,,,,,,,,,,,,,,,,,,,,,,,,,,,,,,,,,,,,,,,,,,,,,,,,,,,,,,,,,,,,,,,,,,,,,,,,,,,,,,,,,,,,,,,,,,,,,,,,,,,,,,,,,,,,,,,,,,,,,,,,,,,,,,,,,,,,,,,,,,,,,,,,,,,,,,,,,,,,,,,,,,,,,,,,,,,,,,,,,,,,,,,,,,,,,,,,,,*/fˈeːtum/,*/fˈeːtam/,,,,,,,,,,,,,,,,,,,,,,,,,,,,,,,,,,,,,,,,,,,,,,,,,,,,,,,,,,,,,,,,,,,,,,,,,,,,,,,,,,,,,,,,,,,,,,,,,,,,,,,,,,,,,,,,
R44,,,,,,,,,,,,,,,,,,,,,,,,,,,,,,,,,,,,,,,,,,,,,,,,,,,,,,,,,,,,,,,,,,,,,,,,,,,,,,,,,,,,,,,,,,,,,,,,,,,,,,,,,,,,,,,,,,,,,,,,,,,,,,,,,,,,,,,,,,,,,,,,,,,,,,,,,,,,,,,,,,,,,,,,,,,,,,,,,,,,,,,,,,,,,,,,,,,,,,*/jˈuwanem/,,,,,,,,,,,,,,,,,,,,,,,,,,,,,,,,,,,,,,,,,,,,,,,,,,,,,,,,,,,,,,,,,,,,,,,,,,,,,,,,,,,,,,,,,,,,,,,,,,,,,,,,,,,,,,,,,,,,,,,,,,,,,,,,,,,,,,,,,,,,,,,,,,,,,,,,,,,,,,,,,,,,,,,,,,,,,,,,,,,,,,,,,,,,,,,,,,,,,,,,,,,,,,,,,,,,,,,,,,,,,,,,,,,,,,,,,,,,,,,,,,,,,,,,,,,,,,,,,,,,,,,,,,,,,,,,,,,,,,,,,,,,,,,,,,,,,,,,,,,,,,,,,,,,,,,,,,,,,,,,,,,,,,,,,,,,,,,,,,,,,,,,,,,,,,,,,,,,,,,,,,,,,,*/rˈoːwam/,,,,,,,,,,,,,,,,,,,,,,,,,,,,,,,,,,,,,,,,,,,,,,,,,,,,,,,,,,,,,,,,,,,,,,,,,,,,,,,,,,,,,,,,,,,,,,,,,,,,,,,,,,,,,,,,,,,,,,,,,,,,,,,,,,,,,,,,,,,,,,,,,,,,,,,,,,,,,,,,,,,,,,,,,,,,,,,,,,,,,,,,,,*/jˈuwankum/,*/jˈuwankam/,,,,,,,,,,,,,,,,,,,,,,,,,,,,,,,,,,,,,,,,,,,,,,,,,,,,,,,,,,,,,,,,,,,,,,,,,,,,,,,,,,,,,,,,,,,,,,,,,,,,,,,,,,,,,,,,,,*/dˈuwaː/,,*/nˈowam/,,,,,,,,,,,,,,,,,,,,,,,,,,,,,,,,,,,,,,,,,,,,,,,,,,,,,,,,,,,,,,,,,,,,,,,,,,,,,,,,,,,,,,,,,,,,,,,,,,,,,,,,,,,,,,,,,,,,,,,,,,,,,,,,,,,,,,,,,,,,,,,,,,,,,,,,,,,,,,,,,,,,,,,,,,,,,,,,,,,,,,,,,,,,,,,,,,,,,,,,,,,,,,,,,,,,,,,,,,,,,,,,,,,,,,,,,,,,,,,,,,,,,,,,,,,,,*/astruwakˈaː/,,,,,,,,,,,,,,,,,,,,,,,,,,,,,,,,,,,,,,,,,,,,,,,,,,,,,,,,,,,,,,,,,,,,,,,,,,,,,,,,,,,,,,,,,,,,,,,,,,,,,,,,,,,,,,,,,,,,,,,,,,,,,,,,,,,,,,,,,,,,,,,,,,,,,,,,,,,,,,,,,,,,,,,,,,,,,,,,,,,,,,,,,,,,,,,,,,,,,,,,,,,,,,,,,,,,,,,,,,,,,,,,,,,,,,,,,,,,,,,,,,,,,,,,,,,,,,,,,,,,,,,,,,,,,,,,,,,,,,,,,,,,,,,,,,,,,,,,,,,,,,,,,,,,,,,,,,,
R45,,*/abellˈoːna/,,,*/adappˈositu/,,,*/adewˈeːru/,*/adidˈipsu/,,,*/ajuːtˈoːrju/,,,,,,,,,,,,,,,,,,*/adˈunku/,*/ˈaːeːru/,*/arˈaːma/,,*/aɡɡˈestu/,*/ˈaɡile/,,*/aɡˈustu/,,*/ajˈuːnu/,,*/ˈakja/,,*/ˈakru/,*/ˈaku/,*/ˈakwa/,*/akwˈaːrju/,*/akwaːtˈoːsu/,*/ˈakwila/,*/albˈastru/,,*/albˈoːre/,*/ˈalbu/,*/alluwˈaːtu/,*/altˈaːrju/,*/ˈalteru/,*/altˈitja/,*/alwjˈaːrju/,*/alwjˈola/,*/alwˈiːna/,*/amˈaːru/,*/amaːrˈitja/,,,,,,,,*/aprˈiːku/,,*/araːtˈoːre/,*/araːtˈoːrju/,*/arˈaːtru/,*/arˈaːtu/,*/aratˈuːra/,*/ˈarbore/,*/arborˈeːtu/,*/arɡˈentu/,*/arɡentˈaːrju/,*/arɡentˈoːsu/,*/arkˈaːrju/,*/ˈarku/,*/aːrsˈuːra/,*/baptidjˈoːne/,,*/basˈilika/,*/battwˈaːlja/,,*/brˈoːtaku/,,,,*/djˈaːna/,,*/dolˈoːre/,,*/kaballˈaːre/,*/kˈɛːlu/,*/kantikˈellu/,*/kapˈistru/,*/kˈawula/,*/kˈeːpa/,*/keːrasjˈaːrju/,*/keːrˈesja/,,,*/koŋnˈaːtu/,*/koktˈorju/,,*/kˈorwu/,,*/krˈista/,*/kukˈuːta/,,*/kˈodru/,,,,,*/akkjˈillu/,*/akkwˈistu/,*/eksˈalbidu/,,,,,,*/eksmˈultu/,,*/aːrˈikju/,,,*/fˈarmaku/,*/febrˈaːrju/,*/flˈakula/,*/fˈakula/,*/fortˈuːna/,*/fossˈaːtu/,*/frˈeːnu/,,*/ɡalliːnˈaːkju/,*/ɡlˈanda/,*/ɡlˈandula/,*/ɡˈula/,*/ɡˈyːru/,*/inperɡˈyːru/,*/ˈɛːdu/,,,*/imperˈaːtu/,*/inˈaltu/,,,,,,,,,,*/juːdikˈaːta/,*/iŋnˈaːrju/,*/mannwˈaːrju/,,,,*/paːwˈoːne/,*/pekˈulju/,*/pˈerɡula/,*/pistˈaːlja/,*/pˈittula/,*/plˈaːɡa/,*/plˈoːppu/,,*/prɛːwˈoːtu/,*/priːmawˈeːra/,*/pˈunɡa/,*/saɡˈitta/,,*/sˈaːnktu/,*/sˈappa/,,*/sekrˈeːtu/,*/sˈerra/,*/skantˈilja/,*/spˈissu/,*/strˈambu/,,*/stˈuːla/,,,*/weːssˈiːka/,*/wˈisku/,*/wˈiːtriku/,*/fˈeːminu/,*/feːtjˈolu/,*/feːtjˈola/,*/jˈuwane/,*/mˈaskulu/,*/nˈaːtu/,,*/tˈeneru/,*/wetrˈaːnu/,*/wˈirɡula/,*/kˈorpu/,*/stˈaːtu/,*/bˈarba/,*/bˈukka/,*/kapitˈiːna/,*/kerˈebulu/,*/dˈente/,*/flˈokku/,*/frˈonte/,*/ɡˈena/,*/ɡinɡˈiːwa/,*/lˈinɡwa/,*/maːksˈilla/,,,*/nˈaːsu/,*/palˈaːtju/,*/rˈoːstru/,*/tˈesta/,*/kerwˈiːke/,*/ˈanima/,*/katˈeːna/,*/kˈoːlju/,*/kˈosta/,*/kˈuːlu/,*/fiːkˈaːtu/,*/ˈumeru/,,*/mˈatju/,*/minuːtˈalja/,*/mˈuːskulu/,*/nˈoːda/,*/pˈiske/,*/pulmˈoːne/,*/rˈeːna/,*/reːnˈikulu/,*/renˈunkulu/,*/sˈinu/,*/spiːnˈaːle/,*/splˈeːna/,*/subˈaːla/,*/tˈitja/,*/trˈunkulu/,*/umbilˈiːku/,*/wenˈeːnu/,*/wˈentre/,*/ˈarmu/,*/brˈakkju/,*/kalkˈaːnju/,*/kˈubitu/,*/dˈiɡitu/,*/diːrˈeːktu/,*/ɡenˈukulu/,*/mˈana/,*/medullˈaːrju/,*/pˈalma/,*/petjˈolu/,*/pˈulpa/,*/tˈalpa/,*/ˈunɡula/,*/kˈarne/,*/medˈulla/,*/ˈossu/,*/pˈelle/,,,,,*/ɡˈustu/,,,,,,,,,,*/fˈame/,,,,*/lˈaːkrima/,*/mˈuːkku/,*/sˈatju/,*/satˈullu/,,,,,*/suːdˈoːre/,,,*/faktˈuːra/,,,,,,,,*/wˈiwu/,,,,,,,,,,,,,*/sˈomnu/,,*/wˈiːsu/,,,*/paːɡˈaːnu/,,,,*/blˈandu/,*/blandˈitje/,,*/kˈompitu/,,*/doljˈoːsu/,*/dˈolu/,,,,*/feːlˈiːke/,,,,*/mˈalu/,,,,,,,,,,*/pˈensu/,,,,,*/rˈisu/,*/rosjˈoːne/,,*/sˈufflitu/,,,,,*/timˈoːre/,,*/trˈiːstu/,,,*/wirtˈuːte/,,,,,,*/intelleːktjˈoːne/,*/intellˈeːktu/,,,*/mˈente/,*/mentjˈoːne/,,,,,,,,*/saːnitˈoːsu/,*/sˈaːnu/,,*/wirtwˈoːsu/,*/arˈaːnja/,,*/katˈellu/,,,*/doloːrˈoːsu/,*/fˈebri/,,*/ɡˈemitu/,*/ɡˈutta/,,,,*/lˈanɡwidu/,*/lanɡwˈoːre/,,*/mˈorte/,*/mˈortu/,,,,*/petˈiːɡine/,*/puːrˈoːnju/,*/pustulˈella/,,,*/tˈusse/,*/mˈanku/,*/mˈuːtu/,*/ˈorbu/,*/eksklˈoppu/,,*/sˈurdu/,*/kamˈisja/,*/lˈiːnja/,*/mˈanika/,*/palljˈoːla/,*/sˈarika/,*/westiːmˈentu/,*/kalkjamˈentu/,*/aːnˈellu/,,*/kirkˈellu/,*/korˈoːna/,*/marɡˈella/,*/bˈaltju/,,*/kˈinɡula/,*/fˈaskja/,*/faskˈiola/,*/fˈiːlu/,*/ɡlˈemu/,*/liɡaːtˈuːra/,*/wˈitta/,,,,*/diskˈulkju/,,,,,,,,,*/kˈena/,*/prˈandju/,*/bukkˈaːta/,*/karnˈakju/,*/kˈyːlu/,,*/friktˈuːra/,*/lˈardu/,*/mˈurja/,,*/pˈaːne/,*/piːnsˈaːtu/,*/plakˈenta/,,*/sˈeːbu/,*/tˈurta/,*/wˈiːktu/,,*/mˈustu/,*/pˈoska/,*/wiːnˈaːkju/,*/kˈawku/,*/fˈurnu/,*/ɡratˈaːrju/,*/wˈaːsu/,,*/kaprˈeolu/,*/kˈasa/,*/kasˈaːrju/,*/kellˈaːrju/,*/kwoperiːmˈentu/,,*/ferˈestra/,*/fontˈaːna/,*/ostˈeolu/,,*/pˈorta/,*/pˈutju/,*/skˈaːla/,*/stˈylu/,*/tˈenda/,*/titˈiːna/,*/traːjˈekta/,*/armˈaːrju/,*/kapitˈaːnju/,*/pˈattu/,*/skˈortja/,*/strˈaːtu/,*/ɡˈentu/,*/mitˈusja/,*/fˈiːlju/,*/fˈiːlja/,,*/ɡˈeminu/,*/mˈamma/,*/nepˈoːtu/,*/nepˈoːta/,*/pˈappu/,,*/tˈata/,*/wˈeːru/,*/barbˈaːtu/,*/kˈoːnsokru/,*/fiːljˈastru/,*/ɡˈenere/,,*/marˈiːtu/,,*/nˈuru/,*/sˈokru/,*/sˈokja/,*/sˈokju/,*/spˈurju/,*/fiːljˈaːnu/,*/nˈonnu/,*/ˈorfanu/,,,*/kreːdˈentja/,,*/ospˈitju/,,,,,,,*/kˈirkanu/,,*/luːkˈiferu/,*/lˈuːna/,,*/sˈoːle/,*/ˈawra/,*/ˈawstru/,*/brˈuːma/,*/kalˈoːre/,*/frˈiːɡu/,,*/ɡrˈandina/,*/nˈuːbalu/,,*/nˈiwe/,,*/plˈoja/,*/rˈoːwa/,*/serˈeːnu/,,,*/wˈentu/,,*/ˈoːra/,*/ˈalba/,*/dˈie/,,,,,*/merˈiːdjeː/,*/nˈokte/,*/domˈinika/,,,*/sˈambata/,*/septimˈaːna/,,*/aprˈiːlje/,*/kalendˈaːrju/,*/mˈaju/,*/mˈartju/,*/atˈumna/,*/ibˈerna/,*/wˈeːra/,*/pawiːmˈentu/,*/arˈeːna/,*/lˈiːmu/,*/lˈutu/,*/pˈetra/,*/pˈulwere/,*/sˈessu/,,*/karbˈoːne/,*/pˈikula/,,,*/ˈawru/,*/plˈumbu/,,*/ɡrˈumu/,*/montikˈellu/,*/plˈaɡju/,*/rˈiːpa/,*/skamnˈellu/,*/solˈiːnu/,*/wˈalle/,*/ˈalwja/,,,,*/fˈundu/,*/lˈaku/,,*/mˈarɡine/,,*/sˈikku/,,,,*/ˈunda/,*/wˈadu/,*/kˈippu/,*/flˈoːre/,,*/fˈolju/,,*/nowˈella/,*/pˈalja/,*/pˈoːma/,*/raːdiːkˈiːna/,*/rˈaːmu/,,*/semˈentja/,*/spˈiːku/,*/spˈiːnu/,*/surkˈellu/,*/surkˈella/,*/wˈiskidu/,*/wˈirɡa/,*/kˈarpinu/,*/frˈaksinu/,*/juːnˈiperu/,*/mastˈikanu/,*/padˈuːle/,*/pˈiːnu/,*/plˈatanu/,*/tˈilju/,*/ˈulmu/,*/kerˈesju/,,*/kotˈoːnju/,*/mˈeːlu/,*/nˈuku/,*/pˈersiku/,*/pˈoːmu/,*/prˈuːnu/,,*/mˈoːru/,*/palˈumba/,*/pedukˈellu/,*/abˈuːwa/,*/wˈiːtja/,*/ˈedera/,*/laːbrˈuːska/,*/sabˈuːku/,*/sˈorbu/,*/tˈuːfa/,*/ɡrˈaːnu/,*/ˈordju/,*/mˈilju/,*/paːnˈiːku/,*/sekˈaːla/,*/ˈaːlju/,*/kolˈikulu/,*/kukˈurbita/,*/laktˈuːka/,*/leɡˈuːma/,*/lˈente/,*/nˈaːpu/,*/pˈepine/,*/pˈorru/,,*/wˈirdja/,*/fˈeːnu/,*/ˈerba/,*/trifˈolju/,*/kˈanapa/,*/lˈiːnu/,*/arˈeolu/,*/kˈalke/,*/fˈilike/,,*/frˈaːɡu/,*/lˈawru/,*/mˈalwa/,*/mˈenta/,*/mˈetula/,,*/plantˈaɡina/,*/urtˈiːka/,*/wˈiola/,,*/boːlˈeːte/,*/ˈeːska/,*/nimˈaːlja/,*/domˈestiku/,*/silwˈaːtiku/,*/wˈiːta/,*/brˈanka/,*/kˈoːda/,*/kˈoma/,,,*/ekstˈirpu/,,,*/mˈuːla/,*/pˈallju/,*/pˈantike/,,,,,,,,,*/armissˈaːrju/,*/aŋnˈellu/,*/annˈoːtinu/,*/arˈiete/,*/ˈasinu/,*/bˈowu/,*/kabˈallu/,*/kˈane/,*/kˈapra/,*/kaprˈiːna/,*/katˈella/,*/kˈokkinu/,*/kornˈuːtu/,*/ˈekwa/,*/juːnˈiːke/,*/jˈuwanku/,*/jˈuwanka/,*/owˈiːna/,*/ˈowe/,*/pekˈuwiːna/,*/pˈorku/,*/porkˈellu/,*/porkˈella/,*/porkˈiːna/,*/rˈubju/,*/skrˈoːfa/,*/tˈawru/,*/tertjˈaːnu/,*/tertˈiːwu/,*/wˈakka/,*/wˈerru/,*/berbˈeːku/,*/berbˈeːke/,*/witˈella/,*/witˈellu/,*/witˈulju/,*/witˈulja/,*/bˈuːbalu/,*/kˈerwu/,*/lˈepore/,*/lˈupu/,*/mikstˈiːkju/,*/sˈoːrike/,*/ˈursu/,*/wˈulpe/,*/ˈalapa/,*/kristˈaːtu/,*/kˈubju/,,*/ˈowu/,*/pˈassere/,*/pˈinna/,*/pˈinnula/,*/pˈulla/,*/pˈullju/,*/ɡallˈiːna/,*/kˈuku/,*/drepanˈella/,*/ɡˈaja/,*/ɡˈalɡulu/,*/ɡrˈawulu/,*/ɡrˈue/,*/irundinˈella/,*/mˈerula/,*/palˈumbu/,*/peturnˈiːkula/,*/perwiɡilaːtˈoːrja/,,*/strˈiːɡa/,*/stˈurdju/,*/tˈurtura/,*/turturˈella/,*/upˈupad͡za/,*/wultˈurju/,,*/piskˈaːrju/,*/brˈoːska/,*/sˈerpeː/,*/serpˈentja/,*/wˈiːpera/,,*/kˈaːrju/,*/kawˈoːne/,*/kˈiːmike/,,,*/formˈiːka/,*/ɡrˈylljolu/,*/lakˈusta/,*/lˈendina/,*/lumbrˈiːku/,*/mˈuska/,*/eːstrˈikula/,*/peːdˈukulu/,*/pˈuːlike/,*/tabˈoːne/,*/wˈerme/,*/wˈespa/,*/ekskˈurtu/,*/kˈurtu/,*/djˈorsu/,*/deːsˈertu/,,*/fˈalke/,*/ɡrˈewe/,,*/intˈeɡru/,*/lˈonɡu/,*/meːnsˈuːra/,,*/mˈiːka/,*/minˈuːtu/,*/mˈultu/,,*/nˈumeru/,*/parˈikula/,*/pˈarte/,*/pˈassu/,*/pˈettja/,*/plˈeːnu/,*/kwantu/,*/sˈinɡulu/,*/sˈumma/,*/akkutantu/,*/tˈoːtu/,*/tˈoːta/,,*/antˈanju/,,,,,*/nˈowa/,,,*/sˈekse/,,*/ˈuːnu/,,*/ˈanɡulu/,*/anɡˈustu/,*/ˈasperu/,*/kˈirkulu/,*/kˈirku/,*/dˈeːnsu/,*/foːrmˈoːsu/,*/frˈaɡidu/,*/ɡrˈassu/,*/ɡrˈossu/,*/ˈuːmidu/,*/lˈarɡu/,*/lˈaːtu/,*/lˈeːnu/,*/mˈakru/,*/mˈarkidu/,*/mˈedju/,*/mˈolle/,*/mˈuːkkidu/,*/mˈuːtula/,*/nˈitidu/,*/kwiˈeːtu/,*/kwiˈeːta/,*/rˈankidu/,*/rˈaːru/,*/retˈundu/,*/rˈudu/,*/skrˈobula/,*/skrˈobu/,*/sˈiŋnu/,,*/strˈinktu/,*/subtˈiːle/,,*/tˈaːle/,*/ˈuːdu/,,*/wiskˈoːsu/,*/kolˈostra/,,*/kˈoorte/,*/konwenjˈentja/,,,*/dˈominu/,*/frˈanku/,*/ɡrˈɛːku/,*/ˈospite/,,,*/juːdˈikju/,*/juːraːmˈentu/,,,*/lˈawda/,*/lˈeːɡe/,*/liɡaːmˈentu/,*/potˈentja/,,*/sklˈawu/,*/wiːkiːnitˈaːte/,,*/njɛːstimˈaːtu/,,,,*/fˈuːru/,,,,,*/neɡoːtjaːtˈoːre/,*/neɡˈoːtju/,,*/prˈetju/,,*/ˈanɡelu/,,*/krˈuke/,*/dˈeu/,,,*/inkliːnaːtjˈoːne/,,*/miːrjˈoːne/,*/oːraːtjˈoːne/,*/paːɡaːnitˈaːte/,*/pekkˈaːtu/,,,*/roɡaːtjˈoːne/,,,,,*/monumˈentu/,,*/tˈempla/,,*/kˈarta/,,*/skriːptˈuːra/,,*/bˈuːkinu/,*/kˈantiku/,*/kˈorda/,*/kˈitara/,,,*/sˈonu/,*/sˈonitu/,*/wˈersu/,,*/jˈoku/,,*/kaːnˈuːtu/,*/ɡˈalbinu/,*/mˈeru/,*/rˈosju/,*/rˈussu/,*/wˈenetu/,*/wirɡˈaːtu/,,*/dulkˈore/,*/puːtˈoːre/,*/pˈutridu/,*/kaldˈuːra/,*/kˈalidu/,,,*/rekˈoːre/,,*/kinˈusja/,*/flˈamma/,*/fˈoku/,*/fuːlˈiːɡine/,*/fˈuːmu/,,,*/tiːtjˈoːne/,,,,,,,*/kurrˈendu/,,*/adeːnˈillaoːra/,,,,,,,,,,,,,,,,,*/nˈowu/,,,,*/stˈaːnku/,,,*/sˈuːrsu/,*/tardˈiːwu/,*/temporˈiːwu/,*/ˈumkwa/,,*/wˈetulu/,*/wiːkˈiːnu/,,,,,,,,,,,,,,,*/fˈuɡa/,,,,,,,,,,,,,,,,,,,,,,,,,,*/frikaːtˈuːra/,,,,,,,,*/sˈorte/,,*/bˈonu/,,,,,,*/kwˈaːle/,,,*/rˈeu/,,,*/sˈimile/,,,,,,,,,,,,,,,,,,,,,,,,,,,,,,,,,,,,,,,,,,,*/lˈukru/,*/maɡˈistru/,*/inkwjˈeːtu/,*/rˈapidu/,*/kaballaːrˈikju/,,,,,,,,,*/bukkˈella/,*/kˈarru/,*/inkarrikatˈuːra/,*/lˈuntre/,*/pˈedika/,,*/rˈota/,*/sˈarkina/,*/sˈella/,*/kˈalle/,*/karrˈaːrja/,*/pˈonte/,,,,,,,,*/mˈola/,*/pˈaːlu/,*/sˈikile/,*/ˈaːrja/,*/kˈampu/,*/pˈorka/,*/rˈunku/,*/seːminaːtˈuːra/,*/tˈerra/,*/wˈiːnja/,*/manˈukulu/,*/sˈira/,,,,,,*/feːnˈakju/,,,*/jˈuɡu/,*/nuːtrˈikju/,*/pastjˈoːne/,*/sarkinˈaːrju/,*/stˈabulu/,*/stimulˈaːrja/,*/tˈurma/,*/wakkarˈitja/,*/bowˈaːrju/,*/pastˈoːre/,*/porkˈaːrju/,,*/kˈaːsju/,*/kˈeːra/,*/kwˈaːɡulu/,*/fˈawulu/,*/fˈawu/,*/frˈuːktu/,,*/paːstˈuːra/,*/stˈupu/,*/sˈuːku/,*/ˈuːnktu/,*/uːnktˈuːra/,,,*/weːnaːtˈoːre/,*/weːnaːtˈoːrja/,,,,,*/lˈuːkta/,,,,*/skˈutu/,*/tˈeːka/,,*/pˈaːke/,*/prˈada/,*/kˈajulu/,*/kˈannula/,,*/folljˈoːlu/,,*/fustikˈellu/,*/fˈuːsu/,,*/sˈuːbulu/,*/nˈoːdu/,,*/pˈanula/,*/pˈedinu/,*/pˈiːlla/,,,*/spˈata/,*/skwˈaːma/,*/stˈuppa/,*/tendˈikula/,,,*/tˈortu/,*/ˈaskla/,*/dˈoɡa/,*/doɡˈaːrju/,,*/liŋnˈaːrju/,*/mˈallju/,*/skandˈula/,*/sekˈuːre/,*/awrˈaːrju/,*/klˈaːwe/,*/fˈabru/,*/ferrˈaːrju/,*/fˈolle/,*/lˈaːmina/,*/bˈutte/,*/kaldˈaːrja/,*/kˈuppa/,,*/ɡallˈeːta/,*/ˈoːlla/,*/oːllˈaːrju/,*/oːllikˈella/,*/sˈakku/,*/tˈestu/,*/urkjˈolu/,*/bˈajulu/,*/korrˈiɡja/,*/kotˈiːtu/,,*/fˈorfike/,*/fˈuːne/,*/lawatˈuːra/,*/liksˈiːwja/,*/spˈuːma/,*/sˈuːbula/,*/tˈorta/,,*/konwˈentu/,,,,,,,,,,*/dˈɛːda/,*/fˈeːtu/,*/fˈeːta/,*/kwˈene/,*/pˈeːnsu/,*/prˈeːnsu/,*/respˈoːnsu/,*/oːrˈikula/,*/ˈokulu/,*/dˈomina/,*/wˈiride/,,,,,,,,,,,,*/ˈoːwu/,,*/frˈaːnktu/,*/dˈorsu/,*/pˈersika/,*/sˈepte/,*/kˈoksa/,,*/lˈakte/,*/fˈaktu/,,*/pˈektine/,*/pˈektu/,*/dˈiŋnu/,*/lˈiŋnu/,*/pˈuŋnu/,,*/fraksinˈeːtu/,,*/mulˈiere/,*/parˈiete/,*/lˈakju/,*/ɡlˈakja/,,*/fˈerru/,,*/pˈilu/,*/pˈiru/,*/wˈeːna/,*/mˈeːnsa/,*/kˈunju/,*/wˈiːnu/,,,,*/kˈerru/,*/rˈiːwu/,,,*/fˈakja/,,*/skˈabja/,*/kˈiːbru/,*/skˈamnu/,*/dˈamna/,,*/nˈebula/,*/rˈubu/,*/nˈɛːwu/,*/aˈunkulu/,,,*/ˈannu/,,,,,,,,,*/ˈillu/,*/ˈilla/,,,,,,*/nˈiɡru/,*/nˈiɡra/,,*/sˈeːra/,*/dˈeke/,*/mˈolla/,*/stˈeːlla/,*/bˈona/,,*/mˈonte/,*/parˈente/,*/saːnitˈaːte/,,*/kiːwitˈaːte/,,,*/ekskˈawu/,,,,,*/tˈempu/,*/famˈilja/,*/ˈipsu/,
R46,,,,,,,,,,,,,,,,,,,,,,,,,,,,,,,,,,,,,,,,,,,,,,,,,,,,,,,,,,,,,,,,,,,,,,,,,,,,,,,,,,,,,,,,,,,,,,,,,,,,,,,,,,,,,,,,,,,,,,,,,,,,,,,,,,,,,,,,,,,,,,,,,,,,,,,,,,,,,,,,,,,,,,,,,,,,,,,,,,,,,,,,,,,,,,,,,,,,,,,,,,,,,,,,,,,,,,,,,,,,,,,,,,,,,,,,,,,,,,,,,,,,,,,,,,,,,,,,,,,,,,,,,,,,,,,,,,,,,,,,,,,,,,,,,,,,,,,,,,,,,,,,,,,,,,,,,,,,,,,,,,,,,,,,,,,,,,,,,,,,,,,,,,,,,,,,,,,,,,,,,,,,,,,,,,,,,,,,,,,,,,,,,,,,,,,,,,,,,,,,,,,,,,,,,,,,,,,,,,,,,,,,,,,,,,,,,,,,,,,,,,,,,,,,,,,,,,,,,,,,,,,,,,,,,,,,,,,,,,,,,,,,,,,,,,,,,,,,,,,,,,,,,,,,,,,,,,,,,,,,,,,,,,,,,,,,,,,*/wˈiduwn/,,,,,,,,,,,,,,,,,,,,,,,,,,,,,,,,,,,,,,,,,,,,,,,,,,,,,,,,,,,,,,,,,,,,,,,,,,,,,,,,,,,,,,,,,,,,,,,,,,,,,,,,,,,,,,,,,,,,,,,,,,,,,,,,,,,,,,,,,,,,,,,,,,,,,,,,,,,,,,,,,,,,,,,,,,,,,,,,,,,,,,,,,,,,,,,,,,,,,,,,,,,,,,,,,,,,,,,,,,,,,,,,,,,,,,,,,,,,,,,,,,,,,,,,,,,,,,,,,,,,,,,,,,,,,,,,,,,,,,,,,,,,,,,,,,,,,,,,,,,,,,,,,,,,,,,,,,,,,,,,,,,,,,,,,,,,,,,,,,,,,,,,,,,,,,,,,,,,,,,,,,,,,,,,,,,,,,,,,,,,,,,,,,,,,,,,,,,,,,,,,,,,,,,,,,,,,,,,,,,,,,,,,,,,,,,,,,,,,,,,,,,,,,,,,,,,,,,,,,,,,,,,,,,,,,,,,,,,,,,,,,,,,,,,,,,,,,,,,,,,,,,,,,,,,,,,,,,,,,,,,,,,,,,,,,,,,,,,,,,,,,,,,,,,,,,,,,,,,,,,,,,,,,,,,,*/kˈun/,,,,,*/kwˈan/,,,,,,,,,,,,,,,,,,,,,,,,,,,,,,,,,,,,,,,,,,,,,,,,,,,,,,,,,,,,,,,,,,,,,,,,,,,,,,,,,,,,,,,,,,,,,,,,,,,,,,,,,,,,,,,,,,,,,,,,,,,,,,,,,,,,,,,,,,,,,,,,,,,,,,,,,,,,,,,,,,,,,,,,,,,,,,,,,,,,,,,,,,,,,,,,,,,,,,,,,,,,,,,,,,,,,,,,,,,,,,,,,,,,,,,,,,,,,,,,,,,,,,,,,,,,,,,,,,,,,,,,,,,,,,,,,,,,,,,,,,,,,,,,,,,,,,,,,,,,,,,,,,,,,,,,,,,,,,,,,,,,,
R47,,,,,,,,,,,,,,,,,,,,,,,,,,,,,,,,,,,,,,,,,,,,,,,,,,,,,,,,,,,,,,,,,,,,,,,,,,,,,,,,,,,,,,,,,,,,,,,,,,,,,,,,,,,,,,,,,,,,,,,,,,,,,,,,,,,,,,,,,,,,,,,,,,,,,,,,,,,,,,,,,,,,,,,,,,,,,,,,,,,,,,,,,,,,,,,,,,,,,,,,,,,,,,,,,,,,,,,,,,,,,,,,,,,,,,,,,,,,,,,,,,,,,,,,,,,,,,,,,,,,,,,,,,,,,,,,,,,,,,,,,,,,,,,,,,,,,,,,,,,,,,,,,,,,,,,,,,,,,,,,,,,,,,,,,,,,,,,,,,,,,,,,,,,,,,,,,,,,,,,,,,,,,,,,,,,,,,,,,,,,,,,,,,*/skˈiw/,,,,,,,,,,,,,,,,,,,,,,,,,,,,,,,,,,,,,,,,,,,,,,,,,,,,,,,,,,,,,,,,,,,,,,,,,,,,,,,,,,,,,,,,,,,,,,,,,,,,,,,,,,,,,,,,,,,,,,,,,,,,,,,,,,,,,,,,,,,,,,,,,,,,,,,,,,,,,,,,,,,,,,,,,,,,,,,,,,,,,,,,,,,,,,,,,,,,,,,,,,,,,,,,,,,,,,,,,,,,,,,,,,,,,,,,,,,,,,,,,,,,,,,,,,,,,,,,,,,,,,,,,,,,,,,,,,,,,,,,,,,,,,,,,,,,,,,,,,,,,,,,,,,,,,,,,,,,,,,,,,,,,,,,,,,,,,,,,,,,,,,,,,,,,,,,,,,,,,,,,,,,,,,,,,,,,,,,,,,,,,,,,,,,,,,,,,,,,,,,,,,,,,,,,,,,,,,,,,,,,,,,,,,,,,,,,,,,,,,,,,,,,,,,,,,,,,,,,,,,,,,,,,,,,,,,,,,,,,,,,,,,,,,,,,,,,,,,,,,,,,,,,,,,,,,,,,,,,,,,,,,,,,,,,,,,,,,,,,,,,,,,,,,,,,,,,,,,,,,,,,,,,,,*/dˈew/,,,,,,,,,,,,,,,,,,,,,,,,,,,,,,,,,,,,,,,,,,,,,,,,,,,,,,,,,,,,,,,,,,,,,,,,,,,,,,,,,,,,,,,,,,,,,,,,,,,,,,,,,,,,,,,,,,,,,,,,,,,,,,,,,,,,,,,,,,,,,,,,,,,,,,,,,,,,,,,*/rˈew/,,,,,,,,,,,,,,,,,,,,,,,,,,,,,,,,,,,,,,,,,,,,,,,,,,,,,,,,,,,,,,,,,,,,,,,,,,,,,,,,,,,,,,,,,,,,,,,,,,,,,,,,,,,,,,,,,,,,,,,,,,,,,,,,,,,,,,,,,,,,,,,,,,,,,,,,,,,,,,,,,,,,,,,,,,,,,,,,,,,,,,,,,,,,,,,,,,,,,,,,,,,,,,,,,,,,,,,,,,,,,,,,,,,,,,,,,,,,,,,,,,,,,,,,,,,,,,,,,,,,,,,,,,,,,,,,,,,,,,,,,,,,,,,,,,,,,,,,*/ˈew/,,,,,,,,,,,,,,,,,,,,,,,,,,,
R48,,,,,,,,,,,,,,,,,,,,,,,,,,,,,,,,,,,,,,,,,,,,,,,,,,,,,,,,,,,,,,,,,,,,,,,,,,,,,,,,,,,,,,,,,,,,,,,,,,,,,,,,,,,,,,,,,,,,,,,,,,,,,,,,,,,,,,,,,,,,,,,,,,,,,,,,,,,,,*/indreːktˈaː/,,,,,,,,,,,,,,,,,,,,,,,,,,,,,,,,,,,,,,,,,,,,,,,,,,,,,*/krˈebulu/,,,,,,,,,,,,,,,,,,,,,,,,,,,,,,,,,,,,,,,,,,,,,,*/drˈeːktu/,,,,,,,,,,,,,,,,,,,,,,,,,,,,,,,,,,,,,,,,,,,,,,,,,,,,,,,,,,,,,,,,,,,,,,,,,,,,,,,,,,,,,,,,,,,,,,,,,,,,,,,,,,,,,,,,,,,,,,,,,,,,,,,,,,,,,,,,,,,,,,,,,,,,,,,,,,,,,,,,,,,,,,,,,,,,,,,,,,,,,,,,,,,,,,,,,,,,,,,,,,,,,,,,,,,,,,,,,,,,,,,,,,,,,,,,,,,,,,,,,,,,,,,,,,,,,,,,,,,,,,,,,,,,,,,,,,,,,,,,,,,,,,,,,,,,,,,,,,,,,,,,,,,,,,,,,,,,,,,,,,,,,,,,,,,,,,,,,,,,,,,,,,,,,,,,,,,,,,,,,,,,,,,,,,,,,,,,,,,,,,,,,,,,,,,,,,,,,,,,,,,,,,,,,,,,,,,,,,,,,,,,,,,,,,,,,,,,,,,,,,,,,,,,,,,,,,,,,,,,,,,,,,,,,,,,,,,,,,,,,,,,,,,,,,,,,,,,,,,,,,,,,,,,,,,,,,,,,,,,,,,,,,,,,,,,,,,,,,,,,,,,,,,,,,,,,,,,,,,,,,,,,,,,,,,,,,,,,,,,,,,,,,,,,,,,,,,,,,,,,,,,,,,,,,,,,,,,,,,,,,,,,,,,,,,,,,,,,,,,,,,,,,,,,,,,,,,,,,,,,,,,,,,,,,,,,,,,,,,,,,,,,,,,,,,,,,,,,,,,,,,,,,,,,,,,,,,,,,,,,,,,,,,,,,,,,,,,,,,,,,,,,,,,,,,,,,,,,,,,,,,,,,,,,,,,,,,,,,,,,,,,*/prˈinter/,*/prˈintroː/,,,,,,,,,,,,,,,,,,,,,,,,,,,,,,,*/prambulˈaː/,,,,,,,,,,,,,,,,,,,,,,,,,,,,,,,,,,,,,,,,,,,,,,,,,,,,,,,,,,,,,,,,,,,,,,,,,,,,,,,,,,,,,,,,,,,,,,,,,,,,,,,,,,,,,,,,,,,,,,,,,,,,,,,,,,,,,,,,,,,,,,,,,,,,,,,,,,,,,,,,,,,,,,,,,,,,,,,,,,,,,,,,,,,,,,,,,,,,,,,,,,,,,,,,,,,,,,,,,,,,,,,,,,,,,,,,,,,,,,,,,,,,,,,,,,,,,,,,,,,,,,,,,,,,,,,,,,,,,,,,,,,,,,,,,,,,,,,,,,,,,,,,,,,,,,,,,,,,,,,,,,,,,,,,,,,,,,,,,,,,,,,,,,,,,,,,,,,,,,,,,,,
R49,,,,,,,,,*/adidˈimsu/,,,,,,,,,,,,,,,,,,,,,,,,,,,,,,,,,,,,,,,,,,,,,,,,,,,,,,,,,,,,,,,,,,,,,,,,,,,,,,,,,,,,,,,,,,,,,,,,,,,,,,,,,,,,,,,,,,,,,,,,,,,,,,,,,,,,,,,,,,,,,,,,,,,,,,,,,,,,,,,,,,,,,,,,,,,,,,,,,,,,,,,,,,,,,,,,,,,,,,,,,,,,,,,,,,,,,,,,,,,,,,,,,,,,,,,,,,,,,,,,,,,,,,,,,,,,,,,,,,,,,,,,,,,,,,,,,,,,,,,,,,,,,,,,,,,,,,,,,,,,,,,,,,,,,,,,,,,,,,,,,,,,,,,,,,,,,,,,,,,,,,,,,,,,,,,,,,,,,,,,,,,,,,,,,,,,,,,,,,,,,,,,,,,,,,,,,,,,,,,,,,,,,,,,,,,,,,,,,,,,,,,,,,,,,,,,,,,,,,,,,,,,,,,,,,,,,,,,,,,,,,,,,,,,,,,,,,,,,,,,,,,,,,,,,,,,,,,,,,,,,,,,,,,,,,,,,,,,,,,,,,,,,,,,,,,,,,*/nˈumta/,,,,,,,,,,,,,,,,,,,,,,,,,,,,,,,,,,,,,,,,,,,,,,,,,,,,,,,,,,,,,,,,,,,,,,,,,,,,,,,,,,,,,,,,,,,,,,,,,,,,,,,,,,,,,,,,,,,,,,,,,,,,,,,,,,,,,,,,,,,,,,,,,,,,,,,,,,,,,,,,,,,,,,,,,,,,,,,,,,,,,,,,,,,,,,,,,,,,,,,,,,,,,,,,,,,,,,,,,,,,,,,,,,,,,,,,,,,,,,,,,,,,,,,,,,,,,,,,,,,,,,,,,,,,,,,,,,,,,,,,,,,,,,,,,,,,,,,,,,,,,,,,,,,,,,,,,,,,,,,,,,,,,,,,,,,,,,,,,,,,,,,,,,,,,,,,,,,,,,,,,,,,,,,,,,,,,,,,,,,,,,,,,,,,,,,,,,,,,,,,,,,,,,,,,,,,,,,,,,,,,,,,,,,,,,,,,,,,,,,,,,,,,,,,,,,,,,,,,,,,,,,,,,,,,,,,,,,,,,,,,,,,,,,,,,,,,,,,,,,,,,,,,,,,,,,,,,,,,,,,,,,,,,,,,,,,,,,,,,,,,,,,,,,,,,,,,,,,,,,,,,,,,,,,,,,,,,,,,,,,,,,,,,,,,,,,,,,,,,,,,,,,,,,,,,,,,,,,,,,,,,,,,,,,,,,,,,,,,,,,,,,,,,,,,,,,,,,,,,,,,,,,,,,,,,,,,,,,,,,,,,,,,,,,,,,,,,,,,,,,,,,,,,,,,,,,,,,,,,,,,,,,,,,,,,,,,,,,,,,,,,,,,,,,,,,,,,,,,,,,,,,,,,,,,,,,,,,,,,,,,,,,,,,,,,,,,,,,,,,,,,,,,,,,,,,,,,,,,,,,,,,,,,,,,,,,,,,,,,,,,,,,,,,,,,,,,,,,,,,,,,,,,,,,,,,,,,,,,,,,,,,,,,,,,,,*/ˈimsu/,
R50,,,,,,,,,,,,,,,,,,,,,,,,,,,,,,,,,,,,,,,,,,,,,,,,,,,,,,,,,,,,,,,,,,,,,,,,,,,,,,,,,,,,,,,,,,,,,,,,,,,,,,,,,,,,,,,,,,,,,,,,,,,,,,,,,,,,,,,,,,,,,,,,,,,,,,,,,,,,,,,,,,,,,,,,,,,,,,,,,,,,,,,,,,,,,,,,,,,,,,,,,,,,,,,,,,,,,,,,,,,,,,,,,,,,,,,,,,,,,,,,,,,,,,,,,,,,,,,,,,,,,,,,,,,,,,,,,,,,,,,,,,,,,,,,,,,,,,,,,,,,,,,,,,,,,,,,,,,,,,,,,,,,,,,,,,,,,,,,,,,,,,,,,,,,,,,,,,,,,,,,,,,,,,,,,,,,,,,,,,,,,,,,,,,,,,,,,,,,,,,,,,,,,,,,,,,,,,,,,,,,,,,,,,,,,,,,,,,,,,,,,,,,,,,,,,,,,,,,,,,,,,,,,,,,,,,,,,,,,,,,,,,,,,,,,,,,,,,,,,,,,,,,,,,,,,,,,,,,,,,,,,,,,,,,,,,,,,,,,,,,,,,,,,,,,,,,,,,,,,,,,,,,,,,,,,,,,,,,,,,,,,,,,,,,,,,,,,,,,,,,,,,,,,,,,,,,,,,,,,,,,,,,,,,,,,,,,,,,,,,,,,,,,,,,,,,,,,,,,,,,,,,,,,,,,,,,,,,,,,,,,,,,,,,,,,,,,,,,,,,,,,,,,,,,,,,,,,,,,,,,,,,,,,,,,,,,,,,,,,,,,,,,,,,,,,,,,,,,,,,,,,,,,,,,,,,,,,,,,,,,,,,,,,,,,,,,,,,,,,,,,,,,,,,,,,,,,,,,,,,,,,,,,,,,,,,,,,,,,,,,,,,,,,,,,,,,,,,,,,,,,,,,,,,,,,,,,,,,,,,,,,,,,,,,,,,,,,,,,,,,,*/skˈorbula/,*/skˈorbu/,,,,,,,,,,,,,,,,,,,,,,,,,,,,,,,,,,,,,,,,,,,,,,,,,,,,,,,,,,,,,,,,,,,,,,,,,,,,,,,,,,,,,,,,,,,,,,,,,,,,,,,,,,,,,,,,,,,,,,,,,,,,,,,,,,,,,,,,,,,,,,,,,,,,,,,,,,,,,,,,,,,,,,,,,,,,,,,,,,,,,,,,,,,,,,,,,,,,,,,,,,,,,,,,,,,,,,,,,,,,,,,,,,,,,,,,,,,,,,,,,,,,,,,,,,,,,,,,,,,,,,,,,,,,,,,,,,,,,,,,,,,,,,,,,,,,,,,,,,,,,,,,,,,,,,,,,,,,,,,,,,,,,,,,,,,,,,,,,,,,,,,,,,,,,,,,,,,,,,,,,,,,,,,,,,,,,,,,,,,,,,,,,,,,,,,,,,,,,,,,,,,,,,,,,,,,,,,,,,,,,,,,,,,,,,,,,,,,,,,,,,,,,,,,,,,,,,,,,,,,,,,,,,,,,,,,,,,,,,,,,,,,,,,,,,,,,,,,,,,,,,,,,,,,,,,,,,,,,,,,,,,,,,,,,,,,,
R51,,,,,,,,,,,,,,,,,,,,,,,,,,,,,,,,,,,,,,,,,,,,,,,,,,,,,,,,,,,,,,,,,,,,,,,,,,,,,,,,,,,,,,,,,,,,,,,,,,,,,,,,,,,,,,,,,,,,,,,,,,,,,,,,,,,,,,,,,,,,,,,,,,,,,,,,,,,,,,,,,,,,,,,,,,,,,,,,,,,,,,,,,,,,,,,,,,,,,,,,,,,,,,,,,,,,,,,,,,,,,,,,,,,,,,,,,,,,,,,,,,,,,,,,,,,,,,,,,,,,,,,,,,,,,,,,,,,,,,,,,,,,,,,,,,,,,,,,,,,,,,,,,,,,,,,,,,,,,,,,,,,,,,,,,,,,,,,,,,,,,,,,,,,,,,,,,,,,,,,,,,,,,,,,,,,,,,,,,,,,,,,,,,,,,,,,,,,,,,,,,,,,,,,,,,,,,,,,,,,,,,,,,,,,,,,,,,,,,,,,,,,,,,,,,,,,,,,,,,,,,,,,,,,*/mˈorja/,,,,,,,,,,,,,,,,,,,,,,,,,,,,,,,,,,,,,,,,,,,,,,,,,,,,,,,,,,,,*/nˈoru/,,,,,,,,,,,,,,,,,,,,,,,,,,,,,,,,,,,,,,,,,,,,,,,,,,,,,,,,,,,,,,,,,,,,,,,,,,,,,,,,,,,,,,,,,,,,,,,,,,,,,,,,,,,,,,,,,,,,,,,,,,,,,,,,,,,,,,,,,,,,,,,,,,,,,,,,,,,,,,,,,,,,,,,,,,,,,,,,,,,,,,,,,,,,,,,,,,,,,,,,,,,,,,,,,,,,,,,,,,,,,,,,,,,,,,,,,,,,,,,,,,,,,,,,,,,,,,,,,,,,,,,,,,,,,,,,,,,,,,,,,,,,,,,,,,,,,,,,,,,,,,,,,,,,,,,,,,,,,,,,,,,,,,,,,,,,,,,,,,,,,,,,,,,,,,,,,,,,,,,,,,,,,,,,,,,,,,,,,,,,,,,,,,,,,,,,,,,,,,,,,,,,,,,,,,,,,,,,,,,,,,,,,,,,,,,,,,,,,,,,,,,,,,,,,,,,,,,,,,,,,,,,,,,,,,,,,,,,,,,,,,,,,,,,,,,,,,,,,,,,,,,,,,,,,,,,,,,,,,,,,,,,,,,,,,,,,,,,,,,,,,,,,,,,,,,,,,,,,,,,,,,,,,,,,,,,,,,,,,,,,,,,,,,,,,,,,,,,,,,,,,,,,,,,,,,,,,,,,,,,,,,,,,,,,,,,,,,,,,,,,,,,,,,,,,,,,,,,,,,,,,,,,,,,,,,,,,,,,,,,,,,,,,,,,,,,,,,,,,,,,,,,,,,,,,,,,,,,,,,,,,,,,,,,,,,,,,,,,,,,,,,,,,,,,,,,,,,,,,,,,,,,,,,,,,,,,,,,,,,,,,,,,,,,,,,,,,,,,,,,,,,,,,,,,,,,,,,,,,,,,,,,,,,,,,,,,,,,,,,,,,,,,,,,,,,,,,,,,,,,,,,,,,,,,,,,,,,,,,,,,,,,,,,,,,,,,,,,,,,,,,,,,,,,
R52,,,,,,,,,,,,,,,,,,,,,,,,,,,,,,,,,,,,,,,,,,,,,,,,,,,,,,,,,,,,,,,,,,,,,,,,,,,,,,,,,,,,,,,,,,,,,,,,,,,,,,,,,,,,,,,,,,,,,,,,,,,,,,,,,,,,,,,,,,,,,,,,,,,,,,,,,,,,,,,,,,,,,,,,,,,,,,,,,,,,,,,,,,,,,,,,,,,,,,,,,,,,,,,,,,,,,,,,,,,,,,,,,,,,,,,,,,,,,,,,,,,,,,,,,,,,,,,,,,,,,,,,,,,,,,,,,,,,,,,,,,,,,,,,,,,,,,,,,,,,,,,,,,,,,,,,,,,,,,,,,,,,,,,,,,,,,,,,,,,,,,,,,,,,,,,,,,,,,,,,,,,,,,,,,,,,,,,,,,,,,,,,,,,,,,,,,,,,,,,,,,,,,,,,,,,,,,,,,,,,,,,,,,,,,,,,,,,,,,,,,,,,,,,,,,,,,,,,,,*/sufflikˈaː/,,,,,,,,,,,,,,,,,,,,,,,,,,,,,,,,,,,,,,,,,,,,,,,,,,,,,,,,,,,,,,,,,,,,,,,,,,,,,,,,,,,,,,,,,,,,,,,,,,,,,,,,,,,,,,,,,,,,,,,,,,,,,,,,,,,,,,,,,,,,,,,,,,,,,,,,,,,,,,,,,,,,,,,,,,,,,,,,,,,,,,,,,,,,,,,,,,,,,,,,,,,,,,,,,,,,,,,,,,,,,,,,,,,,,,,,,,,,,,,,,,,,,,,,,,,,,,,,,,,,,,,,,,,,,,,,,,,,,,,,,,,,,,,,,,,,,,,,,,,,,,,,,,,,,,,,,,,,,,,,,,,,,,,,,,,,,,,,,,,,,,,,,,,,,,,,,,,,,,,,,,,,,,,,,,,,,,,,,,,,,,,,,,,,,,,,,,,,,,,,,,,,,,,,,,,,,,,,,,,,,,,,,,,,,,,,,,,,,,,,,,,,,,,,,,,,,,,,,,,,,,,,,,,,,,,,,,,,,,,,,,,,,,,,,,,,,,,,,,,,,,,,,,,,,,,,,,,,,,,,,,,,,,,,,,,,,,,,,,,,,,,,,,,,,,,,,,,,,,,,,,,,,,,,,,,,,,,,,,,,,,,,,,,,,,,,,,,,,,,,,,,,,,,,,,,,,,,,,,,,,,,,,,,,,,,,,,,,,,,,,,,,,,,,,,,,,,,,,,,,,,,,,,,,,,,,,,,,,,,,,,,,,,,,,,,,,,,,,,,,,,,,,,,,,,,,,,,,,,,,,,,,,,,,,,,,,,,,,,,,,,,,,,,,,,,,,,,,,,,,,,,,,,,,,,,,,,,,,,,,,,,,,,,,,,,,,,,,,,,,,,,,,,,,,,,,,,,,,,,,,,,,,,,,,,,,,,,,,,,,,,,,,,,,,,,,,,,,,,,,,,,,,,,,,,,,,,,,,,,,,,,,,,,,,,,,,,,,,,,,,,,,,,,,,,,,,,,,,,,,,,,,,,,,,,,,,,,,,,,,,,,,,,,,,,,,,,,,,,,,,,,,,,,,,,,,,,,,,
R53,,,,,,,,,,,,,,,,,,,,,,,,,,,,,,,,,,,,,,,,,,,,,,,,,,,,,,,,,,,,,,,,,,,,,,,,,,,,,,,,,,,,,,,,,,,,,,,,,,,,,,,,,,,,,,,,,,,,,,,,,,,,,,,,,,,,,,,,,,,,,,,,,,,,,,,,,,,,,,,,,,,,,,,,,,,,,,,,,,,,,,,,,,,,,,,,,,,,,,,,,,,,,,,,,,,,,,,,,,,,,,,,,,,,,,,,,,,,,,,,,,,,,,,,,,,,,,,,,,,,,,,,,,,,,,,,,,,,,,,,,,,,,,,,,,,,,,,,,,,,,,,,,,,,,,,,,,,*/ekskublˈaː/,,,,,,,,,,,,,,,,,,,,,,,,,,,,,,,,,,,,,,,,,,,,,,,,,,,,,,,,,,,,,,,,,,,,,,,,,,,,,,,,,,,,,,,,,,,,,,,,,,,,,,,,,,,,,,,,,,,,,,,,,,,,,,,,,,,,,,,,,,,,,,,,,,,,,,,,,,,,,,,,,,,,,,,,,,,,,,,,,,,,,,,,,,,,,,,,,,,,,,,,,,,,,,,,,,,,,,,,,,,,,,,,,,,,,,,,,,,,,,,,,,,,,,,,,,,,,,,,,,,,,,,,,,,,,,,,,,,,,,,,,,,,,,,,,,,,,,,,,,,,,,,,,,,,,,,,,,,,,,,,,,,,,,,,,,,,,,,,,,,,,,,,,,,,,,,,,,,,,,,,,,,,,,,,,,,,,,,,,,,,,,,,,,,,,,,,,,,,,,,,,,,,,,,,,,,,,,,,,,,,,,,,,,,,,,,,,,,,,,,,,,,,,,,,,,,,,,,,,,,,,,,,,,,,,,,,,,,,,,,,,,,,,,,,,,,,,,,,,,,,,,,,,,,,,,,,,,,,,,,,,,,,,,,,,,,,,,,,,,,,,,,,,,,,,,,,,,,,,,,,,,,,,,,,,,,,,,,,,,,,,,,,,,,,,,,,,,,,,,,,,,,,,,,,,,,,,,,,,,,,,,,,,,,,,,,,,,,,,,,,,,,,,,,,,,,,,,,,,,,,,,,,,,,,,,,,,,,,,,,,,,,,,,,,,,,,,,,,,,,,,,,,,,,,,,,,,,,,,,,,,,,,,,,,,,,,,,,,,,,,,,,,,,,,,,,,,,,,,,,,,,,,,,,,,,,,,,,,,,,,,,,,,,,,,,,,,,,,,,,,,,,,,,,,,,,,,,,,,,,,,,,,,,,,,,,,,,,,,,,,,,,,,,,,,,,,,,,,,,,,,,,,,,,,,,,,,,,,,,,,,,,,,,,,,,,,,,,,,,,*/stˈablu/,,,,,,,,,,,,,,,,,,,,,,,,,,,,,,,,,,,,,,,,,,,,,*/sˈuːblu/,,,,,,,,,,,,,,,,,,,,,,,,,,,,,,,,,,,,,,,,,,,,,,,,,*/sˈuːbla/,,,,,,,,,,,,,,,,,,,,,,,,,,,,,,,,,,,,,,,,,,,,,,,,,,,,,,,,,,,,,,,,,,,,,,,,,,,,,,,,,,,,,,,,,,,,,,,,,,,,,,,,,,,,,,,,,,,,,,,,,,,,,,,
R54,,,,,,,,,,,,,,,,,,,,,,,,,,,,,,,,,,,,,,,,,,,,,,,,,,,,,,,,,,,,,,,,,,,,,,,,,,,,,,,,,,,,,,,,,,,,,,,,,,,,,,,,,,,,,,,,,,,,,,,,,,,,,,,,,,,,,,,,,,,,,,,,,,,,,,,,,,,,,,,,,,,,,,,,,,,,,,,,,,,,,,,,,,,,,,,,,,,,,,,,,,,,,,,,,,,,,,,,,,,,,,,,,,,,,,,,,,,,,,,,,,,,,,,,,,,,,,,,,,,,,,,,,,,,,,,,,,,,,,,,,,,,,,,,,,,,,,,,,,,,,,,,,,,,,,,,,,,,,,,,,,,,,,,,,,,,,,,,,,,,,,,,,,,,,,,,,,,,,,,,,,,,,,,,,,,,,,,,,,,,,,,,,,,,,,,,,,,,,,,,,,,,,,,,,,,,,,,,*/pustlˈella/,,,,,,,,,,,,,,,,,,,,,,,,,,,,,,,,,,,,,,,,,,,,,,,,,,,,,,,,,,,,,,,,,,,,,,,,,,,,,,,,,,,,,,,,,,,,,,,,,,,,,,,,,,,,,,,,,,,,,,,,,,,,,,,,,,,,,,,,,,,,,,,,,,,,,,,,,,,,,,,,,,,,,,,,,,,,,,,,,,,,,,,,,,,,,,,,,,,,,,,,,,,,,,,,,,,,,,,,,,,,,,,,,,,,,,,,,,,,,,,,,,,,,,,,,,,,,,,,,,,,,,,,,,,,,,,,,,,,,,,,,,,,,,,,*/mˈetla/,,,,,,,,,,,,,,,,,,,,,,,,,,,,,,,,,,,,,,,,,,,,,,,,,,,,,,,,,,,,,,,,,,,,,,,,,,,,,,,,,,,,,,,,,,,,,,,,,,,,,,,,,,,,,,,,,,,,,,,,,,,,,,,,,,,,,,,,,,,,,,,,,,,,,,,,,,,,,,,,,,,,,,,,,,,,,,,,,,,,,,,,,,,,,*/mˈuːtla/,,,,,,,,,,,,,,,,,,,,,,,,,,,,,,,,,,,,,,,,,,,,,,,,,,,,,,,,,,,,,,,,,,,,,,,,,,,,,,,,,,,,,,,,,,,,,,,,,,,,,,,,,,,,,,,,,,,,,,,,,,,,,,,,,,,,,,,,,,,,,,,,,,,,,,,,,,,,,,*/wˈetlu/,,,,,,,,,,,,,,,,,,,,,,,,,,,,,,,,,,,,,,,,*/ekskutlˈaː/,,,,,,,,,,,,,,,,,,,,,,,,,,,,,,,,,,,,,,,,,,,,,,,,,,,,,,,,,,,,,,,,,,,,,,,,,,,,,,,,,,,,,,,,,,,,,,,,,,,,,,,,,,,,,,,,,,,,,,,,,,,,,,,,,,,,,,,,,,,,,,,,,,,,,,,,,,,,,,,,,,,,,,,,,,,,,,,,,,,,,,,,,,,,,,,,,,,,,,,,,,,,,,,,,,,,,,,,,,,,,,,,,,,,,,,,,,,,,,,,,,,,,,,,,,,,,,,,,,,,,,,,,,,,,,,,,,,,,,,,,,,,,,,,,,,,,,,,,,,,,,,,,,,,,,,,,,,,,,,,,,,,,,,,,,,,,,,,,,,,,,,,
R55,,,,,,,,,,,,,,,,,,,,,,,,,,,,,,,,,,,,,,,,,,,,,,,,,,,,,,,,,,,,,,,,,,,,,,,,,,,,,,,,,,,,,,,,,,,,,,,,,,,,,,,,,,,,,,,,,,,,,,,,,,,,,,,,,,,,,,,,,,,,,,,,,,,,,,,,,,,,,,,,,,,,,,,,,,,,,,,,,,,,,,,,,,,,,,,,,,,,,,,*/mˈasklu/,,,,,*/wˈirɡla/,,,,,,,,,,,,,,,,,,,,,,,,,,,,,,,*/mˈuːsklu/,,,,,,,,,,,,,,,,,,,,,,,,,,,,,*/ˈunɡla/,,,,,,,,,,,,,,,,,,,,,,,,,,,,,,,,,,,,,,,,,,,,,,,,,,,,,,,,*/wiɡlˈaː/,,,,,,,,,,,,,,,,,,,,,,,,,,,,,,,,,,,,,,,,,,,,,,,,,,,,,,,,,,,,,,,,,,,,,,,,,,,,,,,,,,,,,,,,,,,,,,,,,,,,,,,,,,,,,,,,,,,,,,,,,,,,,,,,,,,,,,,,,,,,,,,,,,,,,,,,,,,,,,,,,,,,,,,,,,,,,,,,,,,,,,,,,,,,,,,,,,,,,,,,,,,,,,,,,,,,,,,,,,,,,,,,,,,,,,,,,,,,,,,,,,,,,,,,,,,,,,,,,,,,,,,,,,,,,,,,,,,,,,,,,,,,,,,,,,,,,,,,,,,,,,,,,,,,,,,,,,,,,,,,,,,,,,,,,,,,,,,,,,,,,,,,,,,,,,,,,,,,,,,,,,,,,,,,,,,,,,,,,,,,,,,,,,,,,,,,,,,,,,,,,,,,,,,,,,,,,,,,,,,,,,,,,,,,,,,,,,,,,,,,,,,,,,,,,,,,,,,,,,,,,,,,,,,,,,,,,,,,,,,,,,,,,,,,,,,,,,,,,,,,,,,,,,,,,,,,,,,,,,,,,,,,,,,,,,,,,,,,,,,,,,,,,,,,,,,,,,*/ˈanɡlu/,,,,,,,,,,,,,,,,,,,,,,,,,,,,,,,,,,,,,,,,,,,,,,,,,,,,,,,,,,,,,,,,,,,,,,,,,,,,,,,,,,,,,,,,,,,,,,,,,,,,,,,,,,,,,,,,,,,,,,,,,,,,,,,,,,,,,,,,,,,,,,,,,,,,,,,,,,,,,,,,,,,,,,,,,,,,,,,,,,,,,,,,,,,,,,,,,,,,,,,,,,,,,,,,,,,,,,,,,,,,,,,,,,,,,,,,,,,,,,,,,,,,,,,,,,,,,,,,,,,,,,,,,,,,,,,,,,,,,,,,,,,,,,,,,,,,,,,,,,,,,,,,,,,,,,,,,,,,,,,,,,,,,,,,,,,,,,,,,,,,,,,,,,,,,,,,,,,,,,,,,,,,,,,,,,,,,,,,,,,,,,,,,,,,,,,*/rasklˈaː/,,,,,,,,,,,,,,,,,,,,,,,,,,,,,,,,,,,,,,,,,,,,,,,,,,,,,,,,,,,,,,,,*/ˈoklu/,,,,,,,,,,,,,,,,,,,,,,,,,,,,,,,,,,,,,,,,,,,,,,,,,,,,,,,,,,,,,,,*/aˈunklu/,,,,,,,,,,,,,,,,,,,,,,,,,,,,,,,,,,,,,,,,,,,
R56,,,,,,,,,,,,,,,,,,,,,,,,,,,,,,,,,,,,,,,,,,,,,,,,,,,,,,,,,,,,,,,,,,,,,,,,,,,,,,,,,,,,,,,,,,,,,,,,,,,,,,,,,,,,,,,,,,,,,,,,,,,,,,,,,,,,,,,,,,,,,,,,,,,,,,,,,,,,,,,,,,,,,,,,,,,,,,,,,,,,,,,,,,,,,,,,,,,,,,,,,,,,,,,,,,,,,,,,,,,,,,,,,,,,,,,,,,,,,,,,,,,,,,,,,,,,,,,,,,,,,,,,,,,,,,,,,,,,,,,,,,,,,,,,,,,,,,,,,,,,,,,,,,,,,,,,,,,,,,,,,,,,,,,,,,,,,,,,,,,,,,,,,,,,,,,,,,,,,,,,,,,,,,,,,,,,,,,,,,,,,,,,,,,,,,,,,,,,,,,,,,,,,,,,,,,,,,,,,,,,,,,,,,,,,,,,,,,,,,,,,,,,,,,,,,,,,,,,,,,,,,,,,,,,,,,,,,,,,,,,,,,,,,,,,,,,,,,,,,,,,,,,,,,,,,,,,,,,,,,,,,,,,,,,,,,,,,,,,,,,,,,,,,,,,,,,,,,,,,,,,,,,,,,,,,,,,,,,,,,,,,,,,,,,,,,,,,,,,,,,,,,,,,,,,,,,,,,,,,,,,,,,,,,,,,,,,,,,,,,,,,,,,,,,,,,,,,,,,,,,,,,,,,,,,,,,,,,,,,,,,,,,,,,,,*/raːdˈiːkla/,,,,,,,,,,,,,,,,,,,,,,,,,,,,,,,,,,,,,,,,,,,,,,,,,,,,,,,,,,,,,,,,,,,,,,,,,,,,,,,,,,,,,,,,,,,,,,,,,,,,,,,,,,,,,,,,,,,,,,,,,,,,,,,,,,,,,,,,,,,*/peːdˈuklu/,,,,,,,,,,,,,,,,,,,,,,,,,,,,,,,,,,,,,,,,,,,,,,,,,,,,,,,,,,,,,,,,,,,,,,,,,,,,,,,,,,,,,,,,,,,,,,,,,,,,,,,,,,,,,,,,,,,,,,,,,,,,,,,,,,,,,,,,,,,,,,,,,,,,,,,,,,,,,,,,,,,,,,,,,,,,,,,,,,,,,,,,,,,,,,,,,,,,,,,,,,,,,,,,,,,,,,,,,,,,,,,,,,,,,,,,,,,,,,,,,,,,,,,,,,,,,,,,,,,,,,,,,,,,,,,,,,,,,,,,,,,,,,,,,,,,,,,,,,,,,,,,,,,,,,,,,,,,,,,,,,,,,,,,,,,,,,,,,,,,,,,,,,,,,,,,,,,,,,,,,,,,,,,,,,,,,,,,,,,,,,,,,,,,,,,,,,,,,,,,,,,,,,,,,,,,,,,,,,,,,,,,,,,,,,,,,,,,,,,,,,*/tendˈikla/,,,,,,,,,,,,,,,,,,,,,,,,,,,,,,,,,,,,,,,,,,,,,,,,,,,,,,,,,,,,,,,,,,,,,,,,,,,,,,,,,,,,,,,,,,,,,,,,,,,,,,,,,,,,,,,,,,,,,,,,,,,,,,,,,,,,,,,,,,,,,,,,,,,,,,,,,,,,,,,,,,,,,
R57,,,,,,,,,,,,,,,,,,,,,,,,,,,,,,,,,,,,,,,,,,,,,,,,,,,,,,,,,,,,,,,,,,,,,,,,,,,,,,,,,,,,,,,,,,,,,,,,,,,,,,,,,,,,,,,,,,,,,,,,,,,,,,,,,,,,,,,,,,,,,,,,,,,,,,,,,,,,,,,,,,,,,,,,,*/pˈerɡla/,,,,,,,,,,,,,,,,,,,,,,,,,,,,,,,,,,,,,,,,,,,,,,,,,,,,,,,,,,,,,,,,,,,,,,,,,,,,,,*/trˈunklu/,,,,,,,,,,,,,,,,,,,,,,,,,,,,,,,,,,,,,,,,,,,,,,,,,,,,,,,,,,,,,,,,,,,,,,,,,,,,,,,,,,,,,,,,,,,,,,,,,,,,,,,,,,,,,,,,,,,,,,,,,,,,,,,,,,,,,,,,,,,,,,,,,,,,,,,,,,,,,,,,,,,,,,,,,,,,,,,,,,,,,,,,,,,,,,,,,*/kˈinɡla/,,,,,,,,,,,,,,,,,,,,,,,,,,,,,,,,,,,,,,,,,,,,,,,,,,,,,,,,,,,,,,,,,,,,,,,,,,,,,,,,,,,,,,,,,,,,,,,,,,,,,,,,,,,,,,,,,,,,,,,,,,,,,,,,,,,,,,,,,,,,,,,,,,,,,,,,,,,,,,,,,*/pˈikla/,,,,,,,,,,,,,,,,,,,,,,,,,,,,,,,,,,,,,,,,,,,,,,,,,,,,,,,,,,,,,,,,,,,,,,,,,,,,,,,,,,,,,,,,,,,,,,,,,,,,,,,,,,,,,,,,,,,,,,,,,,,,,,,,,,,,,,,,,,,,,,,,,,,,,,,,,,,,,,,,,,,,,,,,,,,,,,,,,,,,,,,,,,,,,,,,,,,,,,,,,,,,,,,,,,,,,,,,,,,,,,,,,,*/eːstrˈikla/,,,,,,,,,,,,,,,,,,,,,,,,,,,,,,,,,,,,,,,,,,,,,,,,,,*/kˈirklu/,,,,,,,,,,,,,,,,,,,,,,,,,,,,,,,,,,,,,,,,,,,,,,,,,,,,,,,,,,,,,,,,,,,,,,,,,,,,,,,,,,,,,,,,,,,,,,,,,,,,,,,,,,,,,,,,,,,,,,,,,,,,,,,,,,,,,,,,,,,,,,,,,,,,,,,,,,,,,,,,,,,,,,,,,,,,,,,,,,,,,,,,,,,,,,,,,,,,,,,,,,,,,,,,,,,,,,,,,,,,,,,,,,,,,,,,,,,,,,,,,,,,,,,,,,,,,,,,,,,,,,,,,,,,,,,,,,,,,,,,,,,,,,,,,,,,,,,,,,,,,,,,,,,,,,,,,,,,,,,,,,,,,,,,,,,,,,,,,,,,,,,,,,,*/kwˈaːɡlu/,,,,*/inkwaːɡlˈaː/,,,,,,,,,,,,,,,,,,,,,,,,,,,,,,,,,,,,,,,,,,,,,,,,,,,,,,,,,,,,,,,,,,,,,,,,,,,,,,,,,,,,,,,,,,,,,,,,,,,,,,,,,,,,,,,,,,,,,,,,,,,,,,,,,,,,,,,,,,,,,,,,,,,,,,,,,,,,,,,,,,,,,,,,,,,,,,,,,,,,,,,,,,,,,,,,,,,,,,,,,,,,,,,
R58,,,,,,,,,,,,,,,,,,,,,,,,,,,,,,,,,,,,,,,,,,,,,,,,,,,,,,,,,,,,,,,,,,,,,,,,,,,,,,,,,,,,,,,,,,,,,,,,,,,,,,,,,,,,,,,,,,,,,,,,,,,,,,,,,,,,,,,,,,,,,,,,,,,,,,,,,,,,,,,,,,,,,,,,,,,,,,,,,,,,,,,,,,,,,,,,,,,,,,,,,,,,,,,,,,,,,,,,,,,,,,,,,,,,,,,,,,,,,,,,*/reːnˈiklu/,*/renˈunklu/,,,,,,,,,,,,,,,,*/ɡenˈuklu/,,,,,,,,,,,,,,,,,,,,,,,,,,,,,,,,,,,,,,,,,,,,,,,,,,,,,,,,,,,,,,,,,,,,,,,,,,,,,,,,,,,,,,,,,,,,,,,,,,,,,,,,,,,,,,,,,,,,,,,,,,,,,,,,,,,,,,,,,,,,,,,,,,,,,,,,,,,,,,,,,,,,,,,,,,,,,,,,,,,,,,,,,,,,,,,,,,,,,,,,,,,,,,,,,,,,,,,,,,,,,,,,,,,,,,,,,,,,,,,,,,,,,,,,,,,,,,,,,,,,,,,,,,,,,,,,,,,,,,,,,,,,,,,,,,,,,,,,,,,,,,,,,,,,,,,,,,,,,,,,,,,,,,,,,,,,,,,,,,,,,,,,,,,,,,,,,,,,,,,,,,,,,,,,,,,,,,,,,,,,,,,,,,,,,,,,,,,,,,,,,,,,,,,,,,,,,,,,,,,,,,,,*/kolˈiklu/,,,,,,,,,,,,,,,,,,,,,,,,,,,,,,,,,,,,,,,,,,,,,,,,,,,,,,,,,,,,,,,,,,,,,,,,,,,,,,,,,,,,,,,,,,,,,,,,,,,,,,,,,,,,,,,,,,,,,,,*/peturnˈiːkla/,*/perwiɡlaːtˈoːrja/,*/perwiɡlˈaː/,,,,,,,,,,,,,,,,,,,,,,,,,,,,,,,,,,,,,,,,,,,,,,,,*/parˈikla/,,,,,,,,,,,,,,,,,,,,,,,,,,,,,,,,,,,,,,,,,,,,,,,,,,,,,,,,,,,,,,,,,,,,,,,,,,,,,,,,,,,,,,,,,,,,,,,,,,,,,,,,,,,,,,,,,,,,,,,,,,,,,,,,,,,,,,,,,,,,,,,,,,,,,,,,,,,,,,,,,,,,,,,,,,,,,,,,,,,,,,,,,,,,,,,,,,,,,,,,,,,,,,,,,,,,,,,,,,,,,,,,,,,,,,,,,,,,,,,,,,,,,,,,,,,,,,,,,,,,,,,,,,,,,,,,,,,,,,,,,,,,,,,,,,,,,,,,,,,,,,,,,,,,,,,,,,,,,,,,,,,,,,,,,,,,,,,,,,,,,,,,,,,,,,*/manˈuklu/,,,,,,,,,,,,,,,,,,,,,,,,,,,,,,,,,,,,,,,,,,,,,,,,,,,,,,,,,,,,,,,,,,,,,,,,,,,,,,,,,,,,,,,,,,,,,,,,,,,,,,,,,,,,,,,,,,,,,,,,,,,,,,,,*/oːrˈikla/,,,,,,,,,,,,,,,,,,,,,,,,,,,,,,,,,,,,,,,,,,,,,,,,,,,,,,,,,,,,,,,,,,,,,,,,,,,,,,,,,,,,,,,,,,,,,,,,,,,,,,,,,,,
R59,,,,,,,,,,,,,,,,,,,,,,,,,,,,,,,,,,,,,,,,,,,,,,,,,,,,,,,,,,,,,,,,,,,,,,,,,,,,,,,,,,,,,,,,,,,,,,,,,,,,,,,,,,,,,,,,,,,,,,,,,,,,,,,,,,,,,,,,,,,,,,,,,,,,,,,,,,,,,,,,,,,,,,,,,,,,,,,,,,,,,,,,,,,,,,,,,,,,,,,,,,,,,,,,,,,,,,,,,,,,,,,,,,,,,,,,,,,,,,,,,,,,,,,,,,,,,,,,,,,,,,,,,,,,,,,,,,,,,,,,,,,,,,,,,,,,,,,,,,,,,,,,,,,,,,,,,,,,,,,,,,,,,,,,,,,,,,,,,,,,,,,,,,,,,,,,,,,,,,,,,,,,,,,,,,,,,,,,,,,,,,,,,,,,,,,,,,,,,,,,,,,,,,,,,,,,,,,,,,,,,,,,,,,,,,,,,,,,,,,,,,,,,,,,,,,,,,,,,,,,,,,,,,,,,,,,,,,,,,,,,,,,,,,,,,,,,,,,,,,,,,,,,,,,,,,,,,,,,,,,,,,,,,,,,,,,,,,,,,,,,,,,,,,,,,,,,,,,,,,,,,,,,,,,,,,,,,,,,,,,,,,,,,,,,,,,,,,,,,,,,,,,,,,,,,,,,,,,,,,,,,,,,,,,,,,,,,,,,,,,,,,,,,,,,,,,,,,,,,,,,,,,,,,,,,,,,,,,,,,,,,,,,,,,,,,,,,,,,,,,,,,,,,,,,,,,,,,,,,,,,,,,,,,,,,,,,,,,,,,,,,,,,,,,,,,,,,,,,,,,,,,,,,,,,,,,,,,,,,,,,,,,,,,,,,,,,,,,,,,,,,,,,,,,,,,,,,,,,,,,,,,,,,,,,,,,,,,,,,,,,,,,,,,,,,,,,,,,,,,,,,,,,,,,,,,,,,,,,,,,,,,,,,,,,,,,,,,,,,,,,,,,,,,,,,,,,,,,,,*/dˈomnu/,,,,,,,,,,,,,,,,,,,,,,,,,,,,,,,,,,,,,,,,,,,,,,,,,,,*/monmˈentu/,,,,,,,,,,,,,,,,,,,,,,,,,,,,,,,,,,,,,,,,,,,,,,,,,,,,,,,,,,,,,,,,,,,,,,,,,,,,,,,,,,,,,,,,,,,,,,,,,,,,,,,,,,,,,,,,,,,,,,,,,,,,,,,,,,,,,,,,,,,,,,,,,,,,,,,,,,,,,,,,,,,,,,,,,,,,,,,,,,,,,,,,,,,,,,,,,,,,,,,,,,,,,,,,,,,,,,,,,,,,,,,,,,,,,,,,,,,,,,,,,,,,,,,,,,,,,,,,,,,,,,,,,,,,,,,,,,,,,,,,,,,,,,,,,,,,,,,,,,,,,,,,,,,,,,,,,,,,,,,,,,,,,,,,,,,,,,,,,,,,,,,,,,,,,,,,,,,,,,,,,*/dˈomna/,,,,,,,,,,,,,,,,,,,,,,,,,,,,,,,,,,,,,,,,,,,,,,,,,,,,,,,,,,,,,,,,,,,,,,,,,,,,,,,,,,,,,,,,,,,,,,,,,,,,,,,,,
R60,,,,,,,,,,,,,,,,,,,,,,,,,,,,,,,,,,,,,,,,,,,,,,,,,,,,,,,,,,,,,,,,,,,,,,,,,,,,,,,,,,,,,,,,,,,,,,,,,,,,,,,,,,,,,,,,,,,,,,,,,,,,,,,,,,,,,,,,,,,,,,,,,,,,,,,,,,,,,,,,,,,,,,,,,,,,,,,,,,,,,,,,,,,,,,,,,,,,,,,,,,,,,,,,,,,,,,,,,,,,,,,,,,,,,,,,,,,,,,,,,,,,,,,,,,,,,,,,,,,,,,,,,,,,,,,,,,,,,,,,,,,,,,,,,,,,,,,,,,,,,,,,,,,,,,,,,,,,,,,,,,,,,,,,,,,,,,,,,,,,,,,,,,,,,,,,,,,,,,,,,,,,,,,,,,,,,,,,,,,,,,,,,,,,,,,,,,,,,,,,,,,,,,,,,,,,,,,,,,,,,,,,,,,,,,,,,,,,,,,,,,,,,,,,,,,,,,,,,,,,,,,,,,,,,,,,,,,,,,,,,,,,,,,,,,,,,,,,,,,,,,,,,,,,,,,,,,,,,,,,,,,,,,,,,,,,,,,,,,,,,,,,,,,,,,,,,,,,,,,,,,,,,,,,,,,,,,,,,,,,,,,,,,,,,,,,,,,,,,,,,,,,,,,,,,,,,,,,,,,,,,,,,,,,,,,,,,,,,,,,,,,,,,,,,,,,,,,,,,,,,,,,,,,,,,,,,,,,,,,,,,,,,,,,,,,,,,,,,,,,,,,,,,,,,,,,,,,,,,,,,,,,,,,,,,,,,,,,,,,,,,,,,,,,,,,,,,,,,,,,,,,,,,,,,,,,,,,,,,,,,,,,,,,,,,,,,,,,,,,,,,,,,,,,,,,,,,,,,,,,,,,,,,,,,,,,,,,,,,,,,,,,,,,,,,,,,,,,,,,,,,,,,,,,,,,,,,,,,,,,,,,,,,,,,,,,,,,,,,,,,,,,,,,,,,,,,,,,,,,,,,,,,,,,,,,,,,,,,,,,,,,,,,,,,,,,,,,,,,,,,,,,,,,,,,,,,,,,,,,,,,,,,,,,,,,,,,,,,,,,,*/kˈaldu/,,,,,,,,,,,,,,,,,,,,,,,,,,,,,,,,,,,,,,,,,,,,,,,,,,,,,,,,,,,,,,,,,,,,,,,,,,,,,,,,,,,,,,,,,,,,,,,,,,,,,,,,,,,,,,,,,,,,,,,,,,,,,,,,,,,,,,,,,,,,,,,,,,,,,,,,,,,,,,,,,,,,,,,,,,,,,,,,,,,,,,,,,,,,,,,,,,,,,,,,,,,,,,,,,,,,,,,,,,,,,,,,,,,,,,,,,,,,,,,,,,,,,,,,,,,,,,,,,,,,,,,,,,,,,,,,,,,,,,,,,,,,,,,,,,,,,,,,,,,,,,,,,,,,,,,,,,,,,,,,,,,,,,,,,,,,,,,,,,,,,,,,,,,,,,,,,,,,,,,,,,,,,,,,,,,,,,,,,,,,,,,,,,,,,,,,,,,,,,,,,,,,,,,,,,,,,,,,,,,,,,,,,,,,,,,,,,
R61,,,,,,,,,,,,,,,,,,,,,,,,,,,,,,,,,,,,,,,,,,,,,,,,,,,,,,,,,,,,,,,,,,,,,,,,,,,,,,,,,,,,,,,,,,,,,,,,,,,,,,,,,,,,,,,,,,,,,,,,,,,,,,,,,,,,,,,,,,,,,,,,,,,,,,,,,,,,,,,,,,,,,,,,,,,,,,,,,,,,,,,,,,,,,,,*/urlˈaː/,,,,,,,,,,,,,,,,,,,,,,,,,,,,,,,,,,,,,,,,,,,,,,,,,,,,,,,,,,,,,,,,,,,,,,,,,,,,,,,,,,,,,,,,,,,,,,,,,,,,,,,,,,,,,,,,,,,,,,,,,,,,,,,,,,,,,,,,,,,,,,,,,,,,,,,,,,,,,,,,,,,,,,,,,,,,,,,,,,,,,,,,,,,,,,,,,,,,,,,,,,,,,,,,,,,,,,,,,,,,,,,,,,,,,,,,,,,,,,,,,,,,,,,,,,,,,,,,,,,,,,,,,,,,,,,,,,,,,,,,,,,,,,,,,,,,,,,,,,,,,,,,,,,,,,,,,,,,,,,,,,,,,,,,,,,,,,,,,,,,,,,,,,,,,,,,,,,,,,,,,,,,,,,,,,,,,,,,,,,,,,,,,,,,,,,,,,,,,,,,,,,,,,,,,,,,,,,,,,,,,,,,,,,,,,,,,,,,,,,,,,,,,,,,,,,,,,,,,,,,,,,,,,,,,,,,,,,,,,,,,,,,,,,,,,,,,,,,,,,,,,,,,,,,,,,,,,,,,,,,,,,,,,,,,,,,,,,,,,,,,,,,,,,,,,,,,,,,,,,,,,,,,,,,,,,,,,,,,,,,,,,,,,,,,,,,,,,,,,,,,,,,,,,*/mˈerla/,,,,,,,,,,,,,,,,,,,,,,,,,,,,,,,,,,,,,,,,,,,,,,,,,,,,,,,,,,,,,,,,,,,,,,,,,,,,,,,,,,,,,,,,,,,,,,,,,,,,,,,,,,,,,,,,,,,,,,,,,,,,,,,,,,,,,,,,,,,,,,,,,,,,,,,,,,,,,,,,,,,,,,,,,,,,,,,,,,,,,,,,,,,,,,,,,,,,,,,,,,,,,,,,,,,,,,,,,,,,,,,,,,,,,,,,,,,,,,,,,,,,,,,,,,,,,,,,,,,,,,,,,,,,,,,,,,,,,,,,,,,,,,,,,,,,,,,,,,,,,,,,,,,,,,,,,,,,,,,,,,,,,,,,*/dˈiːrɡe/,,,,,,,,,,,,,,,,,,,,,,,,,,,,,,,,,,,,,,,,,,,,,,,,,,,,,,,,,,,,,,,,,,,,,,,,,,,,,,,,,,,,,,,,,,,,,,,,,,,,,,,,,,,,,,,,,,,,,,,,,,,,,,,,,,,,,,,,,,,,,,,,,,,,,,,,,,,,,,,,,,,,,,,,,,,,,,,,,,,,,,,,,,,,,,,,,,,,,,,,,,,,,*/wˈirde/,,,,,,,,,,,,,,,,,,,,,,,,,,,,,,,,,,,,,,,,,,,,,,,,,,,,,,,,,,,,,,,,,,,,,,,,,,,,,,,,,,,,,,,,,,,,,,,,,,,,,,,,
R62,,,,,,,,,,,,,,,,,,,,,,,,,,,,,,,,,,,,,,,,,,,,,,,,,,,,,,,,,,,,,,,,,,,,,,,,,,,,,,,,,,,,,,,,,,,,,,*/diskarrkˈaː/,,,,,,,,,,,,,,,,,,,,,,,,,,,,,,,,,,,,,,,,,,,,,,,,,,,,,,,,,,,,,*/inkarrkˈaː/,,,,,,,,,,,,,,,,,,,,,,,,,,,,,,,,,,,,,,,,,,,,,,,,,,,,,,,,,,,,,,,,,,,,,,,,,,,,,,,,,,,,,,,,,,,,,,,,,,,,,,,,,,,,,,,,,,,,,,,,,,,,,,,,,,,,,,,,,,,,,,,,,,,,,,,,,,,,,,,,,,,,,,,,,,,,,,,,,,,,,,,,,,,,,,,,,,,,,,,,,,,,,,,,,,,,,,,,,,,,,,,,,,,,,,,,,,,,,,,,,,,,,,,,,,,,,,,,,,,,,,,,,,,,,,,,,,,,,,,,,,,,,,,,,,,,,,,,,,,,,,,,,,,,,,,,,,,,,,,,,,,,,,,,,,,,,,,,,,,,,,,,,,,,,,,,,,,,,,,,,,,,,,,,,,,,,,,,,,,,,,,,,,,,,,,,,,,,,,,,,,,,,,,,,,,,,,,,,,,,,,,,,,,,,,,,,,,,,,,,,,,,,,,,,,,,,,,,,,,,,,,,,,,,,,,,,,,,,,,,,,,,,,,,,,,,,,,,,,,,,,,,,,,,,,,,,,,,,,,,,,,,,,,,,,,,,,,,,,,,,,,,,,,,,,,,,,,,,,,,,,,,,,,,,,,,,,,,,,,,,,,,,,,,,,,,,,,,,,,,,,,,,,,,,,,,,,,,,,,,,,,,,,,,,,,,,,,,,,,,,,,,,,,,,,,,,,,,,,,,,,,,,,,,,,,,,,,,,,,,,,,,,,,,,,,,,,,,,,,,,,,,,,,,,,,,,,,,,,,,,,,,,,,,,,,,,,,,,,,,,,,,,,,,,,,,,,,,,,,,,,,,,,,,,,,,,,,,,,,,,,,,,,,,,,,,,,,,,,,,,,,,,,,,,,,,,,,,,,,,,,,,,,,,,,,,,,,,,,,,,,,,,,,,,,,,,,,,,,,,,,,,,,,,,,,,,,,,,,,,,,,,,,,,,,,,,,,,,,,,,,,,,,,,,,,,,,,,,,,,,,,,,,,,,,,,,,,,,,,,,,,,,,,,,,,,,,,,,,,,,,,,,,,,,,,,,,,,,,,,,,,,,,,,,,,,,,,,,,,,,,,,,,,,,,,,,,,,,,*/inkarrkatˈuːra/,,,,,,,,,,,,,,,,,,,,,,,,,,,,,,,,,,,,,,,,,,,,,,,,,,,,,,,,,,,,,,,,,,,,,,,,,,,,,,,,,,,,,*/inkurrkˈaː/,,,,,,,,,,,,,,,,,,,,,,,,,,,,,,,,,,,,,,,,,,,,,,,,,,,,,,,,,,,,,,,,,,,,,,,,,,,,,,,,,,,,,,,,,,,,,,,,,,,,,,,,,,,,,,,,,,,,,,,,,,,,,,,,,,,,,,,,,,,,,,,,,,,,,,,,,,,,,,,,,,,,,,,,,,,,,,,,,
R63,,,,,,,,,,,,,,,,,,,,,,,,,,,,,,,,,,,,,,,,,,,,,,,,,,,,,,,,,,,,,,,,,,,,,,,,,,,,,,,,,,,,,,,,,,,,,,,,,,,,,,,,,,,,,,,,,,,,,,,,,,,,,,,,,,,,,,,,,,,,,,,,,,,,,,,,,,,,,,,,,,,,,,,,,,,,,,,,,,,,,,,,,,,,,,,,,,,,,,,,,,,,,,,,,,,,,,,,,,,,,,,,,,,,,,,,,,,,,,,,,,,,,,,,,,,,,,,,,,,,,,,,,,,,,,,,,,,,,,,,,,,,,,,,,,,,,,,,,,,,,,,,,,,,,,,,,,,,,,,,,,,,,,,,,,,,,,,,,,,,,,,,,,,,,,,,,,,,,,,,,,,,,,,,,,,,,,,,,,,,,,,,,,,,,,,,,,,,,,,,,,,,,,,,,,,,,,,,,,,,,,,,,,,,,,,,,,,,,,,,,,,,,,,,,,,,,,,,,,,,,,,,,,,,,,,,,,,,,,,,,,,,,,,,,,,,,,,,,,,,,,,,,,,,,,,,,,,,,,,,,,,,,,,,,,,,,,,,,,,,,,,,,,,,,,,,,,,,,,,,,,,,,,,,,,,,,,,,,,,,,,,,,,,,,,,,,,,,,,,,,,,,,,,,,,,,,,,,,,,,,,,,,,,,,,,,,,,,,,,,,,,,,,,,,,,,,,,,,,,,,,,,,,,,,,,,,,,,,,,,,,,,,,,,,,,,,,,,,,,,,,,,,,,,,,,,,,,,,,,,,,,,,,,,,,,,,,,,,,,,,,,,,,,,,,,,,,,,,,,,,,,,,,,,,,,,,,,,,,,,,,,,,,,,,,,,,,,,,,,,,,,,,,,,,,,,,,,,,,,,,,,,,,,,,,,,,,,,,,,,,,,,,,,,,,,,,,,,,,,,,,,,,,,,,,,,,,,,,,,,,,,,,,,,,,,,,,,,,,,,,,,,,,,,,,,,,,,,,,,,,,,,,,,,,,,,,,,,,,,,,,,,,,,,,,,,,,,,,,,,,,,,,,,,,,,,,,,,,,,,,,,,,,,,,,,,,,,,,,,,,,,,,,,,,,,,,,,,,,,,,,,,,,,,,,,,,,,,,,,,,,,,,,,,,,,,,,,,,,,,,,,,,,,,,,,,,,,,,,,,,,,,,,,,,,,,,,,,,,,,,,,,,,,,,,,,,,,,,,,,,,,,,,,,,,,,,,,,,,,,,,,,,,,,,,,,,,,,,,,,,,,,,,,,,,,,,,,,,,,,,,,,,,,,,,,,,,,,,,,,,,,,,,,,,,,,,,,,,,,,,,,,,,,,,,,,,,,,,,,,,,,,,,,,,,,,,,,,,,,,,,,,,,,,,,,,,,,,,,,,,,,,,,,,,,,,,,,*/oːllkˈella/,,,,,,,,,,,,,,,,,,,,,,,,,,,,,,,,,,,,,,,,,,,,,,,,,,,,,,,,,,,,,,,,,,,,,,,,,,,,,,,,,,,,,,,,,,,,,,,,,,,,,,,,,,,,,,,,,,,,,,,,,,,,,,,,,,,,,,,,,,,,
R64,,,,,,,,,,,,,,,,,,,,,,,,,,,,,,,,,,,,,,,,,,,,,,,,,,,,,,,,,,,,,,,,,,,,,,,,,,,,,,,,,,,,,,,,,,,,,,,,,,,,,,,,,,,,,,,,,,,,,,,,,,,,,,,,,,,,,,,,,,,,,,,,,,,,,,,,,,,,,,,,,,,,,,,,,,,,,,,,,,,,,,,,,,,,,,,,,,,,,,,,,,,,,,,,,,,,,,,,,,,,,,,,,,,,,,,,,,,,,,,,,,,,,,,,,,,,,,,,,,,,,,,,,,,,,,,,,,,,,,,,,,,,,,,,,,,,,,,,,,,,,,,,,,,,,,,,,,,,,,,,,,,,,,,,,,,,,,,,,,,,,,,,,,,,,,,,,,,,,,,,,,,,,,,,,,,,,,,,,,,,,,,,,,,,,,,,,,,,,,,,,,,,,,,,,,,,,,,,,,,,,,,,,,,,,,,,,,,,,,,,,,,,,,,,,,,,,,,,,,,,,,,,,,,,,,,,,,,,,,,,,,,,,,,,,,,,,,,,,,,,,,,,,,,,,,,,,,,,,,,,,,,,,,,,,,,,,,,,,,,,*/inksorˈaː/,,,,,,,,,,,,,,,,,,,,,,,,,,,,,,,,,,,,,,,,,,,,,,,,,,,,,,,,,,,,,,,,,,,,,,,,,,,,,,,,,,,,,,,,,,,,,,,,,,,,,,,,,,,,,,,,,,,,,,,,,,,,,,,,,,,,,,,,,,,,,,,,,,,,,,,,,,,,,,,,,,,,,,,,,,,,,,,,,,,,,,,,,,,,,,,,,,,,,,,,,,,,,,,,,,,,,,,,,,,,,,,,,,,,,,,,,,,,,,,,,,,,,,,,,,,,,,,,,,,,,,,,,,,,,,,,,,,,,,*/kˈiːmke/,,,,,,,,,,,,,,,,,,,,,,,,,,,,,,,,,,,,,,,,,,,,,,,,,,,,,,,,,,,,,,,,,,,,,,,,,,,,,,,,,,,,,,,,,,,,,,,,,,,,,,,,,,,,,,,,,,,,,,,,,,,,,,,,,,,,,,,,,,,,,,,,,,,,,,,,,,,,,,,,,,,,,,,,,,,,,,,,,,,,,,,,,,,,,,,,,,,,,,,,,,,,,,,,,,,,,,,,,,,,,,,,,,,,,,,,,,,,,,,,,,,,,,,,,,,,,,,,,,,,,,,,,,,,,,,,,,,,,,,,,,,,,,,,,,,,,,,,,,,,,,,,,,,,,,,,,,,,,,,,,,,,,,,,,,,,,,,,,,,,,,,,,,,,,,,,,,,,,,,,,,,,,,,,,,,,,,,,,,,,,,,,,,,,,,,,,,,,,,,,,,,,,,,,,,,,,,,,,,,,,,,,,,,,,,,,,,,,,,,,,,,,,,,,,,,,,,,,,,,,,,,,,,,,,,,,,,,,,,,,,,,,,,,,,,,,,,,,,,,,,,,,,,,,,,,,,,,,,,,,,,,,,,,,,,,,,,,,,,,,,,,,,,,,,,,,,,,,,,,,,,,,,,,,,,,,,,,,,,,,,,,,,,,,,,,,,,,,,,,,,,,,,,,,,,,,,,,,,
R65,,,,,*/adappˈostu/,,,,,,,,,,,,,,,,,,,,,,,,,,,,,,,,,,,,,,,,,,,,,,,,,,,,,,,,,,,,,,,,,,,,,,,,,,,,,,,,,,,,,,,,,,,,,,,,,,,,,,,,,,,,,,,,,,,,,,,,,,,,,,,,,,,,,,,,,,,,,,,,,,,,,,,,,,,,,,,,,,,,,,,,,,,,,,,,,,,,,,,,,,,,,,,,,,,,,,,,,,,,,,,,,,,,,,,,,,,,,,,,,,,,,,,,,,,,,,,,,,,,,,,,,,,,,,,,,,,,,,,,,,,,,,,,,,,,,,,,,,,,,,,,,,,,,,,,,,,,,,,,,,,,,,,,,,,,,,,,,,,,,,,,,,,,,,,,,,,,,,,,,,,,,,,,,,,,,,,,,,,,,,,,,,,,,,,,,,,,,,,,,,,,,,,,,,,,,,,,,,,,,,,,,,,,,,,,,,,,,,,,,,,,,,,,,,,,,,,,,,,,,,,,,,,,,,,,,,,,,,,,,,,,,,,,,,,,,,,,,,,,,,,,,,,,,,,,,,,,,,,,,,,,,,,,,,,,,,,,,,,,,,,,,,,,,,,,,,,,,,,,,,,,,,,,,,,,,,,,,,,,,,,,,,,,,,,,,,,,,,,,,,,,,,,,,,,,,,,,,,,,,,,,,,,,,,,,,,,,,,,,,,,,,,,,,,,,,,,,,,,,,,,,,,,,,,,,,,,,,,,,,,,,,,,,,,,,,,,,,,,,,,,,,,,,,,,,,,,,,,,,,,,,,,,,,,,,,,,,,,,,,,,,,,,,,,,,,,,,,,,,,,,,,,,,,,,,,,,,,,,,,,,,,,,,,,,,,,,,,,,,,,,,,,,,,,,,,,,,,,,,,,,,,,,,,,,,,,,,,,,,,,,,,,,,,,,,,,,,,,,,,,,,,,,,,,,,,,,,,,,,,,,,,,,,,,,,,,,,,,,,,,,,,,,,,,,,,,,,,,,,,,,,,,,,,,,,,,,,,,,,,,,,,,,,,,,,,,,,,,,,,,,,,,,,,,,,,,,,,,,,,,,,,,,,,,,,,,,,,,,,,,,,,,,,,,,,,,,,,,,,,,,,,,,,,,,,,,,,,,,,,,,,,,,,,,,,,,,,,,,,,,,,,,,,,,,,,,,,,,,,,,,,,,,,,,,,,,,,,,,,,,,,,,,,,,,,,,,,,,,,,,,,,,,,,,,,,,,,,,,,,,,,,,,,,,,,,,,,,,,,,,,,,,,,,,,,,,,,,,,,,,,,,,,,,,,,,,,,,,,,,,,,,,,,,,,,,,,,,,,,,,,,,,,,,,,,,,,,,,,,,,,,,,,,,,,,,,,,,,,,,,,,,,,,,,,,,,,,,,,,,,,,,,,,,,,,,,,,,,,,,,,,,,,,,,,,,,,,,,,,,,,,,,,,,,,,,,,,,,,,,,,,,,,,,,,,,,,,,,,,,,,,,,,,,,,,,,,,,,,,,,,,,,,,,,,,,,,,,,,,,,,,,,,,,,,,,,,,,,,,,,,,,,,,,,,,,,,,,,,,,,,,,,
R66,,,,,,,,,,,,,,,,,,,,,,,,,,,,,,,,,,,,,,,,,,,,,,,,,,,,,,,,,,,,,,,,,,,,,,,,,,,,,,,,,,,,,,,,,,,,,,,,,,,,,,,,,,,,,,,,,,,,,,,,,,,,,,,,,,,,,,,,,,,,,,,,,,,,,,,,,,,,,,,,,,,,,,,,,,,,,,,,,,,,,,,,,,,,,,,,,,,,,,,,,,,,,,,,,,,,,,,,,,,,,,,,,,,,,,,,,,,,,,,,,,,,,,,,,,,,,,,,,,,,,,,,,,,,,,,,,,,,,,,,,,,,,,,,,,,,,,,,,,,,,,,,,,,,,,,,,,,,,,,,,,,,,,,,,,,,,,,,,,,,,,,,,,,,,,,,,,,,,,,,,,,,,,,,,,,,,,,,,,,,,,,,,,,,,,,,,,,,,,,,,,,,,,,,,,,,,,,,,,,,,,,,,,,,,,,,,,,,,,,,,,,,,,,,,,,,,,,,,,,,,,,,,,,,,,,,,,,,,,,,,,,,,,,,,,,,,,,,,,,,,,,,,,,,,,,,,,,,,,,,,,,,,,,,,,,,,,,,,,,,,,,,,,,,,,,,,,,,,,,,,,,,,,,,,,,,,,,,,,,,,,,,,,,,,,,,,,,,,,,,,,,,,,,,,,,,,,,,,,,,,,,,,,,,,,,,,,,,,,,,,,,,,*/wˈiskdu/,,,,,,,,,,,,,,,,,,,,,,,,,,,,,,,,,,,,,,,,,,,,,,,,,,,,,,,,,,,,,,,,,,,,,,,,,,,,,,,,,,,,,,,,,,,,,,,,,,,,,,,,,,,,,,,,,,,,,,,,,,,,,,,,,,,,,,,,,,,,,,,,,,,,,,,,,,,,,,,,,,,,,,,,,,,,,,,,,,,,,,,,,,,,,,,,,,,,,,,,,,,,,,,,,,,,,,,,,,,,,,,,,,,,,,,,,,,,,,,,,,,,,,,,,,,,,,,,,,,,,,,,,,,,,,,,,,,,,,,,,,,,,,,,,,,,,,,,,,,,,,,,,,,,,,,,,,,,,,,,,,,,,,,,,,,,,,,,,,,,,,,,,,,,,,,,,,,,,,,,,,,,,,,,,,,,,,,,,,,,,,,,,,,,,,,,,,,,,,,,,,,,,,,,,,,,,,,,,,,,,,,,,,,,,,,,,,,,,,,,,,,,,,,,,,,,,,,,,,,,,,,,,,,,,,,,,,,,,,,,,,,,,,,,,,,,,,,,,,,,,,,,,,,,,,,,,,,,,,,,,,,,,,,,,,,,,,,,,,,,,,,,,,,,,,,,,,,,,,,,,,,,,,,,,,,,,,,,,,,,,,,,,,,,,,,,,,,,,,,,,,,,,,,,,,,*/fustkˈellu/,,,,,,,,,,,,,,,,,,,,,,,,,,,,,,,,,,,,,,,,,,,,,,,,,,,,,,,,,,,,,,,,,,,,,,,,,,,,,,,,,,,,,,,,,,,,,,,,,,,,,,,,,,,,,,,,,,,,,,,,,,,,,,,,,,,,,,,,,,,,,,,,,,,,,,,,,,,,,,,,,,,,,,,,,,,,,,,,,,,
R67,,,,,,,,,,,,,,,,,,,,,,,,,,,,,,,,,,,,,,,,,,,,,,,,,,,,,,,,,,,,,,,,,,,,,,,,,,,,,,,,,,,,,,,,,,,,,,,,,,,,,,,,,,,,,,,,,,,,,,,,,,,,,,,,,,,,,,,,,,,,,,,,,,,,,,,,,,,,,,,,,,,,,,,,,,,,,,,,,,,,,,,,,,,,,,,,,,,,,,,,,,,,,,,,,,,,,,,,,,,,,,,,,,,,,,,,,,,,,,,,,,,,,,,,,,,,,,,,,,,,,,,,,,,,,,,,,,,,,,,,,,,,,,,,,,,,,,,,,,,,,,,,,,,,,,,,,,,,,,,,,,,,,,,,,,,,,,,,,,,,,,,,,,,,,,,,,,,,,,,,,,,,,,,,,,,,,,,,,,,,,,,,,,,,,,,,,,,,,,,,,,,,,,,,,,,,,,,,,,,,,,,,,,,,,,,,,,,,,,,,,,,,,,,,,,,,,,,,,,,,,,,,,,,,,,,,,,,,,,,,,,,,,,,,,,,,,,,,,,,,,,,,,,,,,,,,,,,,,,,,,,,,,,,,,,,,,,,,,,,,,,,,,,,,,,,,,,,,,,,,,,,,,,,,,,,,,,,,,,,,,,,,,,,,,,,,,,,,,,,,,,,,,,,,*/montkˈellu/,,,,,,,,,,,,,,,,,,,,,,,,,,,,,,,,,,,,,,,,,,,,,,,,,,,,,,,,,,,,,,,,,,,,,,,,,,,,,,,,,,,,,,,,,,,,,,,,,,,,,,,,,,,,,,,,,,,,,,,,,,,,,,,,,,,,,,,,,,,,,,,,,,,,,,,,,,,,,,,,,,,,,,,,,,,,,,,,,,,,,,,,,,,,,,,,,,,,,,,,,,,,,,,,,,,,,,,,,,,,,,,,,,,,,,,,,,,,,,,,,,,,,,,,,,,,,,,,,,,,,,,,,,,,,,,,,,,,,,,,,,,,,,,,,,,,,,,,,,,,,,,,,,,,,,,,,,,,,,,,,,,,,,,,,,,,,,,,,,,,,,,,,,,,,,,,,,,,,,,,,,,,,,,,,,,,,,,,,,,,,,,,,,,,,,,,,,,,,,,,,,,,,,,,,,,,,,,,,,,,,,,,,,,,,,,,,,,,,,,,,,,,,,,,,,,,,,,,,,,,,,,,,,,,,,,,,,,,,,,,,,,,,,,,,,,,,,,,,,,,,,,,,,,,,,,,,,,,,,,,,,,,,,,,,,,,,,,,,,,,,,,,,,,,,,,,,,,,,,,,,,,,,,,,,,,,,,,,,,,,,,,,,,,,,,,,,,,,,,,,,,,,,,,,,,,,,,,,,,,,,,,,,,,,,,,,,,,,,,,,,,,,,,,,,,,,,,,,,,,,,,,,,,,,,,,,,,,,,,,,,,,,,,,,,,,,,,,,,,,,,,,,,,,,,,,,,,,,,,,,,,,,,,,,,,,,,,,,,,,,,,,,,,,,,,,,,,,,,,,,,,,,,,,,,,,,,,,,,,,,,,,,,,,,,,,,,,,,,,,,,,,,,,,,,,,,,,,,,,,,,,,,,,,
R68,,,,,,,,,,,,,,,,,,,,,,,,,,,,,,,,,,,,,,,,,,,,,,,,,,,,,,,,,,,,,,,,,,,,,,,,,,,,,,,,,,,,,,,,,,,,,,,,,,,,,,,,,,,,,,,,,,,,,,,,,,,,,,,,,,,,,,,,,,,,,,,,,,,,,,,,,,,,,,,,,,,,,,,,,,,,,,,,,,,,,,,,,,,,,,,,,,,,,,,,,,,,,,,,,,,,,,,,,,,,,,,,,,,,,,,,,,,,,,,,,,,,,,,,,,,,,,,,,,,,,,,,,,,,,,,,,,,,,,,,,,,,,,,,,,,,,,,,,,,,,,,,,,,,,,,,,,,,,,,,,,,,,,,,,,,,,,,,,,,,,,,,,,,,,,,,,,,,,,,,,,,,,,,,,,,,,,,,,,,,,,,,,,,,,,,,,,,,,,,,,,,,,,,,,,,,,,,,,,,,,,,,,,,,,,,,,,,,,,,,,,,,,,,,,,,,,,,,,,,,,,,,,,,,,,,,,,,,,,,,,,,,,,,,,,,,,,,,,,,,,,,,,,,,,,,,,,,,,,,,,,,,,,,,,,,,,,,,,,,,,,,,,,,,,,,,,,,,,,,,,,,,,,,,,,,,,,,,,,,,,,,,,,,,,,,,,,,,,,,,,,,,,,,,,,,,,,,,,,,,,,,,,,,,,,,,,,,,,,,,,,,,,,,,,,,,,,,,,,,,,,,,,,,,,,,,,,,,,,,,,,,,,,,,,,,,,,,,,,,,,,,,,,,,,,,,,,,,,,,,,,,,,,,,,,,,,,,,,,,,,,,,,,,,,,,,,,,,,,,,,,,,,,,,,,,,,,,,,,,,,,,,,,,,,,,,*/drepnˈella/,,,,,,,,,,,,,,,,,,,,,,,,,,,,,,,,,,,,,,,,,,,,,,,,,,,,,,,,,,,,,,,,,,,,,,,,,,,,,,,,,,,,,,,,,,,,,,,,,,,,,,,,,,,,,,,,,,,,,,,,,,,,,,,,,,,,,,,,,,,,,,,,,,,,,,,,,,,,,,,,,,,,,,,,,,,,,,,,,,,,,,,,,,,,,,,,,,,,,,,,,,,,,,,,,,,,,,,,,,,,,,,,,,,,,,,,,,,,,,,,,,,,,,,,,,,,,,,,,,,,,,,,,,,,,,,,,,,,,,,,,,,,,,,,,,,,,,,,,,,,,,,,,,,,,,,,,,,,,,,,,,,,,,,,,,,,,,,,,,,,,,,,,,,,,,,,,,,,,,,,,,,,,,,,,,,,,,,,,,,,,,,,,,,,,,,,,,,,,,,,,,,,,,,,,,,,,,,,,,,,,,,,,,,,,,,,,,,,,,,,,,,,,,,,,,,,,,,,,,,,,,,,,,,,,,,,,,,,,,,,,,,,,,,,,,,,,,,,,,,,,,,,,,,,,,,,,,,,,,,,,,,,,,,,,,,,,,,,,,,,,,,,,,,,,,,,,,,,,,,,,,,,,,,,,,,,,,,,,,,,,,,,,,,,,,,,,,,,,,,,,,,,,,,,,,,,,,,,,,,,,,,,,,,,,,,,,,,,,,,,,,,
R69,,,,,,,,,,,,,,,,,,,,,,,,,,,,,,,,,,,,,,,,,,,,,,,,,,,,,,,,,,,,,,,,,,,,,,,,,,,,,,,,,,,,,,,,,,,,,,,,,,,,,,,,,,,,,,,,,,,,,,,,,,,,,,,,,,,,,,,,,,,,,,,,,,,,,,,,,,,,,,,,,,,,,,,,,,,,,,,,,,,,,,,,,,,,,,,,,,,,,,,,,,,,,,,,,,,,,,,,,,,,,,,,,,,,,,,,,,,,,,,,,,,,,,,,,,,,,,*/kˈubtu/,,,,,,,,,,,,,,,,,,,,,,,,,,,,,,,,,,,,,,,,,,,,,,,,,,,,,,,,,,,,,,,,,,,,,,,,,,,,,,,,,,,,,,,,,,,,,,,,,,,,,,,,,,,,,,,,,,,,,,,,,,,,,,,,,,,,,,,,,,,,,,,,,,,,,,,,,,,,,,,,,,,,,,,,,,,,,,,,,,,,,,,,,,,,,,,,,,,,,,,,,,,,,,,,,,,,,,,,,,,,,,,,,,,,,,,,,,,,,,,,,,,,,,,,,,,,,,,,,,,,,,,,,,,,,,,,,,,,,,,,,,,,,,,,,,,,,,,,,,,,,,,,,,,,,,,,,,,,,,,,,,,,,,,,,,,,,,,,,,,,,,,,,,,,,,,,,,,,,,,,,,,,,,,,,,,,,,,,,,,,,,,,,,,,,,,,,,,,,,,,,,,,,,,,,,,,,,,,,,,,,,,,,,,,,,,,,,,,,,,,,,,,,,,,,,,,,,,,,,,,,,,,,,,,,,,,,,,,,,,,,,,,,,,,,,,,,,,,,,,,,,,,,,,,,,,,,,,,,,,,,,,,,,,,,,,,,,,,,,,,,,,,,,,,,,,,,,,,,,,,,,,,,,,,,,,,,,,,,,,,,,,,,,,,,,,,,,,,,,,,,,,,,,,,,,,,,,,,,,,,,,,,,,,,,,,,,,,,,,,,,,,,,,,,,,,,,,,,,,,,,,,,,,,,,,,,,,,,,,,,,,,,,,,,,,,,,,,,,,,,,,,,,,,,,,,,,,,,,,,,,,,,,,,,,,,,,,,,,,,,,,,,,,,,,,,,,,,,,,,,,,,,,,,,,,,,,,,,,,,,,,,,,,,,,,,,,,,,,,,,,,,,,,,,,,,,,,,,,,,,,,,,,,,,,,,,,,,,,,,,,,,,,,,,,,,,,,,,,,,,,,,,,,,,,,,,,,,,,,,,,,,,,,,,,,,,,,,,,,,,,,,,,,,,,,,,,,,,,,,,,,,,,,,,,,,,,,,,,,,,,,,,,,,,,,,,,,,,,,,,,,,,,,,,,,,,,,,,,,,,,,,,,,,,,,,,,,,,,,,,,,,,,,,,,,,,,,,,,,,,,,,,,,,,,,,,,,,,,,,,,,,,,,,,,,,,,,,,,,,,,,,,,,,,,,,,,,,,,,,,,,,,,,,,,,,,,,,,,,,,,,,,,,,,,,,,,,,,,,,,,,,,,,,,,,,,,,,,,,,,,,,,,,,,,,,,,,,,,,,,,,,,,,,,,,,,,,,,,,,,,
R70,,,,,,,,,,,,,,,,,,,,,,,,,,,,,,,,,,,,,,,,,,,,,,,,,,,,,,,,,,,,,,,,,,,,,,,,,,,,,,,,,,,,,,,,,,,,,,,,,,,,,,,,,,,,,,,,,,,,,,,,,,,,,,,,,,,,,,,,,,,,,,,,,,,,,,,,,,,,,,,,,,,,,,,,,,,,,,,,,,,,,,,,,,,,,,,,,,,,,,,,,,,,,,,,,,,,,,,,,,,,,,,,,,,,,,,,,,,,,,,,,,,,,,,,,,,,,,,,,,,,,,,,,,,,,,,,,,,,,,,,,,,,,,,,,,,,,,,,,,,,,,,,,,,,,,,,,,,,,,,,,,,,,,,,,,,,,,,,,,,,,,,,,,,,,,,,,,,,,,,,,,,,,,,,,,,,,,,,,,,,,,,,,,,,,,,,,,,,,,,,,,,,,,,,,,,,,,,,*/pusklˈella/,,,,,,,,,,,,,,,,,,,,,,,,,,,,,,,,,,,,,,,,,,,,,,,,,,,,,,,,,,,,,,,,,,,,,,,,,,,,,,,,,,,,,,,,,,,,,,,,,,,,,,,,,,,,,,,,,,,,,,,,,,,,,,,,,,,,,,,,,,,,,,,,,,,,,,,,,,,,,,,,,,,,,,,,,,,,,,,,,,,,,,,,,,,,,,,,,,,,,,,,,,,,,,,,,,,,,,,,,,,,,,,,,,,,,,,,,,,,,,,,,,,,,,,,,,,,,,,,,,,,,,,,,,,,,,,,,,,,,,,,,,,,,,,,*/mˈekla/,,,,,,,,,,,,,,,,,,,,,,,,,,,,,,,,,,,,,,,,,,,,,,,,,,,,,,,,,,,,,,,,,,,,,,,,,,,,,,,,,,,,,,,,,,,,,,,,,,,,,,,,,,,,,,,,,,,,,,,,,,,,,,,,,,,,,,,,,,,,,,,,,,,,,,,,,,,,,,,,,,,,,,,,,,,,,,,,,,,,,,,,,,,,,*/mˈuːkla/,,,,,,,,,,,,,,,,,,,,,,,,,,,,,,,,,,,,,,,,,,,,,,,,,,,,,,,,,,,,,,,,,,,,,,,,,,,,,,,,,,,,,,,,,,,,,,,,,,,,,,,,,,,,,,,,,,,,,,,,,,,,,,,,,,,,,,,,,,,,,,,,,,,,,,,,,,,,,,*/wˈeklu/,,,,,,,,,,,,,,,,,,,,,,,,,,,,,,,,,,,,,,,,*/ekskuklˈaː/,,,,,,,,,,,,,,,,,,,,,,,,,,,,,,,,,,,,,,,,,,,,,,,,,,,,,,,,,,,,,,,,,,,,,,,,,,,,,,,,,,,,,,,,,,,,,,,,,,,,,,,,,,,,,,,,,,,,,,,,,,,,,,,,,,,,,,,,,,,,,,,,,,,,,,,,,,,,,,,,,,,,,,,,,,,,,,,,,,,,,,,,,,,,,,,,,,,,,,,,,,,,,,,,,,,,,,,,,,,,,,,,,,,,,,,,,,,,,,,,,,,,,,,,,,,,,,,,,,,,,,,,,,,,,,,,,,,,,,,,,,,,,,,,,,,,,,,,,,,,,,,,,,,,,,,,,,,,,,,,,,,,,,,,,,,,,,,,,,,,,,,,
R71,,,,,,,,,,,,,,,,,,,,,,,,,,,,,,,,,,,,,,,,,,,,,,,,,,,,,,,,,,,,,,,,,,,,,,,,,,,,,,,,,,,,,,,,,,,,,,,,,,,,,,,,,,,,,,,,,,,,,,,,,,,,,,,,,,,,,,,,,,,,,,,,,,,,,,,,,,,,,,,,,,,,,,,,,,,,,,,,,,,,,,,,,,,,,,,,,,,,,,,,,,,,,,,,,,,,,,,,,,,,,,,,,,,,,,,,,,,,,,,,,,,,,,,,,,,,,,,,,,,,,,,,,,,,,,,,,,,,,,,,,,,,,,,,,,,,,,,,,,,,,,,,,,,,,,,,,,,,,,,,,,,,,,,,,,,,,,,,,,,,,,,,,,,,,,,,,,,,,,,,,,,,,,,,,,,,,,,,,,,,,,,,,,,,,,,,,,,,,,,,,,,,,,,,,,,,,,,,,,,,,,,,,,,,,,,,,,,,,,,,,,,,,,,,,,,,,,,,,,,,,,,,,,,,,,,,,,,,,,,,,,,,,,,,,,,,,,,,,,,,,,,,,,,,,,,,,,,,,,,,,,,,,,,,,,,,,,,,,,,,,,,,,,,,,,,,,,,,,,,,,,,,,,,,,,,,,,,,,,,,,,,,,,,,,,,,,,,,,,,,,,,,,,,,,,,,,,,,,,,,,,,,,,,,,,,,,,,,,,,,,,,,,,,,,,,,,,,,,,,,,,,,,,,,,,,,,,,,,,,,,,,,,,,,,,,,,,,,,,,,,,,,,,*/pantlˈaɡina/,,,,,,,,,,,,,,,,,,,,,,,,,,,,,,,,,,,,,,,,,,,,,,,,,,,,,,,,,,,,,,,,,,,,,,,,,,,,,,,,,,,,,,,,,,,,,,,,,,,,,,,,,,,,,,,,,,,,,,,,,,,,,,,,,,,,,,,,,,,,,,,,,,,,,,,,,,,,,,,,,,,,,,,,,,,,,,,,,,,,,,,,,,,,,,,,,,,,,,,,,,,,,,,,,,,,,,,,,,,,,,,,,,,,,,,,,,,,,,,,,,,,,,,,,,,,,,,,,,,,,,,,,,,,,,,,,,,,,,,,,,,,,,,,,,,,,,,,,,,,,,,,,,,,,,,,,,,,,,,,,,,,,,,,,,,,,,,,,,,,,,,,,,,,,,,,,,,,,,,,,,,,,,,,,,,,,,,,,,,,,,,,,,,,,,,,,,,,,,,,,,,,,,,,,,,,,,,,,,,,,,,,,,,,,,,,,,,,,,,,,,,,,,,,,,,,,,,,,,,,,,,,,,,,,,,,,,,,,,,,,,,,,,,,,,,,,,,,,,,,,,,,,,,,,,,,,,,,,,,,,,,,,,,,,,,,,,,,,,,,,,,,,,,,,,,,,,,,,,,,,,,,,,,,,,,,,,,,,,,,,,,,,,,,,,,,,,,,,,,,,,,,,,,,,,,,,,,,,,,,,,,,,,,,,,,,,,,,,,,,,,,,,,,,,,,,,,,,,,,,,,,,,,,,,,,,,,,,,,,,,,,,,,,,,,,,,,,,,,,,,,,,,,,,,,,,,,,,,,,,,,,,,,,,,
R72,,,,,,,,,,,,,,,,,,,,,,,,,,,,,,,,,,,,,,,,,,,,,,,,,,,,,,,,,,,,,,,,,,,,,,,,,,,,,,,,,,,,,,,,,,,,,,,,,,,,,,,,,,,,,,,,,,,,,,,,,,,,,,,,,,,,,,,,,,,,,,,,,,,,,,,,,,,,,,,,,,,,,,,,,,,,,,,,,,,,,,,,,,,,,,,,,,,,,,,,,,,,,,,,,,,,,,,,,,,,,,,,,,,,,,,,,,,,,,,,,,,,,,,,,,,,,,,,,,,,,,,,,,,,,,,,,,,,,,,,,,,,,,,,,,,,,,,,,,,,,,,,,,,,,,,,,,,,,,,,,,,,,,,,,,,,,,,,,,,,,,,,,,,,,,,,,,,,,,,,,,,,,,,,,,,,,,,,,,,,,,,,,,,,,,,,,,,,,,,,,,,,,,,,,,,,,,,,,,,,,,,,,,,,,,,,,,,,,,,,,,,,,,,,,,,,,,,,,,,,,,,,,,,,,,,,,,,,,,,,,,,,,,,,,,,,,,,,,,,,,,,,,,,,,,,,,,,,,,,,,,,,,,,,,,,,,,,,,,,,,,,,,,,,,,,,,,,,,,,,,,,,,,,,,,,,,,,,,,,,,,,,,,,,,,,,,,,,,,,,,,,,,,,,,,,,,,,,,,,,,,,,,,,,,,,,,,,,,,,,,,,,,,,,,,,,,*/pˈaltanu/,,,,,,,,,,,,,,,,,,,,,,,,,,,,,,,,,,,,,,,,,,,,,,,,,,,,,,,,,,,,,,,,,,,,,,,,,,,,,,,,,,,,,,,,,,,,,,,,,,,,,,,,,,,,,,,,,,,,,,,,,,,,,,,,,,,,,,,,,,,,,,,,,,,,,,,,,,,,,,,,,,,,,,,,,,,,,,,,,,,,,,,,,,,,,,,,,,,,,,,,,,,,,,,,,,,,,,,,,,,,,,,,,,,,,,,,,,,,,,,,,,,,,,,,,,,,,,,,,,,,,,,,,,,,,,,,,,,,,,,,,,,,,,,,,,,,,,,,,,,,,,,,,,,,,,,,,,,,,,,,,,,,,,,,,,,,,,,,,,,,,,,,,,,,,,,,,,,,,,,,,,,,,,,,,,,,,,,,,,,,,,,,,,,,,,,,,,,,,,,,,,,,,,,,,,,,,,,,,,,,,,,,,,,,,,,,,,,,,,,,,,,,,,,,,,,,,,,,,,,,,,,,,,,,,,,,,,,,,,,,,,,,,,,,,,,,,,,,,,,,,,,,,,,,,,,,,,,,,,,,,,,,,,,,,,,,,,,,,,,,,,,,,,,,,,,,,,,,,,,,,,,,,,,,,,,,,,,,,,,,,,,,,,,,,,,,,,,,,,,,,,,,,,,,,,,,,,,,,,,,,,,,,,,,,,,,,,,,,,,,,,,,,,,,,,,,,,,,,,,,,,,,,,,,,,,,,,,,,,,,,,,,,,,,,,,,,,,,,,,,,,,,,,,,,,,,,,,,,,,,,,,,,,,,,,,,,,,,,,,,,,,,,,,,,,,,,,,,,,,,,,,,,,,,,,,,,,,,,,,,,,
R73,,,,,,,,,,,,,,,,,,,,,,,,,,,,,,,,,,,,,,,,,,,,,,,,,,,,,,,,,,,,,,,,,,,,,,,,,,,,,,,,,,,,,,,,,,,,,,,,,,,,,,,,,,,,,,,,,,,,,,,,,,,,,,,,,,,,,,,,,,,,,,,,,,,,,,,,,,,,,,,,,,,,,,,,,,,,,,,,,,,,,,,,,,,,,,,,,,,,,,,,,,,,,,,,,,,,,,,,,,,,,,,,,,,,,,,,,,,,,,,,,,,,,,,,,,,,,,,,,,,,,,,,,,,,,,,,,,,,,,,,,,,,,,,,,,,,,,,,,,,,,,,,,,,,,,,,,,,,,,,,,,,,,,,,,,,,,,,,,,,,,,,,,,,,,,,,,,,,,,,,,,,,,,,,,,,,,,,,,,,,,,,,,,,,,,,,,,,,,,,,,,,,,,,,,,,,,,,,,,,,,,,,,,,,,,,,,,,,,,,,,,,,,,,,,,,,,,,,,,,,,,,,,,,,,,,,,,,,,,,,,,,,,,,,,,,,,,,,,,,,,,,,,,,,,,,,,,,,,,,,,,,,,,,,,,,,,,,,,,,,,,,,,,,,,,,,,,,,,,,,,,,,,,,,,,,,,,,,,,,,,,,,,,,,,,,,,,,,,,,,,,,,,,*/kotremulˈaː/,,,,,,,,,,,,,,,,,,,,,,,,,,,,,,,,,,,,,,,,,,,,,,,,,,,,,,,,,,,,,,,,,,,,,,,,,,,,,,,,,,,,,,,,,,,,,,,,,,,,*/patlˈaɡina/,,,,,,,,,,,,,,,,,,,,,,,,,,,,,,,,,,,,,,,,,,,,,,,,,,,,,,,,,,,,,,,,,,,,,,,,,,,,,,,,,,,,,,,,,,,,,,,,,,,,,,,,,,,,,,,,,,,,,,,,,,,,,,,,,,,,,,,,,,,,,,,,,,,,,,,,,,,,,,,,,,,,,,,,,,,*/kˈiklu/,,,,,,,,,,,,,,,,,,,,,,,,,,,,,,,,,,,,,,,,,,,,,,,,,,,,,,,,,,,,,,,,,,,,,,,,,,,,,,,,,,,,,,,,,,,,,,,,,,,,,,,,,,,,,,,*/petrˈɛːke/,,,,,,,,,,,,,,,,,,,,,,,,,,,,,,,*/kotraː/,,,,,,,,,,,,,,,,*/inkotraː/,,,,,,,,,,,,,,,,,,,,,,,,,,,,,,,,,,,,,,,,,,,,,,,,,,,,*/koprˈende/,,,,,,,,,,,,,,,,,,,,,,,,,,,,,,,,,,,,,,,,,,,,,,,,,,,,,,,,,,,,,,,,,,,,,,,,,,,,,,,,,,,,,,,,,,,,,,,,,,,,,,,,,,,,,,,,,,,,,,,,,,,,,,,,,,,,,,,,,,,,,,,,,,,,,,,,,,,,,,,,,,,,,,,,,,,,,,,,,,,,,,,,,,,,,,,,,,,,,,,,,,,,,,,,,,,,,,,,,,,,,,,,,,,,,,,,,,,,,,,,,,,,,,,,,,,,,,,,,,,,,,,,,,,,,,,,,,,,,,,,,,,,,,,,,,,,,,,,,,,,,,,,,,,,,,,,,,,,,,,,,,,,,,,,,,,,,,,,,,,,,,,,,,,,
R74,,,,,,,,,,,,,,,,,,,,,,,,,,,,,,,,,,,,,,,,,,,,,,,,,,,,,,,,,,,,,,,,,,,,,,,,,,,,,,,,,,,,,,,,,,,,,,,,,,,,,,,,,,,,,,,,,,,,,,,,,,,,,,,,,,,,,,,,,,,,,,,,,,*/inpreɡˈyːru/,,,,,,,,,,,,,,,,,,,,,,,,,,,,,,,,,,,,,,,,,,,,,,,,,,,,,,,,,,,,,,,,,,,,,,,,,,,,,,,,,,,,,,,,,,,,,,,,,,,,,,,,,,,,,,,,,,,,,,,,,,,,,,,,,,,,,,,,,,,,,,,,,,,,,,,,,,,,,,,,,,,,,,,,,,,,,,,,,,,,,,,,,,,,,,,,,,,,,,,,,,,,,,,,,,,,,,,,,,,,,,,,,,,,,,,,,,,,,,,*/prekˈipe/,,,,,,,,,,,,,,,,,,,,,,,,,,,,,,,,,,,,,,,,,,,,,,,,,,,,,,,,,,,,,,,,,,,,,,,,,,,,,,,,,,,,,,,,,,,,,,,,,,,,,,,,,,,,,,,,,,,,,,,,,,,,,,,,,,,,,,,,,,,,,,,,,,,,,,,,,,,,,,,,,,,,,,,,,,,,,,,,,,,,,,,,,,,,,,,,,,,,,,,,,,,,,,,,,,,,,,,,,,,,,,,,,,,,,,,,,,,,,,,,,,,,,,,,,,,,,,,,,,,,,,,,,,,,,,,,,,,,,,,,,,,,,,,,,,,,,,,,,,,,,,,,,,,,,,,,,,,,,,,,,,,,,,,,,,,,,,,,,,,,,,,,,,,,,,,,,,,,,,,,,,,,,,,,,,,,,,,,,,,,,,,,,,,,,,,,,,,,,,,,,,,,,,,,,,,,,,,,*/prewiɡlaːtˈoːrja/,*/prewiɡlˈaː/,,,,,,,,,,,,,,,,,,,,,,,,,,,,,,,,,,,,,,,,,,,,,,,,,,,,,,,,,,,,,,,,,,,,,,,,,,,,,,,,,,,,,,,,,,,,,,,,,,,,,,,,,,,,,,,,,,,,,,,,,,,,,,,,,,,,,,,,,,,,,,,,,,,,,,,,,,,,,,,,,,,,,,,,,,,,,,,,,,,,,,,,,,,,,,,,,,,,,,,,,,,,,,,,,,,,,,,,,,,,,,,,,,,,,,,,,,,,,,,,,,,,,,,,,,,,,,,,,,,,,,,,,,,,,,,,,,,,,,,,,,,,,,,,,,,,,,,,,,,,,,,,,,,,,,,,,,,,,,,,,,,,*/drˈiːɡe/,,,,,,,,,,,,,,,,,,,,,,,,,,,,,,,,,,,,,,,,,,,,,,,,,,,,,,,,,,,,,,,,,,,,,,,,,,,,,,,,,,,,,,,,,,,,,,,,,,,,,,,,,,,,,,,,,,,,,,,,,,,,,,,,,,,,,,,,,,,,,,,,,,,,,,,,,,,,,,,,,,,,,,,,,,,,,,,,,,,,,,,,,,,,,,,,,,,,,,,,,,,,,,,,,,,,,,,,,,,,,,,,,,,,,,,,,,,,,,,,,,,,,,,,,,,,,,,,,,,,,,,,,,,,,,,,,,,,,,,,,,,,,,,,,,,,,,,,,,,,,,,,,,,,,
R75,,,,,,,,,,,,,,,,,,,,,,,,,,,,,,,,,,,,,,,,,,,,,,,,,,,,,,,,,,,,,,,,,,,,,,,,,,,,,,,,,,,,,,,,,,,,,,,,,,,,,,,,,,,,,,,,,,,,,,,,,,,,,,,,,,,,,,,,,,,,,,,,,,,,,,,,,,,,,,,,,,,,,,,,,,,,,,,,,,,,,,,,,,,,,,,,,,,,,,,,,,,,,,,,,,,,,,,,,,,,,,,,,,,,,,,,,,,,,,,,,,,,,,,,,,,,,,,,,,,,,,,,,,,,,,,,,,,,,,,,,,,,,,,,,,,,,,,,,,,,,,,,,,,,,,,,,,,,,,,,,,,,,,,,,,,,,,,,,,,,,,,,,,,,,,,,,*/priɡitˈaː/,,,,,,,,,,,,,,,,,,,,,,,,,,,,,,,,,,,,,,,,,,,,,,,,,,,,,,,,,,,,,,,,,,,,,,,,,,,,,,,,,,,,,,,,,,,,,,,,,,,,,,,,,,,,,,,,,,,,,,,,,,,,,,,,,,,,,,,,,,,,,,,,,,,,,,,,,,,,,,,,,,,,,,,,,,,,,,,,,,,,,,,,,,,,,,,,,,,,,,,,,,,,,,,,,,,,,,,,,,,,,,,,,,,,,,,,,,,,,,,,,,,,,,,,,,,,,,,,,,,,,,,,,,,,,,,,,,,,,,,,,,,,,,,,,,,,,,,,,,,,,,,,,,,,,,,,,,,,,,,,,,,,,,,,,,,,,,,,,,,,,,,,,,,,,,,,,,,,,,,,,,,,,,,,,,,,,,,,,,,,,,,,,,,,,,,,,,,,,,,,,,,,,,,,,,,,,,,,,,,,,,,,,,,,,,,,,,,,,,,,,,,,,,,,,,,,,,,,,,,,,,,,,,,,,,,,,,,,,,,,,,,,,,,,*/intrˈeɡu/,,,,,,,,,,,,,,,,,,,,,,,,,,,,,,,,,,,,,,,,,,,,,,,,,,,,,,,,,,,,,,,,,,,,,,,,,,,,,,,,,,,,,,,,,,,,,,,,,,,,,,,,,,,,,,,,,,,,,,,,,,,,,,,,,,,,,,,,,,,,,,,,,,,,,,,,,,,,,,,,,,,,,,,,,,,,,,,,,,,,,,,,,,,,,,,,,,,,,,,,,,,,,,,,,,,,,,,,,,,,,,,,,,,,,,,,,,,,,,,,,,,,,,,,,,,,,,,,,,,,,,,,,,,,,,,,,,,,,,,,,,,,,,,,,,,,,,,,,,,,,,,,,,,,,,,,,,,,,,,,,,,,,,,,,,,,,,,,,,,,,,,,,,,,,,,,,,,,,,,,,,,,,,,,,,,,,,,,,,,,,,,,,,,,,,,,,,,,,,,,,,,,,,,,,,,,,,,,,,,,,,,,,,,,,,,,,,,,,,,,,,,,,,,,,,,,,,,,,,,,,,,,,,,,,,,,,,,,,,,,,,,,,,,,,,,,,,,,,,,,,,,,,,,,,,,,,,,,,,,,,,,,,,,,,,,,,,,,,,,,,,,,,,,,,,,,,,,,,,,,,,,,,,,,,,,,,,,,,,,,,,,,,,,,,,,,,,
R76,,,,,,,,,,,,,,,,,,,,,,,,,,,,,,,,,,,,,,,,,,,,,,,,,,,,,,,,,,,,,,,,,,,,,,,,,,,,,,,,,,,,,,,,,,,,,,,,,,,,,,,,,,,,,,,,,,,,,,,,,,,,,,,,,,,,,,,,,,,,,,,,,,,,,,,,,,,,,,,,,,,,,,,,,,,,,,,,,,,,,,,,,,,,,,,,,,,,,,,,,,,,,,,,,,,,,,,,,,,,,,,,,,,,,,,,,,,,,,,,,,,,,,,,,,,,,,,,,,,,,,,,,,,,,,,,,,,,,,,,,,,,,,,,,,,,,,,,,,,,,,,,,,,,,,,,,,,,,,,,,,,,,,,,,,,,,,,,,,,,,,,,,,,,,,,,,,,,,,,,,,,,,,,,,,,,,,,,,,,,,,,,,,,,,,,,,,,,,,,,,,,,,,,,,,,,,,,,,,,,,,,,,,,,,,,,,,,,,,,,,,,,,,,,,,,,,,,,,,,,,,,,,,,,,,,,,,,,,,,,,,,,,,,,,,,,,,,,,,,,,,,,,,,,,,,,,,,,,,,,,,,,,,,,,,,,,,,,,,,,,,,,,,,,,,,,,,,,,,,,,,,,,,,,,,,,,,,,,,,,,,,,,,,,,,,,,,,,,,,,,,,,,,,,,,,,,,,,,,,,,,,,,,,,,,,,,,,,,,,,,,,,,,,,,,,,,,,,,,,,,,,,,,,,,,,,,,,,,,,,,,,,,,,,,,,,,,,,,,,,,,,,,,,,,,,,,,,,,,,,,,,,,,,,,,,,,,,,,,,,,,,,,,,,,,,,,,,,,,,,,,,,,,,,,,,,,,,,,,,,,,,,,,,,,,,,,,,,,,,,,,,,,,,,,,,,,,,,,,,,,,,,,,,,,,,,,,,,,,,,,,,,,,,,,,,,,,,,,,,,,,,,,,,,,,,,,,,,,,,,,,,,,,,,,,,,,,,,,,,,,,,,,,,,,,,,,,,,,,,,,,,,,,,,,,,,,,,,,,,,,,,,,,,,,,,,,,,,,,,,,,,,,,,,,,,,,,,,,,,,,,,,,,,,,,,,,,,,,,,,,,,,,,,,,,,,,,,,,,,,,,,,,,,,,,,,,,,,,,,,,,,,,,,,,,,,,,,,,,,,,,,,,,,,,,,,,,,,,,,,,,,,,,,,,,,,,,,,,,,,,,,,,,,,,*/kˈaːle/,*/kˈan/,,,,,,,,,,,,,,,,,,,,,,,,,,,,,,,,,,,,,,,,,,,,,,,,,,,,,,,,,,,,,,,,,,,,,,,,,,,,,,,,,,,,,,,,,,,,,,,,,,,,,,,,,,,,,,,,,,*/kˈaːɡlu/,,,,,,,,,,,,,,,,,,,,,,,,,,,,,,,,,,,,,,,,,,,,*/skˈaːma/,,,,,,,,,,,,,,,,,,,,,,,,,,,,,,,,,,,,,,,,,,,,,,,,,,,,,,,,,,,,,,,,,,,,,,,,,,,,,,,,,,,,,,,,,,,,,,,,,,,,,,,,,,,,,,,,,,,,,,,,,,,,,,,,,,,,,,*/kˈandoː/,,,,,,,,,,,,,,,,,,,,,,,,,,,,,,,,,
R77,,,,,,,,,,,,,,,,,,,,,,,,,,,,,,,,,,,,,,,,,,,,,,,,,,,,,,,,,,,,,,,,,,,,,,,,,,,,,,,,,,,,,,,,,,,,,,,,,,,,,,,,,,,,,,,,,,,,,,,,,,,,,,,,,,,,,,,,,,,,,,,,,,,,,,,,,,,,,,,,,,,,,,,,,,,,,,,,,,,,,,,,,,,,,,,,,,,,,,,,,,,,,,,,,,,,,,,,,,,,,,,,,,,,,,,,,,,,,,,,,,,,,,,,,,,,,,,,,,,,,,,,,,,,,,,,,,,,,,,,,,,,,,,,,,,,,,,,,,,,,,,,,,,,,,,,,,,,,,,,,,,,,,,,,,,,,,,,,,,,,,,,,,,,,,,,,,,,,,,,,,,,,,,,,,,,,,,,,,,,,,,,,,,,,,,,,,,,,,,,,,,,,,,,,,,,,,,,,,,,,,,,,,,,,,,,,,,,,,,,,,,,,,,,,,,,,,,,,,,,,,,,,,,,,,,,,,,,,,,,,,,,,,,,,,,,,,,,,,,,,,,,,,,,,,,,,,,,,,,,,,,,,,,,,,,,,,,,,,,,,,,,,,,,,,,,,,,,,,,,,,,,,,,,,,,,,,,,,,,,,,,,,,,,,,,,,,,,,,,,,,,,,,,,,,,,,,,,,,,,,,,,,,,,,,,,,,,,,,,,,,,,,,,,,,,,,,,,,,,,,,,,,,,,,,,,,,,,,,,,,,,,,,,,,,,,,,,,,,,,,,,,,,,,,,,,,,,,,,,,,,,,,,,,,,,,,,,,,,,,,,,,,,,,,,,,,,,,,,,,,,,,,,,,,,,,,,,,,,,,,,,,,,,,,,,,,,,,,,,,,,,,,,,,,,,,,,,,,,,,,,,,,,,,,,,,,,,,,,,,,,,,,,,,,,,,,,,,,,,,,,,,,,,,,,,,,,,,,,,,,,,,,,,,,,,,,,,,,,,,,,,,,,,,,,,,,,,,,,,,,,,,,,,,,,,,,,,,,,,,,,,,,,,,,,,,,,,,,,,,,,,,,,,,,,,,,,,,,,,,,,,,,,,,,,,,,,,,,,,,,,,,,,,,,,,,,,,,,,,,,,,,,,,,,,,,,,,,,,,,,,,,,,,,,,,,,,,,,,,,,,,,,,,,,,,,,,,,,,,,,,,,,,,,,,,,,,,,,,,,,,,,,,,,,,,,,,,,,,,,,,,,,,,,,,,,,,,,,,,,,,,,,,,,,,,,,,,,,,,,,,,,,,,,,,,,,,,,,,,,,,,,,,,,,,,,,,,,,,,,,,,,,,,,,,,,,,,,,,,,,,,,,,,,*/inkaːɡlˈaː/,,,,,,,,,,,,,,,,,,,,,,,,,,,,,,,,,,,,,,,,,,,,,,,,,,,,,,,,,,,,,,,,,,,,,,,,,,,,,,,,,,,,,,,,,,,,,,,,,,,,,,,,,,,,,,,,,,,,,,,,,,,,,,,,,,,,,,,,,,,,,,,,,,,,,,,,,,,,,,,,,,,,,,,,,,,,,,,,,,,,,,,,,,,,,,,,,,,,,,,,,,,,,,,
R78,,,,,,,,,,,,,,,,,,,,,,,,,,,,,,,,,,,,,,,,,,,,,,,,,,,,,,,,,,,,,,,,,,,,,,,,,,,,,,,,,,,,,,,,,,,,,,,,,,,,,,,,,,,,,,,,,,,,,,,,,,,,,,,,,,,,,,,,,,,,,,,,,,,,,,,,,,,,,,,,,,,,,,,,,,,,,,,,,,,,,,,,,,,,,,,,,,,,,,,,,,,,,,,,,,,,,,,,,,,,,,,,,,,,,,,,,,,,,,,,,,,,,,,,,,,,,,,,,,,,,,,,,,,,,,,,,,,,,,,,,,,,,,,,,,,,,,,,,,,,,,,,,,,,,,,,,,,,,,,,,,,,,,,,,,,,,,,,,,,,,,,,,,,,,,,,,,,,,,,,,,,,,,,,,,,,,,,,,,,,,,,,,,,,,,,,,,,,,,,,,,,,,,,,,,,,,,,,,,,,,,,,,,,,,,,,,,,,,,,,,,,,,,,,,,,,,,,,,,,,,,,,,,,,,,,,,,,,,,,,,,,,,,,,,,,,,,,,,,,,,,,,,,,,,,,,,,,,,,,,,,,,,,,,,,,,,,,,,,,,,,,,,,,,,,,,,,,,,,,,,,,,,,,,,,,,,,,,,,,,,,,,,,,,,,,,,,,,,,,,,,,,,,,,,,,,,,,,,,,,,,,,,,,,,,,,,,,,,,,,,,,,,,,,,,,,,,,,,,,,,,,,,,,,,,,,,,,,,,,,,,,,,,,,,,,,,,,,,,,,,,,,,,,,,,,,,,,,,,,,,,,,,,,,,,,,,,,,,,,,,,,,,,,,,,,,,,,,,,,,,,,,,,,,,,,,,,,,,,,,,,,,,,,,,,,,,,,,,,,,,,,,,,,,,,,,,,,,,,,,,,,,,,,,,,,,,,,,,,,,,,,,,,,,,,,,,,,,,,,,,,,,,,,,,,,,,,,,,*/klˈiku/,,,,,,,,,,,,,,,,,,,,,,,,,,,,,,,,,,,,,,,,,,,,,,,,,,,,,,,,,,,,,,,,,,,,,,,,,,,,,,,,,,,,,,,,,,,,,,,,,,,,,,,,,,,,,,,,,,,,,,,,,,,,,,,,,,,,,,,,,,,,,,,,,,,,,,,,,,,,,,,,,,,,,,,,,,,,,,,,,,,,,,,,,,,,,,,,,,,,,,,,,,,,,,,,,,,,,,*/eksklukˈaː/,,,,,,,,,,,,,,,,,,,,,,,,,,,,,,,,,,,,,,,,,,,,,,,,,,,,,,,,,,,,,,,,,,,,,,,,,,,,,,,,,,,,,,,,,,,,,,,,,,,,,,,,,,,,,,,,,,,,,,,,,,,,,,,,,,,,,*/klˈaːɡu/,,,,*/inklaːɡˈaː/,,,,,,,,,,,,,,,,,,,,,,,,,,,,,,,,,,,,,,,,,,,,,,,,,,,,,,,,,,,,,,,,,,,,,,,,,,,,,,,,,,,,,,,,,,,,,,,,,,,,,,,,,,,,,,,,,,,,,,,,,,,,,,,,,,,,,,,,,,,,,,,,,,,,,,,,,,,,,,,,,,,,,,,,,,,,,,,,,,,,,,,,,,,,,,,,,,,,,,,,,,,,,,,
R79,,,,,,,,,,,,,,,,,,,,,,,,,,,,,,,,,,,,,,,,,,,,,,,,,,,,,,,,,,,,,,,,,,,,,,,,,,,,,,,,,,,,,,,,,,,,,,,,,,,,,,,,,,,,,,,,,,,,,,,,,,,,,,,,,,,,,,,,,,,,,,,,,,,,,,,,,,,,,,,,,,,,,,,,,,,,,,,,,,,,,,,,,,,,,,,,,,,,,,,,,,,,,,,,,,,,,,,,,,,,,,,,,,,,,,,,,,,,,,,,,,,,,,,,,,,,,,,,,,,,,,,,,,,,,,,,,,,,,,,,,,,,,,,,,,,,,,,,,,,,,,,,,,,,,,,,,,,,,,,,,,,,,,,,,,,,,,,,,,,,,,,,,,,,,,,,,,,,,,,,,,,,,,,,,,,,,,,,,,,,,,,,,,,,,,,,,,,,,,,,,,,,,,,,,,,,,,,,,,,,,,,,,,,,,,,,,,,,,,,,*/klˈinɡa/,,,,,,,,,,,,,,,,,,,,,,,,,,,,,,,,,,,,,,,,,,,,,,,,,,,,,,,,,,,,,,,,,,,,,,,,,,,,,,,,,,,,,,,,,,,,,,,,,,,,,,,,,,,,,,,,,,,,,,,,,,,,,,,,,,,,,,,,,,,,,,,,,,,,,,,,,,,,,,,,,,,,,,,,,,,,,,,,,,,,,,,,,,,,,,,,,,,,,,,,,,,,,,,,,,,,,,,,,,,,,,,,,,,,,,,,,,,,,,,,,,,,,,,,,,,,,,,,,,,,,,,,,,,,,,,,,,,,,,,,,,,,,,,,,,,,,,,,,,,,,,,,,,,,,,,,,,,,,,,,,,,,,,,,,,,,,,,,,,,,,,,,,,,,,,,,,,,,,,,,,,,,,,,,,,,,,,,,,,,,,,,,,,,,,,,,,,,,,,,,,,,,,,,,,,,,,,,,,,,,,,,,,,,,,,,,,,,,,,,,,,,,,,,,,,,,,,,,,,,,,,,,,,,,,,,,,,,,,,,,,,,,,,,,,,,,,,,,,,,,,,,,,,,,,,,,,,,,,,,,,,,,,,,,,,,,,,,,,,,,,,,,,,,,,,,,,,,,,,,,,,,,,,,,,,,,,,,,,,,,,,,,,,,,,,,,,,,,,,,,,,,,,,,,,,,,,,,,,,,,,,,,,,,,,,,,,,,,,,,,,,,,,,,,,,,,,,,,,,,,,,,,,,,,,,,,,,,,,,,,,,,,,,,,,,,,,,,,,,,,,,,,,,,,,,,,,,,,,,,,,,,,,,,,,,,,,,,,,,,,,,,,,,,,,,,,,,,,,,,,,,,,,,,,,,,,,,,,,,,,,,,,,,,,,,,,,,,,,,,,,,,,,,,,,,,,,,,,,,,,,,,,,,,,,,,,,,,,,,,,,,,,,,,,,,,,,,,,,,,,,,,,,,,,,,,,,,,,,,,,,,,,,,,,,,,,,,,,,,,,,,,,,,,,,,,,,,,,,,,,,,,,,,,,,,,,,,,,,,,,,,,,,,,,,,,,,,,,,,,,,,,,,,,,,,,,,,,,,,,,,,,,,,,,,,,,,,,
R80,,,*/ˈa/,,,,,,,,,,,,,,,,,,,,,*/apˈos/,,,,,,,,,,,,,,,,,,,,,,,,,,,,,,,,,,,,,,,,,,,,,,,,,,,,,,,,,,,,,,,,,,,,,,,,,,,,,,,,,,,,,,,,,,,,,,*/akkuˈi/,*/akkuˈo/,,,,,,,,,,,,,,,,,,,,,,,,,,,,,,,,,,,,,,,,,,,,,,,,,,,,,,,,,,,,,,,,,,,,,,,,,,,,,,,,,,,,,,,,,,,,,,,,,,,,,,,,,,,,,,,,,,,,,,,,,,,,,,,,,,,,,,,,,,,,,,,,,,,,,,,,,,,,,,,,,,,,,,,,,,,,,,,,,,,,,,,,,,,,,,,,,,,,,,,,,,,,,,,*/pˈektina/,,,,,,,,,,,,,,,,,,,,,,,,,,,,,,,,,,,,,,,,,,,,,,,,,,,,,,,,,,,,,,,,,,,,,,,,,,,,,,,,,,,,,,,*/pˈerja/,,,,,,,,,,,,,,,,,,,,,,,,,,,,,,,,,,,,,,,,,,,,,,,,,,,,,,,,,,,,,,,,,,,,,,,,,,,,,,,,,,,,,,,,,,,,,,,,,,,,,,,,,,,,,,,,,,,,,,,,,,,,,,,,,,,,,,,,,,,,,,,,,,,,,,,,,,,,,,,,,,,,,,,,,,,,,,,,,,,,,,,,,,,,,,,,,,,,,,,,,,,,,,,,,,,,,,,,,,,,,,,,,,,,,,,,,,,,,,,,,,,,,,,,,,,,,,,,,,,,,,,,,,,,,,,,,,,,,,,,,,,,,,,,,,,,,,,,,,,,,,,,,,,,,,,,,,,,,,,,,,,,,,,,,,,,,,,,,,,,,,,,,,,,,,,,,,,,,,,,,,,,,,,,,,,,,,,,,,,,,,,,,,,,,,,,,,,,,,,,,,,,,,,,,,,,,,,,,,,,,,,,,,,,,,,,,,,,,,,,,,,,,,,,,,,,,,,,,,,,,,,,,,,,,,,,,,,,,,,,,,,,,,,,,,,,,,,,,,,,,,,,,,,,,,,,,,,,,,,,,,,,,,,,,,,*/lˈewa/,,,,,,,,,,,,,,,,,,,,,,,,,,,,,,,,,,,,,,,,,,,,,,,,,,,,,,,,,,,,,,,,,,,,,,,,,,,,,,,,*/dˈeːpos/,,,*/akkumillˈo/,,,*/illˈaː/,,,,*/inapˈos/,,,,*/lˈonɡuma/,,,,*/pˈos/,,,,,,,,,,,,,,,,*/aprˈopja/,,*/assˈedja/,,,,,,,,,,,,,,,,,*/sˈedeː/,,,,,,,,,,,,,,,,,,,,,,,,,,,,,,,,,,,,*/sˈiː/,,,,,,,,,,,,,,,,,,,,,,,,,,,,,,,,,,,,,,,,,,,,,,,,,,,,,,,,,,,,,,,,,,,,,,,,,,,,,,,,,,,,,,,,,,,,,,,,,,,,,,,,,,,,,,,,,,,,,,,,,,,,,,,,,,,,,,,,,,,,,,,,,,,,,,,,,,,,,,,,,,,,,,,,,,,,,,,,,,,,,,,,,,,,,,,,,,,,,,,,,,,,,,,*/abˈeːba/,,,,,,,,,,,,*/kˈapu/,*/tˈene/,*/wˈide/,*/rˈiːde/,*/dˈuː/,,,,,,,,,,,,,,*/frˈiːkse/,,,,,,,,,,,,,,,,,,,,,,,,,,,,,,,,,,,,,,,,,,,,,,,,,,,,,,,,,,,,*/erˈaːba/,,,,,,,,,,,,,*/portˈaːba/,,,,,,*/ekskˈawula/,*/ekskˈawrja/,,,,,
R81,,,,,,,,,,,,,,,,,,,,,,,,,,,,,,,,,,,,,,,,,,,,,,,,,,,,,,,,,,,,,,,,,,,,,,,,,,,,,,,,,,,,,,,,,,,,,,,,,,,,,,,,,,,,,,,,,,,,,,,,,,,,,,,,,,,,,,,,,,,,,,,,,,,,,,,,,,,,,,,,,,,,,,,,,,,,,,,,,,,,,,,,,,,,,,,,,,,,,,,,,,,,,,,,,,,,,,,,,,,,,,,,,,,,,,,,,,,,,,,,,,,,,,,,,,,,,,,,,,,,,,,,,,,,,,,,,,,,,,,,,,,,,,,,,,,,,,,,,,,,,,,,,,,,,,,,,,,,,,,,,,,,,,,,,,,,,,,,,,,,,,,,,,,,,,,,,,,,,,,,,,,,,,,,,,,,,,,,,,,,,,,,,,,,,,,,,,,,,,,,,,,,,,,,,,,,,,,,,,,,,,,,,,,,,,,,,,,,,,,,,,,,,,,,,,,,,,,,,,,,,,,,,,,,,,,,,,,,,,,,,,,,,,,,,,*/kˈulme/,,,,,,,,,,,,,,,,,,,,,,,,,,,,,,,,,,,,,,,,,,,,,*/wˈiduw/,,,,,,,,,,*/lˈuːme/,,,,,,,,,,,,,,,,,,,,,,,,,,,,,,,,,,,,,,,,,,,,,,,,,,,,,,,,,,,,,,,,,,,,,,,,,,,,,,,*/tˈerme/,,,,,,,,,,,,,,,,,,,,,,,,,,,,,,,,,,,,,,,,,,,,,,,,,,,,,,,,,,,,,,,,,,,,,,,,,,,,,,,,,,,,,,,,,,,,,,,,,,,,,,,,,,,,,,,,,,,,,,,,,,,,,,,,,,,,,,,,,,,,,,,,,,,,,,,,,,,,,,,,,,,,,,,,,,,,,,,,,,,,,,,,,,,,,,,,,,,,,,,,,,,,,,,,,,,,,*/eksˈaːme/,,,,,,,,,,,,,,,,,,,,,,,,,,,,,,,,,,,,,,,,,,,,,,,,,,,,,,,,,,,,,,,,,,,,,,,,,,,,,,,,,,,,,,,,,,,,,,,,,,,,,,,,,,,,,,,,,,,,,,,,,,,,,,,,,,,,,,,,,,,,,,,,,,,,,,,,,,,,,,,,,,,,,,,,,,,,,,,,,,,,,,,,,,,,,,,,,,,,,,,,,,,,,,,,,,,,,,,,,,,,,,,,,,,,,,,,,,,,,,,,,,,,,,,,,,,,,,,,,,,,,,,,,,,,*/kˈu/,,,,,*/kˈa/,,,,,,,,,,,,,,,,,,,,,,,,,,,,,,,,,,,,,,,,,,,,,,,,,,,,,,,,,,,,,,,,,,,,,,,,,,,,,,,,,,,,,,,,,,,,,,,,,,,,,,,,,,,,,,,,,,,,,,,,,,,,,,,,,,,,,,,,,,,,,,,,,,,,,,,,,,,,,,,,,,,,,,,,,,,,,,,,,,,,,,,,,,,,,,,,,,,,,,,,,,,,*/nˈoːme/,,,,,,,,,,,,,,,,,,,,,,,*/sˈanɡwe/,*/nˈoː/,,,,,,,,,,,,,,,,,,,,,,,,,,,,,,,,,,,,,,,,,,,,,,,,,,,,,,,,,,,,,,,,,,,,,,,,,,,,,,,,,,,,,,,,,,,,,,,,,
R82,,,,,,,,,,,,,,,,,,,,,,,,,,,,,,,,,,,,,,,,,,,,,,,,,,,,,,,,,,,,,,,,,,,,,,,,,,,,,,,,,,,,,,,,,,,,,,,,,,,,,,,,,,,,,,,,,,,,,,,,,,,,,,,,,,,,,,,,,,,,,,,,,,,,,,,,,,,,,,,,,,,,,,,,,,,,,,,,,,,,,,,,,,,,,,,,,,,,,,,,,,,,,,,,,,,,,,,,,,,,,,,,,,,,,,,,,,,,,,,,,,,,,,,,,,,,,,,,,,,,,,,,,,,,,,,,,,,,,,,,,,,,,,,,,,,,,,,,,,,,,,,,,,,,,,,,,,,,,,,,,,,,,,,,,,,,,,,,,,,,,,,,,,,,,,,,,,,,,,,,,,,,,,,,,,,,,,,,,,,,,,,,,,,,,,,,,,,,,,,,,,,,,,,,,,,,,,,,,,,,,,,,,,,,,,,,,,,,,,,,,,,,,,,,,,,,,,,,,,,,,,,,,,,,,,,,*/sˈaːle/,,,,,,,,,,,,,,,,,,,,,,,,,,,,,,,,,,,,,,,,,,,,,,,,,,,,,,,,,,,,,,,,,,,,,,,,,,,,,,,,,,,,,,,,,,,,,,,,,,,,,,,,,,,,,,,,,,,,,,,,,,,,,,,,,,,,,,,,,,,,,,,,,,,,,,,,,*/tˈermule/,*/tˈurbule/,,,,,,,,,,,,,,,,,,,,,,,,,,,,,,,,,,,,,,,,,,,,,,,,,,,,,,,,,,,,,,,,,,,,,,,,,,,,,,,,,,,,,,,,,,,,,,,,,,,,,,,,,,,,,,,,,,,,,,,,,,,,,,,,,,,,,,,,,,,,,,,,,,,,,,,,,,,,,,,,,,,,,,,,,,,,,,,,,,,,,,,,,,,,,,,,,*/flˈuktule/,,,,,,,,,,,,,,,,,,,,,,,,,,,,,,,,,,,,,,,,,,,,,,,,,,,,,,,,,,,,,,,,,,,,,,,,,,,,,,,,,,,,,,,,,,,,,,,,,,,,,,,,,,,,,,,,,,,,,,,,,,,,,,,,,,,,,,,,,,,,,,,,,,,,,,,,,,,,,,,,,,,,,,,,,,,,,,,,,,,,,,,,,,,,,,,,,,,,,,,,,,,,,,,,,,,,,,,,,,,,,,,,,,,,,,,,,,,,,,,,,,,,,,,,,,,,,,,,,,,,,,,,,,,,,,,,,,,,,,,,,,,,,,,,,,,,,,,,,,,,,,,,,,,,,,,,,,,,,,,,,,,,,,,,,,,,,,,,,,,,,,,,,,,,,,,,,,,,,,,,,,,,,,,,,,,,,,,,,,,,,,,,,,,,,,,,,,,,,,,,,,,,,,,,,,,,,,,,,,,,,,,,,,,,,,,,,,,,,,,,,,,,,,,,,,,,,,,,,,,,,,,,,,,,,,,,,,,,,,,,,,,,,,,,,,,,,,,,,,,,,,,,,,,,,,,,,,,,,,,,*/mˈele/,*/fˈele/,,,,,,,,,,,,,,,,,,,,,,,,,,,,,,,,,,,,,,,,,,,,,,,,,,,,,,,,,,,,,,,,,,,,,,,,,,,,,,,,,,,,,,,,,,,,,,,
R83,,,,,,,,,,,,,,,,,,,,,,,,,,,,,,,,,,,,,,,,,,,,,,,,,,,,,,,,,,,,,,,,,,,,,,,,,*/arˈaːt/,,,,,,,,,,,,,,,,,,,,,,,,,,,,,,,,,,,,,,,,,,,,,,,,,,,,,,,,,,,,,,,,,,,,,,,,,,,,,,,,,,,,,,,,,,,,,,,,,,,,,,,,,,,,,,,,,,,,,,,,,,,,,,,,,,,,,,,,,,,,,,,,,,,,,,,,,,,,,,,,,,,,,,,,,,,,,,,,,,,,,,,,,,,,,,,,,,,,,,,,,,,,,,,,,,,,,,,,,,,,,,,,,,,,,,,,,,,,,,,,,,,,,,,,,,,,,,,,,,,,,,,,,,,,,,,,,,,,,,,,,,,,,,,,,,,,,,,,,,,,,,,,,,,,,,,,,,,,,,,,,,,,,,,,,,,,,,,,,,,,,,,,,,,,,,,,,,,,,,,,,,,,,,,,,,,,,,,,,,,,,,,,,,,,,,,,,,,,,,,,,,,,,,,,,,,,,,,,,,,,,,,,,,,,,,,,,,,,,,,,,,,,,,,,,,,,,,,,,,,,,,,,,,,,,,,,,,,,,,,,,,,,,,,,,,,,,,,,,,,,,,,,,,,,,,,,,,,,,,,,,,,,,,,,,,,,,,,,,,,,,,,,,,,,,,,,,,,,,,,,,,,,,,,,,,,,,,,,,,,,,,,,,,,,,,,,,,,,,,,,,,,,,,,,,,,,,,,,,,,,,,,,,,,,,,,,,,,,,,,,,,,,,,,,,,,,,,,,,,,,,,,,,,,,,,,,,,,,,,,,,,,,,,,,,,,,,,,,,,,,,,,,,,,,,,,,,,,,,,,,,,,,,,,,,,,,,,,,,,,,,,,,,,,,,,,,,,,,,,,,,,,,,,,,,,,,,,,,,,,,,,,,,,,,,,,,,,,,,,,,,,,,,,,,,,,,,,,,,,,,,,,,,,,,,,,,,,,,,,,,,,,,,,,,,,,,,,,,,,,,,,,,,,,,,,,,,,,,,,,,,,,,,,,,,,,,,,,,,,,,,,,,,,,,,,,,,,,,,,,,,,,,,,,,,,,,,,,,,,,,,,,,,,,,,,,,,,,,,,,,,,,*/indˈeret/,,,,,,,,,,,,,,,,,,,,,,,,,,,,,,,,,,,,,,,,,,,,,,,,,,,,,,,,,,,,,,,,,,,,,,,,,,,,,,,,,,,,,,,,,,,,,,,,,,,,,,,,,,,,,,,,,,,,,,,,,,,,,,,,,,,,,,,,,,,,,,,,,,,,,,,,,,,,,,,,,,,,,,,,,,,,,,,,,,,,,,,,,,,,,,,,,,,,,,,,,,,,,,,,,,,,,,,,,,,,,,,,,,,,,,,,,,,,,,,,,,,,,,,,,,,,,,,,,,,,,,,,,,,,,,,,,,,,,,,,,,,,,,,,,,,,,,,,,,,,,,,,,,,,,,,,,,,,,,,,,,,,,,,,,,,,,,,,,,,,,,,,,,,,,,,,,,,,,,,,,,,,,,,,,,,,,,,,,,,,,,,,,,,,,,,,,,,,,,,
R84,,,,,,,,,,,,,,,,,,,,,,,,,,,,,,,,,,,,,,,,,,,,,,,,,,,,,,,,,,,,,,,,,,,,,,,,,,,,,,,,,,,,,,,,,,,,,,,,,,,,,,,,,,,,,,,,,,,,,,,,,,,,,,,,,,,,,,,,,,,,,,,,,,,,,,,,,,,,,,,,,,,,,,,,,,,,,,,,,,,,,,,,,,,,,,,,,,,,,,,,,,,,,,,,,,,,,,,,,,,,,,,,,,,,,,,,,,,,,,,,,,,,,,,,,,,,,,,,,,,,,,,,,,,,,,,,,,,,,,,,,,,,,,,,,,,,,,,,,,,,,,,,,,,,,,,,,,,,,,,,,,,,,,,,,,,,,,,,,,,,,,,,,,,,,,,,,,,,,,,,,,,,,,,,,,,,,,,,,,,,,,,,,,,,,,,,,,,,,,,,,,,,,,,,,,,,,,,,,,,,,,,,,,,,,,,,,,,,,,,,,,,,,,,,,,,,,,,,,,,,,,,,,,,,,,,,,,,,,,,,,,,,,,,,,,,,,,,,,,,,,,,,,,,,,,,,,,,,,,,,,,,,,,,,,,,,,,,,,,,,,,,,,,,,,,,,,,,,,,,,,,,,,,,,,,,,,,,,,,,,,,,,,,,,,,,,,,,,,,,,,,,,,,,,,,,,,,,,,,,,,,,,,,,,,,,,,,,,,,,,,,,,,,,,,,,,,,,,,,,,,,,,,,,,,,,,,,,,,,,,,,,,,,,,,,,,,,,,,,,,,,,,,,,,,,,,,,,,,,,,,,,,,,,,,,,,,,,,,,,,,,,,,,,,,,,,,,,,,,,,,,,,,,,,,,,,,,,,,,,,,,,,,,,,,,,,,,,,,,,,,,,,,,,,,,,,,,,,,,,,,,,,,,,,,,,,,,,,,,,,,,,,,,,,,,,,,,,,,,,,,,,,,,,,,,,,,,,,,,,,,,,,,,,,,,,,,,,,,,,,,,,,,,,,,,,,,,,,,,,,,,,,,,,,,,,,,,,,,,,,,,,,,,,,,,,,,,,,,,,,,,,,,,,,,,,,,,,,,,,,,,,,,,,,,,,,,,,,,,,,,,,,,,,,,,,,,,,,,,,,,,,,,,,,,,,,,,,,,,,,*/prˈintre/,,,,,*/sprˈe/,,,,,,,,,,,,,,,,,,,,,,,,,,,,,,,,,,,,,,,,,,,,,,,,,,,,,,,,,,,,,,,,,,,,,,,,,,,,,,,,,,,,,,,,,,,,,,,,,,,,,,,,,,,,,,,,,,,,,,,,,,,,,,,,,,,,,,,,,,,,,,,,,,,,,,,,,,,,,,,,,,,,,,,,,,,,,,,,,,,,,,,,,,,,,,,,,,,,,,,,,,,,,,,,,,,,,,,,,,,,,,,,,,,,,,,,,,,,,,,,,,,,,,,,,,,,,,,,,,,,,,,,,,,,,,,,,,,,,,,,,,,,,,,,,,,,,,,,*/ˈintre/,,,,,,,,,,,,,,,,,,,,,,,,,,,,,,,,,,,,,,,,,,,,,,,,,,,,,,,,,,,,,,,,,,,,,,,,,,,,,,,,,,,,,,,,,,,,,,
R85,,,,,,,,,,,,,,,,,,,,,,,,,,,,,,,,,,,,,,,,,,,,,,,,,,,,,,,,,,,,,,,,,,,,,,,,,,,,,,,,,,,,,,,,,,,,,,,,,,,,,,,,,,,,,,,,,,,,,,,,,,,,,,,,,,,,,,,,,,,,,,,,,,,,,,,,,,,,,,,,,,,,,,,,,,,,,,,,,,,,,,,,,,,,,,,,,,,,,,,,,,,,,,,,,,,,,,,,,,,,,,,,,,,,,,,,,,,,,,,,,,,,,,,,,,,,,,,,,,,,,,,,,,,,,,,,,,,,,,,,,,,,,,,,,,,,,,,,,,,,,,,,,,,,,,,,,,,,,,,,,,,,,,,,,,,,,,,,,,,,,,,,,,,,,,,,,,,,,,,,,,,,,,,,,,,,,,,,,,,,,,,,,,,,,,,,,,,,,,,,,,,,,,,,,,,,,,,,,,,,,,,,,,,,,,,,,,,,,,,,,,,,,,,,,,,,,,,,,,,,,,,,,,,,,,,,,,,,,,,,,,,,,,,,,,,,,,,,,,,,,,,,,,,,,,,,,,,,,,,,,,,,,,,,,,,,,,,,,,,,,,,,,,,,,,,,,,,,,,,,,,,,,,,,,,,,,,,,,,,,,,,,,,,,,,,,,,,,,,,,,,,,,,,,,,,,,,,,,,,,,,,,,,,,,,,,,,,,,,,,,,,,,,,,,,,,,,,,,,,,,,,,,,,,,,,,,,,,,,,,,,,,,,,,,,,,,,,,,,,,,,,,,,,,,,,,,,,,,,,,,,,,,,,,,,,,,,,,,,,,,,,,,,,,,,,,,,,,,,,,,,,,,,,,,,,,,,,,,,,,,,,,,,,,,,,,,,,,,,,,,,,,,,,,,,,,,,,,,,,,,,,,,,,,,,,,,,,,,,,,,,,,,,,,,,,,,,,,,,,,,,,,,,,,,*/kwˈattrwo/,,,,,,,,,,,,,,,,,,,,,,,,,,,,,,,,,,,,,,,,,,,,,,,,,,,,,,,,,,,,,,,,,,,,,,,,,,,,,,,,,,,,,,,,,,,,,,,,,,,,,,,,,,,,,,,,,,,,,,,,,,,,,,,,,,,,,,,,,,,,,,,,,,,,,,,,,,,,,,,,,,,,,,,,,,,,,,,,,,,,,,,,,,,,,,,,,,,,,,,,,,,,,,,,,,,,,,,,,,,,,,,,,,,,,,,,,,,,,,,,,,,,,,,,,,,,,,,,,,,,,,,,,,,,,,,,,,,,,,,,,,,,,,,,,,,,,,,,,,,,,,,,,,,,,,,,,,,,,,,,,,,,,,,,,,,,,,,,,,,,,,,,,,,,,,,,,,,,,,,,,,,,,,,,,,,,,,,,,,,,,,,,,,,,,,,,,,,,,,,,,,,,,,,,,,,,,,,,,,,,,,,,,,,,,,,,,,,,,,,,,,,,,,,,,,,,,,,,,,,,,,,,,,,,,,,,,,,,,,,,,,,,,,,,,,,,,,,,,,,,,,,,,,,,,,,,,,,,,,,,,,,,,,,,,,,,,,,,,,,,,,,,,,,,,,,,,,,,,,,,,,,,,,
R86,,,,,,,,,,,,,,,,,,,,,,,,,,,,,,,,,,,,,,,,,,,,,,,,,,,,,,,,,,,,,,,,,,,,,,,,,,,,,,,,,,,,,,,,,,,,,,,,,,,,,,,,,,,,,,,,,,,,,,,,,,,,,,,,,,,,,,,,,,,,,,,,,,,,,,,,,,,,,,,,,,,,,,,,,,,,,,,,,,,,,,,,,,,,,,,,,,,,,,,,,,,,,,,,,,,,,,,,,,,,,,,,,,,,,,,,,,,,,,,,,,,,,,,,,,,,,,,,,,,,,,,,,,,,,,,,,,,,,,,,,,,,,,,,,,,,,,,,,,,,,,,,,,,,,,,,,,,,,,,,,,,,,,,,,,,,,,,,,,,,,,,,,,,,,,,,,,,,,,,,,,,,,,,,,,,,,,,,,,,,,,,,,,,,,,,,,,,,,,,,,,,,,,,,,,,,,,,,,,,,,,,,,,,,,,,,,,,,,,,,,,,,,,,,,,,,,,,,,,,,,,,,,,,,,,,,,,,,,,,,,,,,,,,,,,,,,,,,,,,,,,,,,,,,,,,*/frˈaːte/,,,,,,*/sˈoro/,,,,,,,,,,,,,,,,,,,,,,,,,,,,,,,,,,,,,,,,,,,,,,,,,,,,,,,,,,,,,,,,,,,,,,,,,,,,,,,,,,,,,,,,,,,,,,,,,,,,,,,,,,,,,,,,,,,,,,,,,,,,,,,,,,,,,,,,,,,,,,,,,,,,,,,,,,,,,,,,,,,,,,,,,,,,,,,,,,,,,,,,,,,,,,,,,,,,,,,,,,,,,,,,,,,,,,,,,,,,,,,,,,,,,,,,,,,,,,,,,,,,,,,,,,,,,,,,,,,,,,,,,,,,,,,,,,,,,,,,,,,,,,,,,,,,,,,,,,,,,,,,,,,,,,,,,,,,,,,,,,,,,,,,,,,,,,,,,,,,,,,,,,,,,,,,,,,,,,,,,,,,,,,,,,,,,,,,,,,,,,,,,,,,,,,,,,,,,,,,,,,,,,,,,,,,,,,,,,,,,,,,,,,,,,,,,,,,,,,,,,,,,,,,,,,,,,,,,,,,,,,,,,,,,,,,,,,,,,,,,,,,,,,,,,,,,,,,,,,,,,,,,,,,,,,,,,,,,,,,,,,,,,,,,,,,,,,,,,,,,,,,,,,,,,,,,,,,,,,,,,,,,,,,,,,,,,,,,,,,,,,,,,,,,,,,,,,,,,,,,,,,,,,,,,,,,,,,,,,,,,,,,,,,,,,,,,,,,,,,,,,,,,,,,,,,,,,,,,,,,,,,,,,,,,,,,,,,,,,,,,,,,,,,,,,,,,,,,,,,,,,,,,,,,,,,,,,,,,,,,,,,,,,,,,,,,,,,,,,,,,,,,,,,,,,,,,,,,,,,,,,,,,,,,,,,,,,,,,,,,,,,,,,,,,,,,,,,,,,,,,,,,,,,,,,,,,,,,,,,,,,,,,,,,,,,,,,,,,,,,,,,,,,,,,,,,,,,,,,,,,,,,,,,,,,,,,,,,,,,,,,,,,,,,,,,,,,,,,,,,,,,,,,,,,,,,,,,,,
R87,,,,,,,,,,,,,,,,,,,,,,,,,,,,,,,,,,,,,,,,,,,,,,,,,,,,,,,,,,,,,,,,,,,,,,,,,,,,,,,,,,,,,,,,,,,,,,,,,,,,,,,,,,,,,,,,,,,,,,,,,,,,,,,,,,,,,,,,,,,,,,,,,,,,,,,,,,,,,,,,,,,,,,,,,,,,,,,,,,,,,,,,,,,,,,,,,,,,,,,,,,,,,,,,,,,,,,,,,,,,,,,,,,,,,,,,,,,,,,,,,,,,,,,,,,,,,,,,,,,,,,,,,,,,,,,,,,,,,,,,,,,,,,,,,,,,,,,,,,,,,,,,,,,,,,,,,,,,,,,,,,,,,,,,,,,,,,,,,,,,,,,,,,,,,,,,,,,,,,,,,,,,,,,,,,,,,,,,,,,,,,,,,,,,,,,,,,,,,,,,,,,,,,,,,,,,,,,,,,,,,,,,,,,,,,,,,,,,,,,,,,,,,,,,,,,,,,,,,,,,,,,,,,,,,,,,,,,,,,,,,,,,,,,,,,,,,,,,,,,,,,,,,,,,,,,,,,,,,,,,,,,,,,,,,,,,,,,,,,,,,,,,,,,,,,,,,,,,,,,,,,,,,,,,,,,,,,,,,,,,,,,,,,,,,,,,,,,,,,,,,,,,,,,,,,,,,,,,,,,,,,,,,,,,,,,,,,,,,,,,,,,,,,,,,,,,,,,,,,,,,,,,,,,,,,,,,,,,,,,,,,,,,,,,,,,,,,,,,,,,,,,,,,,,,,,,,,,,,,,,,,,,,,,,,,,,,,,,,,,,,,,,,,,,,,,,,,,,,,,,,,,,,,,,,,,,,,,,,,,,,,,,,,,,,,,,,,,,,,,,,,,,,,,,,,,,,,,,,,,,,,,,,,,,,,,,,,,,,,,,,,,,,,,,,,,,,,,,,,,,,,,,,,,,,,,,,,,,,,,,,,,,,,,,,,,,,,,,,,,,,,,,,,,,,,,,,,,,,,,,,,,,,,,,,,,,,,,,,,,,,,,,,,,,,,,,,,,,,,,,,,,,,,,,,,,,,,,,,,,,,,,,,,,,,,,,,,,,,,,,,,,,,,,,,,,,,,,,,,,,,,,,,,,,,,,,,,,,,,,,,,,,,,,,,,,,,,,,,,,,,,,,,,,,,,,,,,,,,,,,,,,,,,,,,,,,,,,,,,,,,,,,,,,,,,,,,,,,,,,,,,,,,,,,,,,,,,,,,,,,,,,,,,,,,,,,,,,,,,,,,,,,,,,,,,,,,,,,,,,,,,,,,,,,,,,,,,,,,,,,,,,,,,,,,,,,,,,,,,,,,,,,,,,,,,,,,,,,,,,,,,,,,,,,,,,,,,,,,,,,,,,,,,,,,,,,,,,,,,,,,,,,,,,,,,,,,,,,,,,,,,,,,,,,,,,,,,,,,,,,,,,,,,,,,,,,,,,,,,,,,,*/pˈe/,,,,,,,,,,,,,,,,,,,,,,,,,,,,,,,,,,,,,,,,,,,,,,,,,,,,,,,,,,,,,,,,,,,,,,,,,,,,,,,,,,,,,,,,,,,,,
R88,,,,,,,,,,,,,,,,,,,,,,,,,,,,,,,,,,,,,,,,,,,,,,,,,,,,,,,,,,,,,,,,,,,,,,,*/araːtˈoːr/,,,,,,,,,,,,,,,,,,,,,,,,,,,,,,,,,,,,,,,,,,,,,,,,,,,,,,,,,,,,,,,,,,,,,,,,,,,,,,,,,,,,,,,,,,,,,,,,,,,,,,,,,,,,,,,,,,,,,,,,,,,,,,,,,,,,,,,,,,,,,,,,,,,,,,,,,,,,,,,,,,,,,,,,,,,,,,,,,,,,,,,,,,,,,,,,,,,,,,,,,,,,,,,,,,,,,,,,,,,,,,,,,,,,,,,,,,,,,,,,,,,,,,,,,,,,,,,,,,,,,,,,,,,,,,,,,,,,,,,,,,,,,,,,,,,,,,,,,,,,,,,,,,,,,,,,,,,,,,,,,,,,,,,,,,,,,,,,,,,,,,,,,,,,,,,,,,,,,,,,,,,,,,,,,,,,,,,,,,,,,,,,,,,,,,,,,,,,,,,,,,,,,,,,,,,,,,,,,,,,,,,,,,,,,,,,,,,,,,,,,,,,,,,,,,,,,,,,,,,,,,,,,,,,,,,,,,,,,,,,,,,,,,,,,,,,,,,,,,,,,,,,,,,,,,,,,,,,,,,,,,,,,,,,,,,,,,,,,,,,,,,,,,,,,,,,,,,,,,,,,,,,,,,,,,,,,,,,,,,,,,,,,,,,,,,,,,,,,,,,,,,,,,,,,,,,,,,,,,,,,,,,,,,,,,,,,,,,,,,,,,,,,,,,,,,,,,,,,,,,,,,,,,,,,,,,,,,,,,,,,,,,,,,,,,,,,,,,,,,,,,,,,,,,,,,,,,,,,,,,,,,,,,,,,,,,,,,,,,,,,,,,,,,,,,,,,,,,,,,,,,,,,,,,,,,,,,,,,,,,,,,,,,,,,,,,,,,,,,,,,,,,,,,,,,,,,,,,,,,,,,,,,,,,,,,,,,,,,,,,,,,,,,,,,,,,,,,,,,,,,,,,,,,,,,,,,,*/neɡoːtjaːtˈoːr/,,,,,,,,,,,,,,,,,,,,,,,,,,,,,,,,,,,,,,,,,,,,,,,,,,,,,,,,,,,,,,,,,,,,,,,,,,,,,,,,,,,,,,,,,,,,,,,,,,,,,,,,,,,,,,,,,,,,,,,,,,,,,,,,,,,,,,,,,,,,,,,,,,,,,,,,,,,,,,,,,,,,,,,,,,,,,,,,,,,,,,,,,,,,,,,,,,,,,,,,,,,,,,,,,,,,,,,,,,,,,,,,,,,,,,,,,,,,,,,,,,,,,,,,,,,,,,,,,,,,,,,,,,,,,,,,,,*/pastˈoːr/,,,,,,,,,,,,,,,,,*/weːnaːtˈoːr/,,,,,,,,,,,,,,,,,,,,,,,,,,,,,,,,,,,,,,,,,,,,,,,,,,,,,,,,,,,,,,,,,,,,,,,,,,,,,,,,,,,,,,,,,,,,,,,,,,,,,,,,,,,,,,,,,,,,,,,,,,,,,,,,,,,,,,,,,,,,,,,,,,,,,,,,,,,,,,,,,,,,,,,,,,,,,,,,,,,,,,,,,,,,,,,,,,,,,,,
R89,,,,,,,,,,,,,,,,,,,,,,,,,,,,,,,,,,,,,,,,,,,,,,,,,,,,,,,,,,,,,,,,,,,,,,,,,,,,,,,,,,,,*/boptidjˈoːne/,*/boptidjˈaː/,,,,,,,,,,,,,,,,,,,,,,,,,,,,,,,,,,,,,,,,,,,,,,,,,,,,,,,,,,,,,,,,,,,,,,,,,,,,,,,,,,,,,,,,,,,,,,,,,,,,,,,,,,,,,,,,,,,,,,,,,,,,,,,,,,,,,,,,,,,,,,,,,,,,,,,,,,,,,,,,,,,,,,,,,,,,,,,,,,,,,,,,,,,,,,,,,,,,,,,,,,,,,,,,,,,,,,,,,,,,,,,,,,,,,,,,,,,,,,,,,,,,,,,,,,,,,,,,,,,,,,,,,,,,,,,,,,,,,,,,,,,,,,,,,,,,,,,,,,,,,,,,,,,,,,,,,,,,,,,,,,,,,,,,,,,,,,,,,,,,,,,,,,,,,,,,,,,,,,,,,,,,,,,,,,,,,,,,,,,,,,,,,,,,,,,,,,,,,,,,,,,,,,,,,,,,,,,,,,,,,,,,,,,,*/mˈomma/,,,,,,,,,,,,,,,,,,,,,,,,,,,,,,,,,,,,,,,,,,,,,,,,,,,,,,,,,,,,,,,,,,,,,,,,,,,,,,,,,,,,,,,,,,,,,,,,,,,,,,,,,,,,,,,,,,,,,,,,,,,,,,,,,,,,,,,,,,,,,,,,,,,,,,,,,,,,,,,,,,,,,,,,,,,,,,,,,,,,,,,,,,,,,,,,,,,,,,,,,,,,,,,,,,,,,,,,,,,,,,,,,,,,,,,,,,,,,,,,,,,,,,,,,,,,,,,,,,,,,,,,,,,,,,,,,,,,,,,,,,,,,,,,,,,,,,,,,,,,,,,,,,,,,,,,,,,,,,,,,,,,,,,,,,,,,,,,,,,,,,,,,,,,,,,,,,,,,,,,,,,,,,,,,,,,,,,,,,,,,,,,,,,,,,,,,,,,,,,,,,,,,,,,,,,,,,,,,,,,,,,,,,,,,,,,,,,,,,,,,,,,,,,,,,,,,,,,,,,,,,,,,,,,,,,,,,,,,,,,,,,,,,,,,,,,,,,,,,,,,,,,,,,,,,,,,,,,,,,,,,,,,,,,,,,,,,,,,,,,,,,,,,,,,,,,,,,,,,,,,,,,,,,,,,,,,,,,,,,,,,,,,,,,,,,,,,,,,,,,,,,,,,,,,,,,,,,,,,,,,,,,,,,,,,,,,,,,,,,,,,,,,,,,,,,,,,,,,,,,,,,,,,,,,,,,,,,,,,,,,,,,,,,,,,,,,,,,,,,,,,,,,,,,,,,,,,,,,,,,,,,,,,,,,,,,,,,,,,,,,,,,,,,,,,,,,,,,,,,,,,,,,,,,,,,,,,,,,,,,,,,,,,,,,,,,,,,,,,,,,,,,,,,,,,,,,,,,,,,,,,,,,,,,,,,,,,,,,,,,,,,,,,,,,,,,,,,,,,,,,,,,,,,,,,,,,,,,,,,,,,,,,,,,,,,,,,,,,,,,,,,,,,,,,,,,,,,,,,,,,,
R90,,,,,,,,,,,,,,,,,,,,,,,,,,,,,,,,,,,,,,,,,,,,,,,,,,,,,,,,,,,,,,,,,,,,,,,,,,,,,,,,,,,,,,,,,,,,,,,,,,,,,,,,,,,,,,,,,,,,,,,,,,,,,,,,,,,,,,,,,,,,,,,,,,,,,,,,,,,,,,,,,,,,,,,,,,,,,,,,,,,,,,,,,,,,,,,,,,,,,,,,,,,,,,,,,,,,,,,,,,,,,,,,,,,,,,,,,,,,,,,,,,,,,,,,,,,,,,,,,,,,,,,,,,,,,,,,,,,,,,,,,,,*/fˈome/,,,,,,,,,,,,,,,,,,,,,,,,,,,,,,,,,,,,,,,,,,,,,,,,,,,,,,,,,,,,,,,,,,,,,,,,,,,,,,,,,,,,,,,,,,,,,,,,,,,,,,,,,,,,,,,,,,,,,,,,,,,,,,,,,,,,,,,,,,,,,,,,,,,,,,,,,,,,,,,,,,,,,,,,,,,,,,,,,,,,,,,,,,,,,,,,,,,,,,,,,,,,,,,,,,,,,,,,,,,,,,,,,,,,,,,,,,,,,,,,,,,,,,,,,,,,,,,,,,,,,,,,,,,,,,,,,,,,,,,,,,,,,,,,,,,,,,,,,,,,,,,,,,,,,,,,,,,,,,,,,,,,,,,,,,,,,,,,,,,,,,,,,,,,,,,,,,,,,,,,,,,,,,,,,,,,,,,,,,,,,,,,,,,,,,,,,,,,,,,,,,,,,,,,,,,,,,,,,,,,,,,,,,,,,,,,,,,,,,,,,,,,,,,,,,,,,,,,,,,,,,,,,,,,,,,,,,,,,,,,,,,,,,,,,,,,,,,,,,,,,,,,,,,,,,,,,,,,,,,,,,,,,,,,,,,,,,,,,,,,,,,,,,,,,,,,,,,,,,,,,,,,,,,,,,,,,,,,,,,,,,,,,,,,,,,,,,,,,,,,,,,,,,,,,,,,,,,,,,,,,,,,,,,,,,,,,,,,,,,,,,,,,,,,,,,,,,,,,,,,,,,,,,,,,,,,,,,,,,,,,,,,,,,,,,,,,,,,,,,,,,,,,,,,,,,,,,,,,,,,,,,,,,,,,,,,,,,,,,,,,,,,,,,,,,,,,,,,,,,,,,,,,,,,,,,,,,,,,,,,,,,,,,,,,,,,,,,,,,,,,,,,,,,,,,,,,,,,,,,,,,,,,,,,,,,,,,,,,,,,,,,,,,,,,,,,,,,,,,,,,,,,,,,,,,,,,,,,,,,,,,,,,,,,,,,,,,,,,,,,,,,,,,,,,,,,,,,,,,,,,,,,,,,,,,,,,,,,,,,,,,,,,,,,,,,,,,,,,,,,,,,,,,,,,,,,,,,,,,,,,,,,,,,,,,,,,,,,,,,,,,,,,,,,,,,,,,,,,,,,,,,,,,,,,,,,,,,,,,,,,,,,,,,,,,,,,,,,,,,,,,,,,,,,,,,,,,,,,,,,,,,,,,,,,,,,,,,,,,,,,,,,,,,,,,,,,,,,,,,,,,,,,,,,,,,,,,,,,,,,,,,,,,,,,,,,
R91,,,,,,,,,,,,,,,,,,,,,,,,,,,,,,,,,,,,,,,,,,*/akkatjˈaː/,,,,,,,,,,,,,,,,,,,,,,,,,,,,,,,,,,,,,,,,,,*/botidjˈoːne/,*/botidjˈaː/,,,,,,,,,,,,,,,,,,,,,,,,,,,,,,,,,,,,,,,,,,,,,,,,,,,,,,,,,,,,,,,,,,,,,,,,,,,,,,,,,,,,,,,,,,,,,,,,,,,,,,,,,,,,,,,,,,,,,,,,,,,,,,,,,,,,,,,,,,,,,,,,,,,,,,,,,,,,,,,,,,,,,,,,,,,,,,,,,,,,,,,,,,,,,,,,,,,,,,,,,,,,,,,,,,,,,,,,,,,,,,,,,,,,,,,,,,,,,,,,,,,,,,,,,,,,,,,,,,,,,,,,,,,,,,,,,,,,,,,,,,,,,,,,,,*/katˈaː/,,,,,,,,,,,,,,,,,,,,,,,,,,,,,,,,,,,,,,,,,,,,,,,,,,,,,,,,,,,,,,,,,,,,,,,,,,,,,,,,,,,,,,,,,,,,,,,,,,,,,,,,,,,,,,,,,,,,,,,,,,,,,,,,,,,,,,,,,,,,,,,,,,,,,,,,,,,,,,,,,,,,,,,,,,,,,,,,,,,,,,,,,,,,,,,,,,,,,,,,,,,,,,,,,,,,,,,,,,,,,,,,,,,,,,,,,,,,,,,,,,,,,,,,,,,,,,,,,,,,,,,,,,,,,,,,,,,,,,,,,,,,,,,,,,,,,,,,,,,,,,,,,,,,,,,,,,,,,,,,,,,,,,,,,,,,,,,,,,,,,,,,,,,,,,,,,,,,,,,,,,,,,,,,,,,,,,,,,,,,,,,,,,,,,,,,,,,,,,,,,,,,,,,,,,,,,,,,,,,,,,,,,,,,,,,,,,,,,,,,,,,,,,,,,,,,,,,,,,,,,,,,,,,,,,,,,,,,,,,,,,,,,,,,,,,,,,,,,,,,,,,,,,,,,,,,,,,,,,,,,,,,,,,,,,,,,,,,,,,,,,,,,,,,,,,,,,,,,,,,,,,,,,,,,,,,,,,,,,,,,,,,,,,,,,,,,,,,,,,,,,,,,,,,,,,,,,,,,,,,,,,,,,,,,,,,,,,,,,,,,,,,,,,,,,,,,,,,,,,,,,,,,,,,,,,,,,,,,,,,,,,,,,,,,,,,,,,,,,,,,,,,,,,,,,,,,,,,,,,,,,,,,,,,,,,,,,,,,,,,,,,,,,,,,,,,,,,,,,,,,,,,,,,,,,,,,,,,,,,,,,,,,,,,,,,,,,,,,,,,,,,,,,,,,,,,,,,,,,,,,,,,,,,,,,,,,,,,,,,,,,,,,,,,,,,,,,,,,,,,,,,,,,,,,,,,,,,,,,,,,,,,,,,,,,,,,,,,,,,,,,,,,,,,,,,,,,,,,,,,,,,,,,,,,,,,,,,,,,,,,,,,,,,,,,,,,,,,,,,,,,,,,,,,,,,,,,,,,,,,,,,,,,,,,,,,,,,,,,,,,,,,,,,,,,,,,,,,,,,,,,,,,,,,,,,,,,,,,,,,,,,,,,,,,,,,,,,,,,,,
R92,,,,*/adakβˈaː/,,,,*/adeβˈeːru/,,,,,,,,,,,,,,,,,,,,,,,,,,,,,,,,,,,,,*/ˈakβa/,*/akβˈaːrju/,*/akβaːtˈoːsu/,*/ˈakβila/,,,,,*/alluβˈaːtu/,,,,*/alβjˈaːrju/,*/alβjˈola/,*/alβˈiːna/,,,,,,,,,,,,,,,,,,,,,,,,,,,,*/battβˈaːlja/,,,,,,,,,,,,,,*/kˈaβula/,,,,,,,,,*/kˈorβu/,,,,,,*/kβˈɛːre/,*/kβˈɛːroː/,,,,*/akkβˈistu/,,,,,,,,*/ekspellaβˈaː/,,,,,,,,,,,,,,,,,,,,,,,,,,,,,,,*/inβitjˈaː/,,,*/mannβˈaːrju/,,,,*/paːβˈoːne/,,,,,,,,*/prɛːβˈoːtu/,*/priːmaβˈeːra/,,,,,,,,,,,,,,,,*/βeːssˈiːka/,*/βˈisku/,*/βˈiːtriku/,,,,*/jˈuβane/,,,,,*/βetrˈaːnu/,*/βˈirɡla/,,,,,,,,,,,*/ɡinɡˈiːβa/,*/lˈinɡβa/,,,,,,,,*/kerβˈiːke/,,,,,,,,,,,,,,,,,,,,,,,,,*/βenˈeːnu/,*/βˈentre/,,,,,,,,,,,,,,,,,,,,,,,,,*/βidˈeː/,,,,,,,,,,,,,,,,,,,,,,,,,*/fˈutβe/,*/inɡreβikˈaː/,*/inɡrˈeβikaː/,,,*/βiːβˈatja/,*/βˈiβu/,*/βˈiːβe/,,,,,,,,,,,,,*/βiɡlˈaː/,*/βˈiːsu/,,*/laβˈaː/,,,,,,,,,,,,*/ekspˈaβima/,*/ekspaβiːmentˈaː/,,,,,*/inβiːtˈaː/,,,,,,,,,,,,,,,,,,,,,,,,,,,,,*/βirtˈuːte/,,,,,,,,,,,,,,,,*/skˈiβ/,,,,,*/βindikˈaː/,*/βirtβˈoːsu/,,,,,,,,,,,,,*/lanɡβˈeːskoː/,*/lˈanɡβidu/,*/lanɡβˈoːre/,,,,,,,,,,,,,,,,,,,,,,,,*/βestiːmˈentu/,,,,,,,,,,,,,,,*/βˈitta/,,,*/kˈoːnsβe/,,,,,,,*/inβestˈiː/,,,,,,,,,,,,,,,,,,,*/βˈiːktu/,,,,*/βiːnˈaːkju/,,,,*/βˈaːsu/,,,,,,*/kβoperiːmˈentu/,,,,,,,,,,,,,,,,,,,,,,,,,,,,,,*/βˈeːru/,,,,,,,*/noβˈerka/,,,,,,,,,*/βˈiduβ/,,,,,,,,,,,,,,,,,,,,,,,,,*/nˈinɡβe/,*/nˈiβe/,*/ploβˈaː/,,*/rˈoːβa/,,,,*/βˈentu/,,,,,,,,,,,,,,,,*/βˈeneris/,,,,,,,*/βˈeːra/,*/paβiːmˈentu/,,,,,*/pˈulβere/,,,,,,,,,,,,,,,,*/βˈalle/,*/ˈalβja/,,,,,,,,,,,,,,*/βˈadu/,,,,,,*/noβˈella/,,,,,,,,,,,*/βˈiskdu/,*/βˈirɡa/,,,,,,,,,,,,,,,,,,,,,,*/abˈuːβa/,*/βˈiːtja/,,,,,,,,,,,,,,,,,,,,,*/βˈirdja/,,,,,,,,,,,,*/mˈalβa/,,,,,,*/βˈiola/,*/βˈolβula/,,,,,*/silβˈaːtiku/,*/βˈiːta/,,,,,,,,,,,,,,,,,,,,,,,,,*/bˈoβu/,,,,,,,,*/ˈekβa/,,*/jˈuβanku/,*/jˈuβanka/,*/oβˈiːna/,*/ˈoβe/,*/pekˈuβiːna/,,,,,,,,,*/tertˈiːβu/,*/βˈakka/,*/βˈerru/,,,*/βitˈella/,*/βitˈellu/,*/βitˈulju/,*/βitˈulja/,,*/kˈerβu/,,,,,,*/βˈulpe/,,,,*/eksβolˈaː/,*/ˈoβu/,,,,,,,,,,,*/ɡrˈaβulu/,,,,,,*/preβiɡlaːtˈoːrja/,*/preβiɡlˈaː/,,,,,,*/βultˈurju/,,,,,,*/βˈiːpera/,*/βˈiːperɛː/,,*/kaβˈoːne/,,,,,,,,,,,,,,*/βˈerme/,*/βˈespa/,,,,,,,*/ɡrˈeβe/,,,,,,,,,,,,,,,,*/kβantu/,,,,,,,,*/kβˈiːnkβe/,,*/dˈuβaː/,,*/nˈoβa/,,*/kβˈattrβo/,,,,*/βiːɡˈinti/,,,,,,,,,,,,,,,,,,,,,,*/kβiˈeːtu/,*/kβiˈeːta/,,,,,,,,,,,,,,,*/βiskˈoːsu/,,,,*/konβenjˈentja/,*/konβenˈi/,*/konβentˈaː/,,,,,,,,,,,,,,,,*/sklˈaβu/,*/βiːkiːnitˈaːte/,*/βiktimˈaː/,,,,,,*/improːmuːtβˈaː/,*/luβˈaː/,*/lˈeβoː/,*/lˈeβa/,,,,,*/βˈende/,,,,*/dˈeβ/,,,,,,,,,*/kβarraːɡˈeːsimiː/,,,,,*/serβˈaː/,,,,,,,,,,,,,,,,,,*/βˈersu/,,,,,,,,,*/βˈenetu/,*/βirɡˈaːtu/,,,,,,,*/fˈerβe/,,,,,,,,,,*/stˈinɡβe/,,,,,,,,,,,,,,,,,,,,,,,,,,,*/nˈoβu/,,,,,,,,*/tardˈiːβu/,*/temporˈiːβu/,*/ˈumkβa/,,*/βˈeklu/,*/βiːkˈiːnu/,,,,,,,,,,,,,,,,,,,,,,,,,,,,,,*/βenˈiː/,,,*/bˈattβe/,,,,*/eksbˈattβe/,,,,,,,,,,,,,*/aββˈiks/,,,,,,,,,*/kβˈoːmoːdo/,*/rˈeβ/,,,,,,,,*/astruβakˈaː/,,*/kβoperˈiː/,,,,,,,*/ekspulβerˈaː/,,*/ekstˈorkβe/,,,,,,,,,,,,*/inklaːβjˈaː/,,*/intˈorkβe/,,,,,,,,,,,*/βersˈaː/,,,,*/inkβjˈeːtu/,,,,,,,,,,,,,,,,,,,,,,,,,,,,,*/βentulˈaː/,,,,,,,,,,*/βˈiːnja/,,,,,,,,,,,,,,,,,,*/βakkarˈitja/,*/boβˈaːrju/,,,,,,,*/fˈaβulu/,*/fˈaβu/,,,,,,,,,*/βeːnˈaː/,*/βeːnaːtˈoːr/,*/βeːnaːtˈoːrja/,,,,*/inβˈinke/,,,,,,,*/zˈaβa/,,,,,,,,,,,,,,,,,,,,,,,,*/tˈorkβe/,,,,,,,,,,,*/klˈaːβe/,,,,,,,,,,,,,,,,,,,,,,*/laβatˈuːra/,*/liksˈiːβja/,,,,,*/konβˈentu/,,,,,,,,,,,,,*/kβˈene/,,,,,,,*/βˈirde/,,,*/βˈide/,,,*/sˈanɡβe/,,,,,,*/ˈoːβu/,*/jˈoːβis/,,,,,,,,,,,,,,,,,*/intreɡβˈaː/,,,,,,,,,,*/βˈeːna/,,,*/βˈiːnu/,,,,,*/rˈiːβu/,*/kˈokβe/,,,,,,,,,,,*/nˈɛːβu/,,,,,,,*/βˈos/,,,,,,,,,,*/ˈeβ/,,,,,,,,,,,,,,,,*/kiːβitˈaːte/,,,*/ekskˈaβu/,*/ekskˈaβuloː/,*/ekskˈaβula/,,,,,,
R93,,,,,,,,,,,,,,,,,,,,,,,,,,,,,,,,,,,,,,,,,,,,,,,,,,,,,,,,,,,,,,,,,,,,,,,,,,,,,,,,,,,,,,,,,,,,,,,,,,,,,,,,,,,,,,,,,,,,,,,,,,,,,,,,,,,,,,,,,,,,,,,,,,,,,,,,,,,,,,,,,,,,,,,,,,,,,,,,,,,,,,,,,,,,,,*/toːsjonˈaː/,,,,,,,,,,,,,,,,,,,,,,,,,,,,,,,,,,,,,,,,,,,,,,,,,,,,,,,,,,,,,,,,,,,,,,,,,,,,,,,,,,,,,,,,,,,,,,,,,,,,,,,,,,,*/koːstˈaː/,,,,,,,,,,,,,,,,,,,,,,,,,,,,,,,,,,,,,,,,,,,,,,,,,,*/moːstrˈaː/,,,,*/peːsˈaː/,*/pˈeːsu/,,,,,,,,,,,,,,,,,,,,,,,,,,,,,,,,,,,,,,,,,,,,,,,,,,,,,,,,,,,,,,,,,,,,,,,,,,,,,,,,,,,,,,,,,,,,,,,,,*/kˈoːsβe/,,,,,,,,,,,,,,,,,,,,,*/piːsˈaːtu/,,,,,,,,,,,,,,,,,,,,,,,,,,,,,,,,,,,,,,,,,,,,,,,,,,,*/kˈoːsokru/,,,,,,,,,,,,,,,,,,,,,,,,,,,,,,,,,,,,,,,,,,,,,,,,,,,,,,,,,,,,,,,,,,,,,,,,,,,,,,,,,,,,,,,,,,,,,,,,,,,,,,,,,,,,,,,,,,,,,,,,,,,,,,,,,,,,,,,,,,,,,,,,,,,,,,,,,,,,,,,,,,,,,,,,,,,,,,,,,,,,,,,,,,,,,,,,,,,,,,,,,,,,,,,,,,,,,,,,,,,,,,,,,,,,,,,,,,,,,,,,,,,,,,,,,,,,,,,,,,,,,,,,,,,,,,,,,,,,,,,,,,,,,,,,,,,,,,,,,,,,,,,,,,,,,,,,,,,,,,,,,,*/meːsˈuːra/,*/meːsuːrˈaː/,,,,,,,,,,,,,,,,,,,,,,,,,,,,,,,,,,,*/dˈeːsu/,,,,,,,,,,,,,,,,,,,,,,,,,,,,,,,,,,,,*/koːβenjˈentja/,*/koːβenˈi/,*/koːβentˈaː/,,,,,,,,,,,,,,,,,,,,,,,,,,,,,,,,,,,,,,,,,,,,,,,,,,,,,,,,,,,,,,,,,,,,,,,,,,,,,,,,,,,,,,*/rˈekeːs/,,,,,,,,,,,,,,,,,,,,,,,,,,,,,,,,,,,,,,,,,,,,,,,,,,,,,,,,,,,,,,,,,,,,,,,,,,,,,,,,,,,,,,,,,,,,,,,,,,,,,,,,,,,,,,,,,,,,,,,,,,,,,,,,,,,,,,,,,,,,,,,,,,,,,,,,,,,,,,,,,,,,,,,,,,,,,,,,,,,,,,,,*/piːsˈaː/,,,,,,,,,,,,,,,,,,,,,,,,,,,,,,,,,,,,,,,,,,,,,,,,,,,,,,,,,,,,,,,,,,,,,,,,,,,,,,,,,,,,,,,,,,,,,,,,,,,,,,,,,,,,,,,,,,,,,,,,,,,,*/koːβˈentu/,,,,,,,,,,,,,,*/pˈeːsu/,,,,,,,,,,,,,,,,,,,,,,,,,,,,,,,,,,,,,,,,,,,,,,,*/mˈeːsa/,,,,,,,,,,,,,,,,,,,,,,,,,,,,,,,,,,,,,,,,,,,,,,,,,,,,,,,,,,,,,,,
R94,,,,,,,,,,,,,,,,,,,,,,,,,,,,,,,,,,,,,,,,,,,,,,,,,,,,,,,,,,,,,,,,,,,,*/appeːsˈaː/,,,,,,,,,,,,,,,,,,,,,,,,,,,,,,,,,,,,,,,,,,,,,,,,,,,,,,,,,,,,,,,,,,,,,,,,,,,,,,,,,,,,,,,,,,,,,,,,,,,,,,,,,,,,,,,,,,,,,,,,,,,,,,,,,,,,,,,,,,,,,,,,,,,,,,,,,,,,,,,,,,,,,,,,,,,,,,,,,,,,,,,,,,,,,,,,,,,,,,,,,,,,,,,,,,,,,,,,,,,,,,,,,,,,,,,,,,,,,,,,,,,,,,,,,,,,,,,,,,,,,,,,,,,,,,,,,,,,,,,,,,,,,,,,,,,,,,,,,,,,,,,,,,,,,,,,,,,,,,,,,,,,,,,,,,,,,,,,,,,,,,,,,,,,,,,,,,,,,,,,,,,,,,,,,,,,,,,,,,,,,,,,,,,,,,,,,,,,,,,,,,,,,,,,,,,,,,,,,,,,,,,,,,,,,,,,,,,,,,,,,,,,,,,,,,,,,,,,,,,,,,,,,,,,,,,,,,,,,,,,,,,,,,,,,,,,,,,,,,,,,,,,,,,,,,,,,,,,,,,,,,,,,,,,,,,,,,,,,,,,,,,,,,,,,,,,,,,,,,,,,,,,,,,,,,,,,,,,,,,,,,,,,,,,,,,,,,,,,,,,,,,,,,,,,,,,,,,,,,,,,,,,,,,,,,,,,,,,,,,,,,,,,,,,,,,,,,,,,,,,,,,,,,,,,,,,,,,,,,,,,,,,,,,,,,,,,,,,,,,,,,,,,,,,,,,,,,,,,,,,,,,,,,,,,,,,,,,,,,,,,,,,,,,,,,,,,,,,,,,,,,,,,,,,,,,,,,,,,,,,,,,,,,,,,,,,,,,,,,,,,,,,,,,,,,,,,,,,,,,,,,,,,,,,,,,,,,,,,,,,,,,,,,,,,,,,,,,,,,,,,,,,,,,,,,,,,,,,,,,,,,,,,,,,,,,,,,,,,,,,,,,,,,,,,,,,,,,,,,,,,,,,,,,,,,,,,,,,,,,,,,,,,,,,,,,,,,,,,,,,,,,,,,,,,,,,,,,,,,,,,,,,,,,,,,,,,,,,,,,,,,,,,,,,,,,,,,,,,,,,,,,,,,,,,,,,,,,,,,,,,,,,,,,,,,,,,,,,,,,,,,,,,,,,,,,,,,,,,,,,,,,,,,,,,,,,,,,,,,,,,,,,,,,,,,,,,,,,,,,,,,,,,,,,,,,,,,,,,,,,,,,,,,,,,,,,,,,,,,,,,,,,,,,,,,,,,,,,,,,,,,,,,,,,,,,,,,,,,,,,,,,,,,,,,,,,,,,,,,,,,,,,,,,,,,,,,,,,,,,,,,,,,,,,,,,,,,,,,,,,,,,,,,,,,,,,,,,,,,,,,,,,,,,,,,,,,,,,,,,,,,,,,,,,,,,,,,,,,,,,,,,,,,,,,,,,,,,,,,,,,,,,,,,,,,,,,,,,,,,,,,,,,,,
R95,,,,,,,,,,,,,,,,,,,,,,,,,,,,,,,,,,,,,,,,,,,,,,,,,,,,,,,,,,,,,,,,,,,,,,,,,,,,,,,,,,,,,,,,,,,,,,,,,,,,,,,,,,,,,,,,,,,,,,,,,,,,,,,,,,,,,,,,,,,,,,,,,,,,,,,,,,,,,,,,,*/djuːdikˈaːta/,,,,,,,,,,,,,,,,,,,,,,,,,,,,,,,,,,,,,*/djˈuβane/,,,,,,,,,,,,,,,,,,,,,,,,,,,,,,,,,,,,,,,,,,,,,,,,,,,,,,,,,,,,,,,,,,,,,,,,,,,,,,,,,,,,,,,,,,,,,,,,,,,,,,,,,,,,,,,,,,,,,,,,,,,,,,,,,,,,,,,,,,,,,,,,,,,,,,,,,,,,,,,,,,,,,,,,,,,,,,,,,,,,,*/djuːdikˈaː/,,,,,,,,,,,,,,,,,,,,,,,,*/djakˈeː/,,,,,,,,,,,,,,,,,,,,,,,,,,,,,,,,,,,,,,,,,,,,,,,,,,,,,,,,,,,,,,,,,,,,,,,,,,,,,,,,,,,,,,,,,,,,,,,,,,,,,,,,,,,,,,,,,,,,,,,,,,,,,,,,,,,,,,,,,,,,,,,,,,,,,,,,,,,,,,,,,,,,,,,,,,,,,,,,,,,,,,,,,,,,,,,,,,,,,,,,,,,,,,,,,,,,,,,,,,,,,,,,,,,,,,,,,,,,,,,,,,,,,,*/djuːnˈiperu/,,,,,,,,,,,,,,,,,,,,,,,,,,,,,,,,,,,,,,,,,,,,,,,,,,,,,,,,,,,,,,,,,,,,,,,,,,,,,,,,,,,,,,,,,,,,,,,,,,,,*/djuːnˈiːke/,*/djˈuβanku/,*/djˈuβanka/,,,,,,,,,,,,,,,,,,,,,,,,,,,,,,,,,,,,,,,,,,,,,,,,,,,,,,,,,,,,,,,,,,,,,,,,,,,,,,,,,,,,,,,,,,,,,,,,,,,,,,,,,,,,,,,,,,,,,,,,,,,,,,,,,,,,,,,,,,,,,,,,,,,,,,,,,,,,,,,,,,,,,,,,,,,,*/djˈuːdeks/,*/djuːdˈikju/,*/djuːraːmˈentu/,*/djuːrˈaː/,,,,,,,,,,,,,,,,,,,,,,,,,,,,,,,,,,,,,,,,,,,,,,,,,,,,,,,,,,,,*/djokˈaː/,*/djˈoku/,,,,,,,,,,,,,,,,,,,,,,,,,,,,,,,,,,,,,,,,,,,,,,,,,,,,,,,,,,,,,,,,,,,,,,,,,,,,,,,,,,,,,,,,,,,,,,,,,,,,,,,,,,,,,,,,,,,,,,,,,,,,,,,,,,,,,,,,,,,,,,,,,,,,,,,,,,,,,,,,,,,,,,,,,,,,,,,,,,,,,,,,,,,,,,,,,,,,,,,,,,,,,,,,,,,,,,,,,,,,,,,*/djˈuɡu/,,,,,,,,,,,,,,,,,,,,,,,,,,,,,,,,,,,,,,,,,,,,,,,,,,,,,,,,,,,,,,,,,,,,,,,,,,,,,,,,,,,,,,,,,,,,,,,,,,,,,,,,,,,,,,,,,,,,,,,,,,,,,,,,,,,,,,*/djˈoːβis/,,,,,,,,,,,,,,,,,,,,,,,,,,,,,,,,,,,,,,,,,,,,,,,,,,,,,,,,,,,,,,,,,,,,,,,,,,,,,,,,,,,,,,,,,,,
R96,,,,,,,,,,*/adjˈuːnɡe/,*/adjˈuːtoː/,*/adjuːtˈoːrju/,,,,,,,,,,,,,,,,,,,,,,,,,,,*/adjˈuːnu/,*/adjuːnˈaː/,,,,,,,,,,,,,,,,,,,,,,,,,,,,,,,,,,,,,,,,,,,,,,,,,,,,,,,,,,,,,,,,,,,,,,,,,,,,,,,,,,,,,,,,,,,,,,,,,,,,,,,,,,,,,,,,,,,,,,,,,,,,,,,,,,,,,,,,,,,,,,,,,,,,,,,,,,,,,,,,,,,,,,,,,,,,,,,,,,,,,,,,,,,,,,,,,,,,,,,,,,,,,,,,,,,,,,,,,,,,,,,,,,,,,,,,,,,,,,,,,,,,,,,,,,,,,,,,,,,,,,,,,,,,,,,,,,,,,,,,,,,,,,,,,,,,,,,,,,,,,,,,,,,,,,,,,,,,,,,,,,,,,,,,,,,,,,,,,,,,,,,,,,,,,,,,,,,,,,,,,,,,,,,,,,,,,,,,,,,,,,,,,,,,,,,,,,,,,,,,,,,,,,,,,,,,,,,,,,,,,,,,,,,,,,,,,,,,,,,,,,,,,,,,,,,,,,,,,,,,,,,,,,,,,,,,,,,,,,,,,,,,,,,,,,,,,,,,,,,,,,,,,,,,,,,,,,,,,,,,,,,,,,,,,,,,,,,,,,,,,,,,,,,,,,,,,,,,,,,,,,,,,,,,,,,,,,,,,,,,,,,,,,,,,,,,,,,,,,,,,,,,,,,,,,,,,,,,,,,,,,,,,,,,,,,,,,,,,,,,,,,,,,,,,,,,,,,,,,,,,,,,,,,,,,,,,,,,,,,,,,,,,,,,,,,,,,,,,,,,,,,,,,,,,,,,,,,,,,,,,,,,,,,,,,,,,,,,,,,,,,,,,,,,,,,,,,,,,,,,,,,,,,,,,,,,,,,,,,,,,,,,,,,,,,,,,,,,,,,,,,,,,,,,,,,,,,,,,,,,,,,,,,,,,,,,,,,,,,,,,,,,,,,,,,,,,,,,,,,,,,,,,,,,,,,,,,,,,,,,,,,,,,,,,,,,,,,,,,,,,,,,,,,,,,,,,,,,,,,,,,,,,,,,,,,,,,,,,,,,,,,,,,,,,,,,,,,,,,,,,,,,,,,,,,,,,,,,,,,,,,,,,,,,,,,,,,,,,,,,,,,,,,,,,,,,,,,,,,,,,,,,,,,,,,,,,,,,,,,,,,,,,,,,,,,,,,,,,,,,,,,,,,,,,,,,,,,,,,,,,,,,,,,,,,,,,,,,,,,,,,,,,,,,,,,,,,,,,,,,,,,,,,,,,,,,,,,,,,,,,,,,,,,,,,,,,,,,,,,,,,,,,,,,,,,,,,,,,,,,,,,,,,,,,,,,,,,,,,,,,,,,,,,,,,,,,,,,,,,,,,,,,,,,,,,,,,,,,,,,,,,,,,,,,,,,,,,,,,,,,,,,,,,,,,,,,,,,,,,,,,,,,,,,,,,,,,,,,,,,,,,,,,,,,,,,,,,,,,,,,,,,,,,,,,,,,,,,,,,,,*/adjuːtˈaː/,,,,,,,,,,,,,,,,,,,,,,,,,,,,,,,,,,,,,,,,,,,,,,,,,,,,,,
R97,,,,,,,,,,,,,,,,,,,,,,,,,,,,,,,,,,,,,,,,,,,,,,,,,,,,,,,,,,,,,,,,,,,,,,,,,,,,,,,,,,,,,,,,,,,,,,,,,,,,,,,,,,,,,,,,,,,,,,,,,,,*/eskadˈeː/,*/eskambjˈaː/,*/eskappˈaː/,*/eskarminˈaː/,*/esmˈulɡe/,*/esmˈultu/,*/espellaβˈaː/,,,,,,,,,,,,,,,,,,,,,,,,,,,,,,,,,,,,,*/mistikˈaː/,,,,,,,,,,,,,,,,,,,,,,,,,,,,,,,,,,,,,,,,,,,,,,,,,,,,,,,,,,,,,,,,,,,,,,,,,,,,,,,,,,,,,,,,,,,,,,,,,,,,,,,,,,,,,,,,,,,,*/eskrˈime/,,,,,,,,,,*/eskuppjˈaː/,,,,,,,,,,,,,,,,,,,,,,,*/eskublˈaː/,,,,,,,*/eskaldˈaː/,,,,,,,,,,,,,*/espˈaβima/,*/espaβiːmentˈaː/,*/estemperˈaː/,,,,,,,,,,,,,,,,,,,,,,,,,,,,,,,,,,,,,,,,,,,,,,,,,,,,,,,,,,,,,,,,,,,,,,,,,,,,,,,,,,,,,,*/esklˈoppu/,*/eskloppˈaː/,,,,,,,,,,,,,,,,,,,,,,,,,,,,,,,,,,,,,,,,,,,,,,,,,,,,,,,,,,,,,,,,,,,,,,,,,,,,,,,,,,,,,,,,,,,,,,,,,,,,,,,,,,,,,,,,,,*/dˈestrɛː/,,,,,,,,,*/eskapitˈaː/,,,,,,,,,,,,,,,,,,,,,,,,,,,,,,,,,,,,,,,,,,,,,,,,,,,,,,,,,,,,,,,,,,,,,*/essuːkkˈaː/,*/essˈuːkkoː/,,,,,,,,,,,,,,,,,,,,,,,,,,,,,,,,,,,,,,,,,,,,,,,,,,,,,,,,,,,,,,,,,,,,,,,,,,,,,,,,,,,,,,,,,,,,,,,,,,,,,,,*/estirpˈiː/,*/estˈirpu/,,,,,,,,,,,,,,,,,,,,,,,,,,,,,,,,,,,,,,,,,,,,,,,,,,,,,,,*/mistˈiːkju/,,,,,,,*/esβolˈaː/,,,,,,,,,,,,,,,,,,,,,,,,,,,,,,,,,,,,,,,,,,,,,,,,,,*/eskˈurtu/,,,,,,,,,,,,,,,,,,,,,,,,,,,,,,,,,,,,,,,,,,,,,,,,,,,,,,,,,,,,,,,,,,,,,,,,,,,,,,,,,,,,,,,,,,,,,,,,,,,,,,,,,,,,,,,,,,,,,,,,,,,,,,,,,,,,,,,,,,,,,,,,,,,,,,,,,,,,,,,,,,,,,,,,,,,,,,,,,,,,,,,,,,,,,,,,,,,,,,,,,,,,,,,,,,,,,,,,,,,,,,,,,,,,,,,,,,,,,,,,,,,,,,,,,,,,,,,,*/esbˈattβe/,*/eskˈote/,*/esklukˈaː/,,,,,,,,,,,,,,,,,,,,,,,,,*/askˈonde/,*/ammistikˈaː/,,,,,,,,,,,*/eskurtˈaː/,*/espulβerˈaː/,*/estˈerɡe/,*/estˈorkβe/,*/estrakolˈaː/,*/estrikˈaː/,,,,,,,,,,,,,,,,,,,,,,,,,,,,,,,,,,,,,,,,,,,,,,,,,,,,,,,,,,,,,,,,,,,,,,,,,,,,,,,,,,,,,,,,,,,,,,,,,,,,,*/espantikˈaː/,,,,,,,,,,,,,,,,,,,,,,,,,,,,,,,,,,,,,,,,,,,,,,,,,,,,,,,,,*/estraːkoːlaːtˈoːrja/,,,,,,,,,,,,,,,,,,,,,,*/espˈoːne/,,,,,,,,,,,,,,,,,,,,,,,,,,,,,,,,,,,,,,,,,,,,,,,,,,,,,,,,,,,,,,,,*/estraːpˈunɡe/,,,,,,,,,,,,,,,,,,,,,,,,,,,,,,,,,,,,,,,,,,,,,,,,,,*/eskˈaβu/,*/eskˈaβuloː/,*/eskˈaβula/,*/eskˈawrja/,,,,,
R98,,,,,,,,,,,,,,,,,,,,,,,,,,,,,,,,,,,,,,,,,,,,,,,,,,,,,,,,,,,,,,,,,,,,,,,,,,,,,,,,,,,,,,,,,,,,,,,,,,,,,,,,,,,,,,,,,,,,,,,,,,,,,,,,,,,,,,,,,,,,,,,,,,,,,,,,,,,,,,,,,,,,,,,,,,,,,,,,,,,,*/sˈaːntu/,,,,,,,,,,,,,,,,,,,,,,,,,,,,,,,,,,,,,,,,,,,,,,,,,,,,,,,,,,,,,,,,,,,,,,,,,,,,,,,,,,,,,,,,,,,,,,,,,,,,,,,,,,,,,,,,,,,,,,,,,,,,,,,,,,,,,,,,,,,,,,,,,,,,,,,,,,,,,,,,,,,,,,,,,,,,,,,,,,,,,,,,,,,,,,,,,,,,,,,,,,,,,,,,,,,,,,,,,,,,,,,,,,,,,,,,,,,,,,,,,,,,,,,,,,,,,,,,,,,,,,,,,,,,,,,,,,,,,,,,,,,,,,,,,,,,,,,,,,,,,,,,,,,,,,,,,,,,,,,,,,,,,,,,,,,,,,,,,,,,,,,,,,,,,,,,,,,,,,,,*/insorˈaː/,,,,,,,,,,,,,,,,,,,,,,,,,,,,,,,,,,,,,,,,,,,,,,,,,,,,,,,,,,,,,,,,,,,,*/monkˈellu/,,,,,,,,,,,,,,,,,,,,,,,,,,,,,,,,,,,,,,,,,,,,,,,,,,,,,,,,,,,,,,,,,,,,,,,,,,,,,,,,,,,,,,,,,,,,,,,,,,,,,,,,,,,,,,,,,,,,,,,,,,,,,,,,,,,,,,,,,,,,,,,,,,,,,,,,,,,,,,,,,,,,,,,,,,,,,,,,,,,,,,,,,,,,,,,,,,,,,,,,,,,,,,,,,,,,,,,,,,,,,,,,,,,,,,,,,,,,,,,,,,,,,,,,,,,,,,,,,,,,,,,,,,,,,,,,,,,,,,,,,,,,,,,,,,,,,,,,,*/strˈintu/,,,,,,,,,,,,,,,,,,,,,,,,,,,,,,,,,,,,,,,,,,,,,,,,,,,,,,,,,,,,,,,,,,,,,,,,,,,,,,,,,,,,,,,,,,,,,,,,,,,,,,,,,,,,,,,,,,,,,,,,,,,,,,,,,,,,,,,,,,,,,,,,,,,,,,,,,,,,,,,,,,,,,,,,,,,,,,,,,,,,,,,,,,,,,,,,,,,,,,,,,,,,,,,,,,,,,,,,,,,,,,,,,,,,,,,,,,,,,,,,,,,,,,,,,,,,,,,,,,,,,,,,,,,,,,,,,,,,,,,,,,,,,,,,,,,,,,,,,,,,,,,,,,,,,,,,,,,,,,,,,,,,,,,*/ˈuːntu/,*/uːntˈuːra/,,,,,,,,,,,,,,,,,,,,,,,*/fuskˈellu/,,,,,,,,,,,,,,,,,,,,,,,,,,,,,,,,,,,,,,,,,,,,,,,,,,,,,,,,,,,,,,,,,,,,,,,,,,,,,,,,,,,,,,,,,*/frˈaːntu/,,,,,,,,,,,,,,,,,,,,,,,,,,,,,,,,,,,,,,,,,,,,,,,,,,,,,,,,,,,,,,,,,,,,,,,,,,,,,,,,,,,,,,,,,,
R99,,,,,,,,,,,,,,,,,,,,,,,,,,,,,,,,,,,,,,,,,,,,,,,,,,,,,,,,,,,,,,,,,,,,,,,,,,,,,,,,,,,,,,,,,,,,,,,,,,,,,,,,,,,,,,,,,,,,,,,,,,,,,,,,,,,,,,,,,,,,,,,,,,,,,,,,,,,,,,,,,,,,,,,,,,,,,,,,,,,,,,,,,,,,,,,,,,,,,,,,,,,,,,,,,,,,,,,,,,,,,,,,,,,,,,,,,,,,,,,,,,,,,,,,,,,,,,,,,,,,,,,,,,,,,,,,,,,,,,,,,,,,,,,,,,,,,,,,,,,,,,,,,,,,,,,,,,,,,,,,,,,,,,,,,,,,,,,,,,,,,,,,,,,,,,,,,,,,,,,,,,,,,,,,,,,,,,,,,,,,,,,,,,,,,,,,,,,,,,,,,,,,,,,,,,,,,,,,,,,,,,,,,,,,,,,,,,,,,,,,,,,,,,,,,,,,,,,,,,,,,,,,,,,,,,,,,,,,,,,,,,,,,,,,,,,,,,,,,,,,,,,,,,,,,,,,,,,,,,,,,,,,,,,,,,,,,,,,,,,,,,,,,,,,,,,,,,,,,,,,,,,,,,,,,,,,,,,,,,,,,,,,,,,,,,,,,,,,,,,,,,,,,,,,,,,,,,,,,,,,,,,,,,,,,,,,,,,,,,,,,,,,,,,,,,,,,,,,,,,,,,,,,,,,,,,,,,,,,,,,,,,,,,,,,,,,,,,,,,,,,,,,,,,,,,,,,,,,,,,,,,,,,,,,,,,,,,,,,,,,,,,,,,,,,,,,,,,,,,,,,,,,,,,,,,,,,,,,,,,,,,,,,,,,,,,,,,,,,,,,,,,,,,,,,,,,,,,,,,,,,,,,,,,,,,,,,,,*/djˈossu/,,,,,,,,,,,,,,,,,,,,,,,,,,,,,,,,,,,,,,,,,,,,,,,,,,,,,,,,,,,,,,,,,,,,,,,,,,,,,,,,,,,,,,,,,,,,,,,,,,,,,,,,,,,,,,,,,,,,,,,,,,,,,,,,,,,,,,,,,,,,,,,,,,,,,,,,,,,,,,,,,,,,,,,,,,,,,,,,,,,,,,,,,,,,,,,,,,,,,,,,,,,,,,,,,,,*/sˈuːssu/,,,,,,,,,,,,,,,,,,,,,,,,,,,,,,,,,,,,,,,,,,,,,,,,,,,,,,,,,,,,,,,,,,,,,,,,,,,,,,,,,,,,,,,,,,,,,,,,,,,,,,,,,,,,,,,,,,,,,,,,,,,,,,,,,,,,,,,,,,,,,,,,,,,,,,,,,,,,,,,,,,,,,,,,,,,,,,,,,,,,,,,,,,,,,,,,,,,,,,,,,,,,,,,,,,,,,,,,,,,,,,,,,,,,,,,,,,,,,,,,,,,,,,,,,,,,,,,,,,,,,,,,,,,,,,,,,,,,,,,,,,,,,,,,,,,,,,,,,,,,*/dˈossu/,,,,,,,,,,,,,,,,,,,,,,,,,,,,,,,,,,,,,,,,,,,,,,,,,,,,,,,,,,,,,,,,,,,,,,,,,,,,,,,,,,,,,,,,,
R100,,,,,,,,,,,,,,,,,,,,,,,,,,,,,,,,,,,,,,,,,,,,,,,,,,,,,,,,,,,,,,,,,,,,,,,,,,,,,,,,,,,,,,,,,,,,,,,,,,,,,,,,,,,,,,,,,,,,,,,,,,,,,,,,,,,,,,,,,,,,,,,,,,,,,,,,,,,,,,,,,,,,,,,,,,,,,,,,,,,,,,,,,,,,,,,,,,,,,,,,,,,,,,,,,,,,,,,,,,,,,,,,,,,,,,,,,,,,,,,,,,,,,,,,,,,,,,,,,,,,,,,,,,,,,,,,,,,,,,,,,,,,,,,,,,,,,,,,,,,,,,,,,,,,,,,,,,,,,,,,,,,,,,,,,,,,,,,,,,,,,,,,,,,,,,,,,,,,,,,,,,,,,,,,,,,,,,,,,,,,,,,,,,,,,,,,,,,,,,,,,,,,,,,,,,,,,,,,,,,,,,,,,,,,,,,,,,,,,,,,,,,,,,,,,,,,,,,,,,,,,,,,,,,,,,,,,,,,,,,,,,,,,,,,,,,,,,,,,,,,,,,,,,,,,,,,,,,,,,,,,,,,,,,,,,,,,,,,,,,,,,,,,,,,,,,,,,,,,,,,,,,,,,,,,,,,,,,,,,,,,,,,,,,,,,,,,,,,,,,,,,,,,,,,,,,,,,,,,,,,,,,,,,,,,,,,,,,,,,,,,,,,,,,,,,,,,,,,,,,,,,,,,,,,,,,,,,,,,,,,,,,,,,,,,,,,,,,,,,,,,,,,,,,,,,,,,,,,,,,,,,,,,,,,,,,,,,,,,,,,,,,,,,,,,,,,,,,,,,,,,,,,,,,,,,,,,,,,,,,,,,,,,,,,,,,,,,,,,,,,,,,,,,,,,,,,,,,,,,,,,,,,,,,,,,,,,,,,,,,,,,,,,,,,,,,,,,,,,,,,,,,,,,,,,,,,,,,,,,,,,,,,,,,,,,,,,,,,,,,,,,,,,,,,,,,,,,,,,,,,,,,,,,,,,,,,,,,,,,,,,,,,,,,,,,,,,,,,,,,,,,,,,,,,,,,,,,,,,,,,,,,,,,,,,,,,,,,,,,,,,,,,,,,,,,,,,,,,,,,,,,,,,,,,,,,,,,,,,,,,,,,,,,,,,,,,,,,,,,,,,,,,,,,,,,,,,,,,,,,,,,,,,,,,,,,,,,,,,,,,,,,,,,,,,,,,,,,,,,,,,,,,,,,,,,,,,,,,,,,,,,,,,,,,,,,,,,,,,,,,,,,,,,,,,,,,,,,,,,,,,,,,,,,,,,,,,,,,,,,,,,,,,,,,,,,,,,,,,,,,,,,,,,,,,,,,,,,,,,,,,,,,,,,,,,,,,,,,,,,,,,,,,,,,,,,,,,,,,,,,,,,,,,,,,,,,,,,,,,,,,,,,,,,,,,,,,,,,,,,,,,,,,,,,,,,,,,,,,,,,,,,,,,,,,,,,,,,,,,,,,,,,,,,,,,,,,,,,,,,,,,,,,,,,,,,,,,,,,,,,,,,,,,,,,,,,,,,,,,,,,,,,,,,,,,,,,,,
R101,,,,,,,,,,,,,,,,,,,,,,,,,,,,,,,,,,,,,,*/ajeptˈaː/,,,,,,,,,,,,,,,,,,,,,,,,,,,,,,,,,,,,,,,,,,,,,,,,,,,,,,,,,,,,,,,,,,,,,,*/koptˈorju/,,,,,,,,,,,,,,,,,,,,,,,,,,,,,,,,,,,,,,,,,,,,,,,,,*/indreːptˈaː/,,,,,,,,,,,,,,,,,,,,,,,,,,,,,,,,,,,,,,,,,,,,,,,,,,,,,,,,,,,,,,,,,,,,,,,,,,,,,,,,,,,,,,,,,,,,,,,,,,,*/drˈeːptu/,,,,,,,,,,,,,,,,,,,,,,,,,,,,,,,,,,,,,,,,,,*/faptˈuːra/,,,,,,,,,,,,,,,,,,,,,,,,,,,*/pˈeptinoː/,*/pˈeptina/,,,,,,,,,,,,,,,,,,,,,,,,,,,,,,,,,,,,,,,,,,,,,,,,,,*/intelleːptjˈoːne/,*/intellˈeːptu/,,,,,,,,,,,,,,,,,,,,,,,,,,,,,,,,,,,,,,,,,,,,,,,,,,,,,,,,,,,,,,,,,,,,,,,,,,,,,,,,,,,,,,,,*/friptˈuːra/,,,,,,,,,,*/βˈiːptu/,,,,,,,,,,,,,,,,,,,,,,,,,,*/traːjˈepta/,,,,,,,,,,,,,,,,,,,,,,,,,,,,,,,,,,,,,,,,,,,,,,,,,,,,,,,,,,,,,,,,,,,,,,,,,,,,,*/nˈopte/,,,,,,,,,,,,,,,,,,,,,,,,,,,,,,,,,,,,,,,,,,,,,,,,,,,,,,,,,,,,,,,,,,,,,,,,,,,,,,,,,,,,,,,,,,,,,,,,,,,,,,,,,*/laptˈuːka/,,,,,,,,,,,,,,,,,,,,,,,,,,,,,,,,,,,,,,,,,,,,,,,,,,,,,,,,,,,,,,,,,,,,,,,,,,,,,,,,,,,,,,,,,,,,,,,,,,,,,,,,,,,,,,,,,,,,,,,,,,,,,,*/lˈaptiːs/,,,,,,,,,,*/flˈuptule/,*/fluptulˈaː/,,,,,,,,,,,,,,,,,,,,,,,,,,,,,,,,,,,,,,,,,,,,,,,,*/ˈoptoː/,,,,,,,,,,,,,,,,,,,,,,,,,,,,,,,,,,,,,,,,,,,,,,,,,,,,,,,,,,,,,,,,,,,*/βiptimˈaː/,,,,,,,,,,,,,,,,,,,,,,,,,,,,,,,,,,,,,,,,,,,,,,,,,,,,,,,,,,,,,,,,,,,,,,,,,,,,,,,,,,,,,,,,,,,,,,,,,,,,,,,,,,,,,,,,,,,,,,,,,,,,,,,,,,,,,,,,,,,,,,,,,,,,*/arreːptˈaː/,,,,,,,,,,,,,,,,,,,,,,,,,,,,,,,,,,,,,,,,,,,,,,,,,,,,,,,,,,,,,,,,,,,,,,,,,,,,,,,,,,,,,,,,,,,,,,,,,,,,,,,,,,,,,,,,,,,,,,,,,,,,,,,,,,,,,,,,,,,,,,,,*/frˈuːptu/,,,,,,,,,,,,,,,*/lˈuːpta/,*/luptˈaː/,,,,,,,,,,,,,,,,,,,,,,,,,,,,,,,,,,,,,,,,,,,,,,,,,,,,,,,,,,,,,,,,,,,,,,,,,,,,,,,,,,,,,,,,,,,,,,,,,,,,,,,,,,,,*/lˈapte/,*/fˈaptu/,*/lˈupto/,*/pˈeptine/,*/pˈeptu/,,,,,,,,,,,,,,,,,,,,,,,,,,,,,,,,,,,,,,,,,,,,,,,,,,,,,,,,,,,,,,,,,,,,,,,,,,,,,,,,
R102,,,,,,,,,,,,,,,,,,,,,,,,,,,,,,,,,,,,,,,,,,,,,,,,,,,,,,,,,,,,,,,,,,,,,,,,,,,,,,,,,,,,,,,,,,,,,,,,,,,,,,,,,,,,,,,,,,,,,,,,,,,,,,,,,,,,,,,,,,,,,,,,,,,,,,,,,,,,,,,,,,,,,,,,,,,,,,,,,,,,,,,,,,,,,,,,,,,,,,,,,,,,,,,,,,,,,,,,,,,,,,,,,,,,,,,,,,,,,,,,,,,,,,,,,,,,,,,,,,,,,,,,,,,,,,,,,,,,,,,,,,,,,,,,,,,,,,,,,,,,,,,,,,,,,,,,,,,,,,,,,,,,,,,,,,,,,,,,,,,,,,,,,,,,,,,,,,,,,,,,,,,,,,,,,,,,,,,,,,,,,,,,,,,,,,,,,,,,,,,,,,,,,,,,,,,,,,,,,,,,,,,,,,,,,,,,,,,,,,,,,,,,,,,,,,,,,,,,,,,,,,,,,,,,,,,,,,,,,,,,,,,,,,,,,,,,,,,,,,,,,,,,,,,,,,,,,,,,,,,,,,,,,,,,,,,,,,,,,,,,,,,,,,,,,,,,,,,,,,,,,,,,,,,,,,,,,,,,,,,,,,,,,,,,,,,,,,,,,,,,,,,,,,,,,,,,,,,,,,,,,,,,,,,,,,,,,,,,,,,,,,,,,,,,,,,,,,,,,,,,,,,,,,,,,,,,,,,,,,,,,,,,,,,,,,,,,,,,,,,,,,,,,,,,,,,,,,,,,,,,,,,,,,,,,,,,,,,,,,,,,,,,,,,,,,,,,,,,,,,,,,,,,,,,,,,,,,,,,,,,,,,,,,,,,,,,,,,,,,,,,,,,,,,,,,,,,,,,,,,,,,,,,,,,,,,,,,,,,,,,,,,,,,,,,,,,,,,,,,,,,,,,,,,,,,,,,,,,,,,,,,,,,,,,,,,,,,,,,,,,,,,,,,,,,,,,,,,,,,,,,,,,,,,,,,,,,,,,,,,,,,,,,,,,,,,,,,,,,,,,,,,,,,,,,,,,,,,,,,,,,,,,,,,,,,,,,,,,,,,,,,,,,,,,,,,,,,,,,,,,,,,,,,,,,,,,,,,,,,,,,,,,,,,,,,,,,,,,,,,,,,,,,,,,,,,,,,,,,,,,,,,,,,,,,,,,,,,,,,,,,,*/aββˈips/,,,,,,,,,,,,,,,,,,,,,,,,,,,,,,,,,,,,,,,,,,,,,,,,,,,,,,,,,,,,,,,,,,,,,,,,,,,,,,,,,,,,,,,,,,,,,,,,,,,,,,,,,,,,,,,,,,,,,,,,,,,,,,,,,,,,,,,,,,,,,,,,,,,,,,,,,,,,,,,,,,,,,,,,,,,,,,,,,,,,,,,,,,,,,,,,,,,,,,,,,,,,,,,,,,,,,,,,,,,,,,,,,,,,,,,,,,,,,,,,,,,,,,,*/kˈopsa/,*/frˈiːpse/,,,,,,,,,,,,,,,,,,,,,,,,,,,,,,,,,,,,,,,,,,,,,,,,,,,,,,,,,,,,,,,,,,,,,,,,,,,,,,,,,,,,,
R103,,,,,,,,,,,,,,,,,,,,,,,,,,,,,,,,,,,,,,,,,,,,,,,,,,,,,,,,,,,,,,,,,,,,,,,,,,,,,,,,,,,,,,,,,,,,,,,,,,,,,,,,,,,,,,,,,,,,,,,,,,*/essˈalbidu/,,,,,,,,,,,,,,,,,,,,,,,,,,,,,,,,,,,,,,,,,,,,,,,,,,,,,,,,,,,,,,,,,,,,,,,,,,,,,,,,,,,,,,,,,,,,,,,*/maːssˈilla/,,,,,,,,,,,,,,,,,,,,,,,,,,,,,,,,,,,,,,,,,,,,,,,,,,,,,,,,,,,,,,,,,,,,,,,,,,,,,,,,,,,,,,,,,,,,,,,,,,,,,,,,,,,,,,,,,,,,,,,,,,,,,,,,,,,,,,,,,,,,,,,,,,,,,,,,,,,,,,,,,,,,,,,,,,,,,,,,,,,,,,,,,,,,,,,,,,,,,,,,,,,,,,,,,,,,,,,,,,,,,,,,,,,,,,,,,,,,,,,,,,,,,,,,,,,,,,,,,,,,,,,,,,,,,,,,,,,,,,,,,,,,,,,,,,,,,,,,,,,,,,,,,,,,,,,,,,,,,,,,,,,,*/lassˈaː/,,,,,,,,,,,,,,,,,,,,,,,,,,,,,,,,,,,,,,,,,,,,,,,,,,,,,,,,,,,,,,,,,,,,,,,,,,,,,,,,,,,,,,,,,,,,,,,,,,,,,,,,,,,*/frˈassinu/,,,,,,,,,,,,,,,,,,,,,,,,,,,,,,,,,,,,,,,,,,,,,,,,,,,,,,,,,,,,,,,,,,,,,,,,,,,,,,,,,,,,,,,,,,,,,,,,,,,,,,,,,,,,,,,,,,,,,,,,,,,,,,,,,,,,,,,,,,,,,,,,,,,,,,,,,,,,,,,,,,,,,,,,,,,,,,,,,,,,,,,,,,,,,*/essˈaːme/,,,,,,,,,,,,,,,,,,,,,,,,,,,,,,,,,*/sˈesse/,,,,,,,,,,,,,,,,,,,,,,,,,,,,,,,,,,,,,,,,,,,,,,,,,,,,,*/djˈuːdess/,,,,,,,,,,,,,,,,,,,,,,,,,,,,,,,,,,,,,,,,,,,,,,,,,,,,,,,,,,,,,,,,,,,,,,,,,,,,,,,,,,,,,,,,,,,,,,,,,,,,,,,,,,,,,,,,,,,,,,,,,,,,,,,,,,,,,,,,,,,,,,,,,,,,,,,,,,,,,,,,,,,,,,,,,,,,,,,,,,,,,,,,,,,,,,,,,,,,,,,,,,,,,,,,,,,,,,,,,,,,,,,,,,,,,,,,,,,,,,,,,,,,,,,,,,,,,,,,,,,,,,,,,,,,,,,,,,,,,,,,,,,,,,,,,,,,,,,,,,,,,,,,,,,,,,,,,,,,,,,,,,,,,,,,,,,,,,,,,,,,,,,,,,,,*/tˈesse/,,,,,,,,,,,,,,,,,,,,,,,,,,,,,,,,,,,*/lissˈiːβja/,,,,,,,,,,,,,,,,,,,,,,,,,,,,,,,,,,,,,,,,,,,,,,,,,,,,,*/essˈiː/,*/frassinˈeːtu/,,,,,,,,,,,,,,,,,,,,,,,,,,,,,,,,,,,,,,,,,,,,,,,,,,,,,,,,,,,,,,,,,,,,,,,,,,,
R104,,,,,,,,,,,,,,,,,,,,,,,,,,,,,,,,,,,,,,,,,,,,,,,,,,,,,,,,,,,,,,,,,,,,,,,,,,,,,,,,,,,,,,,,,,,,,,,,,,,,,,,,,,,*/komnˈaːtu/,,,,,,,,,,,,,,,,,,,,,,,,,,,,,,,,,,,,,,,,,,,,,,,,,,,,,,,*/imnˈaːrju/,,,,,,,,,,,,,,,,,,,,,,,,,,,,,,,,,,,,,,,,,,,,,,,,,,,,,,,,,,,,,,,,,,,,,,,,,,,,,,,,,,,,,,,,,,,,,,,,,,,,,,,,,,,,,,,,,,,,,,,,,,,,,,,,,,,,,,,,,,,,,,,,,,,,,,,,,,,,,,,,,,,,,,,,,,,,,,,,,,,,,,,,,,,,,,,,,,,,,,,,,,,,,,,,,,,,,,,,,,,,,,,,,,,,,,,,,,,,,,,,,,,,,,,,,,,,,,,,,,,,,,,,,,,,,,,,,,,,,,,,,,,,,,,,,,,,,,,,,,,,,,,,,,,,,,,,,,,,,,,,,,,,,,,,,,,,,,,,,,,,,,,,,,,,,,,,,,,,,,,,,,,,,,,,,,,,,,,,,,,,,,,,,,,,,,,,,,,,,,,,,,,,,,,,,,,,,,,,,,,,,,,,,,,,,,,,,,,,,,,,,,,,,,,,,,,,,,,,,,,,,,,,,,,,,,,,,,,,,,,,,,,,,,,,,,,,,,,,,,,,,,,,,,,,,,,,,,,,,,,,,,,,,,,,,,,,,,,,,,,,,,,,,,,,,,,,,,,,,,,,,,,,,,,,,,,,,,*/amnˈellu/,,,,,,,,,,,,,,,,,,,,,,,,,,,,,,,,,,,,,,,,,,,,,,,,,,,,,,,,,,,,,,,,,,,,,,,,,,,,,,,,,,,,,,,,,,,,,,,,,,,,,,,,,,,,,,,,,,,,,,,,,,,,,,,,,,,,,,,,,,,,,,,,,,,,,,,,,,,,,,,,,,,,,,,*/sˈimnu/,,,,,,,,,,,,,,,,,,,,,,,,,,,,,,,,,,,,,,,,,,,,,,,,,,,,,,,,,,,,,,,,,,,,,,,,,,,,,,,,,,,,,,,,,,,,,,,,,,,,,,,,,,,,,,,,,,,,,,,,,,,,,,,,,,,,,,,,,,,,,,,,,,,,,,,,,,,,,,,,,,,,,,,,,,,,,,,,,,,,,,,,,,,,,,,,,,,,,,,,,,,,,,,,,,,,,,,,,,,,,,,,,,,,,,,,,,,,,,,,,,,,,,,,,,,,,,,,,,,,,,,,,,,,,,,,,,,,,,,,,,,,,,,,,,,,,,,,,,,,,,*/insimnˈaː/,,,,,,,,,,,,,,,,,,,,,,,,,,,,,,,,,,,,,,,,,,,,,,,,,,,,,,,,,,,,,,,,,,,,,,,,,*/limnˈaːrju/,,,,,,,,,,,,,,,,,,,,,,,,,,,,,,,,,,,,,,,,,,,,,,,,,,,,,,,,,,,,,,,,,,,,,,,,,,,,,,*/dˈimnu/,*/lˈimnu/,*/pˈumnu/,,,,,,,,,,,,,,,,,,,,,,,,,,,,,,,,,,,,,,,,,,,,,,,,,,,,,,,,,,,,,,,,,,,,,,,,,,,,,
R105,,,,,,,,,,,,,,,,,,,,,,,,,,,,,,,,,,,,,,,,,,,,,,,,,,,,,,,,,,,,,,,,,,,,,,,,,,,,,,,,,,,,,,,,,,,,,,,,,,,,,,,,,,,,,,,,,,,,,,,,,,,,,,,,,,,,,,,,,,,,,,,,,,,,,,,,,,,,,,,,,,,,,,,,,,,,,,,,,,,,,,,,,,,,,,,,,,,,,,,,,*/pˈupa/,,,,,,,,,,,,,,,,,,,,,,,,,,,,,,,,,,,,,,,,,,,,,,,,,,,,,,,,,,,,,,,,,,,,,,,,,,,,,,,,,,,,,,,,,,,,,,,,,,,,,,,,,,,,,,,,,,,,,,,,,,,,,,,,,,,,,,,,,,,,,,,,,,,,,,,,,,,,,,,,,,,,,,,,,,,,,,,,,,,,,,,,,,,,,,,,,,,,,,,,,,,,,,,,,,,,,,,,,,,,,,,,,,,,,,,,,,,,,,,,,,,,,,,,,,,,,,,,,,,,,,,,,,,,,,,,,,,,,,,,,,,,,,,,,,,,,,,,,,,,,,,,,,,,,,,,,,,,,,,,,,,,,,,,,,,,,,,,,,,,,,,,,,,,,,,,,,,,,,,,,,,,,,,,,,,,,,,,,,,,,,,,,,,,,,,,,,,,,,,,,,,,,,,,,,,,,,,,,,,,,,,,,,,,,,,,,,,,,,,,,,,,,,,,,,,,,,,,,,,,,,,,,,,,,,,,,,,,,,,,,,,,,,,,,,,,,,,,,,,,,,,,,,,,,,,,,,,,,,,,,,,,,,,,,,,,,,,,,,,,,,,,,,,,,,,,,,,,,,,,,,,,,,,,,,,,,,,,,,,,,,,,,,,,,,,,,,,,,,,,,,,,,,,,,,,,,,,,,,*/flˈutule/,*/flutulˈaː/,,,,,,,,,,,,,,,,,,,,,,,,,,,,,,,,,,,,,,,,,,,,,,,,,,,,,,,,,,,,,,,,,,,,,,,,,,,,,,,,,,,,,,,,,,,,,,,,,,,,,,,,,,,,,,,,,,,*/βitimˈaː/,,,,,,,,,,,,,,,,,,,,,,,,,,,,,,,,,,,,,,,,,,,,,,,,,,,,,,,,,,,,,,,,,,,,,,,,,,,,,,,,,,,,,,,,,,,,,,,,,,,,,,,,,,,,,,,,,,,,,,,,,,,,,,,,,,,,,,,,,,,,,,,,,,,,,,,,,,,,,,,,,,,,,,,*/aββˈis/,,,,,,,,,,,,,,,,,,,,,,,,,,,,,,,,,,,,,,,,,,,,,,,,,,,,,,,,,,,,,,,,,,,,,,,,,,,,,,,,,,,,,,,,,,,,,,,,,,,,,,,,,,,,,,,,,,,,,,,,,,,,,,,,,,,,,,,,,,,,,,,,,,,,,,,,,,,,,,,,,,,,,,,,,,,,,,,,,,,,,,,,,,,,,,,,,,,,,,,,,,,,,,,,,,,,,,,,,,,,,,,,,,,,,,,,,,,,,,,,,,,,,,,,,,,,,,,,,,,,,,,,,,,,,,,,,,,,,,,,,,,,,,,,,,,,,,,,,,,,,,,,,,,,,,,,,,,,,,,,,,,,,,,,,,,,,
R106,,,,,,,,,,,,,,,,,,,,,,,,,,,,,,,,,,,,,,,,,,,,,,,,,,,,,,,,,,,,,,,,,,,,,,,,,,,,,,,,,,,,,,,,,,,,,,,,,,,,,,,,,,,,,,,,,,,,,,,,,,,,,,,,,,,,,,,,,,,,,,,,,,,,,,,,,,,,,,,,,,,,,,,,,,,,,,,,,,,,,,,,,,,,,,,,,,,,,,,,,,,,,,,,,,,,,,,,,,,,,,,,,,,,,,,,,,,,,,,,,,,,,,,,,,,,,,,,,,,,,,,,,,,,,,,,,,,,,,,,,,,,,,,,,,,,,,,,,,,,,,,,,,,,,,,,,,,,,,,,,,,,,,,,,,,,,,,,,,,,,,,,,,,,,,,,,,,,,,,,,,,,,,,,,,,,,,,,,,,,,,,,,,,,,,,,,*/rˈaːnja/,,,,,,,,,,,,,,,,,,,,,,,,,,,,,,,,,,,,,,,,,,,,,,,,,,,,,,,,,,,,,,,,,,,,,,,,,,,,,,,,,,,,,,,,,,,,,,,,,,,,,,,,,,,,,,,,,,,,,,,,,,,,,,,,,,,,,,,,,,,,,,,,,,,,,,,,,,,,,,,,,,,,,,,,,,,,,,,,,,,,,,,,,,,,,,,,*/prˈiːlje/,,,,,,,,,,,,,,,,,,,,,,,,,,,,,,,,,,,,,,,,,,,,,,,,,,,,,,,,,,,,,,,,,,,,,,,,,,,,,,,,,,,,,,,,,,,,,,,,,,,,,,,,,,,,,,,,,,,,,,,,,,,,,,,,,,,,,,,,,,,,,,,,,,,,,,,*/mnˈellu/,,,,,,,,,,,,,,,,,,,,,,,,,,,,,,,,,,,,,,,,,,,,,,,,,,,,,,,,,,,,,,,,,,,,,,,,,,,,,,,,,,,,,,,,,,,,,,,,,,,,,,,,,,,,,,,,,,,,,,,,,,,,,,,,,,,,,,,,,,,,,,,,,,,,,,,,,,,,,,,,,,,,,,,,,,,,,,,,,,,,,,,,,,,,,,,,,,,,,,,,,,,,,,,,,,,,,,,,,,,,,,,,,,,,,,,,,,,,,,,,,,,,,,,,,,,,,,,,,,,,,,,,,,,,,,,,,,,,,,,,,,,,,,,,,,,,,,,,,,,,,,,,,,,,,,,,,,,,,,,,,,,,,,,,,,,,,,,,,,,,,,,,,,,,,,,,,,,,,,,,,,,,,,,,,,,,,,,,,,,,,,,,,,,,,,,,,,,,,,,,,,,,,,,,,,,,,,,,,,,,,,,,,,,,,,,,,,,,,,,,,,,,,,,,,,,,,,,,,,,,,,,,,,,,,,,,,,,,,,,,,,,,,,,,,,,,,,,,,,,,,,,,,,,,,,,,,,,,,,,,,,,,,,,,,,,,,,,,,,,,,,,,,,,,,,,,,,,,,,,,,,,,,,,,,,,,,,,,,,,,,,,,,,,,,,,,,,,,,,,,,,,,,,,,,,,,,,,,,,,,,,,,,,,,,,,,,,,,,,,,,,,,,,,,,,,,,,,,*/ˈunklu/,,,,,,,,,,,,,,,,,,,,,,,,,,,,,,,,,,,,,,,,,,,
R107,,,,,,,,,,,,,,,,,,,,,,,,,,,,,,,,,,,,,,,,,,,,,,,,,,,,,,,,,,,,,,,,,,,,,*/prˈiːku/,,,,,,,,,,,,,,,,,,,,,,,,,,,,,,,,,,,,,,,,,,,,,,,,,,,,,,,,,,,,,,,,,,,,,,,,,,,,,,,,,,,,,,,,,,,,,,,,,,,,,,,,,,,,,,,,,,,,,,,,,,,,,,,,,,,,,,,,,,,,,,,,,,,,,,,,,,,,,,,,,,,,,,,,,,,,,,,,,,,,,,,,,,,,,,,,,,,,,,,,,,,,,,,,,,,,,,,,,,,,,,,,,,,,,,,,,,,,,,,,,,,,,,,,,,,,,,,,,,,,,,,,,,,,,,,,,,,,,,,,,,,,,,,,,,,,,,,,,,,,,,,,,,,,,,,,,,,,,,,,,,,,,,,,,,,,,,,,,,,,,,,,,,,,,,,,,,,,,,,,,,,,,,,,,,,,,,,,,,,,,,,,,,,,,,,,,,,,,,,,,,,,,,,,,,,,,,,,,,,,,,,,,,,,,,,,,,,,,,,,,,,,,,,,,,,,,,,,,,,,,,,,,,,,,,,,,,,,,,,,,,,,,,,,,,,,,,,,,,,,,,,,,,,,,,,,,,,,,,,,,,,,,,,,,,,,,,,,,,,,,,,,,,,,,,,,,,,,,,,,,,,,,,,,,,,,,,,,,,,,,,,,,,,,,,,,,,,,,,,,,,,,,,,,,,,,,,,,,,,,,,,,,,,,,,,,,,,,,,,,,,,,,,,,,,,,,,,,,,,,,,,,,,,,*/nnˈoːtinu/,,,,,,,,,,,,,,,,,,,,,,,,,,,,,,,,,,,,,,,,,,,,,,,,,,,,,,,,,,,,,,,,,,,,,,,,,,,,,,,,,,,,,,,,,,,,,,,,,,,,,,,,,,,,,,,,,,,,,,,,,,,,,,,,,,,,,,,,,,,,,,,,,,,,,,,,,,,,,,,,,,,,,,,,,,,,,,,,,,,,,,,,,,,,,,,,,,,,,,,,,,,,,,,,,,,,,,,,,,,,,,,,,,,,,,,,,,,,,,,,,,,,,,,,,,,,,,,,,,,,,,,,,,,,,,,,,,,,,,,,,,,,,,,,,,,,,,,,,,,,,,,,,,,,,,,,,,,,,,,,,,,,,,,,,,,,,,,,,,,,,,,,,,,,,,,,,,,,,,,,,,,,,,,,,,,,,,,,,,,,,,,,,,,,,,,,,,,,,,,,,,,,,,,,,,,,,,,,,,,,,,,,,,,,,,,,,,,,,,,,,,,,,,,,,,,,,,,,,,,,,,,,,,,,,,,,,,,,,,,,,,,,,,,,,,,,,,,,,,,,,,,,,,,,,,,,,,,,,,,,,,,,,,,,,,,,,,,,,,,,,,,,,,,,,,,,,,,,,,,,,,,,,,,,,,,,,,,,,,,,,,,,,,,,,,,,,,,,,,,,,,,,,,,,,,,,,,,,,,,,,,,,,,,,,,,,,,,,,,,,,,,,,,,,,,,,,,,,,,,,,,,,,,,,,,,,,,,,,,,,,,,,,,,,,,,,,,,,,,
R108,,,,*/adapˈaː/,,,,,,,,,,,,,,,,,,,,,,,,,,,,,,,,,,,,,,,,,*/ˈapa/,*/apˈaːrju/,*/apaːtˈoːsu/,,,,,,,,,,,,,,,,,,,,,,,,,,,,,,,,,,,,,,,,,,,,,,,,,,,,,,,,,,,,,,,,,,,,,,,,,,,,,,,,,,,,,,,,,,,,,,,,,,,,,,,,,,,,,,,,,,,,,,,,,,,,,,,,,,,,,,,,,,,,,,,,,,,,,,,,,,,,,,,,,,,,,,,,,*/lˈinba/,,,,,,,,,,,,,,,,,,,,,,,,,,,,,,,,,,,,,,,,,,,,,,,,,,,,,,,,,,,,,,,,,,,,,,,,,,,,,,,,,,,,,,,,,,,,,,,,,,,,,,,,,,,,,,,,,,,,,,,,,,,,,,,,,,,,,,,,,,,,,,,,,,,,,,,,,,,,,,,,,,,,,,,,,,,,,,,,,,,,,,,,,,,,,,,,,,,,,,,,,,,,,,,,,,,,,,,,,,,,,,,,,,,,,,,,,,,,,,,,,,,,,,,,,,,,,,,,,,,,,,,,,,,,,,,,,,,,,,,,,,,,,,,,,,,,,,,,,,,,,,,,,,,,,,,,,,,,,,,,,,,,,,,,,,,,,,,,,,,,,,,,,,,,,,,,,,,,,,,,,,,,,,,,,,,,,,,,,,,,,,,,,,,,,,,,,,,,,,,,,,,,,,,,,,,,,,,,,,,,,,,,,,,,,,,,,,,,,,,,,,,,,,,,,,,,,,,,,,,,,,,,,,,,,,,,,,,,,,,,,,,,,,,,,,,,,,,,,,,,,,,,,,,,,,,,,,,,,,,,,,,,,,,,,,,,*/ˈepa/,,,,,,,,,,,,,,,,,,,,,,,,,,,,,,,,,,,,,,,,,,,,,,,,,,,,,,,,,,,,,,,,,,,,,,,,,,,,,,,,,,,,,,,,,,,,,,,,,,,,,,,,,,,*/pantu/,,,,,,,,,,,,,,*/pˈattrβo/,,,,,,,,,,,,,,,,,,,,,,,,,,,,,,,,,,,,,,,,,,,,,,,,,,,,,,,,,,,,,,,,,,,,,,,,,,,,,,,,,,,,,,,,,,,,,*/parraːɡˈeːsimiː/,,,,,,,,,,,,,,,,,,,,,,,,,,,,,,,,,,,,,,,,,,,,,,,,,,,,,,,,,,,,,,,,,,,,,,,,,,,,,,,,,,,,,,,,,,,,,,,,,,,,,,,,,,,,,,,,,,,,,,,,,,,,,,,,,,,,,,,,,,,,,,,,,,,,,,,,,,,,,,,,,,,,,,,,,,,,,,,,,,,,,,,,,,,,,,,,,,,,,,,,,,,,,,,,,,,,,,,,,,,,,,,,,,,,,,,,,,,,,,,,,,,,,,,,,,,,,,,,,,,,,,,,,,,,,,,,,,,,,,,,,,,,,,,,,,,,,,,,,,,,,,,,,,,,,,,,,,,,,,,,,,,,,,,,,,,,,,,,,,,,,,,,,,,,,,,,,,,,,,,,,,,,,,,,,,,,,,,,,,,,,,,,,,,,,,,,,,,,,,,*/intrebˈaː/,,,,,,,,,,,,,,,,,,,,,,,,,,,,,,,,,,,,,,,,,,,,,,,,,,,,,,,,,,,,,,,,,,,,,,,,,,
R109,,,,,,,,,,,,,,,,,,,,,,,,,,,,,,,,,,,,,,,,,,,,,,,,,,,,,,,,,,,,,,,,,,,,,,,,,,,,,,,,,,,,,,,,,,,,,,,,,,,,,,,,,,,,,,,,,,,,,,,,,,,,,,,,,,,,,,,,,,,,,,,,,,,,,,,,,,,,,,,,,,,,,,,,,,,,,,,,,,,,,,,,,,,,,,,,,,,,,,,,,,,,,,,,,,,,,,,,,,,,,,,,,,,,,,,,,,,,,,,,,,,,,,,,,,,,,,,,,,,,,,,,,,,,,,,,,,,,,,,,,,,,,,,,,,,,,,,,,,,,,,,,,,,,,,,,,,,,,,,,,,,,,,,,,,,,,,,,,,,,,,,,,,,,,,,,,,,,,,,,,,,,,,,,,,,,,,,,,,,,,,,,,,,,,,,,,,,,,,,,,,,,,,,,,,,,,,,,,,,,,,,,,,,,,,,,,,,,,,,,,,,,,,,,,,,,,,,,,,,,,,,,,,,,,,,,,,,,,,,,,,,,,,,,,,,,,,,,,,,,,,,,,,,,,,,,,,,,,,,,,,,,,,,,,,,,,,,,,,,,,,,,,,,,,,,,,,,,,,,,,,,,,,,,,,,,,,,,,,,,,,,,,,,,,,,,,,,,,,,,,,,,,,,,,,,,,,,,,,,,,,,,,,,,,,,,,,,,,,,,,,,,,,,,,,,,,,,,,,,,,,,,,,,,,,,,,,,,,,,,,,,,,,,,,,,,,,,,,,,,,,,,,,,,,,,,,,,,,,,,,,,,,,,,,,,,,,,,,,,,,,,,,,,,,,,,,,,,,,,,,,,,,,,,,,,,,,,,,,,,,,,,,,,,,,,,,,,,,,,,,,,,,,,,,,,,,,,,,,,,,,,,,,,,,,,,,,,,,,,,,,,,,,,,,,,,,,,,,,,,,,,,,,,,,,,,,,,,,,,,,,,,,,,,,,,,,,,,,,,,,,,,,,,,,,,,,,,,,,,,,,,,,,,,,,,,,,,,,,,,,,,,,,,,,,,,,,,,,,,,,,,,,,,,,,,,,,,,,,,,,,,,,,,,,,,,,,,,,,,,,,,,,,,,,,,,,,,,,,,,,,,,,,,,,,,,,,,,,,,,,,,,,,,,,,,,,,,,,,,,,,,,,,,,,,,,,,,,,,,,,,,,,,,,,,,,,,,,,,,,,,,,,,,,,,,,,,,,,,,,,,,,,,,,,,,,,,,,,,,,,,,,,,,,,,,,,,,,,,,,,,,,,,,,,,,,,,,,,,,,,,,,,,,,,,,,,,,,,,,,,,,,,,,,,,,,,,,,,,,,,,,,,,,,,,,,,,,,,,,,,,,,,,,,,,,,,,,,,,,,,,,,,,,,,,,,,,,,,,,,,,,,,,,,,,,,,,,,,,,,,,,,,,,,,,,,,,,,,,,,,,,,,,,,,,,,,,,,,,,,,,,,,,,,,,,,,,,,,,,,,,,,,,,,,,,,,,,,,,,,,,,,,,,,,,,,,,,,,,,,,,,,,,,,,,,,,,,,,,,,,,,,,,,,,,,,,,,
R110,,,,,,,,,,,,,,,,,,,,,,,,,,,,,,,,,,,,,,,,,,,,,,,,,,,,,,,,,,,,,,,,,,,,,,,,,,,,,,,,,,,,,,,,,,,,,,,,,,,,,,,,,,,,,,,,,,,,,,,,,,,,,,,,,,,,,,,,,,,,,,,,,,,,,,,,,,,,,,,,,,,,,,,,,,,,,,,,,,,,,,,,,*/iskantˈilja/,*/ispˈissu/,*/istrˈambu/,,*/istˈuːla/,,,,,,,,,,,,,,,,,*/istˈaːtu/,,,,,,,,,,,,,,,,,,,,,,,,,,,,,,,,,,,,,*/ispiːnˈaːle/,*/isplˈeːna/,,,,,,,,,,,,,,,,,,,,,,,,,,,,,,,,,,*/isternuːtˈaː/,,,,,,,,,,,,,,,,,,,,,,,,,,,,,,,,,,,,,,,,,,,,,,,,,*/ispurkˈaː/,,,,,,,,,,,,,,,,,,,,,,,,,,,,,,,,,,,,,,,,,,,,,,,,,,,,,,,,,,,*/iskˈiβ/,*/iskˈiː/,,,,,,,,,,,,,,,,,,,,,,,,,,,,,,,,,,,,,,,,,,,,,,,,,,,,,,,,,,,,,,,,,,,,,,,,,,,,,,,,,,,,,,,,,,,,,,,,,,,,,,,,,,,,,,*/iskˈaːla/,*/istˈylu/,,,,,,,*/iskˈortja/,*/istrˈaːtu/,,,,,,,,,,,,,,,,,,,,,,,,,*/ispˈurju/,,,,,,,,,,,,,,,,,,,,,,,,,,,,,,,,,,,,,,,,,,,,,,,,,,,,,,,,,,,,,,,,,,,,,,,,,,,,,,,,*/iskamnˈellu/,,,,,,,,,,,,,,,,,,,,,,,,,,,,,,*/ispˈiːku/,*/ispˈiːnu/,,,,,,,,,,,,,,,,,,,,,,,,,,,,,,,,,,,,,,,,,,,,,,,,,,,,,,,,,,,,,,,,,,,,,,,,,,,,,,,,,,,,,,,,,,,,,,,,,,,,,,,,,,,,,,,,,,,,,,*/iskrˈoːfa/,,,,,,,,,,,,,,,,,,,,,,,,,,,,,,,,,,,,,,,,,,,*/istrˈiːɡa/,*/istˈurdju/,,,,,,,,,,,,,,,,,,,,,,,,,,,,,,,,,,,,,,,,,,,,,,,,,,,,,,,,,,,,,,,,,,,,,,,,,,,,,,,,,,,,,,,,,,,,,,,,,*/iskˈorbula/,*/iskˈorbu/,,,*/istrˈintu/,,,,,,,,,,,,,,,,,,,,,,,,,,,,*/isklˈaβu/,,,,,,,,,,,,,,,,,,,,,,,,,,,,,,,,,,,,,,,,,*/iskrˈiːbe/,*/iskriːptˈuːra/,,,,,,,,,,,,,,,,,,,,,,,,,,,,,,,,,,,,,*/istˈinɡβe/,,,,,,,,,,,,,,,,,,,,,,,,,,,,,,,*/istˈaːnku/,,*/isprˈe/,,,,,,,,,,,,,,,,,,,,,,,,,,,,,,,,,*/istˈaː/,,,,,,,,,,,,,,,,,,,*/iskarpinˈaː/,*/ispˈarɡe/,*/istrˈinɡe/,,,,,,,,,,,,,,,,,,,,,,,,,,,,,,,,,,,,,,,,,,,,,,,,,,,,,,,,,,,,,,,,,,,,,,,,,,,,,,,,,,,,,,,,,,,,,,,,,,,,,,,,,,,,,,,,,,,*/istˈablu/,*/istimulˈaːrja/,,,,,,,,,,,,,,,*/istˈupu/,,,,,,,,,,,,,,,,*/iskˈutu/,,,,,,,,,,,,,,,,,,,,,*/ispˈata/,*/iskˈaːma/,*/istˈuppa/,,,,,,,,,,,*/iskandˈula/,,,,,,,,,,,,,,,,,,,,,,,,,,,*/ispˈuːma/,,,,,,,,,,*/istriɡˈaː/,,,,,,,,,,,,,,,,,,,,,,,,,,,,,,,,,,,,,,,,,,,,,,,,,,,,,,,,,,,*/ispeːrˈaː/,,,,,,,,*/iskˈabja/,,*/iskˈamnu/,,,,,,,,,,*/iskˈiːs/,,,,,,,,,,,,,,,,,,,,,*/istˈeːlla/,,,,,,,,,,,,,,*/iskˈoβra/,,,,
R111,,,,,,,,,,,,,,,,,,,,,,,,,,,,,,,,,,,,,,,,,,,,,,,,,,,,,,,,,,,,,,,,,,,,,,,,,,,,,,,,,,,,,,,,,,,,,,,,,,,,,,,,,,,,,,,,,,,,,,,,,,,,,,,,,,,,,,,,,,,,,,,,,,,,,,,,,,,,,,,,,,,,,,,,,,,,,,,,,,,,,,,,,,,,,,,,,,,,,,,,,,,,,,,,,,,,,,,,,,,,,,,,,,,,,,,,,,,,,,,,,,,,,,,,,,,,,,,,,,,,,,,,,,,,,,,,,,,,,,,,,,,,,,,,,,,,,,,,,,,,,,,,,,,,,,,,,,,,,,,,,,,,,,,,,,,,,,,,,,,,,,,,,,,,,,,,,,,,,,,,,,,,,,,,,,,,,,,,,,,,,,,,,,,,,,,,,,,,,,,,,,,,,,,,,,,,,,,,,,,,,,,,,,,,,,,,,,,,,,,,,,,,,,,,,,,,,,,,,,,,,,,,,,,,,,,,,,,,,,,,,,,,,,,,,,,,,,,,,,,,,,,,,,,,,,,,,,,,,,,,,,,,,,,,,,,,,,,,,,,,,,,,,,,,,,,,,,,,,,,,,,,,,,,,,,,,,,,,,,,,,,,,,,,,,,,,,,,,,,,,,,,,,,,,,,,,,,,,,,,,,,,,,,,,,,,,,,,,,,,,,,,,,,,,,,,,,,,,,,,,,,,,,,,,,,,,,,,,,,,,,,,,,,,,,,,,,,,,,,,,,,,,,,,,,,,,,,,,,,,,,,,,,,,,,,,,,,,,,,,,,,,,,,,,,,,,,,,,,,,,,,,,,,,,,,,,,,,,,,,,,,,,,,,,,,,,,,,,,,,,,,,,,,,,,,,,,,,,,,,,,,,,,,,,,,,,,,,,,,,,,,,,,,,,,,,,,,,,,,,,,,,,,,,,,,,,,,,,,,,,,,,,,,,,,,,,,,,,,,,,,,,,,,,,,,,,,,,,,,,,,,,,,,,,,,,,,,,,,,,,,,,,,,,,,,,,,,,,,,,,,,,,,,,,,,,,,,,,,,,,,,,,,,,,,,,,,,,,,,,,,,,,,,,,,,,,,,,,,,,,,,,,,,,,,,,,,,,,,,,,,,,,,,,,,,,,,,,,,,,,,,,,,,,,,,,,,,,,,,,,,,,,,,,,,,,,,,,,,,,,,,,,,,,,,,,,,,,,,,,,,,,,,,,,,,,,,,,,,,,,,,,,,,,,,,,,,,,,,,,,,,,,,,,,,,,,,,,,,,,,,,,,,,,,,,,,,,,,,,,,,,,,,,,,,,,,,,,,,,,,,,,,,,,,,,,,,,,,,,,,,,,,,,,,,,,,,,,,,,,,,,,,,,,,,,,,,,,,,,,,,,,,,,,,,,,,,,,,,,,,,,,,,,,,,,,,,,,,,,,,,,,,,,,,,,,,,,,,,,,,,,,,,,,,,,,,,,,,,,,,,,,,,,,,,,,,,,,,,,,,,,,,,,,,,,,,,,,,,,,,,,,,,,,,,,,,,,,,,,,,,,,,,,,,,,,,,,,
R112,,,,,,,,,,,,,,,,,,,,,,,,,,,,,,,,,,,,,,,,,,,,,,,,,,,,,,,,,,,,,,,,,,,,,,,,,,,,,,,,,,,,,,,,,,,,,,,,,,,,,,,,,,,,,,,,,,,,,,,,,,,,,,,,,,,,,,,,,,,,,,,,,,,,,,,,,,,,,,,,,,,,,,,,,,,,,,,,,,,,,,,,,,,,,,,,,,,,,,,,,,,,,,,,,,,,,,,,,,,,,,,,,,,,,,,,,,,,,,,,,,,,,,,,,,,,,,,,,,,,,,,,,,,,,,,,,,,,,,,,,,,,,,,,,,,,,,,,,,,,,,,,,,,,,,,,,,,,,,,,,,,,,,,,,,,,,,,,,,,,,,,,,,,,,,,,,,,,,,,,,,,,,,,,,,,,,,,,,,,,,,,,,,,,,,,,,,,,,,,,,,,,,,,,,,,,,,,,,,,,,,,,,,,,,,,,,,,,,,,,,,,,,,,,,,,,,,,,,,,,,,,,,,,,,,,,,,,,,,,,,,,,,,,,,,,,,,,,,,,,,,,,,,,,,,,,,,,,,,,,,,,,,,,,,,,,,,,,,,,,,,,,,,,,,,,,,,,,,,,,,,,,,,,,,,,,,,,,,,,,,,,,,,,,,,,,,,,,,,,,,,,,,,,,,*/plˈaju/,,,,,,,,,,,,,,,,,,,,,,,,,,,,,,,,,,,,,,,,,,,,,,,,,,,,,,,,,,,,,,,,,,,,,,,,,,,,,,,,,,,,,,,,,,,,,,,,,,,,,,,,,,,,,,,,,,,,,,,,,,,,,,,,,,,,,,,,,,,,,,,,,,,,,,,,,,,,,,,,,,,,,,,,,,,,,,,,,,,,,,,,,,,,,,,,,,,,,,,,,,,,,,,,,,,,,,,,,,,,,,,,,,,,,,,,,,,,,,,,,,,,,,,,,,,,,,,,,,,,,,,,,,,,,,,,,,,,,,,,,,,,,,,,,,,,,,,,,,,,,,,,,,,,,,,,,,,,,,,,,,,,,,,,,,,,,,,,,,,,,,,,,,,,,,,,,*/parraːˈeːsimiː/,,,,,,,,,,,,,,,,,,,,,,,,,,,,,,,,,,,,,,,,,,,,,,,,,,,,,,,,,,,,,,,,,,,,,,,,,,,,,,,,,,,,,,,,,,,,,,,,,,,,,,,,,,,,,,,,,,,,,,,,,,,,,,,,,,,,,,,,,,,,,,,,,,,,,,,,,,,,,,,,,,,,,,,,,,,,,,,,,,,,,,,,,,,,,,,,,,,,,*/maˈistru/,,,,,,,,,,,,,,,,,,,,,,,,,,,,,,,,,,,,,,,,,,,,,,,,,,,,,,,,,,,,,,,,,,,,,,,,,,,,,,,,,,,,,,,,,,,,,,,,,,,,,,,,,,,,,,,,,,,,,,,,,,,,,,,,,,,,,,,,,,,,,*/korrˈija/,,,,,,,,,,,,,,,,,,,,,,,,,,,,,,,,,,,,,,,,,,,,,,,,,,,,,,,,,,,,,,,,,,,,,,,,,,,,,,,,,,,,,,,,,,,,,,,,,,,,,,,,,,,,,,,,,,,,,,,,,,,,,,,,,,,,,,,*/mˈais/
R113,,,,,,,,,,,,,,,,,,,,,,,,,,,,,,,,,,,,,,,,,,,,,,,,,,,,,,,,,,,,,,,,,,,,,,,,,,,,,,,,,,,,,,,,,,,,,,,,,,,,,,,,,,,,,,,,,,,,,,,,,,,,,,,,,,,,,,,,,,,,,,,,,*/ɡjˈyːru/,*/inpreɡjˈyːru/,,,,,,,,,,*/inkonɡjyːrˈaː/,,,,,,,,,,,,,,,,,,,,,,,,,,,,,,,,,,,,,,,,,,,,,,,,,,,,,,,,,,,,,,,,,,,,,,,,,,,,,,,,,,,,,,,,,,,,,,,,,,,,,,,,,,,,,,,,,,,,,,,,,,,,,,,,,,,,,,,,,,,,,,,,,,,,,,,,,,,,,,,,,,,,,,,,,,,,,,,,,,,,,,,,,,,,,,,,,,,,,,,,,,,,,,,,,,,,,,,,,,,,,,,,,,,,,,,,,,,,,,,,,*/kjˈyma/,,,,,,,,,,,,,,,,,,,,,,,,,,,,,,,,,,,,,,,,,,,,,,,,,,,,,,,,,,,,,,,,,,*/kjˈyːlu/,,,,,,,,,,,,,,,,,,,,,,,,,,,,,,,,,,,,,,,,,,,,,,,,,,,,,,,,,,,,,,,,,,,,,,,,,,,,,,,,,,,,,,,,,,,,,,,,,,,,,,,,,,,,,,,,,,,,,,,,,,,,,,,,,,,,,,,,,,,,,,,,,,,,,,,,,,,,,,,,,,,,,,,,,,,,,,,,,,,,,,,,,,,,,,,,,,,,,,,,,,,,,,,,,,,,,,,,,,,,,,,,,,,,,,,,,,,,,,,,,,,,,,,,,,,,,,,,,,,,,,,,,,,,,,,,,,,,,,,,,,,,,,,,,,,,,,,,,,,,,,,,,,,,,,,,,,,,,,,,,,,,,,,,,,,,,,,,,,,,,,,,,,,,,,,,,,,,,,,*/ɡrjˈylljolu/,,,,,,,,,,,,,,,,,,,,,,,,,,,,,,,,,,,,,,,,,,,,,,,,,,,,,,,,,,,,,,,,,,,,,,,,,,,,,,,,,,,,,,,,,,,,,,,,,,,,,,,,,,,,,,,,,,,,,,,,,,,,,,,,,,,,,,,,,,,,,,,,,,,,,,,,,,,,,,,,,,,,,,,,,,,,,,,,,,,,,,,,,,,,,,,,,,,,,,,,,,,,,,,,,,,,,,,,,,,,,,,,,,,,,,,,,,,,,,,,,,,,,,,,,,,,,,,,,,,,,,,,,,,,,,,,,,,,,,,,,,,,,,,,,,,,,,,,,,,,,,,,,,,,,,,,,,,,,,,,,,,,,,,,,,,,,,,,,,,,,,,,,,,,,,,,,,,,,,,,,,,,,,,,,,,,,,,,,,,,,,,,,,,,,,,,,,,,,,,,,,,,,,,,,,,,,,,,,,,,,,,,,,,,,,,,,,,,,,,,,,,,,,,,,,,,,,,,,,,,,,,,,,,,,,,,,,,,,,,,,,,,,,,,,,,,,,,,,,,,,,,,,,,,,,,,,,,,,,,,,,,,,,,,,,,,,,,,,,,,,,,,,,,,,,,,,,,,,,,,,,,,,,,,,,,,,,,,,,,,,,,,,,,,,,,,,,,,,,,,,,,,,,,,,,,,,
R114,,,,,,,,,,,,,,,,,,,,,,,,,,,,,,,,,,,,,,,,,,,,,,,,,,,,,,,,,,,,,,,,,,,,,,,,,,,,,,,,,,,,,,,,,,,,,,,,,,,,,,,,,,,,,,,,,,,,,,,,,,,,,,,,,,,,,,,,,,,,,,,,,,,,,,,,,,,,,,,,,,,,,,,,,,,,,,,,,,,,,,,,,,,,,,,,,,,,,,,,,,,,,,,,,,,,,,,,,,,,,,,,,,,,,,,,,,,,,,,,,,,,,,,,,,,,,,,,,,,,,,,,,,,,,,,,,,,,,,,,,,,,,,,,,,,,,,,,,,,,,,,,,,,,,,,,,,,,,,,,,,,,,,,,,,,,,,,,,,,,,,,,,,,,,,,,,,,,,,,,,,,,,,,,,,,,,,,,,,,,,,,,,,,,,,,,,,,,,,,,,,,,,,,,,,,,,,,,,,,,,,,,,,,,,,,,,,,,,,,,,,,,,,,,,,,,,,,,,,,,,,,*/kˈiːlu/,,,,,,,,,,,,,,,,,,,,,,,,,,,,,,,,,,,,,,,,,,,,,,,,,,,,,,,,,,,,,,,,,,,,,,,,,,,,,,,,,,,,,,,,,,,,,,,,,,,,,,,,,,,,,,,,,,,,,,,,,,,,,,,,,,,,,,,,,,,,,,,,,,,,,,,,,,,,,,,,,,,,,,,,,,,,,,,,,,,,,,,,,,,,,,,,,,,,,,,,,,,,,,,,,,,,,,,,,,,,,,,,,,,,,,,,,,,,,,,,,,,,,,,,,,,,,,,,,,,,,,,,,,,,,,,,,,,,,,,,,,,,,,,,,,,,,,,,,,,,,,,,,,,,,,,,,,,,,,,,,,,,,,,,,,,,,,,,,,,,,,,,,,,,,,,,,,,,,,,*/ɡrˈilljolu/,,,,,,,,,,,,,,,,,,,,,,,,,,,,,,,,,,,,,,,,,,,,,,,,,,,,,,,,,,,,,,,,,,,,,,,,,,,,,,,,,,,,,,,,,,,,,,,,,,,,,,,,,,,,,,,,,,,,,,,,,,,,,,,,,,,,,,,,,,,,,,,,,,,,,,,,,,,,,,,,,,,,,,,,,,,,,,,,,,,,,,,,,,,,,,,,,,,,,,,,,,,,,,,,,,,,,,,,,,,,,,,,,,,,,,,,,,,,,,,,,,,,,,,,,,,,,,,,,,,,,,,,,,,,,,,,,,,,,,,,,,,,,,,,,,,,,,,,,,,,,,,,,,,,,,,,,,,,,,,,,,,,,,,,,,,,,,,,,,,,,,,,,,,,,,,,,,,,,,,,,,,,,,,,,,,,,,,,,,,,,,,,,,,,,,,,,,,,,,,,,,,,,,,,,,,,,,,,,,,,,,,,,,,,,,,,,,,,,,,,,,,,,,,,,,,,,,,,,,,,,,,,,,,,,,,,,,,,,,,,,,,,,,,,,,,,,,,,,,,,,,,,,,,,,,,,,,,,,,,,,,,,,,,,,,,,,,,,,,,,,,,,,,,,,,,,,,,,,,,,,,,,,,,,,,,,,,,,,,,,,,,,,,,,,,,,,,,,,,,,,,,,,,,,,,,,,
R115,,,,,,,,,,,,,,,,,,,,,,,,,,,,,,,,,,,,,,,,,,,,,,,,,,,,,,,,,,,,,,,,,,,,,,,,,,,,,,,,,,,,,,,,,,,,,,,,,,,,,,,,,,,,,,,,,,,,,,,,,,,,,,,,,,,,,,,,,,,,,,,,,*/ɡjˈuːru/,*/inpreɡjˈuːru/,,,,,,,,,,*/inkonɡjuːrˈaː/,,,,,,,,,,,,,,,,,,,,,,,,,,,,,,,,,,,,,,,,,,,,,,,,,,,,,,,,,,,,,,,,,,,,,,,,,,,,,,,,,,,,,,,,,,,,,,,,,,,,,,,,,,,,,,,,,,,,,,,,,,,,,,,,,,,,,,,,,,,,,,,,,,,,,,,,,,,,,,,,,,,,,,,,,,,,,,,,,,,,,,,,,,,,,,,,,,,,,,,,,,,,,,,,,,,,,,,,,,,,,,,,,,,,,,,,,,,,,,,,,*/kjˈuma/,,,,,,,,,,,,,,,,,,,,,,,,,,,,,,,,,,,,,,,,,,,,,,,,,,,,,,,,,,,,,,,,,,,,,,,,,,,,,,,,,,,,,,,,,,,,,,,,,,,,,*/istˈulu/,,,,,,,,,,,,,,,,,,,,,,,,,,,,,,,,,,,,,,,,,,,,,,,,,,,,,,,,,,,,,,,,,,,,,,,,,,,,,,,,,,,,,,,,,,,,,,,,,,,,,,,,,,,,,,,,,,,,,,,,,,,,,,,,,,,,,,,,,,,,,,,,,,,,,,,,,,,,,,,,,,,,,,,,,,,,,,,,,,,,,,,,,,,,,,,,,,,,,,,,,,,,,,,*/pˈapura/,,,,,,,,,,,,,,,,,,,,,,,,,,,,,,,,,,,,,,,,,,,,,,,,,,,,,,,,,,,,,,,,,,,,,,,,,,,,,,,,,,,,,,,,,,,,,,,,,,,,,,,,,,,,,,,,,,,,,,,,,,,,,,,,,,,,,,,,,,,,,,,,,,,,,,,,,,,,,,,,,,,,,,,,,,,,,,,,,,,,,,,,,,,,,,,,,,,,,,,,,,,,,,,,,,,,,,,,,,,,,,,,,,,,,,,,,,,,,,,,,,,,,,,,,,,,,,,,,,,,,,,,,,,,,,,,,,,,,,,,,,,,,,,,,,,,,,,,,,,,,,,,,,,,,,,,,,,,,,,,,,,,,,,,,,,,,,,,,,,,,,,,,,,,,,,,,,,,,,,,,,,,,,,,,,,,,,,,,,,,,,,,,,,,,,,,,,,,,,,,,,,,,,,,,,,,,,,,,,,,,,,,,,,,,,,,,,,,,,,,,,,,,,,,,,,,,,,,,,,,,,,,,,,,,,,,,,,,,,,,,,,,,,,,,,,,,,,,,,,,,,,,,,,,,,,,,,,,,,,,,,,,,,,,,,,,,,,,,,,,,,,,,,,,,,,,,,,,,,,,,,,,,,,,,,,,,,,,,,,,,,,,,,,,,,,,,,,,,,,,,,,,,,,,,,,,,,,,,,,,,,,,,,,,,,,,,,,,,,,,,,,,,,,,,,,,,,,,,,,,,,,,,,,,,,,,,,,,,,,,,,,,,,,,,,,,,,,,,,,,,,,,,,,,,,,,,,,,,,,,,,,,,,,,,,
R116,,,,,,,,,,,,,,,,,,,,,,,,,,,,,,,,,,,,,,,,,,,,,,,,,,,,,,,,,,,,,,,,,,,,,,,,,,,,,,,,,,,,,,,,,,,,,,,,,,,,,,,,,,,,,,,,,,,,,,,,,,,,,,,,,,,,,,,,,,,,,,,,,,,,,,,,,,,,,,,,,,,,,,,,,,,,,,,,,,,,,,,,,,,,,,,,,,,,,,,,,,,,,,,,,,,,,,,,,,,,,,,,,,,,,,,,,,,,,,,,,,,,,,,,,,,,,,,,,,,,,,,,,,,,,,,,,,,,,,,,,,,,,,,,,,,,,,,,,,,,,,,,,,,,,,,,,,,,,,,,,,,,,,,,,,,,,,,,,,,,,,,,,,,,,,,,,,,,,,,,,,,,,,,,,,,,,,,,,,,,,,,,,,,,,,,,,,,,,,,,,,,,,,,,,,,,,,,,,,,,,,,,,,,,,,,,,,,,,,,,,,*/faskiˈoːla/,,,,,,,,,,,,,,,,,,,,,,,,,,,,,,,,,,,,,,,,,,,*/kapreˈoːlu/,,,,,,,,*/osteˈoːlu/,,,,,,,,,,,,,,,,,,,,,,,,,,,,,,,,,,,,,,,,,,,,,,,,,,,,,,,,,,,,,,,,,,,,,,,,,,,,,,,,,,,,,,,,,,,,,,,,,,,,,,,,,,,,,,,,,,,,,,,,,,,,,,,,,,,,,,,,,,,,,,,,,,,,,,,,,,,,,,,,,,,,,,,,,,,,,,,,,,,,,,,,,,,,,,,,,,,,,,,,,,,*/areˈoːlu/,,,,,,,,,,,,*/βiˈoːla/,,,,,,,,,,,,,,,,,,,,,,,,,,,,,,*/ariˈeːte/,,,,,,,,,,,,,,,,,,,,,,,,,,,,,,,,,,,,,,,,,,,,,,,,,,,,,,,,,,,,,,,,,,,,,,,,,,,,,,,,,,,,,,,,,,,,,,,,,,,,,,,,,,,,,,,,,,,,,,,,,,,,,,,,,,,,,,,,,,,,,,,,,,,,,,,,,,,,,,,,,,,,,,,,,,,,,,,,*/koˈoːrte/,,,,,,,,,,,,,,,,,,,,,,,,,,,,,,,,,,,,,,,,,,,,,,,,,,,,,,,,,,,,,,,,,,,,,,,,,,,,,,,,,,,,,,,,,,,,,,,,,,,,,,,,,,,,,,,,,,,,,,,,,,,,,,,,,,,,,,,,,,,,,,,,,,,,,,,,,,,,,,,,,,,,,,,,,,,,,,,,,,,,,,,,,,,,,,,,,,,,,,,,,,,,,,,,,,,,,,,,,,,,,,,,,,,,,,,,,,,,,,,,,,,,,,,,,,,,,,,,,,,,,,,,,,,,,,,,,,,,,,,,,,,,,,,,,,,,,,,,,,,,,,,,,,,,,,,,,,,,,,,,,,,,,,,,,,,,,,,,,,,,,,,,,,,,,,,,,,,,,,,,,,,,,,,,,,,,,,,,,,,,,,,,,,,,,,,,,,,,,,,,,,,,,,,,,,,,,,,,,,,,,,,,,,,,,,,,,,,,,,,,,,,,,,,,*/muliˈeːre/,*/pariˈeːte/,,,,,,,,,,,,,,,,,,,,,,,,,,,,,,,,,,,,,,,,,,,,,,,,,,,,,,,,,,,,,,,,,,,,,,,,
R117,,,,,,,,,,,,,,,,,,,,,,,,,*/apriˈende/,,,,,,,,,,,,,,,,,,,,,,,,,,,,,,,,,,,,,,,,,,,,,,,,,,,,,,,,,,,,,,,,,,,,,,,,,,,,,,,,,,,,,,,,,,,,,,,,,,,,,,,,,,,,,,,,,,,,,,,,,,,,,,,,,,,,,,,,,,,,,,,,,,,,,,,,,,,,,,,,,,,,,,,,,,,,,,,,,,,,,,,,,,,,,,,,,,,,,,,,,,,,,,,,,,,,,,,,,,,,,,,,,,,,,,,,,,,,,,,,,,,,,,,,,,,,,,,,,,,,,,,,,,,,,,,,,,,,,,,,,,,,,,,,,,,,,,,,,,,,,,,,,,,,,,,,,,,,,,,,,,,,,,,,,,,,,,,,,,,,,,,,,,,,,,,,,,,,,,,,,,,,,,,,,,,,,,,,,,,,,,,,,,,,,,,,,,,,,,,,,,,,,,,,,,,,,,,,,,,,,,,,,,,,,,,,,,,,,,,,,,,,,,,,,,,,,,,,,,,,*/kapriˈoːlu/,,,,,,,,*/ostiˈoːlu/,,,,,,,,,,,,,,,,,,,,,,,,,,,,,,,,,,,,,,,,,,,,,,,,,,,,,,,,,,,,,,,,,,,,,,,,,,,,,,,,,,,,,,,,,,,,,,,,,,,,,,,,,,,,,,,,,,,,,,,,,,,,,,,,,,,,,,,,,,,,,,,,,,,,,,,,,,,,,,,,,,,,,,,,,,,,,,,,,,,,,,,,,,,,,,,,,,,,,,,,,,,*/ariˈoːlu/,,,,,,,,,,,,,,,,,,,,,,,,,,,,,,,,,,,,,,,,,,,,,,,,,,,,,,,,,,,,,,,,,,,,,,,,,,,,,,,,,,,,,,,,,,,,,,,,,,,,,,,,,,,,,,,,,,,,,,,,,,,,,,,,,,,,,,,,,,,,,,,,,,,,,,,,,,,,,,,,,,,,,,,,,,,,,,,,,,,,,,,,,,,,,,,,,,,,,,,,,,,,,,,,,,,,,,,,,,*/kuˈoːrte/,,,,,,,,,,,,,,,,,,,,,,,,,,,,,,,,,,,,,,,,,,,,,,,,,,,,,,,,,,,,,,,,,,,,,,,,,,,,,,,,,,,,,,,,,,,,,,,,,,,,,,,,,,,,,,,*/akkiˈikke/,,,,,,,,,,,,,,,,,,,,,,,,,,,,,,,,,,,,,,,,,,,,,,,,,,,,,,,,,,,,,,,,,,,,,,,,,,,,,,,,,,,,,,,,,,,,,,,,,,,,,,,,,,,,,,,,,,,,,,,,,,,,,,,,,,,,,,,,,,,,,,,,,,,,,,,,,,,,,,,,,,,,,,,,,,,,,,,,,,,,,,,,,,,,,,,,,,,,,,,,,,,,,,,,,,,,,,,,,,,,,,,,,,,,,,,,,,,,,,,,,,,,,,,,,,,,,,,,,,,,,,,,,,,,,,,,,,,,,,,,,,,,,,,,,,,,,*/priˈende/,,,,,,,,,,,,,,,,,,,,,,,,,,,,,,,,,,,,,,,,,,,,,,,,,,,,,,,,,,,,,,,,,,,,,,,,,,,,,,,,,,,,,,,,,,,,,,,,,,,,,,,,,,,,,,,,,,,,,
R118,,,,,,,,,,,,,,,,,,,,,,,,,,,,,,,,,,,,,,,,,,,,,,,,,,,,,,,,,,,,,,,,,,,,,,,,,,,,,,,,,,,,,,,,,,,,,,,,,,,,,,,,,,,,,,,,,,,,,,,,,,,,,,,,,,,,,,,,,,,,,,,,,,,,,,,,,,,,,,,,,,,,,,,,,,,,,,,,,,,,,,,,,,,,,,,,,,,,,,,,,,,,,,,,,,,,,,,,,,,,,,,,,,,,,,,,,,,,,,,,,,,,,,,,,,,,,,,,,,,,,,,,,,,,,,,,,,,,,,,,,,,,,,,,,,,,,,,,,,,*/fˈii/,,,,,,,,,,,,,,,,,,,,,,,,,,,,,,,,,,,,,,,,,,,,,,,,,,,,,,,,,,,,,,,,,,,,,,,,,,,,,,,,,,,,,,,,,,,,,,,,,,,,,,,,,,,,,,,,,,,,,,,,,,,,,,,,,,,,,,,,,,,,,,,,,,,,,,,,,,,,,,,,,,,,,,,,,,,,,,,,,,,,,,,,,,,,,,,,,,,,,,,,,,,,,,,,,,,,,,,,,,,,,,,,,,,,,,,,,,,,,,,,,,,,,,,,,,,,,,,,,,,,,,,,,,,,,,,,,*/dˈii/,,,,,,,,,,,,,,,,,,,,,,,,,,,,,,,,,,,,,,,,,,,,,,,,,,,,,,,,,,,,,,,,,,,,,,,,,,,,,,,,,,,,,,,,,,,,,,,,,,,,,,,,,,,,,,,,,,,,,,,,,,,,,,,,,,,,,,,,,,,,,,,,,,,,,,,,,,,,,,,,,,,,,,,,,,,,,,,,,,,,,,,,,,,,,,,,,,,,,,,,,,,,,,,,,,,,,,,,,,,,,,,,*/ɡrˈui/,,,,,,,,,,,,,,,,,,,,,,,,,,,,,,,,,,,,,,,,,,,,,,,,,,,,,,,,,,,,,,,,,,,,,,,,,,,,,,,,,,,,,,,,,,,,,,,,,,,,,,,,,,,,,,,,,,,,,,,,,,,,,,,,,,,,,,,,,,,,,,,,,,,,,,,,,,,,,,,,,,,,,,,,,,,,,,,,,,,,,,,,,,,,,,,,,,,,,,,,,,,,,,,,,,,,,,,,,,,,,,,,,,,,,,,,,,,,,,,,,,,,,,,,,,,,,,,,,,,,,,,,,,,,,,,,,,,,,,,,,,,,,,,,,,,,,,,,,,,,,,,,,,,,,,,,,,,,,,,,,,,,,,,,,,,,,,,,,,,,,,,,,,,,,,,,,,,,,,,,,,,,,,,,,,,,,,,,,,,,,,,,,,,,,,,,,,,,,,,,,,,,,,,,,,,,,,,,,,,,,,,,,,,,,,,,,,,,,,,,,,,,,,,,,,,,,,,,,,,,,,,,,,,,,,,,,,,,,,,,,,,,,,,,,,,,,,,,,,,,,,,,,,,,,,,,,,,,,,,,,,,,,,,,,,,,,,,,,,,,,,,,,,,,,,,,,,,,,,,,,,,,,,,,,,,,,,,,,,,,,,,,,,,,,,,,,,,,,,,,,,,,,,,,,,,,,,,,,,,,,,,,,,,,,,,,,,,,,,,
R119,,,,,,,,,,,,,,,,,,,,,,,,,,,,,,,,,,,,,,,,,,,,,,,,,,,,,,,,,,,,,,,,,,,,,,,,,,,,,,,,,,,,,,,,,,,,,,,,,,,,,,,,,,,,,,,,,,,,,,,,,,,,,,,,,,,,,,,,,,,,,,,,,,,,,,,,,,,,,,,,,,,,,,,,,,,,,,,,,,,,,,,,,,,,,,,,,,,,,,,,,,,,,,,,,,,,,,,,,,,,,,,,,,,,,,,,,,,,,,,,,,,,,,,,,,,,,,,,,,,,,,,,,,,,,,,,,,,,,,,,,,,,,,,,,,,,,,,,,,,*/fˈi/,,,,,,,,,,,,,,,,,,,,,,,,,,,,,,,,,,,,,,,,,,,,,,,,,,,,,,,,,,,,,,,,,,,,,,,,,,,,,,,,,,,,,,,,,,,,,,,,,,,,,,,,,,,,,,,,,,,,,,,,,,,,,,,,,,,,,,,,,,,,,,,,,,,,,,,,,,,,,,,,,,,,,,,,,,,,,,,,,,,,,,,,,,,,,,,,,,,,,,,,,,,,,,,,,,,,,,,,,,,,,,,,,,,,,,,,,,,,,,,,,,,,,,,,,,,,,,,,,,,,,,,,,,,,,,,,,*/dˈi/,,,,,,,,,,,,,,,,,,,,,,,,,,,,,,,,,,,,,,,,,,,,,,,,,,,,,,,,,,,,,,,,,,,,,,,,,,,,,,,,,,,,,,,,,,,,,,,,,,,,,,,,,,,,,,,,,,,,,,,,,,,,,,,,,,,,,,,,,,,,,,,,,,,,,,,,,,,,,,,,,,,,,,,,,,,,,,,,,,,,,,,,,,,,,,,,,,,,,,,,,,,,,,,,,,,,,,,,,,,,,,,,,,,,,,,,,,,,,,,,,,,,,,,,,,,,,,,,,,,,,,,,,,,,,,,,,,,,,,,,,,,,,,,,,,,,,,,,,,,,,,,,,,,,,,,,,,,,,,,,,,,,,,,,,,,,,,,,,,,,,,,,,,,,,,,,,,,,,,,,,,,,,,,,,,,,,,,,,,,,,,,,,,,,,,,,,,,,,,,,,,,,,,,,,,,,,,,,,,,,,,,,,,,,,,,,,,,,,,,,,,,,,,,,,,,,,,,,,,,,,,,,,,,,,,,,,,,,,,,,,,,,,,,,,,,,,,,,,,,,,,,,,,,,,,,,,,,,,,,,,,,,,,,,,,,,,,,,,,,,,,,,,,,,,,,,,,,,,,,,,,,,,,,,,,,,,,,,,,,,,,,,,,,,,,,,,,,,,,,,,,,,,,,,,,,,,,,,,,,,,,,,,,,,,,,,,,,,,,,,,,,,,,,,,,,,,,,,,,,,,,,,,,,,,,,,,,,,,,,,,,,,,,,,,,,,,,,,,,,,,,,,,,,,,,,,,,,,,,,,,,,,,,,,,,,,,,,,,,,,,,,,,,,,,,,,,,,,,,,,,,,,,,,,,,,,,,,,,,,,,,,,,,,,,,,,,,,,,,,,,,,,,,,,,,,,,,,,,,,,,,,,,,,,,,,,,,,,,,,,,,,,,,,,,,,,,,,,,,,,,,,
R120,,,,,,,,,,,,,,,,,,,,,,,,,,,,,,,,,,,,,,,,,,,,,,,,,,,,,,,,,,,,,,,,,,,,,,,,,,,,,,,,,,,,,,,,,,,,,,,,,,,,,,,,,,,,,,,,,,,,,,,,,,,,,,,,,,,,,,,,,,,,,,,,,,,,,,,,,,,,,,,,,,,,,,,,,,,,,,,,,,,,,,,,,,,,,,,,,,,,,,,,,,,,,,,,,,,,,,,,,,,,,,,,,,,,,,,,,,,,,,,,,,,,,,,,,,,,,,,,,,,,,,,,,,,,,,,,,,,,,,,,,,,,,,,,,,,,,,,,,,,,,,,,,,,,,,,,,,,,,,,,,,,,,,,,,,,,,,,,,,,,,,,,,,,,,,,,,,,,,,,,,,,,,,,,,,,,,,,,,,,,,,,,,,,,,,,,,,,,,,,,,,,,,,,,,,,,,,,,,,,,,,,,,,,,,,,,,,,,,,,,,,,,,,,,,,,,,,,,,,,,,,,,,,,,,,,,,,,,,,,,,,,,,,,,,,,,,,,,,,,,,,,,,,,,,,,,,,,,,,,,,,,,,,,,,,,,,,,,,,,,,,,,,,,,,,,,,,,,,,,,,,,,,,,,,,,,,,,,,,,,,,,,,,,,,,,,,,,,,,,,,,,,,,,,,,,,,,,,,,,,,,,,,,,,,,,,,,,,,,,,,,,,,,,,,,,,,,,,,,,,,,,,,,,,,,,,,,,,,,,,,,,,,,,,,,,,,,,,,,,,,,,,,,,,,,,,,,,,,,,,,,,,,,,,,,,,,,,,,,,,,,,,,,,,,,,,,,,,,,,,,,,,,,,,,,,,,,,,,,,,,,,,,,,,,,,,,,,,,,,,,,,,,,,,,,,,,,,,,,,,,,,,,,,,,,,,,,,,,,,,,,,,,,,,,,,,,,,,,,,,,,,,,,,,,,,,,,,,,,,,,,,,,,,,,,,,,,,,,,,,,,,,,,,,,,,,,,,,,,,,,,,,,,,,,,,,,,,,,,,,,,,,,,,,,,,,,,,,,,,,,,,,,,,,,,,,,,,,,,,,,,,,,,,,,,,,,,,,,,,,,,,,,,,,,,,,,,,,,,,,,,,,,*/akkˈikke/,,,,,,,,,,,,,,,,,,,,,,,,,,,,,,,,,,,,,,,,,,,,,,,,,,,,,,,,,,,,,,,,,,,,,,,,,,,,,,,,,,,,,,,,,,,,,,,,,,,,,,,,,,,,,,,,,,,,,,,,,,,,,,,,,,,,,,,,,,,,,,,,,,,,,,,,,,,,,,,,,,,,,,,,,,,,,,,,,,,,,,,,,,,,,,,,,,,,,,,,,,,,,,,,,,,,,,,,,,,,,,,,,,,,,,,,,,,,,,,,,,,,,,,,,,,,,,,,,,,,,,,,,,,,,,,,,,,,,,,,,,,,,,,,,,,,,,,,,,,,,,,,,,,,,,,,,,,,,,,,,,,,,,,,,,,,,,,,,,,,,,,,,,,,,,,,,,,,,,,,,,,,,,,,,,,,,,,,,,,,,,,,,,,,,,,,,,,,,,,,,,,,,,,,,,
R121,,,,,,,,,,,,,,,,,,,,,,,,,,,,,,,,,,,,,,,,,,,,,,,,,,,,,,,,,,,,,,,,,,,,,,,,,,,,,,,,,,,,,,,,,,,,,,,,,,,,,,,,,,,,,,,,,,,,,,,,,,,,,,,,,,,,,,,,,,,,,,,,,,,,,,,,,,,,,,,,,,,,,,,,,,,,,,,,,,,,,,,,,,,,,,,,,,,,,,,,,,,,,,,,,,,,,,,,,,,,,,,,,,,,,,,,,,,,,,,,,,,,,,,,,,,,,,,,,,,,,,,,,,,,,,,,,,,,,,,,,,,,,,,,,,,,,,,,,,,,,,,,,,,,,,,,,,,,,,,,,,,,,,,,,,,,,,,,,,,,,,,,,,,,,,,,,,,,,,,,,,,,,,,,,,,,,,,,,,,,,,,,,,,,,,,,,,,,,,,,,,,,,,,,,,,,,,,,,,,,,,,,,,,,,,,,,,,,,,,,,,,,,,,,,,,,,,,,,,,,,,,,,,,,,,,,,,,,,,,,,,,,,,,,,,,,,,,,,,,,,,,,,,,,,,,,,,,,,,,,,,,,,,,,,,,,,,,,,,,,,,,,,,,,,,,,,,,,,,,,,,,,,,,,,,,,,,,,,,,,,,,,,,,,,,,,,,,,,,,,,,,,,,,,,,,,,,,,,,,,,,,,,,,,,,,,,,,,,,,,,,,,,,,,,,,,,,,,,,,,,,,,,,,,,,,,,,,,,,,,,,,,,,,,,,,,,,,,,,,,,,,,,,,,,,,,,,,,,,,,,,,,,,,,,,,,,,,,,,,,,,,,,,,,,,,,,,,,,,,,,,,,,,,,,,,,,,,,,,,,,,,,,,,,,,,,,,,,*/ɡrˈuj/,,,,,,,,,,,,,,,,,,,,,,,,,,,,,,,,,,,,,,,,,,,,,,,,,,,,,,,,,,,,,,,,,,,,,,,,,,,,,,,,,,,,,,,,,,,,,,,,,,,,,,,,,,,,,,,,,,,,,,,,,,,,,,,,,,,,,,,,,,,,,,,,,,,,,,,,,,,,,,,,,,,,,,,,,,,,,,,,,,,,,,,,,,,,,,,,,,,,,,,,,,,,,,,,,,,,,,,,,,,,,,,,,,,,,,,,,,,,,,,,,,,,,,,,,,,,,,,,,,,,,,,,,,,,,,,,,,,,,,,,,,,,,,,,,,,,,,,,,,,,,,,,,,,,,,,,,,,,,,,,,,,,,,,,,,,,,,,,,,,,,,,,,,,,,,,,,,,,,,,,,,,,,,,,,,,,,,,,,,,,,,,,,,,,,,,,,,,,,,,,,,,,,,,,,,,,,,,,,,,,,,,,,,,,,,,,,,,,,,,,,,,,,,,,,,,,,,,,,,,,,,,,,,,,,,,,,,,,,,,,,,,,,,,,,,,,,,,,,,,,,,,,,,,,,,,,,,,,,,,,,,,,,,,,,,,,,,,,,,,,,,,,,,,,,,,,,,,,,,,,,,,,,,,,,,,,,,,,,,,,,,,,,,,,,,,,,,,,,,,,,,,,,,,,,,,,,,,,,,,,,,,,,,,,,,,,,,,,,,,*/mˈajs/
R122,,,,,,,,,,,,,,,,,,,,,,,,,*/aprjˈende/,,,,,,,,,,,,,,,,,,,,,,,,,,,,,,,,,,,,,,,,,,,,,,,,,,,,,,,,,,,,,,,,,,,,,,,,,,,,,,,,,,,,,,,,,,,,,*/akkwˈi/,*/akkwˈo/,,,,,,,,,,,,,,,,,,,,,,,,,,,,,,,,,,,,,,,,,,,,,,,,,,,,,,,,,,,,,,,,,,,,,,,,,,,,,,,,,,,,,,,,,,,,,,,,,,,,,,,,,,,,,,,,,,,,,,,,,,,,,,,,,,,,,,,,,,,,,,,,,,,,,,,,,,,,,,,,,,,,,,,,,,,,,,,,,,,,,,,,,,,,,,,,,,,,,,,,,,,,,,,,,,,,,,,,,,,,,,,,,,,,,,,,,,,,,,,,,,,,,,,,,,,,,,,,,,,,,,,,,,,,,,,,,,,,,,,,,,,,,,,,,,,,,,,,,,,,,,,,,,,,,,,,,,,,,,,,,,,*/faskjˈoːla/,,,,,,,,,,,,,,,,,,,,,,,,,,,,,,,,,,,,,,,,,,,*/kaprjˈoːlu/,,,,,,,,*/ostjˈoːlu/,,,,,,,,,,,,,,,,,,,,,,,,,,,,,,,,,,,,,,,,,,,,,,,,,,,,,,,,,,,,,,,,,,,,,,,,,,,,,,,,,,,,,,,,,,,,,,,,,,,,,,,,,,,,,,,,,,,,,,,,,,,,,,,,,,,,,,,,,,,,,,,,,,,,,,,,,,,,,,,,,,,,,,,,,,,,,,,,,,,,,,,,,,,,,,,,,,,,,,,,,,,*/arjˈoːlu/,,,,,,,,,,,,*/βjˈoːla/,,,,,,,,,,,,,,,,,,,,,,,,,,,,,,*/arjˈeːte/,,,,,,,,,,,,,,,,,,,,,,,,,,,,,,,,,,,,,,,,,,,,,,,,,,,,,,,,,,,,,,,,,,,,,,,,,,,,,,,,,,,,,,,,,,,,,,,,,,,,,,,,,,,,,,,,,,,,,,,,,,,,,,,,,,,,,,,,,,,,,,,,,,,,,,,,,,,,,*/kβjˈeːtu/,*/kβjˈeːta/,,,,,,,,,,,,,,,,,,*/kwˈoːrte/,,,,,,,,,,,,,,,,,,,,,,,,,,,,,,,,,,,,,,,,,,,,,,,,,,,,,,,,,,,,,,,,,,,,,,,,,,,,,,,,,,,,,,,,,,,,,,,,,,,,,,,,,,,,,,,,,,,,,,,,,,,,,,,,,,,,,,,,,,,,,,,,,,,,,,,,,,,,,,,,,,,,,,,,,,,,,,,,,,,,,,,,,,,,,,,,,,,,,,,,,,,,,,,,,,,,,,,,,,,,,,,,,,,,,,,,,,,,,,,,,,,,,,,,,,,,,,,,,,,,,,,,,,,,,,,,,,,,,,,,,,,,,,,,,,,,,,,,,,,,,,,,,,,,,,,,,,,,,,,,,,,,,,,,,,,,,,,,,,,,,,,,,,,,,,,,,,,,,,,,,,,,,,,,,,,,,,,,,,,,,,,,,,,,,,,,,,,,,,,,,,,,*/prjˈende/,,,,,,,,,,,,,,,,,,,,,,,,,,,,,,,,,,,,,,,,,,,,*/muljˈeːre/,*/parjˈeːte/,,,,,,,,,,,,,,,,,,,,,,,,,,,,,,,,,,,,,,,,,,,,,,,,,,,,,,,,,,,,,,,,,,,,,,,,
R123,,,,,,,,,,,,,,*/allˈɛɡe/,,,,,,,,,,,*/aprjˈɛnde/,,,,,,,,,*/aɡɡˈɛstu/,,,,,,,,,,,,,,,,,,,,,,,,,,,,,,,,*/annoːtˈɛrtjoː/,,,,,,,,,,,,*/arɡˈɛntu/,,,,,,,,,,,,,,,,,,,,,*/kantikˈɛllu/,,,,,*/keːrˈɛsja/,,,,,,,,,,,,,,,,,,,,,,,,,,,,,,,,,,,,,,,,,,,,,,,,,,,,,,,,,,,,,,,,,*/pˈɛrɡla/,,,,,,,,,,,,,,,*/sˈɛrra/,,,,,,,,,,,,,,,,,,*/tˈɛneru/,,,,,,,,*/krˈɛbulu/,*/dˈɛnte/,,,*/ɡˈɛna/,,,,,,,,,*/tˈɛsta/,,,,,,,,,,,,,,,,,,,,,,,,,,,*/βˈɛntre/,,,,,,,,,,,,,,,,,,*/pˈɛlle/,,,,,,,,,,,,,,,,,,,,,,,,,,,,,,,,,,*/inɡrˈɛβikaː/,,,,,,,,,,,,,,,,,,,,,,,*/pˈɛptinoː/,*/pˈɛptina/,,,,,,,,,,,,,,,,,,,,,,,,,,,,,,,,,,,,,,,,,,,,,,,,,,,,,,*/mˈɛnte/,,,,,,,,,,,,,,,*/katˈɛllu/,,,,*/fˈɛbri/,*/ɡˈɛme/,*/ɡˈɛmitu/,,,,,,,,,,,*/pˈɛrjoː/,*/pˈɛrja/,,,*/pusklˈɛlla/,,,,,,,,,,,,,,,*/βestiːmˈɛntu/,*/kalkjamˈɛntu/,*/aːnˈɛllu/,,*/kirkˈɛllu/,,*/marɡˈɛlla/,,,,,,,*/ɡlˈɛmu/,,,,,,,,,,,,,,,*/kˈɛna/,,,,,,,,,*/merˈɛndɛː/,,,*/plakˈɛnta/,,,,,*/d͡zˈɛma/,,,,,,,,,,,,,*/kβoperiːmˈɛntu/,,*/ferˈɛstra/,,,,,,,,*/tˈɛnda/,,*/traːjˈɛpta/,,,,,,*/ɡˈɛntu/,,,,,*/ɡˈɛminu/,,,,,,,,,,,*/ɡˈɛnere/,,,*/noβˈɛrka/,,,,,,,,,,,*/kreːdˈɛntja/,*/dˈɛstrɛː/,,,,,,,,,,,,,,,,,,,*/ɡˈɛluː/,,,,,,,,,,,*/βˈɛntu/,,,,,*/ˈɛriː/,,,*/mˈɛdja/,,,,,*/mˈɛrkuriː/,,,*/βˈɛneris/,,,,,,*/ibˈɛrna/,,*/paβiːmˈɛntu/,,,,*/pˈɛtra/,,*/sˈɛssu/,,,,,,,,,,*/monkˈɛllu/,,,*/iskamnˈɛllu/,,,,,,,,,,,,,*/tˈɛrme/,*/tˈɛrmule/,,,,,,,,,*/noβˈɛlla/,,,,,,*/semˈɛntja/,,,*/surkˈɛllu/,*/surkˈɛlla/,,,,,,,,,,,,*/kerˈɛsju/,,,,,*/pˈɛrsiku/,,,,,,*/pedukˈɛllu/,,,*/ˈɛdera/,,,,,,,,,,,,,,,*/lˈɛnte/,,*/pˈɛpine/,,,,,*/ˈɛrba/,,,,,,,,,,,*/mˈɛnta/,*/mˈɛkla/,,,,,,,,,*/domˈɛstiku/,,,,,,,,,,,,,,,,,,,,,,,*/mnˈɛllu/,,,,,,,,,*/katˈɛlla/,,,*/ˈɛpa/,,,,,,,,*/porkˈɛllu/,*/porkˈɛlla/,,,,,,,,*/βˈɛrru/,,,*/βitˈɛlla/,*/βitˈɛllu/,,,,*/kˈɛrβu/,*/lˈɛpore/,,,,,,,,,,,,,,,,,,*/drepnˈɛlla/,,,,,*/irundinˈɛlla/,*/mˈɛrla/,,,,,,,,*/turturˈɛlla/,,,,,,*/sˈɛrpeː/,*/serpˈɛntja/,,,,,,,,,,,*/lˈɛndina/,,,,,,,*/βˈɛrme/,*/βˈɛspa/,,,,*/deːsˈɛrtu/,,,*/ɡrˈɛβe/,,*/intrˈɛɡu/,,,,,,,,,,,,*/pˈɛttja/,,,,,,,,,,,,,,,,,*/sˈɛsse/,,,,,,,,,,,,,,,,,,,,*/mˈɛdju/,,,,,,,,,,,,,,,,,,,,,,,,,*/koːβenjˈɛntja/,,,,,,,,,,*/djuːraːmˈɛntu/,,,,,*/liɡaːmˈɛntu/,*/potˈɛntja/,,,,,,,,,,,,*/lˈɛβoː/,*/lˈɛβa/,,,*/pˈɛrde/,*/prˈɛtju/,*/βˈɛnde/,,,,*/dˈɛβ/,,,,,,,,,,,,,,,,*/monmˈɛntu/,,*/tˈɛmpla/,,,,,,,,,,,,,,*/βˈɛrsu/,,,,,,*/mˈɛru/,,,*/βˈɛnetu/,,,,,,,,*/fˈɛrβe/,*/rˈɛkeːs/,,,,,,,,*/inkˈɛnde/,,,,,,,,,*/kurrˈɛndu/,,,,,,,,,,,,,,,,*/indˈɛret/,,,,,,,,,*/isprˈɛ/,,,,,,*/βˈɛklu/,,,,,,,,*/assˈɛdjoː/,*/assˈɛdja/,,,,,,,,,,,*/mˈɛrɡe/,,,,,,*/sˈɛdeː/,,,,,,,,,,*/koprˈɛnde/,,,,,,,,,,,,,,,,,,,,,,,,,*/rˈɛβ/,,,,,,*/astˈɛrne/,,,,,,,,,,,,*/estˈɛrɡe/,,,,,,,,,,,,,,,,,,,,,,,,,,,,,,,,,,,,,,,,,*/bukkˈɛlla/,,,,*/pˈɛdika/,,,,*/sˈɛlla/,,,,,*/kˈɛrne/,,,,,,,,,,,,,,*/tˈɛrra/,,,,,,,,,,,,,,,,,,,,,,,,,,,,,,,,,,,,,,,,,,,,,,,,,,,,,,,,,,*/fuskˈɛllu/,,,,,,,*/pˈɛdinu/,,,*/retˈɛlla/,,,,,*/tˈɛsse/,,,,,,,,,,,,,,,,,,,,,,,,*/oːllkˈɛlla/,,*/tˈɛstu/,,,,,,,,,,,,,,*/koːβˈɛntu/,,,,,,,*/prjˈɛnde/,,,,,,*/kβˈɛne/,,,,,,,,,*/tˈɛne/,,,,,,*/mˈɛle/,*/fˈɛle/,,*/pˈɛ/,,,,,*/pˈɛrsika/,*/sˈɛpte/,,,,,,*/pˈɛptine/,*/pˈɛptu/,,,,,,,,,,,*/bˈɛne/,*/fˈɛrru/,,,,,,,,,,,*/kˈɛrru/,,,,,,,,,,,*/nˈɛbula/,,,,,,,,,,,,,,*/ˈɛste/,,,,,*/ˈɛβ/,*/ˈɛ/,,,,,,*/dˈɛke/,,,,*/mˈɛa/,,*/parˈɛnte/,,,,,,,,,,,*/tˈɛmpu/,,,
R124,,,,,,,,,,,,,,,,,,,,,,,,,,,,,,,,,,,,,,,,,,,,,,,,,,,,,,,,,,,,,,,,,,,,,,,,,,,,,,,,,,,,,,,,,,,,,,,,,,,,,,,,,,,,,,,,,,,,,,*/akkwˈiː/,,,,,,,,,,,,,,,,,,,,,,,,,,,,,,,,,,,,,,,,,,,,,,,,,,,,,,,,,,,,,,,,,,,,,,,,,,,,,,,,,,,,,,,,,,,,,,,,,,,,,,,,,,,,,,,,,,,,,,,,,,,,,,,,,,,,,,,,,,,,,,,,,,,,,,,,,,,,,,,,,,,,,,,,,,,,,,,,,,,,,*/fˈiː/,,,,,,,,,,,,,,,,,,,,,,,,,,,,,,,,,,,,,,,,,,,,,,,,,,,,,,,,,,,,,,,,,,,,,,,,,,,,,,,,,,,,,,,*/iskˈiːβ/,,,,,,,,,,*/kˈossiːs/,,,*/fˈɛbriː/,,,,,,,,,,,,,,,,,,,,,,,,,,,,,,,,,,,,,,,,,,,,,,,,,,,,,,,,,,,,,,,,,,,,,,,,,,,,,,,,,,,,,,,,,,,,,,,,,,,,,,,,,,,,,,,,,,,,,,,,,,,,,,,,,,,,,,,,,,,,,,,,,,,,,,,,,,,,,,,,,,,,,,,,,,,,,*/dˈiː/,,,,,,,,*/mˈartiːs/,,,,*/βˈɛneriːs/,,,,,,,,,,,,,,,,,,,,,,,,,,,,,,,,,,,,,,,,,,,,,,,,,,,,,,,,,,,,,,,,,,,,,,,,,,,,,,,,,,,,,,,,,,,,,,,,,,,,,,,,,,,,,,,,,,,,,,,,,,,,,,,,,,,,,,,,,,,,,,,,,,,,,,,,,,,,,,,,,,,,,,,,,,,,,,,,,,,,,,,,,,,,,,,,,,,,,,,,,,,,,,,,,,,,,,,,,,,,,,,,,,,,,,,,,,,,,,,,,,,,,,,,,,,,,,,,,,,,,,,,,,,,,,,,,,,,,,,,,,,,,,,,,*/βiːɡˈintiː/,,,,,,,,,,,,,,,,,,,,,,,,,,,,,,,,,,,,,,,,,,,*/koːβenˈiː/,,,,,,,,,,,,,,,,,,,,,,,,,,,,,,,,,,,,,,,,,,,,,,,,,,,,,,,,,,,,,,,,,,,,,,,,,,,,,,,,,,,,,,,,,,,,,,,,,,,,,,,,,,,,,,,,,,,*/ˈiːn/,,,,,,,,,,,,,,,,,,,,,,,,,,,,,,,,,,,,,,,,,,,,,,,,,,,,,,,,,,,,,,,,,,,,,,,*/aββˈiːs/,,,,,,,,,,,,,,,,,,,,,,,,,,,,,,,,,,,,,,,,,,,,,,,,,,,,,,,,,,,,,,,,,,,,,,,,,,,,,,,,,,,,,,,,,,,,,,,,,,,,,,,,,,,,,,,,,,,,,,,,,,,,,,,,,,,,,,,,,,,,,,,,,,,,,,,,,,,,,,,,,,,,,,,,,,,,,,,,,,,,,,,,,,,,,,,,,,,,,,,,,,,,,,,,,,,,,,,,,,,,,,,,,,,,,,,,,,,,,,,,,,*/djˈoːβiːs/,,,,,,,,,,,,,,,,,,,,,,,,*/fˈakitiːs/,,,,,,,,,,,,,,,,,,,,,,,,,,,,,,,,,,,,,,,,,,,,,,,,,,,,,,,,,,*/krˈeːskiːs/,,,,,,,,,
R125,,,,,,,,,,*/addjˈuːnɡe/,*/addjˈuːtoː/,*/addjuːtˈoːrju/,,,,,,*/ammiːnakkjˈaː/,,,,,,,,,,,,,,,,,,,,,*/addjˈuːnu/,*/addjuːnˈaː/,*/ˈakkja/,*/akkattjˈaː/,,,,,,,,,,,,,,*/altˈittja/,,,,,*/amaːrˈittja/,,,,,,,,,,,,,,,,,,,,,,,*/botiddjˈoːne/,*/botiddjˈaː/,,,,,,,,,,,,,,,,,,,,,,,,,,*/kottiddjˈaː/,,,,,,,,,,,,,,,,,,,*/aːrˈikkju/,,,,,,,,,,,*/ɡalliːnˈaːkkju/,,,,,*/inpreɡɡjˈuːru/,,,,,,,,,,,,,,*/inβittjˈaː/,,,,,,,,,,,,,,,,,,,,,,,,,,,,,,,,,,,,*/feːttjˈolu/,*/feːttjˈola/,,,,,,,,,,,,,,,,,,,,,*/mustˈakkja/,,,*/palˈaːttju/,,,,,,,,,,,,*/mˈattju/,,,,,,,,,,,,,*/tˈittja/,,,,,,,,,,,,,,,*/pettjˈolu/,,,,,,,,,,,,,,,,,,,,,,,,,,,,*/sˈattju/,,,,,,,,,,,,,,,,*/βiːβˈattja/,,,,,,,,,,,,,,,,,,,,,,,,*/blandˈittje/,,,,,,,,,,,,,,,,,,,,,,,,,,,,,,,,,,,,,,,,,,,,,,,,,,,,,,,,,,,,,,,,,*/kˈɛːkkja/,,,,,,,,,,,,,,,,,,,,,,,,,,,,,,,,,,,,,,,,*/brakkjˈaːla/,,,,,,,,,,,,,,,,,,,,,,,,,,,,*/karnˈakkju/,,,,,,,,,,,,,,,,,*/βiːnˈaːkkju/,,,,,,,,,,,,,,,,,*/pˈuttju/,,,,,,,,,,,,,,,,,,,,,,,,,,,,,,,,,*/sˈokkja/,*/sˈokkju/,,,,,,,,,*/ospˈittju/,,,,,,,,,,,,,,,,,,,,,,,,,,,,,,,,,,,,*/deːmaːnˈittja/,*/mˈɛddja/,*/merˈiːddjeː/,,,,,,,,,,,,,,,,,,,,,,,,,*/puttjˈoːsa/,,,,,,,,,,,,,,,,,,,,,,,,,,,,,,,,,,,,,,,,,,,,,,,,,,,,,,,,,,,,,,,,,,,*/βˈiːttja/,,,,,,,,,,,,,,,,,,,,,,,,,,,,,,,,,,,,,,,,,,,,,,,,,,,,,,,,,,,,,,,,*/ronkiddjˈaː/,,,,,,,,,,,,,,,,,,,,,,,,,,*/rˈubbju/,,,,,,,,,,,,,,,,,*/mistˈiːkkju/,,,,,,*/kˈubbju/,,,,,,,,,,,,,,,,,,,,,,,,,,,,,,,,,,,,,,,,,,,,,,,,,,,,,,,,,,,,,,,,,,,,,,,,,,,,,,,,,,,,,,,,,,,,,,,,,,,,,,,,,,,,*/mˈɛddju/,,,,,,,,,,,,,,,,,,,,,,,,,,,,,,,,,,*/djuːdˈikkju/,,,,,,,,,,,,,,,,,,,,,*/neɡoːttjaːtˈoːr/,*/neɡˈoːttju/,,*/prˈɛttju/,,,,,,,,*/inkliːnaːttjˈoːne/,,,*/oːraːttjˈoːne/,,,,,*/roɡaːttjˈoːne/,,,,,,,,,,,,,,,,,,,,,,,,,,,,,,,,,,,,,,,,,,,,,,,,,*/tiːttjˈoːne/,,,,,,,,,,,,,,,,,,,,,,,,,,,,,,,,,,,,,,,,,,,*/aproppjˈaː/,*/aprˈoppjoː/,*/aprˈoppja/,*/assˈɛddjoː/,*/assˈɛddja/,,,,,,,,,,,,,,,,,,,,,,,,,,,,,,,,,,,,,,,,,,,,,,,,,,,,,,,,,,,,,,,,,,,,,,,,,,,,,,,,,,,,,,,,,,,,,,,,,,,,,,*/kaballaːrˈikkju/,,,,,,,,,,,,,,,,,,,,,,,,,,,,,,,,,,,,,,,,,,,,,*/feːnˈakkju/,*/feːnˈikkja/,,,*/nuːtrˈikkju/,,,,,,*/βakkarˈittja/,,,,*/porkaːrˈikkja/,,,,,,,,,,,,,,,,,,,,,,,,,,,,,,,,,,,,,,,,,,,,,,,,,,,,,,,,,,,,,,,,,,,,,,,,,,,,,,,,,,,,,,,,,,,,,,,,,,,,,,,,,,,,,,,,,,,,,,,,,,,,,,,,,,,,,,,,,,,,,,,*/lˈakkju/,*/ɡlˈakkja/,,,,,,,,,,,,,,,,*/addjuːtˈaː/,*/fˈakkja/,*/ˈabbja/,*/iskˈabbja/,,,,,,,,,,,,,,,,,,,,,,,,,,,,,,,,,,,,,,,,,,,,,,,,,,,
R126,,*/aβellˈoːna/,,,,,,,,,,,,,,,,,,,,,,,,,,,,,,,,,,,,,,,,,,,,,,,,,,,,,,,,,,,,,,,,,,,,,,,,,,,,,,,,,,,,,,,,,,,,,,,*/kaβallˈaːre/,,,,,,,,,,,,,,,,,,,,,,,,,,,,,,,,,,*/faβrikˈaː/,,,*/feβrˈaːrju/,,,,,,,,,,,,,,,,,,,,,,,,,,,,,,,,,,,,,,,,,,,,,,,,,,,,,,,,,,,,,,,,,,,,,,,,,,,,*/krˈɛβulu/,,,,,,,,,,,,,,,,,,,,,,,,,,,,,,,,,,,*/suβˈaːla/,,,,,,,,,,,,,,,,,,,,,,,,,,,,,,,,,,,,,,,,,,,,,,,,,,,,,,,,,,,,,,,,,,,,,,*/eskuβlˈaː/,,,,,,,,,,,,,,,,,,,,,,,,,,,,,,,,,,,,,,,,,,,,,,,,,,,,,,,,,,,,,,,,,,,,*/oβliːtˈaː/,,,,,,,,,,,,,,,,*/fˈɛβriː/,,,,,,,,,,,,,,,,,,,,,,,,,,,,,,,,,,,,,,,,,,,,,,,,,,,,,,,,,,*/suβmˈitte/,,,,,,,,,,,,,,,,*/sˈeːβu/,,,,,,,,,,,,,,,,,,,,,,,,,,,,,,,,,,,,,,,,,,,,,,,,,,,,,,,,,,,,,,,,,,,,,,,,,,,,,,,,,,,,,,*/nˈuːβalu/,,,,,,,,,,,,,,,,,,,,,,,,,,,,,,,*/iβˈɛrna/,,,,,,,,,,,,,,,,,,,,,,,,,,,,,,,,,,,,,,,,,,,,,,,,,,,,,,,,,,,,,,,,,,,,,,,,,,,,,,*/aβˈuːβa/,,,*/laːβrˈuːska/,*/saβˈuːku/,,,,,,,,,,,,,,,,,,,,,,,,,,,,,,,,,,,,,,,,,,,,,,,,,,,*/inkaβallikˈaː/,,,,,,,,,,,,,,,,,,*/kaβˈallu/,,,,,,,,,,,,,,,,,,,,,,,,,,,,,,,*/bˈuːβalu/,,,,,,,,,,,,,,,,,,,,,,,,,,,,,,,,,,,,,,,,,,,,,,,,,,,,,,,,,,*/taβˈoːne/,,,,,,,,,,,,,,,,,,,,,,,,,,,,,,,,,,,,,,,,,,,,,,,,,,,,,,,,,,,,,,,,,,,,,,,,,,,,,,,,,,,,,,,,,,,,,,,,,,,,,,,,,,,,,,,,,,,,,,,,,,,,,,,*/liːβertˈaː/,,,,,,,,,,,,,,,,,*/iskrˈiːβe/,,,,,,,*/siːβulˈaː/,,,,,,,,,,,,,,,,,,,,,,,,,,,,,,,,,,,,,,,,,,,,,,,,,,,*/inaβˈinte/,,,,,,,,,,,,,,,,,,,,,,,,,,,,,,,,,,,,,,*/luːβrikˈaː/,,,,,,,,,*/suβˈiː/,,,,,,,,,,,,,,,,,,,,,,,,,,,,,,,,,,,,,,,,,,,,,,,,,,,,,,,,,,,,,,,,,,,,,,,,,,,,,,,,,,,*/kaβallaːrˈikkju/,,*/diskaβallikˈaː/,,,,,,,,,,,,,,,,,,,,,,,,*/triːβulˈaː/,,,,,,,,,,,,,,,,,,,,,*/iːβernˈaː/,,,,,*/istˈaβlu/,,,,,,,,,,,,,,,,,,,,,,,,,,,,,,,,,,,,,,,,,,,,,*/sˈuːβlu/,,,,,,,,,,,,,,,,,,,,,,,,,*/fˈaβru/,,,,,,,,,,,,,,,,,,,,,,,,*/sˈuːβla/,,,,,,,,,,,*/aβˈeː/,*/aβˈeːβa/,,,,,,,,,,,,,,,,,,,,,,,,,,,,,,,,,,,,,,,,,*/intreβˈaː/,,,,,,,,,,,,,,,,,,,,,,,,*/kˈiːβru/,,,*/ˈuːβer/,*/nˈɛβula/,*/rˈuβu/,,,*/bˈiβe/,,,,,,,,,,,,,,,,,*/erˈaːβa/,,,,,,,,,,,,,*/portˈaːβa/,,,,,,,,,,,,
R127,,,,,,,,,*/adedˈemsu/,,,,,,,,,,*/annenˈaː/,,,*/aplekˈaː/,,,,,,,,,,,,,*/ˈaɡele/,,,,,,,,,,,,,*/ˈakβela/,,,,,,,,*/altˈettja/,,,,,*/amaːrˈettja/,,,,,,,,,,,,,,,,,,,,,,,*/boteddjˈoːne/,*/boteddjˈaː/,*/basˈeleka/,,,,,,,,*/deskarrkˈaː/,,*/duplekˈaː/,,,*/kantekˈɛllu/,*/kapˈestru/,,,,,,*/kekˈorja/,,,*/kommenekˈaː/,,*/kotteddjˈaː/,*/krˈesta/,,,,,,,,*/akkjˈellu/,*/akkβˈestu/,*/essˈalbedu/,,,,*/eskarmenˈaː/,,,,*/aːrˈekkju/,*/faβrekˈaː/,,,,,,,,,,,,,,,*/enpreɡɡjˈuːru/,,,,*/emperˈaːtu/,*/enˈaltu/,*/enaltjˈaː/,*/enkalkjˈaː/,*/enkˈalkjoː/,*/enkarrkˈaː/,*/enkonɡjuːrˈaː/,*/endreːptˈaː/,*/enfaskjˈaː/,*/enɡannˈaː/,*/enβettjˈaː/,*/djuːdekˈaːta/,*/emnˈaːrju/,,,*/mastekˈaː/,*/mestekˈaː/,,,,*/pestˈaːlja/,*/pˈettula/,,,,,,,*/saɡˈetta/,*/saɡettˈaː/,,,,,,*/eskantˈelja/,*/espˈessu/,*/estrˈambu/,,*/estˈuːla/,,,,*/βˈesku/,*/βˈiːtreku/,*/fˈeːmenu/,,,,,,,,,*/βˈerɡla/,,*/estˈaːtu/,,,*/kapetˈiːna/,,,,,,*/ɡenɡˈiːβa/,*/lˈenba/,*/maːssˈella/,,,,,,,,*/ˈanema/,,,,,,,*/ˈelja/,,*/menuːtˈalja/,,,*/pˈeske/,,,*/reːnˈeklu/,,*/sˈenu/,*/espiːnˈaːle/,*/esplˈeːna/,,*/tˈettja/,,*/umbelˈiːku/,,,,,,,*/dˈeɡetu/,,,,,,,,,,,,,,,,*/kerkˈaː/,,,,*/βedˈeː/,,,*/esternuːtˈaː/,,,,*/eskrˈeme/,,*/embukkˈaː/,*/enɡluttˈiː/,*/entˈenɡe/,*/lˈaːkrema/,,,,,,,,,,,,,,*/enɡreβekˈaː/,*/enɡrˈɛβekaː/,*/lapedˈaː/,,,*/βˈeβu/,,,,*/desmerdˈaː/,*/leɡenˈaː/,,,,,,*/maːnekˈaː/,,,*/βeɡlˈaː/,,,,,*/pˈɛptenoː/,*/pˈɛptena/,*/espurkˈaː/,,*/blandˈettje/,*/enkommˈette/,*/kˈompetu/,,,,*/espˈaβema/,,,,*/enduːrˈaː/,*/enterrettˈaː/,*/enβiːtˈaː/,,,,,*/meserˈeːre/,,,*/panetˈaː/,,,,*/preɡetˈaː/,,,,*/rˈesu/,,,*/sˈuffletu/,,,*/tˈema/,*/tˈeme/,*/temˈoːre/,,,,,*/βertˈuːte/,*/kerketˈaː/,*/koːɡetˈaː/,,,,*/entelleːptjˈoːne/,*/entellˈeːptu/,*/entellˈeɡe/,*/djuːdekˈaː/,,,,,,*/prekˈepe/,*/eskˈiːβ/,*/eskˈiː/,,*/saːnetˈoːsu/,,*/βendekˈaː/,*/βertβˈoːsu/,,,,,,,,,*/ɡˈɛmetu/,,,,,*/lˈanɡβedu/,,,,,,,,*/petˈiːɡene/,,,,,,,,,,,,*/kamˈesja/,,*/mˈaneka/,,*/sˈareka/,,,,,*/kerkˈɛllu/,,,,,*/klˈenɡa/,,,,,*/leɡaːtˈuːra/,*/βˈetta/,,*/enkˈenɡe/,,*/deskˈulkju/,*/deskalkjˈaː/,*/deskulkjˈaː/,*/embrakˈaː/,*/ensolˈaː/,*/enfaskjolˈaː/,*/enβestˈiː/,*/suβmˈette/,*/sufflekˈaː/,,,,,,,*/freptˈuːra/,,,,,,,,,,,,,,,,,,,,,,,,,,,,,,,,*/eskˈaːla/,*/estˈulu/,,*/tetˈiːna/,,,*/kapetˈaːnju/,,*/eskˈortja/,*/estrˈaːtu/,,*/metˈusja/,,,,*/ɡˈɛmenu/,,,,,,,,,,,,,,,,,,,*/espˈurju/,,,,*/βˈeduβ/,,,,*/ospˈettju/,*/ensorˈaː/,,,,,,*/kˈerkanu/,*/eskapetˈaː/,*/luːkˈeferu/,,,,,,,,,,*/ɡrˈandena/,,*/nˈenɡβe/,*/nˈeβe/,,,,,*/sˈekketaːs/,,,,,,,,,*/deːmaːnˈettja/,,,,*/domˈeneka/,,,,*/septemˈaːna/,,,,,,,*/eβˈɛrna/,,,,,,,,,,,*/pˈekla/,,,,,,,,,,*/eskamnˈɛllu/,,,,,,,,,,*/mˈarɡene/,*/sekkˈaː/,*/sˈekku/,,,,,,*/kˈeppu/,,,,,,,,,,,,*/espˈiːku/,*/espˈiːnu/,,,*/βˈeskdu/,*/βˈerɡa/,*/kˈarpenu/,*/frˈassenu/,*/djuːnˈeperu/,*/mastˈekanu/,,,,*/tˈelju/,,,,,,,*/pˈɛrseku/,,,,,,,,,,,,,,,,*/mˈelju/,,,,*/kolˈeklu/,*/kukˈurbeta/,,,,,*/pˈɛpene/,,,*/βˈerdja/,,,*/trefˈolju/,,,,,*/fˈeleke/,,,,,,,,*/patlˈaɡena/,,,,,,*/nemˈaːlja/,*/domˈɛsteku/,*/selβˈaːteku/,,,,,,*/esterpˈiː/,*/estˈerpu/,,*/enkaβallekˈaː/,,,*/pˈanteke/,*/ruːmeɡˈaː/,,,*/morsekˈaː/,,,*/ronkeddjˈaː/,,*/armessˈaːrju/,,*/nnˈoːtenu/,,*/ˈasenu/,,,,,,,*/kˈokkenu/,,,,,,,,,,,,,,*/eskrˈoːfa/,,,,,,,,*/βetˈɛlla/,*/βetˈɛllu/,*/βetˈulju/,*/βetˈulja/,,,,,*/mestˈiːkkju/,*/sˈoːreke/,,,,*/krestˈaːtu/,,,,,*/pˈenna/,*/pˈennula/,,,,,,,,,,*/erundenˈɛlla/,,,,*/preβeɡlaːtˈoːrja/,*/preβeɡlˈaː/,*/estrˈiːɡa/,*/estˈurdju/,,,,,,*/peskˈaːrju/,,,,,,,,,,,,*/ɡrˈelljolu/,,*/lˈɛndena/,,,*/eːstrˈekla/,,*/pˈuːleke/,,,,,,,,,,,*/emputˈaː/,*/entrˈɛɡu/,,,,,*/menˈuːtu/,,,,*/parˈekla/,,,,,,*/sˈenɡulu/,,,,,,,,,,,,,,,,,*/βiːɡˈentiː/,,,,*/klˈeku/,*/kˈerku/,,,*/frˈaɡedu/,,,*/ˈuːmedu/,,,,,*/mˈarkedu/,,,*/mˈuːkkedu/,,*/nˈetedu/,,,*/rˈankedu/,,,,*/eskˈorbula/,*/eskˈorbu/,*/sˈemnu/,*/semelˈaː/,*/estrˈentu/,,,,,,*/βeskˈoːsu/,,,,,,,,,,*/ˈospete/,*/ospetˈaː/,,*/djuːdˈekkju/,,,,,,*/leɡaːmˈɛntu/,,,*/esklˈaβu/,*/βiːkiːnetˈaːte/,*/βetemˈaː/,*/njɛːstemˈaːtu/,,,,,*/emproːmuːtβˈaː/,,,,,,,,,,*/krestˈɛːnu/,,,,*/enkliːnˈaː/,*/enkliːnaːttjˈoːne/,,,,*/paːɡaːnetˈaːte/,,*/parraːˈeːsemiː/,,,,,,,,*/enkantˈaː/,,,,*/eskrˈiːβe/,*/eskriːptˈuːra/,*/buːkenˈaː/,*/bˈuːkenu/,*/kˈanteku/,,*/kˈetara/,,,,*/sˈonetu/,,,,,,*/ɡˈalbenu/,,,,,*/βerɡˈaːtu/,,,,*/pˈutredu/,,,,,,,*/kenˈusja/,,,*/fuːlˈiːɡene/,,*/enkˈɛnde/,*/estˈenɡβe/,,,,,,,,,*/deːkkjˈende/,*/adeːnˈellaoːra/,,,*/akkˈekke/,,*/akkumellˈo/,,,*/ellˈaː/,,*/enaβˈente/,*/enadˈentroː/,*/enapˈos/,*/enkotraː/,*/endˈɛret/,*/ˈentro/,,,*/prˈentre/,*/prˈentroː/,,*/estˈaːnku/,,*/esprˈɛ/,,,,,,,,,,,,,,,,,,,,*/erraːtekˈiː/,,,,*/entrˈaː/,*/luːβrekˈaː/,,,*/plekˈaː/,,,,,*/estˈaː/,,,,,,*/attˈenɡe/,,,,,,,,*/frekˈaː/,*/frekaːtˈuːra/,*/enɡannˈaː/,,,*/eskarpenˈaː/,*/espˈarɡe/,*/estrˈenɡe/,,,,,,,,*/enkˈepe/,,,,,,,*/seːmenˈaː/,*/sˈemele/,,*/ammestekˈaː/,,*/alleɡˈaː/,,,,,,*/deːspekˈaː/,,*/deskoperˈiː/,,,,,,*/estrekˈaː/,,,*/embenˈaː/,*/empartˈiː/,*/empˈenɡe/,*/emplantˈaː/,,*/empˈunɡe/,*/enkerkˈaː/,*/enklaːβjˈaː/,*/enflˈaː/,*/entˈorkβe/,,*/leɡˈaː/,,,,,,,,,,,,*/maˈestru/,*/enkβjˈeːtu/,*/rˈapedu/,*/kaβallaːrˈekkju/,,*/deskaβallekˈaː/,,*/enfreːnˈaː/,,,*/traɡenˈaː/,*/traːmˈette/,,,*/enkarrkatˈuːra/,,*/pˈɛdeka/,,,*/sˈarkena/,,,,,,,*/kollˈeɡe/,*/maːkenˈaː/,,,,,,*/sˈekele/,,,,,*/seːmenaːtˈuːra/,,,,*/sˈera/,*/menˈaː/,,,*/ensemnˈaː/,,,*/feːnˈekkja/,,,*/nuːtrˈekkju/,,*/sarkenˈaːrju/,*/estˈaβlu/,*/estemulˈaːrja/,,*/βakkarˈettja/,,,,*/porkaːrˈekkja/,,,,,,,*/enklaːɡˈaː/,,*/estˈupu/,,,,*/espantekˈaː/,,,,,*/enfrˈanɡe/,*/enfrontˈaː/,*/enβˈenke/,,,,,*/eskˈutu/,,,,,,,,,,,,*/enkurrkˈaː/,,,,,*/pˈɛdenu/,,,,*/espˈata/,*/eskˈaːma/,*/estˈuppa/,*/tendˈekla/,,,,,,,,*/lemnˈaːrju/,,*/eskandˈula/,,,,,,,*/lˈaːmena/,,,,,,,,,,,,,*/korrˈeja/,,*/frembˈiːa/,*/fˈorfeke/,,,*/lessˈiːβja/,*/espˈuːma/,,,,,,,,,,*/estreɡˈaː/,,,,,,,,,,,*/oːrˈekla/,,,*/βˈerde/,,,*/βˈede/,,,,,,,*/ˈentre/,,,,,,*/pˈɛrseka/,,,,,,,*/pˈɛptene/,,*/dˈemnu/,*/lˈemnu/,,,*/frassenˈeːtu/,*/entreβˈaː/,,,,,,,*/fˈaketiːs/,*/pˈelu/,*/pˈeru/,,,,,,*/espeːrˈaː/,,,,,,,,*/eskˈabbja/,,*/eskˈamnu/,,,,,,,*/bˈeβe/,,,*/eskˈiːs/,,,,,,,,*/ˈellu/,*/ˈella/,*/ˈelliː/,*/ˈellɛː/,,,,*/nˈeɡru/,*/nˈeɡra/,*/nˈeɡrɛː/,,,,*/estˈeːlla/,,,,,*/saːnetˈaːte/,,*/kiːβetˈaːte/,,,,,,,*/eskˈoβra/,,*/famˈelja/,*/ˈemsu/,
R128,,,,,,,,,*/adidˈemsu/,,,,,,,,,,*/anninˈaː/,,,,,,,,,,,,,,,,,,,,,,,,,,,,,,,,,,,,,*/altˈittja/,,,,,,,,,,,,,,,,,,,,,,,,,,,,,,,,,,,,,,,,,,,,,,,,,,*/kikˈorja/,,,,,,,,,,,,,,,,,,,,,,,,,,,,,,,,,,,,,,,,,,,,,,,,,,,,,,,,,,,,,,,,,,,,,,,,,,,,,,,,,,,,,,,,,,,,,,,,,,,,,,,,,,,,,,,,,,,,,,,,,,,,,,,,,,,,,,,,,,,,*/tˈittja/,,,,,,,,,,,,,,,,,,,,,,,,,,,,,,,,,,,,,,,,,,,,,,,,,,,,,,,,,,,,*/βˈiβu/,,,,,,,,,,,,,,,,,,,,,,,,,,,,,,,,,,,,,,,,,,,,,,,,,,,,,,,,,,,,,,,,,,,,,,,,,,,,,,,,,,,,,,,,,,,,,,,,,,,,,,,,,,,,,,,,,,,,,,,,,,,,,,,,,,,,,,,,,,,,,,,,,,,,,,,,,,,,,,,,,,,,,,,,,,,,,,,,,,,,,,,,,,,,,,,,,,*/titˈiːna/,,,,,,,,,,,,,,,,,,,,,,,,,,,,,,,,,,,,,,,,,,,,,,,,,,,,,,,,,,,,*/nˈinɡβe/,,,,,,,,,,,,,,,,,,,,,,,,,,,,,,,,,,,,,,,,,,,,,,,,,,,,,,,,,,,,,,,,,,,,,,,,,,,,,,,,,,,,,,,,,,,,,,,,,,,,,,,,,,,,,,,,,,,,,,,,,,,,,,,,,,,,,,,,,,,,,,,,,,,,,,,,,,,,,,,,,,,,,,,,,,,,,,,,,,,,,,,,,,,,,,,,,,,,,,,,,,,,,,,,,,,,,,,,,,,,,,,,,,,,,,,,,,,,,,,,,,,,,,,,,,,,,,,,,,,,,,,,,,,,,,,,,,,,,,,,,,,,,,,,,,,,,,,,,,,,,,,,,,,,,,,,,,,,,,,,,,,,,,,,,,,,,,,,,,,,,,,,,,,,,,,,,,,,,,,,,,,,,,,,,,,,,,,,,,,,,,,,,,,,,,,,,,,,,,,,,,,,,,,,,,,,,,,,,,,,,,,,,,,,,,,,,,,,,,,,,,,,,,,,,,,,,,,,,,,,,,,,,*/akkˈikke/,,,,,,,,,,,,,,,,,,,,,,,,,,,,,,,,,,,,,,,,,,,,,,,,,,,,,,,,,,,,,,,,,,,,,,,,,,,,,,,,,,,,,,,,,,,,,,,,,,,,,,,,,,,,,,,,,,,,,,,,,,,,,,,,,,,,,,,,,,,,,,,,,,,,,,,,,,,,,,,,,,,,,,,,,,,,,,,,,,,,,,,,,,,,,,,,,,,,,,,,,,,,,,,,,,,,,,,,,,,,,,,,,,,,,,,,,,,,,,,,,,,,,,,,,,,,,,,,,,,,,,,,,,,,,,,,,,,,,,,,,,,,,,,,,,,,,,,,,,,,,,,,,,,,,,,,,,,,,,,,,,,,,,,,,,,,,,,,,,,,,,,,,,,,,,,,,,,,,,,,,,,,,,,,,,,,,,,,,,,,,,,,,,,,,,,,,,,,,,,,,,,,,,,,,,
R129,,,,,,,,,,,,,,,,,,,,,,,,,,,,,,,,,,,,,,,,,,,,,,,,,,,,,,,,,,,,,,,,,,,,,,,,,,,,,,,,,,,,,,,,,,,,,,,,,,,,,,,,,,,,,,,,,,,,,,,,,,,,,,,,,,,,,,,,,,,,,,,,,,,,,,,,,,,,,,,,,,,,,,,,,,,,,,,,,,,,,,,,,,,,,,,,,,,,,,,,,,,,,,,,,,,,,,,,,,,,,,,,,,,,,,,,,,,,,,,,,,,,,,,,,,,,,,,,,,,,,,,,,,,,,,,,,,,,,,,,,,,,,,,,,,,,,,,,,,,,,,,,,,,,,,,,,,,,,,,,,,,,,,,,,,,,,,,,,,,,,,,,,,,,,,,,,,,,,,,,,,,,,,,,,,,,,,,,,,,,,,,,,,,,,,,,,,,,,,,,,,,,,,,,,,,,,,,,,,,,,,,,,,,,,,,,,,,,,,,,,,,,,,,,,,,,,,,,,,,,,,,,,,,,,,,,,,,,,,,,,,,,,,,,,,,,,,,,,,,,,,,,,,,,,,,,,,,,,,,,,,,,,,,,,,,,,,,,,,,,,,,,,,,,,,,,,,,,,,,,,,,,,,,,,,,,,,,,,,,,,,,,,,,,,,,,,,,,,,,,,,,,,,,,,,,,,,,,,,,,,,,,,,,,,,,,,,,,,,,,,,,,,,,,,,,,,,,,,,,,,,,,,,,,,,,,,,,,,,,,,,,,,,,,,,,,,,,,,,,,,,,,,,,,,,,,,,,,,,,,,,,,,,,,,,,,,,,,,,,,,,,,,,,,,,,,,,,,,,,,,,,,,,,,,,,,,,,,,,,,,,,,,,,,,,,,,,,,,,,,,,,,,,,,,,,,,,,,,,,,,,,,,,,,,,,,,,,,,,,,,,,,,,,,,,,,,,,,,,,,,,,,,,,,,,,,,,,,,,,,,,,,,,,,,,,,,,,,,,,,,,,,,,,,,,,,,,,,,,,,,,,,,,,,,,,,,,,,,,,,,,,,,,,,,,,,,,,,,,,,,,,,,,,,,,,,,,,,,,,,,,,,,,,,,,,,,,,,,,,,,,,,,,,,,,,,,,,,,,,,,,,,,,,,,,,,,,,,,,,,,,,,,,,,,,,,,,,,,,,,,,,,,,,,,,,,,,,,,,,,,,,,,,,,,,,,,,,,,,,,,,,,,,,,,,,,,,,,,,,,,,,,,,,,,,,,,,,,,,,,,,,,,,,,,,,,,,,,,,,,,,,,,,,,,,,,,,,,,,,,,,,,,,,,,,,,,,,,,,,,,,,,,,,,,,,,,,,,,,,,,,,,,,,,,,,,,,,,,,,,,,,,,,,,,,,,,,,,,,,,,,,,,,,,,,,,,,,,,,,,,,,,,,,,,,,,,,,,,,,,,,,,,,,,,,,,,,,,,,,,,,,,,,,,,,,,,,,,,,,,,,,,,,,,,,,,,,,,,,,,,,,,,,,,,,,,,,,,,,,,,,,,,,,,,,,,,,,,,,,,,,,,,,,,,,,,,,,,,,,,,,,,,,,,,,,,,,,
R130,,,,,,,,,,,,,,,,,,,,,,,,,,,,,,,,,,,,,,,,,,,,,,,,,,,,,,,,,,,,,,,,,,,,,,,,,,,,,,,,,,,,,,,,,,,,,,,,,,,,,,,,,,,,,,,,,,,,,,*/akkˈiː/,*/akkˈo/,,,,,,,,,,,,,,,,,,,,,,,,,,,,,,,,,,,,,,,,,,,,,,,,,,,,,,,,,,,,,,,,,,,,,,,,,,,,,,,,,,,,,,,,,,,,,,,,,,,,,,,,,,,,,,,,,,,,,,,,,,,,,,,,,,,,,,,,,,,,,,,,,,,,,,,,,,,,,,,,,,,,,,,,,,,,,,,,,,,,,,,,,,,,,,,,,,,,,,,,,,,,,,,,,,,,,,,,,,,,,,,,,,,,,,,,,,,,,,,,,,,,,,,,,,,,,,,,,,,,,,,,,,,,,,,,,,,,,,,,,,,,,,,,,,,,,,,,,,,,,,,,,,,,,,,,,,,,,,,,,,,,,,,,,,,,,,,,,,,,,,,,,,,,,,,,,,,,,,,,,,,,,,,,,,,,,,,,,,,,,,,,,,,,,,,,,,,,,,,,,,,,,,,,,,,,,,,,,,,,,,,,,,,,,,,,,,,,,,,,,,,,,,,,,,,,,,,,,,,,,,,,,,,,,,,,,,,,,,,,,,,,,,,,,,,,,,,,,,,,,,,,,,,,,,,,,,,,,,,,,,,,,,,,,,,,,,,,,,,,,,,,,,,,,,,,,,,,,,,,,,,,,,,,,,,,,,,,,,,,,,,,,,,,,,,,,,,,,,,,,,,,,,,,,,,,,,,,,,,,,,,,,,,,,,,,,,,,,,,,,,,,,,,,,,,,,,,,,,,,,,,,,,,,,,,,,,,,,,,,,,,,,,,,,,,,,,,,,,,,,,,,,,,,,,,,,,,,,,,,,,,,,,,,,,,,,,,,,,,,,,,,,,,,,,,,,,,,,,,,,,,,,,,,,,,,,,,,,,,,,,,,,,,,,,,,,,,*/kˈoːrte/,,,,,,,,,,,,,,,,,,,,,,,,,,,,,,,,,,,,,,,,,,,,,,,,,,,,,,,,,,,,,,,,,,,,,,,,,,,,,,,,,,,,,,,,,,,,,,,,,,,,,,,,,,,,,,,,,,,,,,,,,,,,,,,,,,,,,,,,,,,,,,,,,,,,,,,,,,,,,,,,,,,,,,,,,,,,,,,,,,,,,,,,,,,,,,,,,,,,,,,,,,,,,,,,,,,,,,,,,,,,,,,,,,,,,,,,,,,,,,,,,,,,,,,,,,,,,,,,,,,,,,,,,,,,,,,,,,,,,,,,,,,,,,,,,,,,,,,,,,,,,,,,,,,,,,,,,,,,,,,,,,,,,,,,,,,,,,,,,,,,,,,,,,,,,,,,,,,,,,,,,,,,,,,,,,,,,,,,,,,,,,,,,,,,,,,,,,,,,,,,,,,,,,,,,,,,,,,,,,,,,,,,,,,,,,,,,,,,,,,,,,,,,,,,,,,,,,,,,,,,,,,,,,,,,,,,,,,,,,,,,,,,,,,,,,,,,,,,,,,,,,,,,,,,,,,,,,,,,,,,,
R131,,,,,,,,,,*/addʲˈuːnɡe/,*/addʲˈuːtoː/,*/addʲuːtˈoːrju/,,,,,,*/ammiːnaktʲˈaː/,,,,,,,,,,,,,,,,,,,,,*/addʲˈuːnu/,*/addʲuːnˈaː/,*/ˈaktʲa/,*/akkattʲˈaː/,,,,,,,,,,,,,,*/altˈittʲa/,,,,,*/amaːrˈettʲa/,,,,,*/annoːtˈɛrtʲoː/,,,,,,,,,,,,,,,,,,*/boteddʲˈoːne/,*/boteddʲˈaː/,,,,,,,,*/dʲˈaːna/,,,,,,,,,,,,,,,,,,*/kotteddʲˈaː/,,,*/kurtʲˈaː/,,,,,,*/aktʲˈellu/,,,,,,,,,,*/aːrˈektʲu/,,,,,,,,,,,*/ɡalliːnˈaːktʲu/,,,,*/dʲˈuːru/,*/enpreɡdʲˈuːru/,,,,,,*/enaltʲˈaː/,*/enkaltʲˈaː/,*/enkˈaltʲoː/,,*/enkondʲuːrˈaː/,,*/enfastʲˈaː/,,*/enβettʲˈaː/,*/dʲuːdekˈaːta/,,,,,,,,,,,,,,,,,,,,,,,,,,,,,,,,,,,*/feːttʲˈolu/,*/feːttʲˈola/,*/dʲˈuβane/,,,,,,,,,,,,,,,,,,,,*/mustˈaktʲa/,,,*/palˈaːttʲu/,,,,,,,,,,,,*/mˈattʲu/,,,,,,,,,,,,,*/tˈittʲa/,,,,,,*/brˈaktʲu/,,,,,,,,,*/pettʲˈolu/,,,,,,,,,,,,,,,,,,,,,,,,,,,,*/sˈattʲu/,,,,*/suɡɡluttʲˈaː/,,,,,,,,,,,,*/βiːβˈattʲa/,,,,,,,,,,,,,,,,,,,,,,,,*/blandˈettʲe/,,,,,,,,,,,,,,,,,,,,,,,,,,,,,,,,,,,,,,,,,,,,,,,*/entelleːptʲˈoːne/,,,*/dʲuːdekˈaː/,,*/mentʲˈoːne/,,,,,,,,,,,,,*/kˈɛːktʲa/,,,*/tʲˈuma/,,,,,,*/dʲakˈeː/,,,,,,,,,,,,,,,,,,,,,,,,,,,,,*/kaltʲamˈɛntu/,,*/braktʲˈaːla/,,,,*/bˈaltʲu/,,,*/fˈastʲa/,*/fastʲˈoːla/,,,,,*/kaltʲˈaː/,,,*/deskˈultʲu/,*/deskaltʲˈaː/,*/deskultʲˈaː/,,,*/enfastʲolˈaː/,,,,,*/prˈandʲu/,,*/karnˈaktʲu/,,,,,,,,,,,,,,,,,*/βiːnˈaːktʲu/,,,,,,,,,,,,,,*/ostʲˈoːlu/,*/ˈoːstʲa/,,*/pˈuttʲu/,,,,,,,,,*/eskˈortʲa/,,,,,,,,,,,,,,,,,,,,,,,,*/sˈoktʲa/,*/sˈoktʲu/,,,,,,,*/kreːdˈɛntʲa/,,*/ospˈettʲu/,,,,,,,,,,,,,,,,,,,,,,,,,,,,,,,,,,,,*/deːmaːnˈettʲa/,*/mˈɛddʲa/,*/merˈiːddʲeː/,,,,,,,,,,,*/mˈartʲu/,,,,,,,,,,,,,,*/puttʲˈoːsa/,,,,,,,,,,,,,,,,,,,,,,,,,,,,,,,*/frˈondʲa/,,,,,,,*/semˈɛntʲa/,,,,,,,,,*/dʲuːnˈeperu/,,,,,,,,,,,,,,,,,,,,*/βˈiːttʲa/,,,,,,,*/ˈordʲu/,,,,,,,,,,,,,,*/βˈerdʲa/,,,,,,,,,,,,,,,,,,,,,,,,,,,,,,,,,,,,,,,,,,,*/ronkeddʲˈaː/,,,,,,,,,,,,,,,,*/dʲuːnˈiːke/,*/dʲˈuβanku/,*/dʲˈuβanka/,,,,,,,,,,,*/tertʲˈaːnu/,,,,,,,,,,,,,,*/mestˈiːktʲu/,,,,,,,,,,,,,,,,,,,,,,,,,,,,*/estˈurdʲu/,,,,,,,,,*/serpˈɛntʲa/,,,,,,,,,,,,,,,,,,,,,,*/dʲˈossu/,,,,,,,,,,,,,,,,,,*/pˈɛttʲa/,,,,,,,,,,,,,,,,,,,,,,,,,,,,,,,,,,,,,*/mˈɛddʲu/,,,,,,,,,,,,,,,,,,,,,,,,,*/koːβenjˈɛntʲa/,,,,,,,,*/dʲˈuːdess/,*/dʲuːdˈektʲu/,*/dʲuːraːmˈɛntu/,*/dʲuːrˈaː/,,,,,*/potˈɛntʲa/,,,,,,,,,,,,,,*/neɡoːttʲaːtˈoːr/,*/neɡˈoːttʲu/,,*/prˈɛttʲu/,,,,,,,,*/enkliːnaːttʲˈoːne/,,,*/oːraːttʲˈoːne/,,,,,*/roɡaːttʲˈoːne/,,,,,,,,,,,,,,,,,,,,,,*/dʲokˈaː/,*/dʲˈoku/,,,,,,,,,,,,,,,,,,,,,,,,,,*/tiːttʲˈoːne/,,,,,,,,*/deːktʲˈende/,,,,,,,,*/ˈaːkdʲeː/,,,,,,,,,,,,,,,,,,,,,,,,,,,,,,*/assˈɛddʲoː/,*/assˈɛddʲa/,,,,,,,,,,,,,,,,,,,,,,,,,,,,,,,,,,,,,,,,,,,,,,,,,,,,,,,,,,,,,,,,,,,,,,,,,,,,,,,,,,,,,,,,,,,,,,,,,,,,,,*/kaβallaːrˈektʲu/,,,,,,,,,,,,,,,,,,,,,,,,,,,,,,,,,,,,,,,,,,,,,*/feːnˈaktʲu/,*/feːnˈektʲa/,,*/dʲˈuɡu/,*/nuːtrˈektʲu/,*/pastʲˈoːne/,,,,,*/βakkarˈettʲa/,,,,*/porkaːrˈektʲa/,,,,,,,,,,,,,,,,,,,,,,,,,,,,,,,,,,,,,,,,,,,,,,,,,,,,,,,,,,,,,,,,,,,,,,,,,,,,,*/urtʲˈolu/,,,,,,,,,,,,,,,,,,,,,,,,,,,,,,,,,,,,,,,,,,,,,,*/dʲˈoːβiːs/,,,,,,,,,,,,,,,,,,,,*/lˈaktʲu/,*/ɡlˈaktʲa/,,,,,,,,,,,,,,,,*/addʲuːtˈaː/,*/fˈaktʲa/,,,,,,,,,,,,,,,,,,,,,,,,,,,,,,,,,,,,,,,,,,,,,,,,,,,,,
R132,,,,,,,,,,,,,,,,,,*/ammiːnattʲˈaː/,,,,,,,,,,,,,,,,,,,,,,,*/ˈattʲa/,,,,,,,,,,,,,,,,,,,,,,,,,,,,,,,,,,,,,,,,,,,,,,,,,,,,,,,,,,,,,,,,,,,,,,,,,,,,,,,*/attʲˈellu/,,,,,,,,,,*/aːrˈettʲu/,,,,,,,,,,,*/ɡalliːnˈaːttʲu/,,,,,*/enpreddʲˈuːru/,,,,,,,,,,,,,,,,,,,,,,,,,,,,,,,,,,,,,,,,,,,,,,,,,,,,,,,,,,,,,,,,,,,,,,,,*/mustˈattʲa/,,,,,,,,,,,,,,,,,,,,,,,,,,,,,,,,,,*/brˈattʲu/,,,,,,,,,,,,,,,,,,,,,,,,,,,,,,,,,,,,,,,,,,,,,,,,,,,,,,,,,,,,,,,,,,,,,,,,,,,,,,,,,,,,,,,,,,,,,,,,,,,,,,,,,,,,,,,,,,,,,,,,,,,,,,,,,,,,,,,,,,,,,,*/kˈɛːttʲa/,,,,,,,,,,,,,,,,,,,,,,,,,,,,,,,,,,,,,,,,*/brattʲˈaːla/,,,,,,,,,,,,,,,,,,,,,,,,,,,,*/karnˈattʲu/,,,,,,,,,,,,,,,,,*/βiːnˈaːttʲu/,,,,,,,,,,,,,,,,,,,,,,,,,,,,,,,,,,,,,,,,,,,,,,,,,,*/sˈottʲa/,*/sˈottʲu/,,,,,,,,,,,,,,,,,,,,,,,,,,,,,,,,,,,,,,,,,,,,,,,,,,,,,,,,,,,,,,,,,,,,,,,,,,,,,,,,,,,,,,,,,,,,,,,,,,,,,,,,,,,,,,,,,,,,,,,,,,,,,,,,,,,,,,,,,,,,,,,,,,,,,,,,,,,,,,,,,,,,,,,,,,,,,,,,,,,,,,,,,,,,,,,,,,,,,,,,,,,,,,,,,,,,,,,,,,,,,,,,,,,,,,,,,,,,,,,,,,,,,,*/mestˈiːttʲu/,,,,,,,,,,,,,,,,,,,,,,,,,,,,,,,,,,,,,,,,,,,,,,,,,,,,,,,,,,,,,,,,,,,,,,,,,,,,,,,,,,,,,,,,,,,,,,,,,,,,,,,,,,,,,,,,,,,,,,,,,,,,,,,,,,,,,,,,,,,,,,,,,,,,*/dʲuːdˈettʲu/,,,,,,,,,,,,,,,,,,,,,,,,,,,,,,,,,,,,,,,,,,,,,,,,,,,,,,,,,,,,,,,,,,,,,,,,,,,,,,,,,,,,,,,,,,,,,,,,,*/deːttʲˈende/,,,,,,,,*/ˈaːddʲeː/,,,,,,,,,,,,,,,,,,,,,,,,,,,,,,,,,,,,,,,,,,,,,,,,,,,,,,,,,,,,,,,,,,,,,,,,,,,,,,,,,,,,,,,,,,,,,,,,,,,,,,,,,,,,,,,,,,,,,,,,,,,,,,,,,,,,,*/kaβallaːrˈettʲu/,,,,,,,,,,,,,,,,,,,,,,,,,,,,,,,,,,,,,,,,,,,,,*/feːnˈattʲu/,*/feːnˈettʲa/,,,*/nuːtrˈettʲu/,,,,,,,,,,*/porkaːrˈettʲa/,,,,,,,,,,,,,,,,,,,,,,,,,,,,,,,,,,,,,,,,,,,,,,,,,,,,,,,,,,,,,,,,,,,,,,,,,,,,,,,,,,,,,,,,,,,,,,,,,,,,,,,,,,,,,,,,,,,,,,,,,,,,,,,,,,,,,,,,,,,,,,,*/lˈattʲu/,*/ɡlˈattʲa/,,,,,,,,,,,,,,,,,*/fˈattʲa/,,,,,,,,,,,,,,,,,,,,,,,,,,,,,,,,,,,,,,,,,,,,,,,,,,,,,
R133,,,,,,,,,,,,,,,,,,,,,,,,,,,,,,,,,,,,,,,,,,,,,,,,,,,,,,,,,,,,,,,,,,,,,,,,,,,,,,,,,,,,,,,,,,,,,,,,,,,,,,,,,,,,,,,,,,,,,,,,,,,,,,,,,,,,,,,,,,,,,,,,,,,,,,,,,,,,,,*/enfasʲˈaː/,,,,,,,,,,,,,,,,,,,,,,,,,,,,,,,,,,,,,,,,,,,,,,,,,,,,,,,,,,,,,,,,,,,,,,,,,,,,,,,,,,,,,,,,,,,,,,,,,,,,,,,,,,,,,,,,,,,,,,,,,,,,,,,,,,,,,,,,,,,,,,,,,,,,,,,,,,,,,,,,,,,,,,,,,,,,,,,,,,,,,,,,,,,,,,,,,,,,,,,,,,,,,,,,,,,,,,,,,,,,,,,,,,,,,,,,,,,,,,,,,,,,,,,,,,,,,,,,,,,,,,,,,,,,,,,,,,,,,,,,,,,*/fˈasʲa/,*/fasʲˈoːla/,,,,,,,,,,,,,*/enfasʲolˈaː/,,,,,,,,,,,,,,,,,,,,,,,,,,,,,,,,,,,,,,*/osʲˈoːlu/,*/ˈoːsʲa/,,,,,,,,,,,,,,,,,,,,,,,,,,,,,,,,,,,,,,,,,,,,,,,,,,,,,,,,,,,,,,,,,,,,,,,,,,,,,,,,,,,,,,,,,,,,,,,,,,,,,,,,,,,,,,,,,,,,,,,,,,,,,,,,,,,,,,,,,,,,,,,,,,,,,,,,,,,,,,,,,,,,,,,,,,,,,,,,,,,,,,,,,,,,,,,,,,,,,,,,,,,,,,,,,,,,,,,,,,,,,,,,,,,,,,,,,,,,,,,,,,,,,,,,,,,,,,,,,,,,,,,,,,,,,,,,,,,,,,,,,,,,,,,,,,,,,,,,,,,,,,,,,,,,,,,,,,,,,,,,,,,,,,,,,,,,,,,,,,,,,,,,,,,,,,,,,,,,,,,,,,,,,,,,,,,,,,,,,,,,,,,,,,,,,,,,,,,,,,,,,,,,,,,,,,,,,,,,,,,,,,,,,,,,,,,,,,,,,,,,,,,,,,,,,,,,,,,,,,,,,,,,,,,,,,,,,,,,,,,,,,,,,,,,,,,,,,,,,,,,,,,,,,,,,,,,,,,,,,,,,,,,,,,,,,,,,,,,,,,,,,,,,,,,,,,,,,,,,,,,,,,,,,,,,,,,,,,,,,,,,,,,,,,,,,,,,,,,,,,,,,,,,,,,,,,,,,,,,,,,,,,,,,,,,,,,,,,,,,,,,,,,,,,,,,,,,,,,,,,,,,,,,,,,,,,,,,,,,,,,,,,,,,,,,,,,,,,,,,,,,,,,,,,,,,,,,,,,,,*/pasʲˈoːne/,,,,,,,,,,,,,,,,,,,,,,,,,,,,,,,,,,,,,,,,,,,,,,,,,,,,,,,,,,,,,,,,,,,,,,,,,,,,,,,,,,,,,,,,,,,,,,,,,,,,,,,,,,,,,,,,,,,,,,,,,,,,,,,,,,,,,,,,,,,,,,,,,,,,,,,,,,,,,,,,,,,,,,,,,,,,,,,,,,,,,,,,,,,,,,,,,,,,,,,,,,,,,,,,,,,,,,,,,,,,,,,
R134,,,,,,,,,,*/adɡʲˈuːnɡe/,*/adɡʲˈuːtoː/,*/adɡʲuːtˈoːrju/,,,,,,,,,,,,,,,,,,,,,,,,,,,*/adɡʲˈuːnu/,*/adɡʲuːnˈaː/,,,,,,,,,,,,,,,,,,,,,,,,,,,,,,,,,,,,,,,,,,,,*/botedɡʲˈoːne/,,,,,,,,,,,,,,,,,,,,,,,,,,,,,,,,,,,,*/atkʲˈellu/,,,,,,,,,,,,,,,,,,,,,,,,,*/ɡʲˈuːru/,*/enpredɡʲˈuːru/,,,,,,,,,,*/enkonɡʲuːrˈaː/,,,,,*/ɡʲuːdekˈaːta/,,,,,,,,,,,,,,,,,,,,,,,,,,,,,,,,,,,*/feːtkʲˈolu/,*/feːtkʲˈola/,*/ɡʲˈuβane/,,,,,,,,,,,,,,,,,,,,,,,,,,,,,,,,,,,,,,,,,,,,,,,,,,,,,,,,,,,,,,,*/petkʲˈolu/,,,,,,,,,,,,,,,,,,,,,,,,,,,,,,,,,,,,,,,,,,,,,,,,,,,,,,,,,,,,,,,,,,,,,,,,,,,,,,,,,,,,,,,,,,,,,,,,,,,,,,,,,,,,,,,,,,,*/entelleːpkʲˈoːne/,,,*/ɡʲuːdekˈaː/,,*/menkʲˈoːne/,,,,,,,,,,,,,,,,*/kʲˈuma/,,,,,,,,,,,,,,,,,,,,,,,,,,,,,,,,,,,,,,,,,,,,,,,,,,,,,,,,,,,,,,,,,,,,,,,,,,,,,,,,,,,,,,,,,,,,,,,,,,,,,,,,,,,,,,,,,,,,,,,,,,,,,,,,,,,,,,,,,,,,,,,,,,,,,,,,,,,,,,,,,,,,,,,,,,,,,,,,,,,,,,,,,,,,,,,,,,,,,,,,,,,,,*/putkʲˈoːsa/,,,,,,,,,,,,,,,,,,,,,,,,,,,,,,,,,,,,,,,,,,,,,,,*/ɡʲuːnˈeperu/,,,,,,,,,,,,,,,,,,,,,,,,,,,,,,,,,,,,,,,,,,,,,,,,,,,,,,,,,,,,,,,,,,,,,,,,,,,,,,,,,,,,,,,,,,,,,,,,,,,,*/ɡʲuːnˈiːke/,*/ɡʲˈuβanku/,*/ɡʲˈuβanka/,,,,,,,,,,,,,,,,,,,,,,,,,,,,,,,,,,,,,,,,,,,,,,,,,,,,,,,,,,,,,,,,,,,,,,,,,,,,,,,,,,,,*/ɡʲˈossu/,,,,,,,,,,,,,,,,,,,,,,,,,,,,,,,,,,,,,,,,,,,,,,,,,,,,,,,,,,,,,,,,,,,,,,,,,,,,,,,,,,,,,,,,*/ɡʲˈuːdess/,*/ɡʲuːdˈettʲu/,*/ɡʲuːraːmˈɛntu/,*/ɡʲuːrˈaː/,,,,,,,,,,,,,,,,,,,,,,,,,,,,,,*/enkliːnaːtkʲˈoːne/,,,*/oːraːtkʲˈoːne/,,,,,*/roɡaːtkʲˈoːne/,,,,,,,,,,,,,,,,,,,,,,*/ɡʲokˈaː/,*/ɡʲˈoku/,,,,,,,,,,,,,,,,,,,,,,,,,,*/tiːtkʲˈoːne/,,,,,,,,*/deːtkʲˈende/,,,,,,,,,,,,,,,,,,,,,,,,,,,,,,,,,,,,,,,,,,,,,,,,,,,,,,,,,,,,,,,,,,,,,,,,,,,,,,,,,,,,,,,,,,,,,,,,,,,,,,,,,,,,,,,,,,,,,,,,,,,,,,,,,,,,,,,,,,,,,,,,,,,,,,,,,,,,,,,,,,,,,,,,,,,,,,,,,,,,,,,,,,,,,*/ɡʲˈuɡu/,,,,,,,,,,,,,,,,,,,,,,,,,,,,,,,,,,,,,,,,,,,,,,,,,,,,,,,,,,,,,,,,,,,,,,,,,,,,,,,,,,,,,,,,*/urkʲˈolu/,,,,,,,,,,,,,,,,,,,,,,,,,,,,,,,,,,,,,,,,,,,,,,*/ɡʲˈoːβiːs/,,,,,,,,,,,,,,,,,,,,,,,,,,,,,,,,,,,,,*/adɡʲuːtˈaː/,,,,,,,,,,,,,,,,,,,,,,,,,,,,,,,,,,,,,,,,,,,,,,,,,,,,,,
R135,,,,,,,,,,,,,,,,,,,,,,,,,,,,,,,,,,,,,,,,,,,,,,,,,,,,,,,,,,,,,,,,,,,,,,,,,,,,,,,,,,,,,,,,,,,,,,,,,,,,,,,,,,,,,,,,,,,,,,,,,,,,,,,,,,,,,,,,,,,,,,,,,,,,,,,,,,,,,,,,,,,,,,,,,,,,,,,,,,,,,,,,,,,,,,,,,,,,,,,,,,,,,,,,,,,,,,,,,,,,,,,,,,,,,,,,,,,,,,,,,,,,,,,,,,,,,,,,,,,,,,,,,,,,,,,,,,,,,,,,,,,,,,,,,,,,,,,,,,,,,,,,,,,,,,,,,,,,,,,,,,,,,,,,,,,,,,,,,,,,,,,,,,,,,,,,,,,,,,,,,,,,,,,,,,,,,,,,,,,,,,,,,,,,,,,,,,,,,,,,,,,,,,,,,,,,,,,,,,,,,,,,,,,,,,,,,,,,,,,,,,,,,,,,,,,,,,,,,,,,,,,,,,,,,,,,,,,,,,,,,,,,,,,,,,,,,,,,,,,,,,,,,,,,,,,,,,,,,,,,,,,,,,,,,,,,,,,,,,,,,,,,,,,,,,,,,,,,,,,,,,,,,,,,,,,,,,,,,,,,,,,,,,,,,,,,,,,,,,,,,,,,,,,,,,,,,,,,,,,,,,,,,,,,,,,,,,,,,,,,,,,,,,,,,,,,,,,,,,,,,,,,,,,,,,,,,,,,,,,,,,,,,,,,,,,,,,,,,,,,,,,,,,,,,,,,,,,,,,,,,,,,,,,,,,,,,,,,,,,,,,,,,,,,,,,,,,,,,,,,,,,,,,,,,,,,,,,,,,,,,,,*/ezβolˈaː/,,,,,,,,,,,,,,,,,,,,,,,,,,,,,,,,,,,,,,,,,,,,,,,,,,,,,,,,,,,,,,,,,,,,,,,,,,,,,,,,,,,,,,,,,,,,,,,,,,,,,,,,,,,,,,,,,,,,,,,,,,,,,,,,,,,,,,,,,,,,,,,,,,,,,,,,,,,,,,,,,,,,,,,,,,,,,,,,,,,,,,,,,,,,,,,,,,,,,,,,,,,,,,,,,,,,,,,,,,,,,,,,,,,,,,,,,,,,,,,,,,,,,,,,,,,,,,,,,,,,,,,,,,,,,,,,,,,,,,,,,,,,,,,,,,,,,,,,,,,,,,,,,,*/ezbˈattβe/,,,,,,,,,,,,,,,,,,,,,,,,,,,,,,,,,,,,,,,,,,,,,,,,,,,,,,,,,,,,,,,,,,,,,,,,,,,,,,,,,,,,,,,,,,,,,,,,,,,,,,,,,,,,,,,,,,,,,,,,,,,,,,,,,,,,,,,,,,,,,,,,,,,,,,,,,,,,,,,,,,,,,,,,,,,,,,,,,,,,,,,,,,,,,,,,,,,,,,,,,,,,,,,,,,,,,,,,,,,,,,,,,,,,,,,,,,,,,,,,,,,,,,,,,,,,,,,,,,,,,,,,,,,,,,,,,,,,,,,,,,,,,,,,,,,,,,,,,,,,,,,,,,,,,,,,,,,,,,,,,,,,,,,,,,,,,,,,,,,,,,,,,,
R136,,,,,,,,,,,,,,,,,,,,,,,,,,,,,,,,,,,,,,,,,,,,,,,,,,,,,,,,,,,,,,,,,,,,,,,,,,,,,,,,,,,,,,,,,,,,,,,,,,,,,,,,,,,,,,,,,,,,,,,,,,,,,,,,,,,,,,,,,,,,,,,,,,,,,,,,,,,,,,,,,,,,,,,,,,,,,,,,,,,,,,,,,,,,,,,,*/beːssˈiːka/,,,,,,,,,,,*/betrˈaːnu/,,,,,,,,,,,,,,,,,,,,,,,,,,,,,,,,,,,,,,,,,,,,,,,,,,,,,,,,,,,,,,,,,,,,,,,,,,,,,,,,,,,,,,,,,,,,,,,,,,,,,,,,,,,,,,,,,,,,,,,,,,,,,,,,,,,,,,,,,,,,,,,,,,,,,,,,,,,,,,,,,,,,,,,,,,,,,,,,,,,,,,,,,,,,,,,,,,,,,,,,,,,,,,,,,,,,,,,,,,,,,,,,,,,,*/bestiːmˈɛntu/,,,,,,,,,,,,,,,*/bˈetta/,,,,,,,,,,,,,,,,,,,,,,,,,,,,,,,,,,,,,,,,,,,,,,,,,,,,,,,,,,,,,,,,,,,,,,,,,,,,,,,,,,,,,,,,,,,,,,,,,,,,,,,,,,,,,,,,,,,,,,,,,,,,,,,,,,,,,,,,,,,,,,,,,,,,,,,,,,,,,,,,,,,,,,,,,,,,,,,,,,,,,,,,,,,,,,,,,,,,,,,,,,,,,,,,,,,,,,,,,,,,,,,,,,,,,,,,,,,,,,,,,,,,,,,,,,,,,,,,,,,,,,,,,,,,,,,,,,,,,,,,,,,,,,,,,,,,,,,,,,,,,,,,,,,,,,,,,,,,,,,,,,,,,,,,,,,,,,,,,,,,,,,,,,,,,,,,,,,,,,,,,,,,,,,,,,,,,,,,,,,,,,,,,,,,,,,,,,,,,,,,,,,,,,,,,,,,,,,,,,,,,,,,,,,,,,,,,,,,,,,,,,,,,,,,,,,,,,,,,,,,,,,,,,,,,,,,,,,,,,,,,,,,,,,,,,,,,,,,,,,,,,,,,,,,,,,,,,,,,,,,,,,,,,,,,,,,,,,,,,,,,,,,,,,,,,,,,,,,,,,,,,,,,,,,,,,,,,,,,,,,,,,,,,,,,,,,,,,,,,,,,,,,,,,,,,,,,,,,,,,,,,,,,,,,,,,,,,,,,,,,,,,,,,,,,,,,,,,,,,,,,,,,,,,,,,,,,,,,,,,,,,,,,,,,,,,,,,,,,,,,,,,,,,,,,,,,,,,,,,,,,,,,,,,,,,,,,,,,,,,,,,,,,,,,,,,,,,,,,,,,,,,,,,,,,,,,,,,,,,,,,,,,,,,,,,,,,,,,,,,,,,,,,,,,,,,,,,,,,,,,,,,,,,,,,,,,,,,,,,,,,,,,,,,,,,,,,,,,,,,,,,,,,,,,,,,,,,,,,,,,,,,,,,,,,,,,,,,,,,,,,,,,,,,,,,,,,,,,,,,,,,,,,,,,,,,,,,,,,,,,,,,,,,,,,,,,,,,,,,,,,,,,,,,,,,,,,,,,,,,,,,,,,,,,,
R137,,,,,,,,,,,,,,,,,,,,,,,,,,,,,,,,,,,,,,,,,,,,,,,,,,,,,,,,,,,,,,,,,,,,,,,,,,,,,,,,,,,,,,,,,,,,,,,,,,,,,,,,,,,,,,,,,,,,,,,,,,,,,,,,,,,,,,,,,,,,,,,,,,,,,,,,,,,,,,,,*/envettʲˈaː/,,,,,,,,,,,,,,,,,,,,,,,,,,,,,,,,,*/vˈesku/,*/vˈiːtreku/,,,,,,,,,,*/vˈerɡla/,,,,,,,,,,,,,,,,,,,,,,,,,,,,,,,,,,,,,,,,,,,,,*/venˈeːnu/,*/vˈɛntre/,,,,,,,,,,,,,,,,,,,,,,,,,*/vedˈeː/,,,,,,,,,,,,,,,,,,,,,,,,,,,,,,*/viːβˈattʲa/,*/vˈiβu/,*/vˈiːβe/,,,,,,,,,,,,,*/veɡlˈaː/,*/vˈiːsu/,,,,,,,,,,,,,,,,,,,,*/enviːtˈaː/,,,,,,,,,,,,,,,,,,,,,,,,,,,,,*/vertˈuːte/,,,,,,,,,,,,,,,,,,,,,*/vendekˈaː/,*/vertβˈoːsu/,,,,,,,,,,,,,,,,,,,,,,,,,,,,,,,,,,,,,,,,,,,,,,,,,,,,,,,,,,,,,,,,*/envestˈiː/,,,,,,,,,,,,,,,,,,,*/vˈiːptu/,,,,*/viːnˈaːttʲu/,,,,*/vˈaːsu/,,,,,,,,,,,,,,,,,,,,,,,,,,,,,,,,,,,,*/vˈeːru/,,,,,,,,,,,,,,,,*/vˈeduβ/,,,,,,,,,,,,,,,,,,,,,,,,,,,,,,,,,*/vˈɛntu/,,,,,,,,,,,,,,,,*/vˈɛneriːs/,,,,,,,*/vˈeːra/,,,,,,,,,,,,,,,,,,,,,,*/vˈalle/,,,,,,,,,,,,,,,*/vˈadu/,,,,,,,,,,,,,,,,,*/vˈeskdu/,*/vˈerɡa/,,,,,,,,,,,,,,,,,,,,,,,*/vˈiːttʲa/,,,,,,,,,,,,,,,,,,,,,*/vˈerdʲa/,,,,,,,,,,,,,,,,,,*/vjˈoːla/,*/vˈolβula/,,,,,,*/vˈiːta/,,,,,,,,,,,,,,,,,,,,,,,,,,,,,,,,,,,,,,,,,,,,,,,,,*/vˈakka/,*/vˈɛrru/,,,*/vetˈɛlla/,*/vetˈɛllu/,*/vetˈulju/,*/vetˈulja/,,,,,,,,*/vˈulpe/,,,,,,,,,,,,,,,,,,,,,,*/preveɡlaːtˈoːrja/,*/preveɡlˈaː/,,,,,,*/vultˈurju/,,,,,,*/vˈiːpera/,*/vˈiːperɛː/,,,,,,,,,,,,,,,,*/vˈɛrme/,*/vˈɛspa/,,,,,,,,,,,,,,,,,,,,,,,,,,,,,,,,,,,,,,,,,*/viːɡˈentiː/,,,,,,,,,,,,,,,,,,,,,,,,,,,,,,,,,,,,,,*/veskˈoːsu/,,,,*/koːvenjˈɛntʲa/,*/koːvenˈiː/,*/koːventˈaː/,,,,,,,,,,,,,,,,,*/viːkiːnetˈaːte/,*/vetemˈaː/,,,,,,,,,,,,,,*/vˈɛnde/,,,,,,,,,,,,,,,,,,,,,,,,,,,,,,,,,,,,*/vˈɛrsu/,,,,,,,,,*/vˈɛnetu/,*/verɡˈaːtu/,,,,,,,,,,,,,,,,,,,,,,,,,,,,,,,,,,,,,,,,,,,,,,,,,,,,,,,,*/vˈɛklu/,*/viːkˈiːnu/,,,,,,,,,,,,,,,,,,,,,,,,,,,,,,*/venˈiː/,,,,,,,,,,,,,,,,,,,,,,,,,,,,,,,,,,,,,,,,,,,,,,,,,,,,,,,,,,,,,,,,,,,,,,,,,,*/versˈaː/,,,,,,,,,,,,,,,,,,,,,,,,,,,,,,,,,*/ventulˈaː/,,,,,,,,,,*/vˈiːnja/,,,,,,,,,,,,,,,,,,*/vakkarˈettʲa/,,,,,,,,,,,,,,,,,,*/veːnˈaː/,*/veːnaːtˈoːr/,*/veːnaːtˈoːrja/,,,,*/envˈenke/,,,,,,,,,,,,,,,,,,,,,,,,,,,,,,,,,,,,,,,,,,,,,,,,,,,,,,,,,,,,,,,,,,,,,,*/koːvˈɛntu/,,,,,,,,,,,,,,,,,,,,*/vˈerde/,,,*/vˈede/,,,,,,,,,,,,,,,,,,,,,,,,,,,,,,,,,,,,,*/vˈeːna/,,,*/vˈiːnu/,,,,,,,,,,,,,,,,,,,,,,,,*/vˈos/,,,,,,,,,,,,,,,,,,,,,,,,,,,,,,,,,,,,,
R138,,,,,,,,*/adevˈeːru/,,,,,,,,,,,,,,,,,,,,,,,,,,,,,,,,,,,,,,,,,,,,,,,,,,,,,,,,,,,,,,,,,,,,,,,,,,,,,,,,,,,,,,,,,,,,,,,,,,,,,,,,,,,,,,,,,,,,,,,,,,,,,,,,,,,,,,,,,,,,,,,,,,,,,,,,,,,,,,,,,,,,,,,,*/priːmavˈeːra/,,,,,,,,,,,,,,,,,,,,,,,,,,,,,,,,,,,,,,,,,,,,,,,,,,,,,,,,,,,,,,,,,,,,,,,,,,,,,,,,,,,,,,,,,,,,,,,,,,,,,,,,,,,,,,,,,,,,,,,,,,,,,,,,,,,,,,,,,,,,,,,,,,,,,,,,,,,,,,,,,,,,,,,,,,,,,,,,,,,,,,,,,,,,,,,,,,,,,,,,,,,,,,,,,,,,,,,,,,,,,,,,,,,,,,,,,,,,,,,,,,,,,,,,,,,,,,,,,,,,,,,,,,,,,,,,,,,,,,,,,,,,,,,,,,,,,,,,,,,,,,,,,,,,,,,,,,,,,,,,,,,,,,,,,,,,,,,,,,,,,,,,,,,,,,,,,,,,,,,,,,,,,,,,,,,,,,,,,,,,,,,,,,,,,,,,,,,,,,,,,,,,,,,,,,,,,,,,,,,,,,,,,,,,,,,,,,,,,,,,,,,,,,,,,,,,,,,,,,,,,,,,,,,,,,,,,,,,,,,,,,,,,,,,,,,,,,,,,,,,,,,,,,,,,,,,,,,,,,,,,,,,,,,,,,,,,,,,,,,,,,,,,,,,,,,,,,,,,,,,,,,,,,,,,,,,,,,,,,,,,,,,,,,,,,,,,,,,,,,,,,,,,,,,,,,,,,,,,,,,,,,,,,,,,,,,,,,,,,,,,,,,,,,,,,,,,,,,,,,,,,,,,,,,,,,,,,,,,,,,,,,,,,,,,,,,,,,,,,,,,,,,,,,,,,,,,,,,,,,,,,,,,,,,,,,,,,,,,,,,,,,,,,,,,,,,,,,,,,,,,,,,,,,,,,,,,,,,,,,,,,,,,,,,,,,,,,,,,,,,,,,,,,,,,,,,,,,,,,,,,,,,,,,,,,,,,,,,,,,,,,,,,,,,,,,,,,,,,,,,,,,,,,,,,,,,,,,,,,,,,,,,,,,,,,,,,,,,,,,,,,,,,,,,,,,,,,,,,,,,,,,,,,,,,,,,,,,,,,,,,,,,,,,,,,,,,,,,,,,,,,,,,,,,,,,,,,,,,,,,,,,,,,,,,,,,,,,,,,,,,,,,,,,,,,,,,,,,,,,,,,,,,,,,,,,,,,,,,,,,,,,,,,,,,,,,,,,,,,,,,,,,,,,,,,,,,,,,,,,,,,,,,,,,,,,,,,,,,,,,,,,,,,,,,,,,,,,,,,,,,,,,,,,,,,,,,,,,,,,,,,,*/avˈeː/,*/avˈeːβa/,,,,,,,,,,,,,,,,,,,,,,,,,,,,,,,,,,,,,,,,,,,,,,,,,,,,,,,,,,,,,,,,,,,,,,,,,,,,,,,,,,,,,,,,,,,,,,,,,,,,,,,,,,,,,,,,,,,
R139,,,,,,,,,,,,,,,,,,,,,,,,,,,,,,,,,,,,,,,,,,,,,,,,,,,,,,,,,,,,,,,,,,,,,,,,,,,,,,,,,,,,,,,,,,,,,,,,,,,,,,,,,,,,,,,,,,,,,,,,,,,,,,,,,,,,,,,,,,,,,,,,,,,,,,,,,,,,,,,,,,,,,,,,,,,,,,,,,,,,,,,,,,,,,,,,,,,,,,,,,,,,,,,,,,,,,,,,,,,,,,,,,,,,,,,,,,,,,,,,,,,,,,,,,,,,,,,,,,,,,,,,,,,,,,,,,,,,,,,,,,,,,,,,,,,,,,,,,,,,,,,,,,,,,,,,,,,,,,,,,,,,,,,,,,,,,,,,,,,,,,,,,,,,,,,,,,,,,,,,,,,,,,,,,,,,,,,,,,,,,,,,,,,,,,,,,,,,,,,,,,,,,,,,,,,,,,,,,,,,,,,,,,,,,,,,,,,,,,,,,,,,,,,,,,,,,,,,,,,,,,,,,,,,,,,,,,,,,,,,,,,,,,,,,,,,,,,,,,,,,,,,,,,,,,,,,,,,,,,,,,,,,,,,,,,,,,,,,,,,,,,,,,,,,,,,,,,,,,,,,,,,,,,,,,,,,,,,,,,,,,,,,,,,,,,,,,,,,,,,,,,,,,,,,,,,,,,,,,,,,,,,,,,,,,,,,,,,,,,,,,,,,,,,,,,,,,,,,,,,,,,,,,,,,,,,,,,,,,,,,,,,,,,,,,,,,,,,,,,,,,,,,,,,,,,,,,,,,,,,,,,,,,,,,,,,,,,,,,,,,,,,,,,,,,,,,,,,,,,,,,,,,,,,,,,,,,,,,,,,,,,,,,,,,,,,,,,,,,,,,,,,,,,,,,,,,,,,,,,,,,,,,,,,,,,,,,,,,,,,,,,,,,,,,,,,,,,,,,,,,,,,,,,,,,,,,,,,,,,,,,,,,,,,,,,,,,,,,,,,,,,,,,,,,,,,,,,,,,,,,,,,,,,,,,,,,,,,,,,,,,,,,,,,,,,,,,,,,,,,,,,,,,,,,,,,,,,,,,,,,,,,,,,,,,,,,,,,,,,,,,,,,,,,,,,,,,,,,,,,,,,,,,,,,,,,,,,,,,,,,,,,,,,,,,,,,,,,,,,,,,,,,,,,,,,,,,,,,,,,,,,,,,,,,,,,,,,,,,,,,,,,,,,,,,,,,,,,,,,,,,,,,,,,,,,,,,,,,,,,,,,,,,,,,,,,,,,,,,,,,,,,,,,,,,,,,,,,,,,,,,,,,,,,,,,,,,,,,,,,,,,,,,,,,,,,,,,,,,,,,,,,,,,,,,,,,,,,,,,,,,,,,,,,,,,,,,,,,,,,,,,,,,,,,,,,,,,,,,,,,,,,,,,,,,,,,,,,,,,,,,,,,,,,,,,,,,,,,,,,,,,,,,,,,,,,,,,,,,,,,,,,,,,,,,,,,,,,,,,,,,,,,,,,,,,,,,,,,,,,,,,,,,,,,*/nˈɛɣula/,*/rˈuɣu/,*/nˈɛːɣu/,,,,,,,,,,,,,,,,,,,,,,,,,,,,,,,,,,,,,,,,,,,,
R140,,,,,,,,,,,,,,,,,,,,,,,,,,,,,,,,,,,,,,,,,,,,,,,,,,,,,,,,,,,,,,,,,,,,,,,,,,,,,,,,,,,,,,,,,,,,,,,,,,,,,,,,,,,,,,,,,,,,,,,,,,,,,,,,,,,,,,,,,,,,,,,,,,,,,,,,,,,,,,,,,,,,,,,,,,,,,,,,,,,,,,,,,,,,,,,,,,,,,,,,,,,,,,,,,,,,,,,,,,,,,,,,,,,,,,,,,,,,,,,,,,,,,,,,,,,,,,,,,,,,,,,,,,,,,,,,,,,,,,,,,,,,,,,,,,,,,,,,,,,,,,,,,,,,,,,,,,,,,,,,,,,,,,,,,,,,,,,,,,,,,,,,,,,,,,,,,,,,,,,,,,,,,,,,,,,,,,,,,,,,,,,,,,,,,,,,,,,,,,,,,,,,,,,,,,,,,,,,,,,,,,,,,,,,,,,,,,,,,,,,,,,,,,,,,,,,,,,,,,,,,,,,,,,,,,,,,,,,,,,,,,,,,,,,,,,,,,,,,,,,,,,,,,,,,,,,,,,,,,,,,,,,,,,,,,,,,,,,,,,,,,,,,,,,,,,,,,,,,,,,,,,,,,,,,,,,,,,,,,,,,,,,,,,,,,,,,,,,,,,,,,,,,,,,,,,,,,,,,,,,,,,,,,,,,,,,,,,,,,,,,,,,,,,,,,,,,,,,,,,,,,,,,,,,,,,,,,,,,,,,,,,,,,,,,,,,,,,,,,,,,,,,,,,,,,,,,,,,,,,,,,,,,,,,,,,,,,,,,,,,,,,,,,,,,,,,,,,,,,,,,,,,,,,,,,,,,,,,,,,,,,,,,,,,,,,,,,,,,,,,,,,,,,,,,,,,,,,,,,,,,,,,,,,,,,,,,,,,,,,,,,,,,,,,,,,,,,,,,,,,,,,,,,,,,,,,,,,,,,,,,,,,,,,,,,,,,,,,,,,,,,,,,,,,,,,,,,,,,,,,,,,,,,,,,,,,,,,,,,,,,,,,,,,,,,,,,,,,,,,,,,,,,,,,,,,,,,,,,,,,,,,,,,,,,,,,,,,,,,,,,,,,,,,,,,,,,,,,,,,,,,,,,,,,,,,,,,,,,,,,,,,,,,,,,,,,,,,,,,,,,,,,,,,,,,,,,,,,,,,,,,,,,,,,,,,,,,,,,,,,,,,,,,,,,,,,,,,,,,,,,,,,,,,,,,,,,,,,,,,,,,,,,,,,,,,,,,,,,,,,,,,,,,,,,,,,,,,,,,,,,,,,,,,,,,,,,,,,,,,,,,,,,,,,,,,,,,,,,,,,,,,,,,,,,,,,,,,,,,,,,,,,,,,,,,,,,,,,,,,,,,,,,,,,,,,,,,,,,,,,,,,,,,,,,,,,,,,,,,,,,,,,,,,,,,,,,,,,,,,,,,,,,,,,,,,,,,,,,,,,,,,,,,,,,,,,,,,,,,,,,,,,,,,,,,,,,,,,,,,,,,,,,,,,*/ˈuːɣer/,,,,,,,,,,,,,,,,,,,,,,,,,,,,,,,,,,,,,,,,,,,,,,,
R141,,,,,,,,,,,,,,,,,,,,,,,,,,,,,,,,,,,,,,,,,,,,,,,,,,,,,,,,,,,,,,,,,,,,,,,,,,,,,,,,,,,,,,,,,,,,,,,,,,,,,,,,,,,,,,,,,,,,,,,,,,,,,,,,,,,,,,,,,,,,,,,,,,,,,,,,,,,,,,,,,,,,,,,,,,,,,,,,,,,,,,,,,,,,,,,,,,,,,,,,,,,,,,,,,,,,,,,,,,,,,,,,,,,,,,,,,,,,,,,,,,,,,,,,,,,,,,,,,,,,,,,,,,,,,,,,,,,,,,,,,,,,,,,,,,,,,,,,,,,,,,,,,,,,,,,,,,,,,,,,,,,,,,,,,,,,,,,,,,,,,,,,,,,,,,,,,,,,,,,,,,,,,,,,,,,,,,,,,,,,,,,,,,,,,,,,,,,,,,,,,,,,,,,,,,,,,,,,,,,,,,,,,,,,,,,,,,,,,,,,,,,,,,,,,,,,,,,,,,,,,,,,,,,,,,,,,,,,,,,,,,,,,,,,,,,,,,,,,,,,,,,,,,,,,,,,,,,,,,,,,,,,,,,,,,,,,,,,,,,,,,,,,,,,,,,,,,,,,,,,,,,,,,,,,,,,,,,,,,,,,,,,,,,,,,,,,,,,,,,,,,,,,,,,,,,,,,,,,,,,,,,,,,,,,,,,,,,,,,,,,,,,,,,,,,,,,,,,,,,,,,,,,,,,,,,,,,,,,,,,,,,,,,,,,,,,,,,,,,,,,,,,,,,,,,,,,,,,,,,,,,,,,,,,,,,,,,,,,,,,,,,,,,,,,,,,,,,,,,,,,,,,,,,,,,,,,,,,,,,,,,,,,,,,,,,,,,,,,,,,,,,,,,,,,,,,,,,,,,,,,,,,,,,,,,,,,,,,,,,,,,,,,,,,,,,,,,,,,,,,,,,,,,,,,,,,,,,,,,,,,,,,,,,,,,,,,,,,,,,,,,,,,,,,,,,,,,,,,,,,,,,,,,,,,,,,,,,,,,,,,,,,,,,,,,,,,,,,,,,,,,,,,,,,,,,,,,,,,,,,,,,,,,,,,,,,,,,,,,,,,,,,,,,,,,,,,,,,,,,,,,,,,,,,,,,,,,,,,,,,,,,,,,,,,,,,,,,,,,,,,,,,,,,,,,,,,,,,,,,,,,,,,,,,,,,,,,,,,,,,,,,,,,,,,,,,,,,,,,,,,,,,,,,,,,,,,,,,,,,,,,,,,,,,,,,,,,,,,,,,,,,,,,,,,,,,,,,,,,,,,,,,,,,,,,,,,,,,,,,,,,,,,,,,,,,,,,,,,,,,,,,,,*/fˈaɣulu/,*/fˈaɣu/,,,,,,,,,,,,,,,,,,,,,,,,,,,,,,,,,,,,,,,,,,,,,,,,,,,,,,,,,,,,,,,,,,,,,,,,,,,,,,,,,,,,,,,,,,,,,,,,,,,,,,,,,,,,,,,,,,,,,,,,,,,,,,,,,,,,,,,,,,,,,,,,,,,,,,,,,,,,,,,,,,,,,,,,,,,,,,,,,,,,,,,,,,,,,,,,,,,,,,,,,,,,,,,,,
R142,,,,,,,,,,,,,,,,,,,,,,,,,,,,,,,,,,,,,,,,,,,,,,,,,,,,,,,,,,,,,,,,,,,,,,,,,,,,,,,,,,,,,,,,,,,,,,,,,,,,,,,,,,,,,,,,,,,,,,,,,,,,,,,,,,,,,,,,,,,,,,,,,,,,,,,,,,,,,,,,,,,,,,,,,,,,,,,,,,,,,,,,,,,,,,,,,,,,,,,,,,,,,,,,,,,,,,,,,,,,,,,,,,,,,,,,,,,,,,,,,,,,,,,,,,,,,,,,,,,,,,,,,,,,,,,,,,,,,,,,,,,,,,,,,,,,,,,,,,,,,,,,,,,,,,,,,,,,,,,,,,,,,,,,,,,,,,,,,,,,,,,,,,,,,,,,,,,,,,,,,,,,,,,,,,,,,,,,,,,,,,,,,,,,,,,,,,,,,,,,,,,,,,,,,,,,,,,,,,,,,,,,,,,,,,,,,,,,,,,,,,,,,,,,,,,,,,,,,,,,,,,,,,,,,,,,,,,,,,,,,,,,,,,,,,,,,,,,,,,,,,,,,,,,,,,,,,,,,,,,,,,,,,,,,,,,,,,,,,,,,,,,,,,,,,,,,,,,,,,,,,,,,,,,,,,,,,,,,,,,,,,,,,,,,,,,,,,,,,,,,,,,,,,,,,,,,,,,,,,,,,,,,,,,,,,,,,,,,,,,,,,,,,,,,,,,,,,,,,,,,,,,,,,,,,,,,,,,,,,,,,,,,,,,,,,,,,,,,,,,,,,,,,,,,,,,,,,,,,,,,,,,,,,,,,,,,,,,,,,,,,,,,,,,,,,,,,,,,,,,,,,,,,,,,,,,,,,,,,,,,,,,,,,,,,,,,,,,,,,,,,,,,,,,,,,,,,,,,,,,,,,,,,,,,,,,,,,,,,,,,,,,,,,,,,,,,,,,,,,,,,,,,,,,,,,,,,,,,,,,,,,,,,,,,,,,,,,,,,,,,,,,,,,,,,,,,,,,,,,,,,,,,,,,,,,,,,,,,,,,,,,,,,,,,,,,,,,,,,,,,,,,,,,,,,,,,,,,,,,,,,,,,,,,,,,,,,,,,,,,,,,,,,,,,,,,,,,,,,,,,,,,,,,,,,,,,,,,,,,,,,,,,,,,,,,,,,,,,,,,,,,,,,,,,,,,,,,,,,,,,,,,,,,,,,,,,,,,,,,,,,,,,,,,,,,,,,,,,,,,,,,,,,,,,,,,,,,,,,,,,,,,,,,,,,,,,,,,,,,,,,,,,,,,,,,,,,,,,,,,,,,,,,,,,,,,,,,,,,,,,,,,,,,,,,,,,,,,,,,,,,,,,*/fˈaɡulu/,*/fˈaɡu/,,,,,,,,,,,,,,,,,,,,,,,,,,,,,,,,,,,,,,,,,,,,,,,,,,,,,,,,,,,,,,,,,,,,,,,,,,,,,,,,,,,,,,,,,,,,,,,,,,,,,,,,,,,,,,,,,,,,,,,,,,,,,,,,,,,,,,,,,,,,,,,,,,,,,,,,,,,,,,,,,,*/ˈuːɡer/,*/nˈɛɡula/,*/rˈuɡu/,*/nˈɛːɡu/,,,,,,,,,,,,,,,,,,,,,,,,,,,,,,,,,,,,,,,,,,,,
R143,,,,,,,,,,,,,,,,,,,,,,,,,,,,,,,,,,,,,,,,,,,,,,,,,,,,,,,,,,,,,,,,,,,,,,,,,,,,,,,,,,,,,,,,,,,,,,,,,,,,,,,,,,,,,,,,,,,,,,,,,,,,,,,,,,,,,,,,,,,,,,,,,,,,,,,,,,,,,,,,,,,,,,,,,,,,,,,,,,,,,,,,,,,,,,,,,,,,,,,,,,,,,,,,,,*/krˈɛβjelu/,,,,,,,,,,,,,,,,,,,,,,,,,,,,,,,,,,,,,,,,,,,,,,,,,,,,,,,,,,,,,,,,,,,,,,,,,,,,,,,,,,,,,,,,,,,,,,,,,,,,,,,,,,,,,,,,,,,,,,,,,,,,,,,,,,,,,,,,,,,,,,,,,,,,,,,,,,,,,,,,,,,,,,,,,,,,,,,,,,,,,,,,,,,,,,,,,,,,,,,,,,,,,,,,,,,,,,,,,,,,,,,,,,,,,,,,,,,,,,,,,,,,,,,,,,,,,,,,,,,,,,,,,,,,,,,,,,,,,,,,,,,,,,,,,,,,,,,,,,,,,,,,,,,,,,,,,,,,,,,,,,,,,,,,,,,,,,,,,,,,,,,,,,,,,,,,,,,,,,,,,,,,,,,,,,,,,,,,,,,,,,,,,,,,,,,,,,,,,,,,,,,,,,,,,,,,,,,,,,,,,,,,,,,,,,,,,,,,,,,,,,,,,,,,,,,,,,,,,,,,,,,,,,,,,,,,,,,,,,,,,,,,,,,,,,,,,,,,,,,,,,,,,,,,,,,,,,,,,,,,,,,,,,,,,,,,,,,,,,,,,,,,,,,,,,,,,,,,,,,,,,,,,,,,,,,,,,,,,,,,,,,,,,,,,,,,,,,,,,,,,,,,,,,,,,,,*/ɡrˈelljjelu/,,,,,,,,,,,,,,,,,,,,,,,,,,,,,,,,,,,,,,,,,,,,,,,,,,,,,,,,,,,,,,,,,,,,,,,,,,,,,,,,,,,,,,,,,,,,,,,,,,,,,,,,,,,,,,,,,,,,,,,,,,,,,,,,,,,,,,,,,,,,,,,,,,,,,,,,,,,,,,,*/siːβjelˈaː/,,,,,,,,,,,,,,,,,,,,,,,,,,,,,,,,,,,,,*/aljjerˈeːs/,,,,,,,,,,,,,,,,,,,,,,,,,,,,,,,,,,,,,,,,,,,,,,,,,,,,,,,,,,,,,,,,,,,,,,,,,,,,,,,,,,,,,,,,,,,,,,,,,,,,,,,,,,,,,,,,,,,,,,,,,,,,,,,,,,,,,,,,,,,,,,,,,,,,,,,,,,,,,,,,,,,,,,,,,,*/triːβjelˈaː/,,,,,,,,,,,,,,,,,,,,,,,,,,,,,,,,,,,,,,,,,,,,,,,,,,,,,,,,,,,,,,,*/kˈajjelu/,,,,,,,,,,,,,,,,,,,,,,,,,,,,,,,,,,,,,,,,,,,,,,,,*/bˈajjelu/,,,,,,,,,,,,,,,,,,,,,,,,,,,,,,,,,,,,,,,,,,,,,,,,,,,,,,,,,,,,,,,,,,,,,,,,,,,,,,,,,,,,,,,,,,,,,,,,,,,,,,,,,,,,,,,,,,,,,,,,,,,,,,,,,,,,,,,,
R144,,,,,,,,,,,,,,,,,,,,,,,,,,,,,,,,,,,,,,,,,,,,,,,,,,,,,,,,,*/albjˈaːrju/,*/albjˈola/,*/albˈiːna/,,,,,,,,,,,,,,,,,,,,,,,,,,,,,,,,,,,,,,,,,,,,,,,,,,,*/kˈorbu/,,,,,,,,,,,,,,,,,,,,,,,,,,,,,,,,,,,,,,,,,,,,,,,,,,,,,,,,,,,,,,,,,,,,,,,,,,,,,,,,,,,,,,,,,,,,,,,,,,,,,,,,,,,,,,,,,,*/kerbˈiːke/,,,,,,,,,,,,,,,,,,,,,,,,,,,,,,,,,,,,,,,,,,,,,,,,,,,,,,,,,,,,,,,,,,,,,,,,,,,,,,,,,,,,,,,,,,,,,,,,,,,,,,,,,,,,,,,,,,,,,,,,,,,,,,,,,,,,,,,,,,,,,,,,,,,,,,,,,,,,,,,,,,,,,,,,,,,,,,,,,,,,,,,,,,,,,,,,,,,,,,,,,,,,,,,,,,,,,,,,,,,,,,,,,,,,,,,,,,,,,,,,,,,,,,,,,,,,,,,,,,,,,,,,,,,,,,,,,,,,,,,,,,,,,,,,,,,,,,,,,,,,,,,,,,,,,,,,,,,,,,,,,,,,,,,,,,,,,,,,,,,,,,,,,,,,,,,,,,,,,,,,,,,,,,,,,,,,,*/pˈulbere/,,,,,,,,,,,,,,,,,*/ˈalbja/,,,,,,,,,,,,,,,,,,,,,,,,,,,,,,,,,,,,,,,,,,,,,,,,,,,,,,,,,,,,,,,,,,,,,,,,,,,,,,,,,,,,,,,,*/mˈalba/,,,,,,,*/vˈolbula/,,,,,*/selbˈaːteku/,,,,,,,,,,,,,,,,,,,,,,,,,,,,,,,,,,,,,,,,,,,,,,,,,,,,,,,,,,,*/kˈɛrbu/,,,,,,,,,,*/ezbolˈaː/,,,,,,,,,,,,,,,,,,,,,,,,,,,,,,,,,,,,,,,,,,,,,,,,,,,,,,,,,,,,,,,,,,,,,,,,,,,,,,,,,,,,,,,,,,,,,,,,,,,,,,,,,,,,,,,,,,,,,,,,,,,,,,,,,,,,,,,,,,,,,,,,,,,,,,,,,,,,,,,,,,,,,,,,,,,,,,,,,,,,,,,,*/serbˈaː/,,,,,,,,,,,,,,,,,,,,,,,,,,,,,,,,,,,*/fˈɛrbe/,,,,,,,,,,,,,,,,,,,,,,,,,,,,,,,,,,,,,,,,,,,,,,,,,,,,,,,,,,,,,,,,,,,,,,,,,,,,,,,,,,,,,,,,,,,,,,,,,,,,*/aβbˈiːs/,,,,,,,,,,,,,,,,,,,,,,,,,,,*/espulberˈaː/,,,,,,,,,,,,,,,,,,,,,,,,,,,,,,,,,,,,,,,,,,,,,,,,,,,,,,,,,,,,,,,,,,,,,,,,,,,,,,,,,,,,,,,,,,,,,,,,,,,,,,,,,,,,,,,,,,,,,,,,,,,,,,,,,,,,,,,,,,,,,,,,,,,,,,,,,,,,,,,,,,,,,,,,,,,,,,,,,,,,,,,,,,,,,,,,,,,,,,,,,,,,,,,,,,,,,,,,,,,,,,,,,,,,,,,,,,,,,,,,,,,,,,,,,,,,,,,,,,,,,,,,,,,,,,,,,,,,,,,,,,,,,,,,,,,,,,,,,,,,,,,,,,
R145,,,,,,,,,,,,,,,,,,,,,,,,,,,,,,,,,,,,,,,,,,,,,,,,,,,,,,,,,,,,,,,,,,,,,,,,,,,,,,,,,,,,,,,,,,,,,,,,,,,,,,,,,,,,,,,,,,,,,,,,,,,,,,,,,,,*/fawrekˈaː/,,,*/fewrˈaːrju/,,,,,,,,,,,,,,,,,,,,,,,,,,,,,,,,,,,,,,,,,,,,,,,,,,,,,,,,,,,,,,,,,,,,,,,,,,,,,,,,,,,,,,,,,,,,,,,,,,,,,,,,,,,,,,,,,,,,,,,,,,,,,,,,,,,,,,,,,,,,,,,,,,,,,,,,,,,,,,,,,,,,,,,,,,,,,,,,,,,,,*/eskuwlˈaː/,,,,,,,,,,,,,,,,,,,,,,,,,,,,,,,,,,,,,,,,,,,,,,,,,,,,,,,,,,,,,,,,,,,,*/owliːtˈaː/,,,,,,,,,,,,,,,,*/fˈɛwriː/,,,,,,,,,,,,,,,,,,,,,,,,,,,,,,,,,,,,,,,,,,,,,,,,,,,,,,,,,,*/suwmˈette/,,,,,,,,,,,,,,,,,,,,,,,,,,,,,,,,,,,,,,,,,,,,,,,,,,,,,,,,,,,,,,,,,,,,,,,,,,,,,,,,,,,,,,,,,,,,,,,,,,,,,,,,,,,,,,,,,,,,,,,,,,,,,,,,,,,,,,,,,,,,,,,,,,,,,,,,,,,,,,,,,,,,,,,,,,,,,,,,,,,,,,,,,,,,,,,,,,,,,,,,,,,,,,,,,,,,,,*/laːwrˈuːska/,,,,,,,,,,,,,,,,,,,,,,,,,,,,,,,,,,,,,,,,,,,,,,,,,,,,,,,,,,,,,,,,,,,,,,,,,,,,,,,,,,,,,,,,,,,,,,,,,,,,,,,,,,,,,,,,,,,,,,,,,,,,,,,,,,,,,,,,,,,,,,,,,,,,,,,,,,,,,,,,,,,,,,,,,,,,,,,,,,,,,,,,,,,,,,,,,,,,,,,,,,,,,,,,,,,,,,,,,,,,,,,,,,,,,,,,,,,,,,,,,,,,,,,,,,,,,,,,,,,,,,,,,,,,,,,,,,,,,,,,,,,,,,,,,,,,,,,,,,,,,,,,,,,,,,,,,,,,,,,,,,,,,,,,,,,,,,,,,,,,,,,,,,,,,,,,,,,,,,,,,,,,,,,,,,,,,,,,,,,,,,,,,,,,,,,,,,,,,,,*/luːwrekˈaː/,,,,,,,,,,,,,,,,,,,,,,,,,,,,,,,,,,,,,,,,,,,,,,,,,,,,,,,,,,,,,,,,,,,,,,,,,,,,,,,,,,,,,,,,,,,,,,,,,,,,,,,,,,,,,,,,,,,,,,,,,,,,,,,,,,,,,,,,,,,,,,,,*/estˈawlu/,,,,,,,,,,,,,,,,,,,,,,,,,,,,,,,,,,,,,,,,,,,,,*/sˈuːwlu/,,,,,,,,,,,,,,,,,,,,,,,,,*/fˈawru/,,,,,,,,,,,,,,,,,,,,,,,,*/sˈuːwla/,,,,,,,,,,,,,,,,,,,,,,,,,,,,,,,,,,,,,,,,,,,,,,,,,,,,,,,,,,,,,,,,,,,,,,,,,,,,,*/kˈiːwru/,,,,,,,,,,,,,,,,,,,,,,,,,,,,,,,,,,,,,,,,,,,,,,*/eskˈowra/,,,,
R146,,,,,,,,,,,,,,,,,,,,,,,,,,,,,,,,,,,,,,,,,,,,,,,,,,,,,,,,,,,,,,,,,,,,,,,,,,,,,,,,,,,,,,,,,,,,,,,,,,,,,,,,,,,,,,,,,,,,,,,,,,,,,,,,,,,,,,,,,,,,,,,,,,,,,,,,,,,,,,,,,,,,,,,,,,,,,,,,,,,,,,,,,,,,,,,,,,,,,,,,,,,,,,,,,,,,,,,,,,,,,,,,,,,,,,,,,,,,,,,,,,,,,,,,,,,,,,,,,,,,,,,,,,,,,,,,,,,,,,,,,,,,,,,,,,,,,,,,,,,,,,,,,,,,,,,,,,,,,,,,,,,,,,,,,,,,,,,,,,,,,,,,,,,,,,,,,,,,,,,,,,,,,,,,,,,,,,,,,,,,,,,,,,*/eskˈiːw̥/,,,,,,,,,,,,,,,,,,,,,,,,,,,,,,,,,,,,,,,,,,,,,,,,,,,,,,,,,,,,,,,,,,,,,,,,,,,,,,,,,,,,,,,,,,,,,,,,,,,,,,,,,,,,,,,,,,,,,,,,,,,,,,,,,,,,,,,,,,,,,,,,,,,,,*/vˈeduw̥/,,,,,,,,,,,,,,,,,,,,,,,,,,,,,,,,,,,,,,,,,,,,,,,,,,,,,,,,,,,,,,,,,,,,,,,,,,,,,,,,,,,,,,,,,,,,,,,,,,,,,,,,,,,,,,,,,,,,,,,,,,,,,,,,,,,,,,,,,,,,,,,,,,,,,,,,,,,,,,,,,,,,,,,,,,,,,,,,,,,,,,,,,,,,,,,,,,,,,,,,,,,,,,,,,,,,,,,,,,,,,,,,,,,,,,,,,,,,,,,,,,,,,,,,,,,,,,,,,,,,,,,,,,,,,,,,,,,,,,,,,,,,,,,,,,,,,,,,,,,,,,,,,,,,,,,,,,,,,,,,,,,,,,,,,,,,,,,,,,,,,,,,,,,,,,,,,,,,,,,,,,,,,,,,,,,,,,,,,,,,,,,,,,,,,,,,,,,,,,,,,,,,,,,,,,,,,,,,,,*/dˈɛw̥/,,,,,,,,,,,,,,,,,,,,,,,,,,,,,,,,,,,,,,,,,,,,,,,,,,,,,,,,,,,,,,,,,,,,,,,,,,,,,,,,,,,,,,,,,,,,,,,,,,,,,,,,,,,,,,,,,,,,,,,,,,,,,,,,,,,,,,,,,,,,,,,,,,,,,,,,,,,,,,,*/rˈɛw̥/,,,,,,,,,,,,,,,,,,,,,,,,,,,,,,,,,,,,,,,,,,,,,,,,,,,,,,,,,,,,,,,,,,,,,,,,,,,,,,,,,,,,,,,,,,,,,,,,,,,,,,,,,,,,,,,,,,,,,,,,,,,,,,,,,,,,,,,,,,,,,,,,,,,,,,,,,,,,,,,,,,,,,,,,,,,,,,,,,,,,,,,,,,,,,,,,,,,,,,,,,,,,,,,,,,,,,,,,,,,,,,,,,,,,,,,,,,,,,,,,,,,,,,,,,,,,,,,,,,,,,,,,,,,,,,,,,,,,,,,,,,,,,,,,,,,,,,,,*/ˈɛw̥/,,,,,,,,,,,,,,,,,,,,,,,,,,,
R147,,,,,,,,,,,,,,,,,,,,,,,,,,,,,,,,,,,,,,,,,,,,,,,,,,,,,,,,,,,,,,,,,,,,,,,,,,,,,,,,,,,,,,,,,,,,,,,,,,,,,,,,,,,,,,,,,,,,,,,,,,,,,,,,,,,,,,,,,,,,,,,,,,,,,,,,,,,,,,,,,,,,,,,,,,,,,,,,,,,,,,,,,,,,,,,,,,,,,,,,,,,,,,,,,,,,,,,,,,,,,,,,,,,,,,,,,,,,,,,,,,,,,,,,,,,,,,,,,,,,,,,,,,,,,,,,,,,,,,,,,,,,,,,,,,,,,,,,,,,,,,,,,,,,,,,,,,,,,,,,,,,,,,,,,,,,,,,,,,,,,,,,,,,,,,,,,,,,,,,,,,,,,,,,,,,,,,,,,,,,,,,,,,,,,,,,,,,,,,,,,,,,,,,,,,,,,,,,,,,,,,,,,,,,,,,,,,,,,,,,,,,,,,,,,,,,,,,,,,,,,,,,,,,,,,,,,,,,,,,,,,,,,,,,,,,,,,,,,,,,,,,,,,,,,,,,,,,,,,,,,,,,,,,,,,,,,,,,,,,,,,,,,,,,,,,,,,,,,,,,,,*/plowˈaː/,,*/rˈoːwa/,,,,,,,,,,,,,,,,,,,,,,,,,,,,,,,,,,,,,,,,,,,,,,,,,,,,,,,,,,,,,,,,,,,,,,,,,,,,,,,,,,,,,,,,,,,,,,,,,,,,,,,,,,,,,,,,,,,,,,,,,,,,,,,,,,,,,,,,,,,,,,,,,,,,,,,,,,,,,,,,,,,,,,,,,,,,,,,,,,,,,,,,,,,,,,,,,,,,,,,,,,,,,,,,,,,,,,,,,,,,,,,,,,,,,,,,,,,,,,,,,,,,,,,,,,,,,,,,,,,,,,,,,,,,,,,,,,,,,,,,,,,,,,,,,,,,,,,,,,,,,,,*/nˈowa/,,,,,,,,,,,,,,,,,,,,,,,,,,,,,,,,,,,,,,,,,,,,,,,,,,,,,,,,,,,,,,,,,,,,,,,,,,,,,,,,,,,,,,,,,,,,,,,,,,,,,,,,,,,,,,,,,,,,,,,,,,,,,,,,,,,,,,,,,,,,,,,,,,,,,,,,,,,,,,,,,,,,,,,,,,,,,,,,,,,,,,,,,,,,,,,,,,,,,,,,,,,,,,,,,,,,,,,,,,,,,,,,,,,,,,,,,,,,,,,,,,,,,,,,,,,,,,,,,,,,,,,,,,,,,,,,,,,,,,,,,,,,,,,,,,,,,,,,,,,,,,,,,,,,,,,,,,,,,,,,,,,,,,,,,,,,,,,,,,,,,,,,,,,,,,,*/bowˈaːrju/,,,,,,,,,,,,,,,,,,,,,,,,,,,,,,,,,,,,,,,,,,,,,,,,,,,,,,,,,,,,,,,,,,,,,,,,,,,,,,,,,,,,,,,,,,,,,,,,,,,,,,,,,,,,,,,,,,,,,,,,,,,,,,,,,,,,,,,,,,,,,,,,,,,,,,,,,,,,,,,,,,,,,,,,,,,,,,,,,,,,,,,,,,,,,,,,,,,,,,,,,,,,,,,,,,,,,,,,,
R148,,*/aellˈoːna/,,,,,,,,,,,,,,,,,,,,,,,,,,,,,,,,,,,,,,,,,,,,,,*/ˈakela/,,,,,*/alluˈaːtu/,,,,,,,,,,,,,,,,,,,,,,,,,,,,,,,,,,*/battˈaːlja/,,,,,,,,,,*/kaallˈaːre/,,,,*/kˈaula/,,,,,,,,,,,,,,,*/kˈɛːre/,*/kˈɛːroː/,,,,*/akkˈestu/,,,,,,,,*/espellaˈaː/,,,,,,,,,,,,,,,,,,,,,,,,,,,,,,,,,,*/mannˈaːrju/,,,,*/paːˈoːne/,,,,,,,,*/prɛːˈoːtu/,,,,,,,,,,,,,,,,,,,,,,,*/ɡʲˈuane/,,,,,,,,,,,,*/krˈɛjelu/,,,,,*/ɡenɡˈiːa/,,,,,,,,,,,,,,,,,,,,,,,,,,,,,,*/suˈaːla/,,,,,,,,,,,,,,,,,,,,,,,,,,,,,,,,,,,,,,,,,,,,,,,,,,,,,,,*/fˈute/,*/enɡreekˈaː/,*/enɡrˈɛekaː/,,,*/viːˈattʲa/,*/vˈiu/,*/vˈiːe/,,,,,,,,,,,,,,,,*/laˈaː/,,,,,,,,,,,,*/espˈaema/,*/espaiːmentˈaː/,,,,,,,,,,,,,,,,,,,,,,,,,,,,,,,,,,,,,,,,,,,,,,,,,,,,,,,,*/vertˈoːsu/,,,,,,,,,,,,,*/lanɡˈeːskoː/,*/lˈanɡedu/,*/lanɡˈoːre/,,,,,,,,,,,,,,,,,,,,,,,,,,,,,,,,,,,,,,,,,,*/kˈoːse/,,,,,,,,,,,,,,,,,,,,,,,,*/sˈeːu/,,,,,,,,,,,,,,,,*/koperiːmˈɛntu/,,,,,,,,,,,,,,,,,,,,,,,,,,,,,,,,,,,,,*/noˈɛrka/,,,,,,,,,,,,,,,,,,,,,,,,,,,,,,,,,*/nˈuːalu/,*/nˈinɡe/,*/nˈee/,,,,,,,,,,,,,,,,,,,,,,,,,,,,,*/eˈɛrna/,,*/paiːmˈɛntu/,,,,,,,,,,,,,,,,,,,,,,,,,,,,,,,,,,,,,,,,,,*/noˈɛlla/,,,,,,,,,,,,,,,,,,,,,,,,,,,,,,,,,,*/aˈuːa/,,,,*/saˈuːku/,,,,,,,,,,,,,,,,,,,,,,,,,,,,,,,,,,,,,,,,,,,,,,,,,,,*/enkaallekˈaː/,,,,,,,,,,,,,,,,,*/bˈou/,*/kaˈallu/,,,,,,,,,*/ɡʲˈuanku/,*/ɡʲˈuanka/,*/oˈiːna/,*/ˈoe/,*/pekˈuiːna/,,,,,,,,,*/tertˈiːu/,,,,,,,,,*/bˈuːalu/,,,,,,,,,,,,*/ˈou/,,,,,,,,,,,*/ɡrˈaulu/,,,,,,,,,,,,,,,,,,,,,,*/kaˈoːne/,,,,,,,,,,,,,*/taˈoːne/,,,,,,,,,*/ɡrˈɛe/,,,,,,,,,,,,,,,,,,,,,,,,*/kˈiːnke/,,*/dˈuaː/,,,,*/pˈattro/,,,,,,,,,,,,,,,,,,,,,,,,,,*/kjˈeːtu/,*/kjˈeːta/,,,,,,,,,,,,,,,,,,,,,,,,,,,,,,,,,,,,,*/esklˈau/,,,,,,,,*/emproːmuːtˈaː/,*/luˈaː/,*/lˈɛoː/,*/lˈɛa/,,,,,,,,,,,,,*/liːertˈaː/,,,,,,,,,,,,,,,,,*/eskrˈiːe/,,,,,,,*/siːjelˈaː/,,,,,,,,,,,,,,,,,,,,,,,,,,,,,,,*/estˈenɡe/,,,,,,,,,,,,,,,,,,,,*/enaˈente/,,,,,,,*/nˈou/,,,,,,,,*/tardˈiːu/,*/temporˈiːu/,*/ˈumka/,,,,,,,,,,,,,,,,,,,,,,,,,,,,,,*/suˈiː/,,,,,,*/bˈatte/,,,,*/ezbˈatte/,,,,,,,,,,,,,*/abˈiːs/,,,,,,,,,*/kˈoːmoːdo/,,,,,,,,,*/astruakˈaː/,,*/koperˈiː/,,,,,,,,,*/estˈorke/,,,,,,,,,,,,*/enklaːjˈaː/,,*/entˈorke/,,,,,,,,,,,,,,,*/enkjˈeːtu/,,*/kaallaːrˈettʲu/,,*/deskaallekˈaː/,,,,,,,,,,,,,,,,,,,,,,,,*/triːjelˈaː/,,,,,,,,,,,,,,,,,,,,,*/iːernˈaː/,,,,,,,,,,,,,,,,,,,,,,,,,,,,,,,,,,,,,,,*/zˈaa/,,,,,,,,,,,,,,,,,,,,,,,,*/tˈorke/,,,,,,,,,,,*/klˈaːe/,,,,,,,,,,,,,,,,,,,,,,*/laatˈuːra/,*/lessˈiːja/,,,,,,,,,,,,,,*/avˈeːa/,,,,*/kˈɛne/,,,,,,,,,,,,,*/sˈanɡe/,,,,,,*/ˈoːu/,*/ɡʲˈoːiːs/,,,,,,,,,,,,,,,,,*/entreˈaː/,,,,,,,,,,,,,,,,,,*/rˈiːu/,*/kˈoke/,,,,,,,,,,,,,*/bˈee/,,,,,,,,,,,,,,,,,*/erˈaːa/,,,,,,,,,,,,,*/portˈaːa/,*/kiːetˈaːte/,,,*/eskˈau/,*/eskˈauloː/,*/eskˈaula/,,,,,,
R149,,,,,*/adapˈostu/,,,,,*/aɡʲˈuːnɡe/,*/aɡʲˈuːtoː/,*/aɡʲuːtˈoːrju/,,,,,,*/ammiːnatʲˈaː/,,,,,,,,,,,,,,,*/aflˈaː/,*/aɡˈɛstu/,,,,,*/aɡʲˈuːnu/,*/aɡʲuːnˈaː/,*/ˈatʲa/,*/akatʲˈaː/,,,,,,,,,,,,,,*/altˈitʲa/,,,,,*/amaːrˈetʲa/,,*/ammatˈiː/,,,,*/aparˈaː/,*/apeːsˈaː/,,,,,,,,,,,,,,,,*/boteɡʲˈoːne/,*/botedʲˈaː/,,*/batˈaːlja/,,,,,,,,,,,,,,,,,,,,,,,,*/kotedʲˈaː/,,,,,,,*/akˈiː/,*/akˈo/,*/akʲˈellu/,*/akˈestu/,*/esˈalbedu/,,,*/eskapˈaː/,,,,,*/aːrˈetʲu/,,,,,,,,*/fosˈaːtu/,,,*/ɡalliːnˈaːtʲu/,,,,,*/enpreɡʲˈuːru/,,,,,,,,,,,,,,*/envetʲˈaː/,,,,*/mesjonˈaː/,,,,,,,*/pˈetula/,,*/plˈoːpu/,,,,,*/saɡˈeta/,*/saɡetˈaː/,,*/sˈapa/,*/sapˈaː/,,,,*/espˈesu/,,*/astupˈaː/,,,,*/beːsˈiːka/,,,,*/feːkʲˈolu/,*/feːkʲˈola/,,,,,,,,,,,*/bˈuka/,,,,*/flˈoku/,,,,,*/maːsˈella/,*/mustˈatʲa/,,,*/palˈaːtʲu/,,,,,,,,,,,,*/mˈatʲu/,,,,,,,,,,,,,*/tˈitʲa/,,,,,,*/brˈatʲu/,,,,,,,,,*/pekʲˈolu/,,,,,,*/ˈosu/,,,,,,,,,,*/resuflˈaː/,,*/suflˈaː/,*/asudˈaː/,,,,*/embukˈaː/,*/enɡlutˈiː/,,,*/mˈuːku/,*/sˈatʲu/,,,*/eskupjˈaː/,*/suɡlutʲˈaː/,,,,,,,,,,,,*/viːˈatʲa/,,,,,,,*/atepˈiː/,,,,,,,,,,,,,,,,,*/blandˈetʲe/,*/enkommˈete/,,,,,,,,,,*/enterretˈaː/,,,,,,,,,,,,,,,,,,,*/suferˈiː/,*/sˈufletu/,,,,,,,,,,,,,,,,,,,,,,,,,,,,,,,,,,*/kˈɛːtʲa/,,*/kˈosiːs/,,,,,,*/ɡˈuta/,,,,,,,,,*/okˈiːde/,,,,,,,*/tusˈiː/,*/tˈuse/,,,,*/esklˈopu/,*/esklopˈaː/,,,,,,,,,,*/bratʲˈaːla/,,,,,,,,,,,,*/bˈeta/,,,,,,,,,,,*/suwmˈete/,*/suflekˈaː/,,,*/bukˈaːta/,*/karnˈatʲu/,,,,,,,,,,,,,,,,,*/viːnˈaːtʲu/,,,,,,,,,,,,,,,,,*/pˈutʲu/,,,,,,,,*/pˈatu/,,,,,,,,,,,,*/pˈapu/,,,,,,,,,,,,,*/sˈotʲa/,*/sˈotʲu/,,,,,,,,,*/ospˈetʲu/,,*/lasˈaː/,,,,,,,,,,,,,,,,,,,,,,,,,*/sˈeketaːs/,,,,,,,,,*/deːmaːnˈetʲa/,*/mˈɛdʲa/,*/merˈiːdʲeː/,,,,,,,,,,,,,,,,,,,,,*/sˈɛsu/,,,,*/pukʲˈoːsa/,,,,,,,,,,,,,,*/esuːkˈaː/,*/esˈuːkoː/,,,,,*/sekˈaː/,*/sˈeku/,,,,,,*/kˈepu/,,,,,,,,,,,,,,,,*/vˈesdu/,,,*/frˈasenu/,,,,,,,,,,,,,,,,,,,,,*/vˈiːtʲa/,,,,,,,,,,,,,,,,,,,,,,,,,,,,,,,,,,,,,,,,,,,,,,,,,,,,,,,,,,,,,,,,*/ronkedʲˈaː/,,*/armesˈaːrju/,,,,,,,,,,,*/kˈokenu/,,,,,,,,,,,,,*/rˈubju/,,,,,*/vˈaka/,,,,,,,,,,,,*/mestˈiːtʲu/,,,,,,*/kˈubju/,,,*/pˈasere/,,,,,,,,,,,,,,,,,,,,,,,,,,,,,,,,,,,,,,,,,,,,,,,,,,*/ɡʲˈosu/,,*/esˈaːme/,,,,,,,,,,,,,,,*/pˈasu/,*/pˈɛtʲa/,,,,,*/akutantu/,,,,,,,,,,,*/pˈatro/,*/sˈɛse/,,,,,,,,,,,,*/ɡrˈasu/,*/ɡrˈosu/,,,,,,,*/mˈɛdʲu/,,*/mˈuːkedu/,,,,,,,,,,,,,,,,,,,,,,,,,,,,,,,*/ɡʲˈuːdes/,*/ɡʲuːdˈetʲu/,,,,,,,,,,,,,,,,,,,,,*/neɡoːtʲaːtˈoːr/,*/neɡˈoːtʲu/,,*/prˈɛtʲu/,,,,,,,,*/enkliːnaːkʲˈoːne/,,,*/oːraːkʲˈoːne/,,*/pekˈaːtu/,,,*/roɡaːkʲˈoːne/,,,,,,,,,,,,,,,,,,,,,,,,,,,,,*/rˈusu/,,,,,,,,,,,,,,,,,,,,*/tiːkʲˈoːne/,,*/aˈiːkeː/,,,,,,*/deːkʲˈende/,,,,*/akˈike/,*/akumˈake/,*/akumellˈo/,*/akˈummo/,*/ˈaːdʲeː/,,,,,,,,,,,,,,,,,*/sˈuːsu/,,,,,,,*/abˈate/,,,*/apropjˈaː/,*/aprˈopjoː/,*/aprˈopja/,*/asˈɛdʲoː/,*/asˈɛdʲa/,,,,,,,,,,,,,,,,,,,,,,,,*/atˈenɡe/,*/bˈate/,,,,*/ezbˈate/,,,,,,,,,,,*/okaːsjonˈaː/,,,,,,,,,,,,,,,,,,,,,,,,,,,,,,,,,,,,,,,,,,,,,,,,,,,,,,,,,,,,,,*/kaallaːrˈetʲu/,,,,,,,,*/traːmˈete/,*/bukˈɛlla/,,,,,,,,,,,,,,,,,,,,,,,,,,,,,,,,,,,,*/feːnˈatʲu/,*/feːnˈetʲa/,,,*/nuːtrˈetʲu/,,,,,,*/vakarˈetʲa/,,,,*/porkaːrˈetʲa/,,,,,,,,,,,,,,,,,,,,,,,,*/supˈoːne/,,,,,,,,,,,,,,,,,,,,,,,,*/estˈupa/,,*/tˈɛse/,,,,,,,,,,,,,,,,,*/bˈute/,,*/kˈupa/,,,,,,*/sˈaku/,,,,,,,,,,*/lesˈiːja/,,,,,,,,,,,,,,,,,,,,,,,,,,,,,,,,,,,,,,,,*/dˈosu/,,,,,,,,,,,,,*/esˈiː/,*/frasenˈeːtu/,,,,*/lˈatʲu/,*/ɡlˈatʲa/,,,,,,,,,,,,,,,,*/aɡʲuːtˈaː/,*/fˈatʲa/,*/ˈabja/,*/eskˈabja/,,,,,,,,,,,,,,,,,,,,,,,,,,,,,,,,,,,,,,,,,,,,,,,,,,,
R150,,,,,,,,,,,,,,,,,,,,,,,,,,,,,,,,,,,,,,,,,,,,,,,,,,,,,,,,,,,,,,,,,,,,,,,,,,,,,,,,,,,,,,,,,,,,,,,,,,,,,*/ɡˈaula/,,,,,,,,,,,,,,,,,,,,,,,,,,,,,,,,,,,,,,,,,,,,,,,,,,,,,,,,,,,,,,,,,,,,,,,,,,,,,,,,,,,,,,,,,,,,,,,,,,,,,,,,,,,,,,,,,,,,,,,,,,,,,,,,,,,,,,,,,,,,,,,,,,,,,,,,,,,,,,,,,,,,,,,,,,,,,,,,,,,,,,,,,,,,,,,,,,,,,,,,,,,,,,,,,,,,,,,,,,,,,,,,,,,,,,,,,,,,,,,,,,,,,,,,,,,,,,,,,,,,,,,,,,,,,,,,,,,,,,,,,,,,,,,,,,,,,,,,,,,,,,,,,,,,,,,,,,,,,,,,,,,,,,,,,,,,,,,,,,,,,,,,,,,,,,,,,,,,,,,,,,,,,,,,,,,,,,,,,,,,,,,,,,,,,,,,,,,,,,,,,,,,,,,,,,,,,,,,,,,,,,,,,,,,,,,,,,,,,,,,,,,,,,,,,,,,,,,,,,,,,,,,,,,,,,,,,,,,,,,,,,,,,,,,,,,,,,,,,,,,,,,,,,,,,,,,,,,,,,,,,,,,,,,,,,,,,,,,,,,,,,,,,,,,,,,,,,,,,,,,,,,,,,,,,,,,,,,,,,,,,,,,,,,,,,,,,,,,,,,,,,,,,,,,,,,,,,,,,,,,,,,,,,,,,,,,,,,,,,,,,,,,,,,,,,,,,,,,,,,,,,,,,,,,,,,,,,,,,,,,,,,,,,,,,,,,,,,,,,,,,,,,,,,,,,,,,,,,*/ɡaˈoːne/,,,,,,,,,,,,,,,,,,,,,,,,,,,,,,,,,,,,,,,,,,,,,,,,,,,,,,,,,,,,,,,,,,,,,,,,,,,,,,,,,,,,,,,,,,,,,,,,,,,,,,,,,,,,,,,,,,,,,,,,,,,,,,,,,,,,,,,,,,,,,,,,,,,,,,,,,,,,,,,,,,,,,,,,,,,,,,,,,,,,,,,,,,,,,,,,,,,,,,,,,,,,,,,,,,,,,,,,,,,,,,,,,,,,,,,,,,,,,,,,,,,,,,,,,,,,,,,,,,,,,,,,,,,,,,,,,,,,,,,,,,,,,,,,,,,,,,,,,,,,,,,,,,,,,,,,,,,,,,,,,,,,,,,,,,,,,,,,,,,,,,,,,,,,,,,,,,,,,,,,,,,,,,,,,,,,,,,,,,,,,,,,,,,,,,,,,,,,,,,,,,,,,,,,,,,,,,,,,,,,,,,,,,,,,,,,,,,,,,,,,,,,,,,,,,,,,,,,,,,,,,,,,,,,,,,,,,,,,,,,,,,,,,,,,,,,,,,,,,,,,,,,,,,,,,,,,,,,,,,,,,,,,,,,,,,,,,,,,,,,,,,,,,,,,,,,,,,,,,,,,,,,,,,,,,,,,,,,,,,,,,,,,,,,,,,,,,,,,,,,,,,,,,,,,,*/esɡˈau/,*/esɡˈauloː/,*/esɡˈaula/,*/esɡˈawrja/,*/esɡˈowra/,,,,
R151,,,,,,,,,,,,,,,,,,,,,,,,,,,,,,,,,,,,,,,,,,,,,,,,,,,,,,,,,,,,,,,,,,,,,,,,,,,,,,,,,,,,,,,,,,,,,,,,,,,,,,,,,,,,,,,,,,,,,,,,,,,,,,,,,,,,,,,,,,,,,,,,,,,,,,,,,,,,,,,,,,,,,,,,,,,,,,,,,,,,,,,,,,,,,,,,,,,,,,,,,,,,,,,,,,,,,,,,,,,,,,,,,,,,,,,,,,,,,,,,,,,,,,,,,,,,,,,,,,,,,,,,,,,,,,,,,,,,,,,,,,,,,,,,,,,,,,,,,,,,,,,,,,,,,,,,,,,,,,,,,,,,,,,,,,,,,,,,,,,,,,,,,,,,,,,,,,,,,,,,,,,,,,,,,,,,,,,,,,,,,,,,,,,,,,,,,,,,,,,,,,,,,,,,,,,,,,,,,,,,,,,,,,,,,,,,,,,,,,,,,,,,,,,,,,,,,,,,,,,,,,,,,,,,,,,,,,,,,,,,,,,,,,,,,,,,,,,,,,,,,,,,,,,,,,,,,,,,,,,,,,,,,,,,,,,,,,,,,,,,,,,,,,,,,,,,,,,,,,,,,,,,,,,,,,,,,,,,,,,,,,,,,,,,,,,,,,,,,,,,,,,,,,,,,,,,,,,,,,,,,,,,,,,,,,,,,,,,,,,,,,,,,,,,,,,,,,,,,,,,,,,,,,,,,,,,,,,,,,,,,,,,,,,,,,,,,,,,,,,,,,,,,,,,,,,,,,,,,,,,,,,,,,,,,,,,,,,,,,,,,,,,,,,,,,,,,,,,,,,*/rˈujbu/,,,,,,,,,,,,,,,,,,,,,,,*/kˈujbu/,,,,,,,,,,,,,,,,,,,,,,,,,,,,,,,,,,,,,,,,,,,,,,,,,,,,,,,,,,,,,,,,,,,,,,,,,,,,,,,,,,,,,,,,,,,,,,,,,,,,,,,,,,,,,,,,,,,,,,,,,,,,,,,,,,,,,,,,,,,,,,,,,,,,,,,,,,,,,,,,,,,,,,,,,,,,,,,,,,,,,,,,,,,,,,,,,,,,,,,,,,,,,,,,,,,,,,,,,,,,,,,,,,,,,,,,,,,,,,,,,,,,,,,,,,,,,,,,,,,,,,,,,,,,,,,,,,,,,,,,,,,,,,,,,,,,,,,,,,,,,,,,,,,,,,,,,,,,,,,,,,,,,,,,,,,,,,,,,,,,,,,,,,,,,,,,,,,,,,,,,,,,,,,,,,,,,,,,,,,,,,,,,,,,,,,,,,,,,,,,,,,,,,,,,,,,,,,,,,,,,,,,,,,,,,,,,,,,,,,,,,,,,,,,,,,,,,,,,,,,,,,,,,,,,,,,,,,,,,,,,,,,,,,,,,,,,,,,,,,,,,,,,,,,,,,,,,,,,,,,,,,,,,,,,,,,,,,,,,,,,,,,,,,,,,,,,,,,,,,,,,,,,,,,,,,,,,,,,,,,,,,,,,,,,,,,,,,,,,,,,*/ˈajba/,*/eskˈajba/,,,,,,,,,,,,,,,,,,,,,,,,,,,,,,,,,,,,,,,,,,,,,,,,,,,
R152,,,,,,,,,,,,,,,,,,,,,,,,,,,,,,,,,,,,,,,,,,,,,,,,,,,,,,,,,,,,,,,,,,,,,,,,,,,,,,,,,,,,,,,,,,*/dawnˈaː/,,,,,,,,,,,,,,,,,,,,,,,,,,,,,,,,,,,,,,,,,,,,,,,,,,,,,,,,,,,,,,,,,,,,,,,,,,,,,,,,,,,,,,,,,,,,,,,,,,,,,,,,,,,,,,,,,,,,,,,,,,,,,,,,,,,,,,,,,,,,,,,,,,,,,,,,,,,,,,,,,,,,,,,,,,,,,,,,,,,,,,,,,,,,,,,,,,,,,,,,,,,,,,,,,,,,,,,,,,,,,,,,,,,,,,,,,,,,,,,,,,,,,,,,,,,,,,,,,,,,,,,,,,,,,,,,,,,,,,,,,,,,,,,,,,,,,,,,,,,,,,,,,,,,,,,,,,,,,,,,,,,,,,,,,,,,,,,,,,,,,,,,,,,,,,,,,,,,,,,,,,,,,,,,,,,,,,,,,,,,,,,,,,,,,,,,,,,,,,,,,,,,,,,,,,,,,,,,,,,,,,,,,,,,,,,,,,,,,,,,,,,,,,,,,,,,,,,,,,,,,,,,,,,,,,,,,,,,,,,,,,,,,,,,,,,,,,,,,,,,,,,,,,,,,,,,,,,,,,,,,*/eskawnˈɛllu/,,,,,,,,,,,,,,,,,,,,,,,,,,,,,,,,,,,,,,,,,,,,,,,,,,,,,,,,,,,,,,,,,,,,,,,,,,,,,,,,,,,,,,,,,,,,,,,,,,,,,,,,,,,,,,,,,,,,,,,,,,,,,,,,,,,,,,,,,,,,,,,,,,,,,,,,,,,,,,,,,,,,,,,,,,,,,,,,,,,,,,,,,,,,,,,,,,,,,,,,,,,,,,,,,,,,,,,,,,,,,,,,,,,,,,,,,,,,,,,,,,,,,,,,,,,,,,,,,,,,,,,,,,,,,,,,,,,,,,,,,,,,,,,,,,,,,,,,,,,,,,,,,,,,,,,,,,,,,,,,,,,,,,,,,,,,,,,,,,,,,,,,,,,,,,,,,,,,,,,,,,,,,,,,,,,,,,,,,,,,,,,,,,,,,,,,,,,,,,,,,,,,,,,,,,,,,,,,,,,,,,,,,,,,,,,,,,,,,,,,,,,,,,,,,,,,,,,,,,,,,,,,,,,,,,,,,,,,,,,,,,,,,,,,,,,,,,,,,,,,,,,,,,,,,,,,,,,,,,,,,,,,,,,,,,,,,,,,,,,,,,,,,,,,,,,,,,,,,,,,,,,,,,,,,,,,,,,,,,,,,,,,,,,,,,,,,,,,,,,,,,,,,,,,,,,,,,,,,,,,,,,,,,,,,,,,,,,,,,,,,,,,,,,,,,,,,,,,,,,,,,,,,,,,,,,,,,,,,,,,,,,,,,,,,,,,,,,,,,,,,,,,,,,,,,,,,,,,,,,,,,,,,,,,,,,,,,,,,,,,,,,,,,,,,,,,,,,,,,,,,,,,,,,,,,,,,,,*/eskˈawnu/,*/dˈawna/,,,,,,,,,,,,,,,,,,,,,,,,,,,,,,,,,,,,,,,,,,,,,,,,
R153,,*/allˈoːna/,,,,,,,,,,,,,,,,,,,,,,,,,,,,,,,,,,,,,,,,,,,,,,,,,,,,,,,,,,,,,,,,,,,,,,,,,,,,,,,,,,,,,,,,,,,,,,,*/kallˈaːre/,,,,,,,,,,,,,,,,,,,,,,,,,,,,,,,,,,,,,,,,,,,,,,,,,,,,,,,,,,,,,,,,,,,,,,,,,,,,,,,,,,,,,,,,,,,,,,,,,,,,,,,,,,,,,,,,,,,,,,,,,,,,,,,,,,,,,,,,,,,,,,,,,,,,,,,,,,,,,,,,,,,,,,,,,,,,,,,,,,,,,,,,,,,,,,,,,,,,,,,,,,,,,,,,,,,,,,,,,,,,,,,,,,,,,,,,,,,,,,,*/espamentˈaː/,,,,,,,,,,,,,,,,,,,,,,,,,,,,,,,,,,,,,,,,,,,,,,,,,,,,,,,,,,,,,,,,,,,,,,,,,,,,,,,,,,,,,,,,,,,,,,,,,,,,,,,,,,,,,,,,,,,,,,,,,,,,,,,,,,,,,,,,,,,,,,,,,,,,,,,,,,,,,,,,,,,,,,,,,,,,,,,,,,,,,,,,,,,,,,,,,,,,,,,,,,,,,,,,,,,,,,,,,,,,,,,,,,,,,,,,,,,,,,,,,,,,,,,,,,,,,,,,*/pamˈɛntu/,,,,,,,,,,,,,,,,,,,,,,,,,,,,,,,,,,,,,,,,,,,,,,,,,,,,,,,,,,,,,,,,,,,,,,,,,,,,,,,,,,,,,,,,,,,,,,,,,,,,,,,,,,,,,,,,,,,,,,,,,,,,,,,,,,,*/enkallekˈaː/,,,,,,,,,,,,,,,,,,,,,,,,,,,,,,,,,,,,,,,,,,,,,,,,,,,,,,,,,,,,,,,,,,,,,,,,,,,,,,,,,,,,,,,,,,,,,,,,,,,,,,,,,,,,,,,,,,,,,,,,,,,,,,,,,,,,,,,,,,,,,,,,,,,,,,,,,,,,,,,,,,,,,,,,,,,,,,,,,,,,,,,,,,,,,,,,,,,,,,,,,,,,,,,,,,,,,,,,,,,,,,,,,,,,,,,,,,,,,,,,,,,,,,,,,,,,,,,,,,,,,,,,,,,,,,,,,,,,,,,,,,,,,,,,,,,,,,,,,,,*/adeːnˈellara/,,,,,,,,,,,,,,,,,,,,,,,,,,,,,,,,,,,,,,,,,,,,,,,,,,,,,,,,,,,,,,,,,,,,,,,,,,,,,,,,,,,,,,,,,,,,,,,,,,,,,,,,,,,,,,,,,,,,,,,,,,,,,,,,,,,,,,,,,,,,*/kallaːrˈetʲu/,,*/deskallekˈaː/,,,,,,,,,,,,,,,,,,,,,,,,,,,,,,,,,,,,,,,,,,,,,,,,,,,,,,,,,,,,,,,,,,,,,,,,,,,,,,,,,,,,,,,,,,,,,,,,,,,,,,,,,,,,,,,,,,,,,,,,,,,,,,,,,,,,,,,,,,,,,*/latˈuːra/,,,,,,,,,,,,,,,,,,,,,,,,,,,,,,,,,,,,,,,,,,,,,,,,,,,,,,,,,,,,,,,,,,,,,,,,,,,,,,,,,,,,,,,,,,,,,,,,,,,,,,,,,,,,,,,,,,,,,,,,,,,,,,,,,,
R154,,,,,,,,,,,,,,,,,,,,,,,,,,,,,,,,,,,,,,,,,,,,,,,,,,,,,,,,,,,,,,,,,,,,,,,,,,,,,,,,,,,,,,,,,,,,,,,,,,,,,,,,,,,,,,,,,,,,,,,,,,,,,,,,,,,,,,,,,,,,,,,,,,,,,,,,,,,,,,,,,,,,,,,,,,,,,,,,,,,,,,,,,,,,,,,,,,,,,,,,,,,,,,,,,,,,,,,,,,,,,,,,,,,,,,,,,,,,,,,,,,,,,,,,,,,,,,,,,,,,,,,,,,,,,,,,,,,,,,,,,,,,,,,,,,,,,,,,,,,,,,,,,,,,,,,,,,,,,,,,,,,,,,,,,,,,,,,,,,,,,,,,,,,,,,,,,,,,,,,,,,,,,,,,,,,,,,,,,,,,,,,,,,,,,,,,,,,,,,,,,,,,,,,,,,,,,,,,,,,,,,,,,,,,,,,,,,,,,,,,,,,,,,,,,,,,,,,,,,,,,,,,,,,,,,,,,,,,,,,,,,,,,,,,,,,,,,,,,,,,,,,,,,,,,,,,,,,,,,,,,,,,,,,,,,,,,,,,,,,,,,,,,,,,,,,,,,,,,,,,,,,,,,,,,,,,,,,,,,,,,,,,,,,,,,,,,,,,,,,,,,,,,,,,,,,,,,,,,,,,,,,,,,,,,,,,,,,,,,,,,,,,,,,,,,,,,,,,,,,,,,,,,,,,,,,,,,,,,,,,,,,,,,,,,,,,,,,,,,,,,,,,,,,,,,,,,,,,,,,,,,,,,,,,,,,,,,,,,,,,,,,,,,,,,,,,,,,,,,,,,,,,,,,,,,,,,,,,,,,,,,,,,,,,,,,,,,,,,,,,,,,,,,,,,,,,,,,,,,,,,,,,,,,,,,,,,,,,,,,,,,,,,,,,,,,,,,,,,,,,,,,,,,,,,,,,,,,,,,,,,,,,,,,,,,,,,,,,,,,,,,,,,,,,,,,,,,,,,,,,,,,,,,,,,,,,,,,,,,,,,,,,,,,,,,,,,,,,,*/ljertˈaː/,,,,,,,,,,,,,,,,,,,,,,,,,,,,,,,,,,,,,,,,,,,,,,,,,,,,,,,,,,,,,,,,,,,,,,,,,,,,,,,,,,,,,,,,,,,,,,,,,,,,,,,,,,,,,,,,,,,,,,,,,,,,,,,,,,,,,,,,,,,,,,,,,,,,,,,,,,,,,,,,,,,,,,,,,,,,,,,,,,,,,,,,,,,,,,,,,,,,,,,,,,,,,,,,,,,,,,,,,,,,,,,,,,,,,,,,,,,,,,,,,,,,,,,,,,,,*/jernˈaː/,,,,,,,,,,,,,,,,,,,,,,,,,,,,,,,,,,,,,,,,,,,,,,,,,,,,,,,,,,,,,,,,,,,,,,,,,,,,,,,,,,,,,,,,,,,,,,,,,,,,,,,,,,,,,,,,,,,,,,,,,,,,,,,,,,,,,,,,,,,,,,,,,,,,,,,,,,,,,,,,,,,,,,,,,,,,,,,,,,,,,,,,,,,,,,,,,,,,,,,,,,,,,,,,,,,,,,,*/kjetˈaːte/,,,,,,,,,,,
R155,,,,,,,,,,,,,,,,,,,,,,,,,,,,,,,,,,,,,,,,,,,,,,,,,,,,,,,,,,,,,,,,,,,,,,,,,,,,,,,,,,,,,,,,,,,,,,,,,,,,,,,,,,,,,,,,,,,,,,,,,,,,,,,,,,,,,,,,,,,,,,,,,,,,,,,,,,,,,,,,,,,,,,,,,,,,,,,,,,,,,,,,,,,,,,,,,,,,,,,,,,,,,,,,,,,,,,,,,,,,,,,,,,,,,,,,,,,,,,,,,,,,,,,,,,,,,,,,,,,,,,,,,,,,,,,,,,,,,,,,,,,,,,,,,,,,,,,,,,,,,,,,,,,,,,,,,,,,,,,,,,,,,,,,,,,,,,,,,,,,,,,,,,,,,,,,,,,,,,,,,,,,,,,,,,,,,,,,,,,,,,,,,,,,,,,,,,,,,,,,,,,,,,,,,,,,,,,,,,,,,,,,,,,,,,,,,,,,,,,,,,,,,,,,,,,,,,,,,,,,,,,,,,,,,,,,,,,,,,,,,,,,,,,,,,,,,,,,,,,,,,,,,,,,,,,,,,,,,,,,,,,,,,,,,,,,,,,,,,,,,,,,,,,,,,,,,,,,,,,,,,,,,,,,,,,,,,,,,,,,,,,,,,,,,,,,,,,,,,,,,,,,,,,,,,,,,,,,,,,,,,,,,,,,,,,,,,,,,,,,,,,,,,,,,,,,,,,,,,,,,,,,,,,,,,,,,,,,,,,,,,,,,,,,,,,,,,,,,,,,,,,,,,,,,,,,,,,,,,,,,,,,,,,,,,,,,,,,,,,,,,,,,,,,,,,,,,,,,,,,,,,,,,,,,,,,,,,,,,,,,,,,,,,,,,,,,,,,,,,,,,,,,,,,,,,,,,,,,,,,,,,,,,,,,,,,,,,,,,,,,,,,,,,,,,,,,,,,,,,,,,,,,,,,,,,,,,,,,,,,,,,,,,,,,,,,,,,,,,,,,,,,,,,,,,,,,,,,,,,,,,,,,,,,,,,,,,,,,,,,,,,,,,,,,,,,,,,,,,,,,,,,,,,,,,,,,,,,,,,,,,,,,,,,,,,,,,,,,,,,,,,,,,,,,,,,,,,,,,,,,,,,,,,,,,,,,,,,,,,,,,,,,,,,,,,,,,,,,,,,,,,,,,,,,,,,,,,,,,,,,,,,,,,,,,,,,,,,,,,,,,,,,,,,,,,,,,,,,,,,,,,,,,,,,,,,,,,,,,,,,,,,,,,,,,,,,,,,,,,,,,,,,,,,,,,,,,,,,,,,,,,,,,,,,,,,,,,,,,,,,,,,,,,,,,,,,,,,,,,,,,,,,,,,,,,,,,,,,,,,,,,,,,,,,,,,,,,,,,,,,,,,,,,,,,,,,,,,,,,,,,,,,,,,,,,,,,,,,,,,,,,,,,,,,,,,,,,,,,,,,,,,,,,,,,,,,,,,,,,,,,,,,,,,,,,,,,,,,,,,,,,,,,,,,,,,,,,,,,,,,,,,,,,,,,,,,,,,,,,,,,,,,,,,,,,,,,,,,,,,,,,,,,,,,,,,,,,
R156,,,,,,,,,,,,,,,,,,,,,,,,,,,,,,,*/ˈaːjeːru/,,,,,,,,,,,,,,,,,,,,,,,,,,,,,,,,,,,,,,,,,,,,,,,,,,,,,,,,,,,,,,,,,,,,,,,,,,,,,,,,,,,,,,,,,,,,,,,,,,,,,,,,,,,,,,,,,,,,,,,,,,,,,,,,,,,,,,,,,,,,,,,,,,,,,,,,,,,,,,,,,,,,,,,,,,,,,,,,,,,,,,,,,,,,,,,,,,,,,,,,,,,,,,,,,,,,,,,,,,,,,,,,,,,,,,,,,,,,,,,,,,,,,,,,,,,,,,,,,,,,,,,,,,,,,,,,,,,,,,,,,,,,,,,,,,,,,,,,,,,,,,,,*/espˈajema/,,,,,,,,,,,,,,,,,,,,,,,,,,,,,,,,,,,,,,,,,,,,,,,,,,,,,,,,,,,,,,,,,,,,,,,,,,,,,,,,,,,,,,,,,,,,,,,,,,,,,,,,,,,,,,,,,,,,,,,,,,,,,,,,,,,,,,,,,,,,,,,,,,,,,,,,,,,,,,,,,,,,,,,,,,,,,,,,,,,,,,,,,,,,,,,,,,,,,,,,,,,,,,,,,,,,,,,,,,,,,,,,,,,,,,,,,,,,,,,,,,,,,,,,,,,,,,,,,,,,,,,,,,,,,,,,,,,,,,,,,,,,,,,,,,,,,,,,,,,,,,,,,,,,,,,,,,,,,,,,,,,,,,,,,,,,,,,,,,,,,,,,,,,,,,,,,,,,,,,,,,,,,,,,,,,,,,,,,,,,,,,,,,,,,,,,,,,,,,,,,,,,,,,,,,,,,,,,,,*/ˈoje/,,,,,,,,,,,,,,,,,,,,,,,,,,,,,,,,,,,,,,,,,,,,,,,,,,,,,,,,,,,,,,,,,,,,,,,,,,,,,,,,,,,,,,,,,,,,,,,,,,,,,,,,,,,,,,,,,,,,,,,,,,,,,,,,,,,,,,,,,,,,,,,,,,,,,,,,,,,,,,,,,,,,,,,,,,,,,,,,,,,,,,,,,,,,,,,,,,,,,,,,,,,,,,,,,*/parraːjˈeːsemiː/,,,,,,,,,,,,,,,,,,,,,,,,,,,,,,,,,,,,,,,,,,,,,,,,,,,,,,,,,,,,,,,,,,,,,,*/enajˈente/,,,,,,,,,,,,,,,,,,,,,,,,,,,,,,,,,,,,,,,,,,,,,,,,,,,,,,,,,,,,,,,,,,,,,,,,,,,,,,,,,,,,,,,,,,,,,,,,,,,,,,,,,,,,,,,,,,,,,,,,,,,,,,,*/majˈestru/,,,,,,,,,,,,,,,,,,,,,,,,,,,,,,,,,,,,,,,,,,,,,,,,,,,,,,,,,,,,,,,,,,,,,,,,,,,,,,,,,,,,,,,,,,,,,,,,,,,,,,,,,,,,,,,,,,,,,,,,,,,,*/klˈaːje/,,,,,,,,,,,,,,,,,,,,,,,,,,,,,,,,,,,,,,,,,,,,,,,,,,,,,,,,,,,,,,,,,,,,,,,,,,,,,,,,,,,,,,,,,,,,,,,,,,,,,,,,,,,,,,,,,,,,,,,,,,,,,,,,,,,,,,,,,,,,,,,,,,,,,,,,
R157,,,,,,,,,,*/aɡʲˈuːnɡʲe/,,,,*/allˈɛɡʲe/,,,*/ammaɡʲˈiː/,,,,,,,,,,*/adˈuːkʲe/,,,,,,,*/aɡʲˈɛstu/,*/ˈaɡʲele/,,,,,,,,,,,,,*/ˈakʲela/,,,,,,,,,,,,,,,,,,,,,,,,,,,,,,*/arɡʲˈɛntu/,*/arɡʲentˈaːrju/,*/arɡʲentˈoːsu/,,,,,,,,*/brˈaːkʲɛː/,,,,,,,,,,*/kʲˈɛːlu/,*/kantekʲˈɛllu/,,,*/kʲˈeːpa/,*/kʲeːrasjˈaːrju/,*/kʲeːrˈɛsja/,*/kʲertˈaː/,*/kʲikˈorja/,,,,,,,,,,*/kʲˈɛːre/,*/kʲˈɛːroː/,*/akʲˈiː/,,,*/akʲˈestu/,,,,,,*/esmˈulɡʲe/,,,,,*/fˈalkʲiːs/,,,,,,,,*/frˈiːɡʲe/,,,,,,,,,,,,,,,,,,,,,,,,,,,,,,,,,,,,,,*/saɡʲˈeta/,*/saɡʲetˈaː/,,,,,,,,,,,,,,,,,,,,,,,,,,,,,,,,,,,*/ɡʲˈɛna/,*/ɡʲenɡʲˈiːa/,,,,,,,,,*/kʲerbˈiːkʲe/,,,,,,,,,,,,,*/pˈeskʲe/,,,,,,,,,,,,,,,,,,*/dˈeɡʲetu/,,*/ɡʲenˈuklu/,,,,,,,,,,,,,,*/kʲerkˈaː/,,,,,,,,,,,,,,,*/entˈenɡʲe/,,,,,,,,,,*/sˈuːɡʲe/,,,,,,,,*/nˈaːskʲe/,,,,,*/krˈeːskʲe/,,*/leɡʲenˈaː/,,,,,,,,,,,,,,,,,,,,,,,,,,,*/feːlˈiːkʲe/,,,,,,,,,,,,,,,*/preɡʲetˈaː/,*/plaːkʲˈeː/,*/plˈanɡʲe/,,,,,,,,,,,,,,,,*/kʲerkʲetˈaː/,*/koːɡʲetˈaː/,*/konˈoːskʲe/,,,,,*/entellˈeɡʲe/,,,,,,,*/prekʲˈepe/,*/eskʲˈiːw̥/,*/eskʲˈiː/,,,,,,,*/kʲˈɛːtʲa/,,,,,,*/ɡʲˈɛme/,*/ɡʲˈɛmetu/,,*/dʲakʲˈeː/,,*/lanɡʲˈeːskoː/,*/lˈanɡʲedu/,,,,,*/okʲˈiːde/,,,*/petˈiːɡʲene/,,,,,,,,,,,,,,,,,,,,,*/kʲerkʲˈɛllu/,,*/marɡʲˈɛlla/,,*/braːkʲˈiːle/,,,,,,,,,*/enkʲˈenɡʲe/,,,,,,,,,,,*/kʲˈɛna/,,,,*/kʲˈiːlu/,,,,,,,,*/plakʲˈɛnta/,,,,,,,,,,,,,,,,,*/kʲellˈaːrju/,,,,,,,,,,,,,,,,,,,*/ɡʲˈɛntu/,,,,,*/ɡʲˈɛmenu/,,,,,,,,,,,*/ɡʲˈɛnere/,,,,,,,,,,,,,,,,,,,,,,,*/kʲˈerkanu/,,*/luːkʲˈeferu/,,,,,,,,,*/ɡʲˈɛluː/,,,*/nˈinɡʲe/,,,,,,*/sˈekʲetaːs/,,,,,,,,,,,,,,,,,,,,,,,,,,,,,,,,,,,,,*/aruːɡʲˈiːna/,,,,,*/monkʲˈɛllu/,,,,,,,,,,,,,*/mˈarɡʲene/,,,,,,,,*/kʲˈepu/,,,,,,,,*/raːdiːkʲˈiːna/,,,,,,*/surkʲˈɛllu/,*/surkʲˈɛlla/,,,,,,,,,,,,*/kʲerˈɛsju/,,,,,,,,,,,*/pedukʲˈɛllu/,,,,,,,,,,,,,,,,,,,,,,,,,,,,,,*/kˈalkʲe/,*/fˈelekʲe/,,,,,,,,*/patlˈaɡʲena/,,,,,,,,,,,,,,,,,,,,*/pˈantekʲe/,,,,,*/muːɡʲˈiː/,*/rˈaɡʲe/,*/ronkʲedʲˈaː/,,,,,,,,,,,,,*/kˈokʲenu/,,,*/ɡʲuːnˈiːkʲe/,,,,,,,*/porkʲˈɛllu/,*/porkʲˈɛlla/,*/porkʲˈiːna/,,,,,,,,,*/berbˈeːkʲe/,,,,,,*/kʲˈɛrbu/,,,,*/sˈoːrekʲe/,,,,,,,,,,,,,,,,,,,,,,,,,,,,,,,,,,,,,,,,,*/kʲˈiːmkʲe/,,,,,,,,,,,*/pˈuːlekʲe/,,,,,,,,,*/fˈalkʲe/,,,,,,,,,,,,,,,,,,,,,,,,,*/kʲˈiːnkʲe/,,,,,,,,,,*/viːɡʲˈentiː/,,,,,*/kʲˈerku/,,,*/frˈaɡʲedu/,,,,,,,,*/mˈarkʲedu/,,,*/mˈuːkʲedu/,,,*/kʲjˈeːtu/,*/kʲjˈeːta/,*/rˈankʲedu/,,,,,,,,,,*/takʲˈeː/,,,,,,*/askʲeptˈaː/,,,,,,,,,,,,,,,,*/lˈeːɡʲe/,,,,,*/viːkʲiːnetˈaːte/,,,,,,,,,,,,,,,,*/ˈanɡʲelu/,,*/krˈukʲe/,,,,,,,,,,,,,,*/pˈaskʲɛː/,,,,,,,,,,*/buːkʲenˈaː/,*/bˈuːkʲenu/,,,*/kʲˈetara/,,,,,,,,*/petrˈɛːkʲe/,,,,,,,,*/dˈulkʲe/,,,,,,,*/rˈɛkʲeːs/,,,*/kʲenˈusja/,,,*/fuːlˈiːɡʲene/,,*/enkʲˈɛnde/,*/estˈenɡʲe/,,,*/aˈiːkʲeː/,,,,,,,,,,*/akʲˈikʲe/,*/akumˈakʲe/,,,,,,,,,,,,,,,,,,,,,,,,,,*/viːkʲˈiːnu/,,*/akʲellˈaː/,,,,,,,,,,,*/erraːtekʲˈiː/,,,*/fuɡʲˈiː/,,,*/mˈɛrɡʲe/,,,*/proːkʲˈeːde/,,,,,,,*/trˈɛːkʲe/,,,*/atˈenɡʲe/,,,,,,,,,,,,,,*/espˈarɡʲe/,*/estrˈenɡʲe/,,,,,,,,*/enkʲˈepe/,,,,,,,,,,,,,,,,,,,*/drˈiːɡʲe/,,,,*/estˈɛrɡʲe/,*/estˈorkʲe/,,,*/fˈakʲe/,*/frˈanɡʲe/,,,*/empˈenɡʲe/,,,*/empˈunɡʲe/,*/enkʲerkˈaː/,,,*/entˈorkʲe/,,,,,,,,,*/trˈaɡʲe/,*/ˈunɡʲe/,,,,,*/enkʲjˈeːtu/,,,,,*/dˈuːkʲe/,,,,*/traɡʲenˈaː/,,*/bukʲˈɛlla/,,,,,,,*/sˈarkʲena/,,,,,,*/kʲˈɛrne/,*/kollˈeɡʲe/,*/maːkʲenˈaː/,,,,,,*/sˈekʲele/,,,,,,,,,,,*/mˈulɡʲe/,*/pˈaːskʲe/,,,,,,,,,*/sarkʲenˈaːrju/,,,,,,,,,,*/kʲˈeːra/,,,,,,,,,,,,,,,,*/enfrˈanɡʲe/,,*/envˈenkʲe/,,,,,,,,*/pˈaːkʲe/,,,,,,,*/fuskʲˈɛllu/,,,,,,,,,,,,,,,,*/tˈorkʲe/,,,,,,,,,,,,,,,,,,,,,,,*/oːllkʲˈɛlla/,,,,,,,,*/fˈorfekʲe/,,,,,,,,,*/dˈiːkʲe/,,,,,,,,,,,,*/kʲˈɛne/,,,,,,,,,,,,,*/sˈanɡʲe/,,,,,,,,,,,,,,,,,,,,,,,,,,,,,,,*/fˈakʲetiːs/,,,,,,,,,*/estraːpˈunɡʲe/,*/kʲˈɛrru/,,*/kˈokʲe/,,,,,*/kʲˈiːwru/,,,*/ˈuːɡʲer/,,,,,,,,*/eskʲˈiːs/,,,,,,,,,,,,,,,,,,,*/dˈɛkʲe/,,,,,,,,,*/kʲjetˈaːte/,,*/krˈeːskʲiːs/,,,,,,,,,
R158,,,,,,,,,,,,,,,,,,,,,,,,,,,,,,,,,,,,,,,,,,,,,,,,,,,,,,,,,,,,,,,,,,,,,,,,,,,,,,,,,,,,,,,,,,,,,,,,,,,,,,,,,,,,,,,,,,,,,,,,,,,,,,,,,,,,,,,,,,,,,,,,,,,,,,,,,,,,,,,,,,,,,,,,,,,,,,,,,,,,,,,,,,,,,,,,,,,,,,,,,,,,,,,,,,,,,,,,,,,,,,,,,,,,,,,,,,,,,,,,,,,,,,,,,,,,,,,,,,,,,,,,,,,,,,,,,,,,,,,,,,,,,,,,,,,,,,,,,,,,,,,,,,,,,,,,,,,,,,,,,,,,,,,,,,,,,,,,,,,,,,,,,,,,,,,,,,,,,,,,,,,,,,,,,,,,,,,,,,,,,,,,,,,,,,,,,,,,,,,,,,,,,,,,,,,,,,,,,,,,,,,,,,,,,,,,,,,,,,,,,,,,,,,,,,,,,,,,,,,,,,,,,,,,,,,,,,,,,,,,,,,,,,,,,,,,,,,,,,,,,,,,,,,,,,,,,,,,,,,,,,,,,,,,,,,,,,,,,,,,,,,,,,,,,,,,,,,,,,,,,,,,,,,,,,,,,,,,,,,,,,,,,,,,,,,,,,,,,,,,,,,,,,,,,,,,,,,,,,,,,,,,,,,,,,,,,,,,,,,,,,,,,,,,,,,,,,,,,,,,,,,,,,,,,,,,,,,,,,,,,,,,,,,,,,,,,,,,,,,,,,,,,,,,,,,,,,,,,,,,,,,,,,,,,,,,,,,,,,,,,,,,,,,,,,,,,,,,,,,,,,,,,,,,,,,,,,,,,*/sʲˈoːrekʲe/,,,,,,,,,,,,,,,,,,,,,,,,,,,,,,,,,,,,,,,,,,,,,,,,,,,,,,,,,,,,,,,,,,,,,,,,,,,,,,,,,,,,,,,,,,,,,,,,,,,,,,,,,,,,,,,,,,,,,,,,,,,,,,,,,,,,,,,,,,,,,,,,,,,,,,,,,,,,,,,,,,,,,,,,,,,,,,,,,,,,,,,,,,,,,,,,,,,,,,,,,,,,,,,,,,,,,,,,,,,,,,,,,,,,,,,,,,,,,,,,,,,,,,,,,,,,,,,,,,,,,,,,,,,,,,,,,,,,,,,,,,,,,,,,,,,,,,,,,,,,,,,,,,,,,,,,,,,,,,,,,,,,,,,,,,,,,,,,,,,,,,,,,,,,,,,,,,,,,,,,,,,,,,,,,,,,,,,,,,,,,,,,,,,,,,,,,,,,,,,,,,,,,,,,,,,,,,,,,,,,,,,,,,,,,,,,,,,,,,,,,,,,,,,,,,,,,,,,,,,,,,,,,,,,,,,,,,,,,,,,,,,,,,,,,,,,,,,,,,,,,,,,,,,,,,,,,,,,,,,,,,,,,,,,,,,,,,,,,,,,,,,,,,,,,,,,,,,,,,,,,,,,,,,,,,,,,,,,,,,,,,,,,,,,,,,,,,,,,,,,,,,,,,,,,,,,,,,,,,,,,,,,,,,,,,,,,,,,,,,,,,,,,,,,,,,,,,,,,,
R159,,,,,,,,,,,,,,,,,,,,,,,,,,,,,,,,,,,,,,,,,,,,,,,,,,,,,,,,,,,,,,,,,,,,,,,,,,,,,,,,,,,,,,,,,,,,,,,,,,,,,,,,,,,,,,,,,,,,,,,,,,,,,,,,,,,,,,,,,,,,,,,,,,,,,,,,,,,,,,,,,,,,,,,,,,,,,,,,,,,,,,,,,,,,,,,,,,,,,,,,,,,,,,,,,,,,,,,,,,,,,,,,,,,,,,,,,,,,,,,,,,,,,,,,,,,,,,,,,,,,,,,,,,,,,,,,,,,,,,,,,,,,,,,,,,,,,,,,,,,,,,,,,,,,,,,,,,,,,,,,,,,,,,,,,,,,,,,,,,,,,,,,,,,,,,,,,,,,,,,,,,,,,,,,,,,,,,,,*/entʲelleːpkʲˈoːne/,,*/entʲellˈeɡʲe/,,,,,,,,,,,,,,,,,,,,,,,,,,,,,,,,,,,,,,,,,,,,,,,,,,,,,,,,,,,,,,,,,,,,,,,,,,,,,,,,,,,,,,,,,,,,,,,,,,,,,,,,,,,,,,,,,,,,,,,,,,,,,,,,,,,,,,,,,,,,,,,,,,,,,,,,,,,,,,,,,,,,,,,,,,,,,,,,,,,,,,,,,,,,,,,,,,,,,,,,,,,,,,,,,,,,,,,,,,,,,,,,,,,,,,,,,,,,,,,,,,,,,,,,,,,,,,,,,,,,,,,,,,,,,,,,,,,,,,,,,,,,,,,,,,,,,,,,,,,,,,,,,,,,,,,,,,,,,,,,,,,,,,,,,,,,,,,,,,,,,,,,,,,,,,,,,,,,,,,,,,,,,,,,,,,,,,,,,,,,,,,,,,,,,,,,,,,,,,,,,,,,,,,,,,,,,,,,,,,,,,,,,,,,,,,,,,,*/sʲerpˈɛntʲa/,,,,,,,,,,,,,,,,,,,,,,,,,,,,,,,,,,,,,,,,,,,,,,,,,,,,,,,,,,,,,,,,,,,,,,,,,,,,,,,,,,,,,,,,,,,,,,,,,,,,,,,,,,,,,,,,,,,,,,,,,,,,,,,,,,,,,,,,,,,,,,,,,,,,,,,,,,,,,,,,,,,,,,,,,,,,,,,,,,,,,,,,,,,,,,,,,,,,,,,,,,,,,,,,,,,,,,,,,,,,,,,,,,,,,,,,,,,,,,,,,,,,,,,,,,,,,,,,,,,,,,,,,,,,,,,,,,,,,,,,,,,,,,,,,,,,,,,,,,,,,,,,,,,,,,,,,,,,,,,,,,,,,,,,,,,,,,,,,,,,,,,,,,,,,,,,,,,,,,,,,,,,,,,,,,,,,,,,,,,,,,,,,,,,,,,,,,,,,,,,,,,,,,,,,,,,,,,,,,,,,,,,,,,,,,,,,,,,,,,,,,,,,,,,,,,,,,,,,,,,,,,,,,,,,,,,,,,,,,,,,,,,,,,,,,,,,,,,,,,,,,,,,,,,,,,,,,,,,,,,,,,,,,,,,,,,,,,,,,,,,,,,,,,,,,,,,,,,,,,,,,,,,,,,,,,,,,,,,,,,,,,,,,,,,,,,,,,,,,,,,,,,,,,,,,,,,,,,,,,,,,
R160,*/ˈa/,*/allˈona/,,*/adapˈa/,,*/adastˈa/,*/adawɡˈa/,*/adevˈeru/,,*/aɡʲˈunɡʲe/,*/aɡʲˈuto/,*/aɡʲutˈorju/,,,*/allentˈa/,*/allonɡˈa/,*/ammaɡʲˈi/,*/amminatʲˈa/,*/anninˈa/,,*/adormˈi/,*/aplekˈa/,*/apˈone/,,,,*/adˈukʲe/,*/adumbrˈi/,*/adunkˈa/,,*/ˈajeru/,*/arˈama/,*/aflˈa/,,,*/aɡurˈa/,,*/ajeptˈa/,*/aɡʲˈunu/,*/aɡʲunˈa/,,*/akatʲˈa/,,,,*/apˈarju/,*/apatˈosu/,,,*/albˈi/,*/albˈore/,,*/alluˈatu/,*/altˈarju/,,,*/albjˈarju/,,*/albˈina/,*/amˈaru/,*/amarˈetʲa/,,*/ammatˈi/,*/ammortˈi/,*/ammutˈi/,*/annotˈɛrtʲo/,*/aparˈa/,*/apesˈa/,*/prˈiku/,*/arˈa/,*/aratˈor/,*/aratˈorju/,*/arˈat/,*/arˈatu/,*/aratˈura/,,*/arborˈetu/,,*/arɡʲentˈarju/,*/arɡʲentˈosu/,*/arkˈarju/,,*/arsˈura/,*/boteɡʲˈone/,*/botedʲˈa/,,*/batˈalja/,*/brˈakʲɛ/,*/brˈotaku/,*/dawnˈa/,*/deramˈa/,*/desiderˈa/,*/dʲˈana/,*/deskarrkˈa/,*/dolˈore/,*/duplekˈa/,*/kallˈare/,*/kʲˈɛlu/,,,,*/kʲˈepa/,*/kʲerasjˈarju/,*/kʲerˈɛsja/,*/kʲertˈa/,,*/komnˈatu/,,*/kommenekˈa/,,*/kotedʲˈa/,,*/kukˈuta/,*/kurtʲˈa/,,*/kʲˈɛre/,*/kʲˈɛro/,*/akʲˈi/,,,,,*/eskadˈe/,*/eskambjˈa/,*/eskapˈa/,*/eskarmenˈa/,,,*/espellaˈa/,*/arˈetʲu/,*/fawrekˈa/,*/fˈalkʲis/,,*/fewrˈarju/,,,*/fortˈuna/,*/fosˈatu/,*/frˈenu/,*/frˈiɡʲe/,*/ɡallinˈatʲu/,,,,*/ɡʲˈuru/,*/enpreɡʲˈuru/,*/ˈɛdu/,*/orrˈi/,*/orrˈesko/,*/emperˈatu/,,*/enaltʲˈa/,*/enkaltʲˈa/,*/enkˈaltʲo/,*/enkarrkˈa/,*/enkonɡʲurˈa/,*/endreptˈa/,*/enfasʲˈa/,*/enɡannˈa/,*/envetʲˈa/,*/ɡʲudekˈata/,*/emnˈarju/,*/mannˈarju/,*/mesjonˈa/,*/mastekˈa/,*/mestekˈa/,*/paˈone/,,,*/pestˈalja/,,*/plˈaɡa/,*/plˈopu/,*/pradˈa/,*/prɛˈotu/,*/primavˈera/,,,*/saɡʲetˈa/,*/sˈantu/,,*/sapˈa/,*/sekrˈetu/,,,,,*/astupˈa/,*/estˈula/,*/tosjonˈa/,*/urlˈa/,*/besˈika/,,*/vˈitreku/,*/fˈemenu/,*/fekʲˈolu/,*/fekʲˈola/,,,*/nˈatu/,,,*/betrˈanu/,,,*/estˈatu/,,,*/kapetˈina/,,,,,,*/ɡʲenɡʲˈia/,,*/masˈella/,,*/nˈaris/,*/nˈasu/,*/palˈatʲu/,*/rˈostru/,,*/kʲerbˈikʲe/,,*/katˈena/,*/kˈolju/,,*/kˈulu/,*/fikˈatu/,,,,*/menutˈalja/,*/mˈusklu/,*/nˈoda/,,*/pulmˈone/,*/rˈena/,*/renˈeklu/,,,*/espinˈale/,*/esplˈena/,*/suˈala/,,,*/umbelˈiku/,*/venˈenu/,,,,*/kalkˈanju/,,,*/drˈeptu/,,,*/medullˈarju/,,,,,,,,,,*/awdˈi/,*/askultˈa/,*/kʲerkˈa/,*/ɡustˈa/,,*/sentˈi/,*/vedˈe/,*/kaskˈa/,*/resuflˈa/,*/esternutˈa/,*/suflˈa/,*/asudˈa/,*/kakˈa/,,,*/embukˈa/,*/enɡlutˈi/,,*/lˈakrema/,*/mˈuku/,,,*/saturˈa/,*/eskupjˈa/,*/suɡlutʲˈa/,*/sorbˈi/,*/sudˈore/,*/sˈuɡʲe/,*/kostˈa/,*/faptˈura/,*/fˈi/,,*/enɡreekˈa/,*/enɡrˈɛeka/,*/lapedˈa/,*/nˈaskʲe/,*/viˈatʲa/,,*/vˈie/,*/kastiɡˈa/,*/krˈeskʲe/,*/desmerdˈa/,*/leɡʲenˈa/,*/atepˈi/,*/dormˈi/,*/dormitˈa/,*/eskuwlˈa/,*/manˈe/,*/manekˈa/,*/reposˈa/,,*/veɡlˈa/,*/vˈisu/,*/eskaldˈa/,*/laˈa/,*/paɡˈanu/,*/pˈɛpteno/,,*/espurkˈa/,,,,,*/dolˈe/,*/doljˈosu/,,,*/espamentˈa/,*/estemperˈa/,*/felˈikʲe/,*/endurˈa/,*/enterretˈa/,*/envitˈa/,,*/manɡanjˈa/,*/manˈia/,*/mirˈa/,*/meserˈere/,*/mostrˈa/,*/pakˈa/,*/panetˈa/,*/patˈi/,*/pesˈa/,*/pˈesu/,*/preɡʲetˈa/,*/plakʲˈe/,,*/rˈide/,,*/rosjˈone/,*/suferˈi/,,*/superˈa/,*/suspirˈa/,,,*/temˈore/,*/tremulˈa/,*/trˈistu/,*/turbˈa/,*/turbulˈa/,*/vertˈute/,*/kʲerkʲetˈa/,*/koɡʲetˈa/,*/konˈoskʲe/,*/krˈede/,*/katˈa/,*/entʲellepkʲˈone/,*/entellˈeptu/,,*/ɡʲudekˈa/,,*/menkʲˈone/,*/mentˈi/,*/owlitˈa/,*/parˈe/,,*/eskʲˈiw̥/,*/eskʲˈi/,*/sanˈa/,*/sanetˈosu/,*/sˈanu/,*/vendekˈa/,*/vertˈosu/,*/rˈanja/,*/kʲˈɛtʲa/,,*/kˈosis/,,*/dolorˈosu/,*/fˈɛwri/,,,,*/dʲakʲˈe/,*/lɛsjonˈa/,*/lanɡʲˈesko/,,*/lanɡˈore/,*/morˈi/,,,*/okʲˈide/,*/pˈɛrjo/,,*/petˈiɡʲene/,*/purˈonju/,,*/repˈone/,*/tusˈi/,,,*/mˈutu/,,,*/esklopˈa/,,,*/lˈinja/,,*/palljˈola/,,*/bestimˈɛntu/,,*/anˈɛllu/,*/bratʲˈala/,,*/korˈona/,,,*/brakʲˈile/,,,*/fasʲˈola/,*/fˈilu/,,*/leɡatˈura/,,*/kaltʲˈa/,,*/kˈose/,,*/deskaltʲˈa/,*/deskultʲˈa/,*/embrakˈa/,*/ensolˈa/,*/enfasʲolˈa/,*/envestˈi/,,*/suflekˈa/,,,*/bukˈata/,,*/kʲˈilu/,*/farˈina/,*/freptˈura/,,,*/merˈɛndɛ/,*/pˈane/,*/pisˈatu/,,*/sˈale/,*/sˈeu/,,*/vˈiptu/,,,,*/vinˈatʲu/,,,*/ɡratˈarju/,*/vˈasu/,*/kˈalami/,*/kaprjˈolu/,,*/kasˈarju/,*/kʲellˈarju/,*/koperimˈɛntu/,,,*/fontˈana/,*/osʲˈolu/,*/ˈosʲa/,,,*/eskˈala/,,,*/titˈina/,*/trajˈɛpta/,*/armˈarju/,*/kapetˈanju/,,,*/estrˈatu/,,,*/fˈilju/,*/fˈilja/,*/frˈate/,,,*/nepˈotu/,*/nepˈota/,,,,*/vˈeru/,*/barbˈatu/,*/kˈosokru/,*/filjˈastru/,,*/ˈomo/,*/marˈitu/,,,,,,,*/filjˈanu/,,,,*/koronˈa/,*/kredˈɛntʲa/,*/dˈɛstrɛ/,,*/ensorˈa/,*/lasˈa/,*/maritˈa/,,*/petˈi/,*/lˈume/,,*/eskapetˈa/,*/lukʲˈeferu/,*/lˈuna/,*/resalˈi/,*/sˈole/,,,*/brˈuma/,*/kalˈore/,*/frˈiɡu/,*/ɡʲˈɛlu/,,*/nˈualu/,,,*/plowˈa/,,*/rˈowa/,*/serˈenu/,*/sˈekʲetas/,*/tonˈa/,,,*/ˈora/,,*/dˈi/,*/ˈɛri/,*/mˈane/,*/demanˈetʲa/,,*/merˈidʲe/,,,*/mˈartis/,*/mˈɛrkuri/,,*/septemˈana/,*/vˈɛneris/,*/prˈilje/,*/kalendˈarju/,,,,,*/vˈera/,,*/arˈena/,*/lˈimu/,,,,,*/terrˈina/,*/karbˈone/,,*/pukʲˈosa/,*/aruɡʲˈina/,,,*/kotremulˈa/,,,,*/rˈipa/,,*/solˈinu/,,,,*/esukˈa/,*/esˈuko/,,,,,*/sekˈa/,,,,,,,,*/flˈore/,,,,,,*/pˈoma/,*/radikʲˈina/,*/rˈamu/,*/resˈina/,,*/espˈiku/,*/espˈinu/,,,,,,,*/ɡʲunˈeperu/,,*/padˈule/,*/pˈinu/,,,,,*/kotˈonja/,*/kotˈonju/,*/mˈelu/,,,*/pˈomu/,*/prˈunu/,*/kˈornu/,*/mˈoru/,,,*/aˈua/,*/vˈitʲa/,,*/lawrˈuska/,*/saˈuku/,,*/tˈufa/,*/ɡrˈanu/,,,*/panˈiku/,*/sekˈala/,*/ˈalju/,,,*/laptˈuka/,*/leɡˈuma/,,*/nˈapu/,,,*/radˈikla/,,*/fˈenu/,,,,*/lˈinu/,*/arjˈolu/,,,*/frˈaɡa/,*/frˈaɡu/,,,,,,,*/urtˈika/,*/vjˈola/,,*/bolˈete/,*/ˈeska/,*/nemˈalja/,,*/selbˈateku/,*/vˈita/,,*/kˈoda/,,*/depˈone/,*/esterpˈi/,,*/fetˈa/,*/enkallekˈa/,*/mˈula/,,,*/rumeɡˈa/,*/ɡarrˈesko/,*/latrˈa/,*/morsekˈa/,*/muɡʲˈi/,,*/ronkʲedʲˈa/,*/rimˈa/,*/armesˈarju/,,*/nnˈotenu/,*/arjˈete/,,,,,,*/kaprˈina/,,,*/kornˈutu/,,*/ɡʲunˈikʲe/,,,*/oˈina/,,*/pekˈuina/,,,,*/porkʲˈina/,,*/eskrˈofa/,,*/tertʲˈanu/,*/tertˈiu/,,,*/berbˈeku/,*/berbˈekʲe/,,,,,*/bˈualu/,,,,*/mestˈitʲu/,*/sʲˈorekʲe/,,,,*/krestˈatu/,,*/ezbolˈa/,,,,,,,*/ɡallˈina/,,,,,,,,,,*/peturnˈikla/,*/preveɡlatˈorja/,*/preveɡlˈa/,*/estrˈiɡa/,,,,,,*/lˈaptis/,*/peskˈarju/,*/brˈoska/,*/sˈɛrpe/,,*/vˈipera/,*/vˈiperɛ/,*/kˈarju/,*/ɡaˈone/,*/kʲˈimkʲe/,,*/flutulˈa/,*/formˈika/,,,,*/lumbrˈiku/,,*/estrˈekla/,*/pedˈuklu/,*/pˈulekʲe/,*/taˈone/,,,,,,*/desˈɛrtu/,*/esˈame/,,,*/emputˈa/,,,*/mesˈura/,*/mesurˈa/,*/mˈika/,*/menˈutu/,,*/numerˈa/,,,,,,*/plˈenu/,,,,,*/tˈotu/,*/tˈota/,*/ˈambi/,,*/kʲˈinkʲe/,*/dˈos/,*/dˈua/,*/mˈilja/,,*/ˈopto/,,,*/trˈes/,*/ˈunu/,*/viɡʲˈenti/,,,,,,*/dˈesu/,*/formˈosu/,,,,*/ˈumedu/,,*/lˈatu/,*/lˈenu/,,,,,*/mˈukʲedu/,*/mˈukla/,,*/kʲjˈetu/,*/kʲjˈeta/,,*/rˈaru/,,,,,,*/semelˈa/,,*/subtˈile/,*/takʲˈe/,*/tˈale/,*/ˈudu/,*/udˈa/,*/veskˈosu/,,*/askʲeptˈa/,*/kˈorte/,*/kovenjˈɛntʲa/,*/kovenˈi/,*/koventˈa/,,,*/ɡrˈɛku/,,*/ospetˈa/,*/ɡʲˈudes/,*/ɡʲudˈetʲu/,*/ɡʲuramˈɛntu/,*/ɡʲurˈa/,*/lawdˈa/,,*/lˈeɡʲe/,*/leɡamˈɛntu/,,*/salutˈa/,,*/vikʲinetˈate/,*/vetemˈa/,*/njɛstemˈatu/,*/komparˈa/,*/kˈomparo/,*/furˈa/,*/fˈuru/,*/empromutˈa/,*/luˈa/,*/lˈɛo/,,*/neɡotʲatˈor/,*/neɡˈotʲu/,,,,,*/krestˈɛnu/,,,*/drˈako/,*/enklinˈa/,*/enklinakʲˈone/,*/ljertˈa/,*/mirjˈone/,*/orakʲˈone/,*/paɡanetˈate/,*/pekˈatu/,*/parrajˈesemi/,*/roɡˈa/,*/roɡakʲˈone/,,*/pˈaskʲɛ/,*/serbˈa/,*/kommandˈa/,,*/enkantˈa/,,*/kantˈa/,,*/eskrˈie/,*/eskriptˈura/,*/bukʲenˈa/,*/bˈukʲenu/,,,,*/sijelˈa/,*/sonˈa/,,,,*/ɡʲokˈa/,,*/petrˈɛkʲe/,*/kanˈutu/,,,,,,*/verɡˈatu/,,,*/putˈore/,,*/kaldˈura/,,,*/rˈɛkʲes/,*/rekˈore/,*/ˈarde/,,,,*/fulˈiɡʲene/,*/fˈumu/,,,*/tikʲˈone/,*/adˈente/,*/aˈikʲe/,,*/afˈoras/,*/aljjerˈes/,*/kotra/,,*/dekʲˈende/,*/adenˈellara/,*/depˈarte/,*/dˈepos/,,,,,*/ˈadʲe/,*/ellˈa/,*/ˈin/,,*/enadˈentro/,,*/enkotra/,,,,,,*/prˈentro/,,*/estˈanku/,,,*/sˈusu/,*/tardˈiu/,*/temporˈiu/,,,,*/vikʲˈinu/,,*/akʲellˈa/,*/allarɡˈa/,*/apropjˈa/,*/aprˈopjo/,,*/asˈɛdʲo/,,*/kadˈe/,*/kalkˈa/,*/kollokˈa/,*/eradikˈa/,*/erratekʲˈi/,*/arunkˈa/,,*/fuɡʲˈi/,*/entrˈa/,*/luwrekˈa/,,*/prambulˈa/,*/plekˈa/,*/prokʲˈede/,*/salˈi/,*/saltˈa/,*/sˈɛde/,*/estˈa/,*/suˈi/,*/tenˈe/,*/trˈɛkʲe/,*/venˈi/,*/arreptˈa/,,,*/apukˈa/,,*/dˈa/,,,*/esklukˈa/,*/frekˈa/,*/frekatˈura/,*/enɡannˈa/,*/pˈone/,,*/eskarpenˈa/,,,*/okasjonˈa/,,*/abˈis/,,*/kˈatɛ/,,*/foras/,,*/potˈe/,*/kˈale/,,*/kˈomodo/,,*/sˈi/,*/semenˈa/,,,*/ammestekˈa/,,*/alleɡˈa/,*/astruakˈa/,*/kawtˈa/,*/koperˈi/,*/krepˈa/,*/kurˈa/,*/despekˈa/,*/drˈiɡʲe/,*/deskoperˈi/,*/eskurtˈa/,*/espulberˈa/,,,*/estrakolˈa/,*/estrekˈa/,,,*/embenˈa/,*/empartˈi/,,*/emplantˈa/,,,*/enkʲerkˈa/,*/enklajˈa/,*/enflˈa/,,*/ambjˈa/,*/leɡˈa/,*/molljˈa/,,,*/rˈode/,*/subtiljˈa/,*/taljˈa/,,,*/versˈa/,*/lukrˈa/,,,*/enkʲjˈetu/,,*/kallarˈetʲu/,*/karrˈa/,*/deskallekˈa/,*/dˈukʲe/,*/enfrenˈa/,*/mutˈa/,*/portˈa/,*/traɡʲenˈa/,*/tramˈete/,,,*/enkarrkatˈura/,,,,,,,,*/karrˈarja/,,*/ˈaro/,,,*/makʲenˈa/,*/pisˈa/,*/trijelˈa/,*/ventulˈa/,,*/pˈalu/,,*/ˈarja/,,,,*/semenatˈura/,,*/vˈinja/,,,*/menˈa/,,*/pˈaskʲe/,*/ensemnˈa/,,*/fenˈatʲu/,*/fenˈetʲa/,*/jernˈa/,,*/nutrˈetʲu/,*/pasʲˈone/,*/sarkʲenˈarju/,,*/estemulˈarja/,,,*/bowˈarju/,*/pastˈor/,*/porkˈarju/,*/porkarˈetʲa/,*/kˈasju/,*/kʲˈera/,*/klˈaɡu/,,,*/frˈuptu/,*/enklaɡˈa/,*/pastˈura/,,*/sˈuku/,*/ˈuntu/,*/untˈura/,*/espantekˈa/,*/venˈa/,*/venatˈor/,*/venatˈorja/,*/despoljˈa/,,*/enfrontˈa/,,*/lˈupta/,*/luptˈa/,*/rapˈi/,*/supˈone/,,*/tˈeka/,,*/pˈakʲe/,,,,*/depanˈa/,*/folljˈolu/,,,*/fˈusu/,*/enkurrkˈa/,*/sˈuwlu/,*/nˈodu/,*/ordˈi/,,,*/pˈilla/,*/rasklˈa/,,,*/eskˈama/,,,,,,,,*/doɡˈarju/,*/dolˈa/,*/lemnˈarju/,,,*/sekˈure/,*/awrˈarju/,*/klˈaje/,,*/ferrˈarju/,,*/lˈamena/,,*/kaldˈarja/,,*/estrakolatˈorja/,*/ɡallˈeta/,*/ˈolla/,*/ollˈarju/,*/ollkʲˈɛlla/,,,,,,*/kotˈitu/,*/frembˈia/,,*/fˈune/,*/latˈura/,*/lesˈija/,*/espˈuma/,*/sˈuwla/,,*/klamˈa/,*/kovˈɛntu/,*/dˈikʲe/,*/espˈone/,*/nˈome/,*/orˈa/,,*/estreɡˈa/,,*/avˈe/,*/avˈea/,*/dˈɛda/,*/fˈetu/,*/fˈeta/,,*/pˈesu/,*/prˈensu/,*/respˈonsu/,*/orˈekla/,,,,,,,*/rˈide/,*/dˈu/,,*/nˈo/,,,,,*/ˈou/,*/ɡʲˈois/,*/frˈantu/,,,,,*/frˈipse/,,,,,,,,,*/esˈi/,*/frasenˈetu/,*/entreˈa/,*/muljˈere/,*/parjˈete/,,,,,*/fˈakʲetis/,,,*/vˈena/,*/mˈesa/,,*/vˈinu/,*/espˈero/,*/esperˈa/,*/estrapˈunɡʲe/,,*/rˈiu/,,*/aɡʲutˈa/,,,,*/kʲˈiwru/,,,*/ˈuɡʲer/,,,*/nˈɛɡu/,,,*/adˈuko/,,*/eskʲˈis/,,,*/ˈawdis/,*/kˈasɛ/,*/lˈupi/,*/kˈando/,,,,*/ˈelli/,*/ˈellɛ/,,,*/erˈaa/,,,*/nˈeɡrɛ/,*/sˈera/,,,*/estˈella/,,,,,*/sanetˈate/,*/portˈaa/,*/kʲjetˈate/,*/dˈiko/,*/krˈeskʲis/,,*/esɡˈaulo/,,,,,,,
R161,,,,,,,,,,,,,,,,,,,,,,,,,,,,,,,,,,,,,,,,,,,,,,,,,,,,,,,,,,,,,,,,,,,,,,,,,,,,,,,,,,,,,,,,,,,,,,,,,,,,,,,,,,,,,,,,,,,,,,,,,,,*/skadˈe/,*/skambjˈa/,*/skapˈa/,*/skarmenˈa/,,,*/spellaˈa/,,,,,,,,,,,,,,,,,,,,,,,,,,,,,,,,,,,,,,,,,,,,,,,,,,,,,,,,*/skantˈelja/,*/spˈesu/,*/strˈambu/,,*/stˈula/,,,,,,,,,,,,,,,,,*/stˈatu/,,,,,,,,,,,,,,,,,,,,,,,,,,,,,,,,,,,,,*/spinˈale/,*/splˈena/,,,,,,,,,,,,,,,,,,,,,,,,,,,,,,,,,,*/sternutˈa/,,,,*/skrˈeme/,,,,,,,,,,*/skupjˈa/,,,,,,,,,,,,,,,,,,,,,,,*/skuwlˈa/,,,,,,,*/skaldˈa/,,,,,*/spurkˈa/,,,,,,,,*/spˈajema/,*/spamentˈa/,*/stemperˈa/,,,,,,,,,,,,,,,,,,,,,,,,,,,,,,,,,,,,,,,,,,,,,,,,,*/skʲˈiw̥/,*/skʲˈi/,,,,,,,,,,,,,,,,,,,,,,,,,,,,,,,,,,,,*/sklˈopu/,*/sklopˈa/,,,,,,,,,,,,,,,,,,,,,,,,,,,,,,,,,,,,,,,,,,,,,,,,,,,,,,,,,,,,,,,,,,,,,,,,,*/skˈala/,*/stˈulu/,,,,,,,*/skˈortʲa/,*/strˈatu/,,,,,,,,,,,,,,,,,,,,,,,,,*/spˈurju/,,,,,,,,,,,,,,,,*/skapetˈa/,,,,,,,,,,,,,,,,,,,,,,,,,,,,,,,,,,,,,,,,,,,,,,,,,,,,,,,,,,,,,,,,*/skawnˈɛllu/,,,,,,,,,,,,,,,,,,,,,,,,,,,,,,*/spˈiku/,*/spˈinu/,,,,,,,,,,,,,,,,,,,,,,,,,,,,,,,,,,,,,,,,,,,,,,,,,,,,,,,,,,,,,,,,,,,,,,,,,,,,,,*/sterpˈi/,*/stˈerpu/,,,,,,,,,,,,,,,,,,,,,,,,,,,,,,,,,,,,,,,*/skrˈofa/,,,,,,,,,,,,,,,,,,,,,,,*/zbolˈa/,,,,,,,,,,,,,,,,,,,,*/strˈiɡa/,*/stˈurdʲu/,,,,,,,,,,,,,,,,,,,,,,,*/strˈekla/,,,,,,*/skˈurtu/,,,,,,,,,,,,,,,,,,,,,,,,,,,,,,,,,,,,,,,,,,,,,,,,,,,,,,,,,,,,,,,,,,,,*/skˈorbula/,*/skˈorbu/,,,*/strˈentu/,,,,,,,,,,,,,,,,,,,,,,,,,,,,*/sklˈau/,,,,,,,,,,,,,,,,,,,,,,,,,,,,,,,,,,,,,,,,,*/skrˈie/,*/skriptˈura/,,,,,,,,,,,,,,,,,,,,,,,,,,,,,,,,,,,,,*/stˈenɡʲe/,,,,,,,,,,,,,,,,,,,,,,,,,,,,,,,*/stˈanku/,,*/sprˈɛ/,,,,,,,,,,,,,,,,,,,,,,,,,,,,,,,,,*/stˈa/,,,,,,,,,,,*/zbˈate/,*/skˈote/,*/sklukˈa/,,,,,,*/skarpenˈa/,*/spˈarɡʲe/,*/strˈenɡʲe/,,,,,,,,,,,,,,,,,,,,,,,,,,,,,*/skurtˈa/,*/spulberˈa/,*/stˈɛrɡʲe/,*/stˈorkʲe/,*/strakolˈa/,*/strekˈa/,,,,,,,,,,,,,,,,,,,,,,,,,,,,,,,,,,,,,,,,,,,,,,,,,,,,,,,,,,,,,,,,,,,,,,,,,,,,,,,,,*/stˈawlu/,*/stemulˈarja/,,,,,,,,,,,,,,,*/stˈupu/,,,,*/spantekˈa/,,,,,,,,,,,,*/skˈutu/,,,,,,,,,,,,,,,,,,,,,*/spˈata/,*/skˈama/,*/stˈupa/,,,,,,,,,,,*/skandˈula/,,,,,,,,,,,*/strakolatˈorja/,,,,,,,,,,,,,,,,*/spˈuma/,,,,,,*/spˈone/,,,,*/streɡˈa/,,,,,,,,,,,,,,,,,,,,,,,,,,,,,,,,,,,,,,,,,,,,,,,,,,,,,,,,,,*/spˈero/,*/sperˈa/,*/strapˈunɡʲe/,,,,,,,*/skˈajba/,,*/skˈawnu/,,,,,,,,,,*/skʲˈis/,,,,,,,,,,,,,,,,,,,,,*/stˈella/,,,,,,,,,,*/sɡˈau/,*/sɡˈaulo/,*/sɡˈaula/,*/sɡˈawrja/,*/sɡˈowra/,,,,
R162,,,,,,,,,,,,,,,,,,,,,,,,,,,,,,,,,,,,,,,,,,,,,,,,,,,,,,,,,,,,,,,,,,,,,,,,,,,,,,,,,,,,,,,,,,,,,,,,,,,,,,,,,,,,,,,,,,,,,,,,,,,,,,,*/smˈulɡʲe/,*/smˈultu/,,,,,,,,,,,,,,,,,,,,,,,,,,,,,,,,,,,,,,,,,,,,,,,,,,,,,,,,,,,,,,,,,,,,,,,,,,,,,,,,,,,,,,,,,,,,,,,,,,,,,,,,,,,,,,,,,,,,,,,,,,,,,,,,,,,,,,,,,,,,,,,,,,,,,,,,,,,,,,,,,,,,,,,,,,,,,,,,,,,,,,,,,,,,,,,,,,,,,,,,,,,,,,,,,,,,,,,,,,,,,,,,,,,,,,,,,,,,,,,,,,,,,,,,,,,,,,,,,,,,,,,,,,,,,,,,,,,,,,,,,,,,,,,,,,,,,,,,,,,,,,,,,,,,,,,,,,,,,,,,,,,,,,,,,,,,,,,,,,,,,,,,,,,,,,,,,,,,,,,,,,,,,,,,,,,,,,,,,,,,,,,,,,,,,,,,,,,,,,,,,,,,,,,,,,,,,,,,,,,,,,,,,,,,,,,,,,,,,,,,,,,,,,,,,,,,,,,,,,,,,,,,,,,,,,,,,,,,,,,,,,,,,,,,,,,,,,,,,,,,,,,,,,,,,,,,,,,,,,,,,,,,,,,,,,,,,,,,,,,,,,,,,,,,,,,,,,,,,,,,,,,,,,,,,,,,,,,,,,,,,,,,,,,,,,,,,,,,,,,,,,,,,,,,,,,,,,,,,,,,,,,,,,,,,,,,,,,,,,,,,,,,,,,,,,,,,,,,,,,,,,,,,,,,,,,,,,,,,,,,,,,,,,,,,,,,,,,,,,,,,,,,,,,,,,,,,,,,,,,,,,,,,,,,,,,,,,,,,,,,,,,,,,,,,,,,,,,,,,,,,,,,,,,,,,,,,,,,,,,,,,,,,,,,,,,,,,,,,,,,,,,,,,,,,,,,,,,,,,,,,,,,,,,,,,,,,,,,,,,,,,,,,,,,,,,,,,,,,,,,,,,,,,,,,,,,,,,,,,,,,,,,,,,,,,,,,,,,,,,,,,,,,,,,,,,,,,,,,,,,,,,,,,,,,,,,,,,,,,,,,,,,,,,,,,,,,,,,,,,,,,,,,,,,,,,,,,,,,,,,,,,,,,,,,,,,,,,,,,,,,,,,,,,,,,,,,,,,,,,,,,,,,,,,,,,,,,,,,,,,,,,,,,,,,,,,,,,,,,,,,,,,,,,,,,,,,,,,,,,,,,,,,,,,,,,,,,,,,,,,,,,,,,,,,,,,,,,,,,,,,,,,,,,,,,,,,,,,,,,,,,,,,,,,,,,,,,,,,,,,,,,,,,,,,,,,,,,,,,,,,,,,,,,,,,,,,,,,,,,,,,,,,,,,,,,,,,,,,,,,,,,,,,,,,,,,,,,,,,,,,,,,,,,,,,,,,,,,,,,,,,,,,,,,,,,,,,,,,,,,,,,,,,,,,,,,,,,,,,,,,,,,,,,
R163,,,,,,,,,,,,,,,,,,,,,,,,,,,,,,,,,,,,,,,,,,,,,,,,,,,,,,,,,,,,,,,,,,,,,,,,,,,,,,,,,,,,,,,,,,,,,,,,,,,,,,,,,,,,,,,,,,,,,,,,,,,,,,,,,,,,,,,,,,,,,,,,,,,,,,,,,,,,,,,,,,,,,,,,,,,,,,,,,,,,,,,,,,,,,,,,,,,,,,,,,,,,,,,,,,,,,,,,,,,,,,,,,,,,,,,,,,,,,,,,,,,,,,,,,,,,,,,,,,,,,,,,,,,,,,,,,,,,,,,,,,,,,,,,,,,,,,,,,,,,,,,,,,,,,,,,,,,,,,,,,,,,,,,,,,,,,,,,,,,,,,,,,,,,,,,,,,,,,,,,,,,,,,,,,,,,,,,,,,,,,,,,,,,,,,,,,,,,,,,,,,,,,,,,,,,,,,,,,,,,,,,,,,,,,,,,,,,,,,,,,,,,,,,,,,,,,,,,,,,,,,,,,,,,,,,,,,,,,,,,,,,,,,,,,,,,,,,,,,,,,,,,,,,,,,,,,,,,,,,,,,,,,,,,,,,,,,,,,,,,,,,,,,,,,,,,,,,,,,,,,,,,,,,,,,,,,,,,,,,,,,,,,,,,,,,,,,,,,,,,,,,,,,,,,,,,,,,,,,,,,,,,,,,,,,,,,,,,,,,,,,,,,,,,,,,,,,,,,,,,,,,,,,,,,,,,,,,,,,,,,,,,,,,,,,,,,,,,,,,,,,,,,,,,,,,,,,,,,,,,,,,,,,,,,,,,,,,,,,,,,,,,,,,,,,,,,,,,,,,,,,,,,,,,,,,,,,,,,,,,,,,,,,,,,,,,,,,,,,,,,,,,,,,,,,,,,,,,,,,,,,,,,,,,,,,,,,,,,,,,,,,,,,,,,,,,,,,,,,,,,,,,,,,,,,,,,,,,,,,,,,,,,,,,,,,,,,,,,,,,,,,,,,,,,,,,,,,,,,,,,,,,,,,,,,,,,,,,,,,,,,,,,,,,,,,,,,,,,,,,,,,,,,,,,,,,,,,,,,,,,,,,,,,,,,,,,,,,,,,,,,,,,,,,,,,,,,,,,,,,,,,,,,,,,,,,,,,,,,,,,,,,,,,,,,,,,,,,,,,,,,,,,,,,,,,,,,,,,,,,,,,,,,,,,,,,,,,,,,,,,,,,,,,,,,,,,,,,,,,,,,,,,,,,,,,,,,,,,,,,,,,,,,,,,,,,,,,,,,,,,,,,,,,,,,,,,,,,,,,,,,,,,,,,,,,,,,,,,,,,,,,,,,,,,,,,,,,,,,,,,,,,,,,,,,,,,,,,,,,,,,,,,,,,,,,,,,,,,,,,,,,,,,,,,,,,,,,,,,,,,,,,,,,,,,,,,,,,,,,,,,,,,,,,,,,,,,,,,,,,,,,,,,,,,,,,,,,,,,,,,,,,,,,,,,,,,,,,,,,,,,,,,,,,,,,,,,,,,,,,,,,,,,,,,,,,,,,,,,,,,,,,,,,,,,,,,,,,,,,,,,,,,,,,,,,,,,,
R164,,,,,,,,,,,,,,,,,,,,,,,,,,,,,,,,,,,,,,,,,,,,,,,,,,,,,,,,,,,,,,,,,,,,,,,,,,,,,,,,,,,,,,,,,,,,,,,,,,,,,,,,,,,,,,,,,,,,,,,,,,*/sˈalbedu/,,,,,,,,,,,,,,,,,,,,,,,,,,,,,,,,,,,,,,,,,,,,,,,,,,,,,,,,,,,,,,,,,,,,,,,,,,,,,,,,,,,,,,,,,,,,,,,,,,,,,,,,,,,,,,,,,,,,,,,,,,,,,,,,,,,,,,,,,,,,,,,,,,,,,,,,,,,,,,,,,,,,,,,,,,,,,,,,,,,,,,,,,,,,,,,,,,,,,,,,,,,,,,,,,,,,,,,,,,,,,,,,,,,,,,,,,,,,,,,,,,,,,,,,,,,,,,,,,,,,,,,,,,,,,,,,,,,,,,,,,,,,,,,,,,,,,,,,,,,,,,,,,,,,,,,,,,,,,,,,,,,,,,,,,,,,,,,,,,,,,,,,,,,,,,,,,,,,,,,,,,,,,,,,,,,,,,,,,,,,,,,,,,,,,,,,,,,,,,,,,,,,,,,,,,,,,,,,,,,,,,,,,,,,,,,,,,,,,,,,,,,,,,,,,,,,,,,,,,,,,,,,,,,,,,,,,,,,,,,,,,,,,,,,,,,,,,*/sukˈa/,*/sˈuko/,,,,,,,,,,,,,,,,,,,,,,,,,,,,,,,,,,,,,,,,,,,,,,,,,,,,,,,,,,,,,,,,,,,,,,,,,,,,,,,,,,,,,,,,,,,,,,,,,,,,,,,,,,,,,,,,,,,,,,,,,,,,,,,,,,,,,,,,,,,,,,,,,,,,,,,,,,,,,,,,,,,,,,,,,,,,,,,,,,,,,,,,,,,,,,,,,,,,,,,,,,,,,,,,,,,,,,,,,,,,*/sˈame/,,,,,,,,,,,,,,,,,,,,,,,,,,,,,,,,,,,,,,,,,,,,,,,,,,,,,,,,,,,,,,,,,,,,,,,,,,,,,,,,,,,,,,,,,,,,,,,,,,,,,,,,,,,,,,,,,,,,,,,,,,,,,,,,,,,,,,,,,,,,,,,,,,,,,,,,,,,,,,,,,,,,,,,,,,,,,,,,,,,,,,,,,,,,,,,,,,,,,,,,,,,,,,,,,,,,,,,,,,,,,,,,,,,,,,,,,,,,,,,,,,,,,,,,,,,,,,,,,,,,,,,,,,,,,,,,,,,,,,,,,,,,,,,,,,,,,,,,,,,,,,,,,,,,,,,,,,,,,,,,,,,,,,,,,,,,,,,,,,,,,,,,,,,,,,,,,,,,,,,,,,,,,,,,,,,,,,,,,,,,,,,,,,,,,,,,,,,,,,,,,,,,,,,,,,,,,,,,,,,,,,,,,,,,,,,,,,,,,,,,,,,,,,,,,,,,,,,,,,,,,,,,,,,,,,,,,,,,,,,,,,,,,,,,,,,,,,,,,,,,,,,,,,,,,,,,,,,,,,,,,,,,,,,,,,,,,,,,,,,,,,,,,,,,,,,,,,,,,,,,,,,,,,,,,,,,,,,,,,,,,,,,,,,,,,,,,,,,,,
R165,,,,,,,,,*/adidˈensu/,,,,,,,,,,,,,,,,,,,,,,,,,,,,,,,,,,,,,,,,,,,,,,,,,,,,,,,,,,,,,,,,,,,,,,,,,,,,,,,,,,,,,,,,,,,,,,,,,,,,,,,,,,,,,,,,,,,,,,,,,,,,,,,,,,,,,,,,,,,,,,,,,,,,,,,,,,,,,,,,,,,,,,,,,,,,,,,,,,,,,,,,,,,,,,,,,,,,,,,,,,,,,,,,,,,,,,,,,,,,,,,,,,,,,,,,,,,,,,,,,,,,,,,,,,,,,,,,,,,,,,,,,,,,,,,,,,,,,,,,,,,,,,,,,,,,,,,,,,,,,,,,,,,,,,,,,,,,,,,,,,,,,,,,,,,,,,,,,,,,,,,,,,,,,,,,,,,,,,,,,,,,,,,,,,,,,,,,,,,,,,,,,,,,,,,,,,,,,,,,,,,,,,,,,,,,,,,,,,,,,,,,,,,,,,,,,,,,,,,,,,,,,,,,,,,,,,,,,,,,,,,,,,,,,,,,,,,,,,,,,,,,,,,,,,,,,,,,,,,,,,,,,,,,,,,,,,,,,,,,,,,,,,,,,,,,,,*/nˈunta/,,,,,,,,,,,,,,,,,,,,,,,,,,,,,,,,,,,,,,,,,,,,,,,,,,,,,,,,,,,,,,,,,,,,,,,,,,,,,,,,,,,,,,,,,,,,,,,,,,,,,,,,,,,,,,,,,,,,,,,,,,,,,,,,,,,,,,,,,,,,,,,,,,,,,,,,,,,,,,,,,,,,,,,,,,,,,,,,,,,,,,,,,,,,,,,,,,,,,,,,,,,,,,,,,,,,,,,,,,,,,,,,,,,,,,,,,,,,,,,,,,,,,,,,,,,,,,,,,,,,,,,,,,,,,,,,,,,*/kʲˈinkʲe/,,,,,,,,,,,,,,,,,,,,,,,,,,,,,,,,,,,,,,,,,,,,,,,,,,,,,,,,,,,,,,,,,,,,,,,,,,,,,,,,,,,,,,,,,,,,,,,,,,,,,,,,,,,,,,,,,,,,,,,,,,,,,,,,,,,,,,,,,,,,,,,,,,,,,,,,,,,,,,,,,,,,,,,,,,,,,,,,,,,,,,,,,,,,,,,,,,,,,,,,,,,,,,,,,,,,,,,,,,,,,,,,,,,,,,,*/ˈunka/,,,,,,,,,,,,,,,,,,,,,,,,,,,,,,,,,,,,,,,,,,,,,,,,,,,,,,,,,,,,,,,,,,,,,,,,,,,,,,,,,,,,,,,,,,,,,,,,,,,,,,,,,,,,,,,,,,,,,,,,,,,,,,,,,,,,,,,,,,,,,,,,,,,,,,,,,,,,,,,,,,,,,,,,,,,,,,,,,,,,,,,,,,,,,,,,,,,,,,,,,,,,,,,,,,,,,,,,,,,,,,,,,,,,,,,,,,,,,,,,,,,,,,,,,,,,,,,,,,,,,,,,,,,,,,,,,,,,,,,,,,,,,,,,,,,,,,,,,,,,,,,,,,,,,,,,,,,,,,,,,,,,,,,,,,,,,,,,,,,,,,,,,,,,,,,,,,,,,,,,,,,,,,,,,,,,,,,,,,,,,,,,,*/ˈensu/,
R166,,,,,,,,,,,,,,,,,,,,,,,,,,,,,,,,,,,,,,,,,,,,,,,,,,,,,,,,,,,,,,,,,,,,,,,,,,,,,,,,,,,,,,,,,,,,,,,,,,,,,,,,,,,,,,,,,,,,,,,,,,,,,,,,,,,,,,,,,,,,,,,,,,,,,,,,,,,,,,,,,,,,,,,,,,,,,,,,,,,,,,,,,,,,,,,,,,,,,,,,,,,,,,,,,,,,,,,,,,,,,,,,,,,,,,,,,,,,,,,,,,,,,,,,,,,,,,,,,,,,,,,,,,,,,,,,,,*/semtˈi/,,,,,,,,,,,,,,,,,,,,,,,,,,,,,,,,,,,,,,,,,,,,,,,,,,,,,,,,,,,,,,,,,,,,,,,,,,,,,,,,,,,,,,,,,,,,,,,,,,,,,,,,,,,,,,,,,,,,,,,,,,,,,,,,,,,,,,,,,,,,,,,,,,,,,,,,,,,,,,,,,,,,,,,,,,,,,,,,,,,,,,,,,,,,,,,,,,,,,,,,,,,,,,,,,,,,,,,,,,,,,,,,,,,,,,,,,,,,,,,,,,,,,,,,,,,,,,,,,,,,,,,,,,,,,,,,,,,,,,,,,,,,,,,,,,,,,,,,,,,,,,,,,,,,,,,,,,,,,,,,,,,,,,,,,,,,,,,,,,,,,,,,,,,,,,,,,,,,,,,,,,,,,,,,,,,,,,,,,,,,,,,,,,,,,,,,,,,,,,,,,,,,,,,,,,,,,,,,,,,,,,,,,,,,,,,,,,,,,,,,,,,,,,,,,,,,,,,,,,,,,,,,,,,,,,,,,,,,,,,,,,,,,,,,,,,,,,,,,,,,,,,,,,,,,,,,,,,,,,,,,,,,,,,,,,,,,,,,,,,,,,,,,,,,,,,,,,,,,,,,,,,,,,,,,,,,,,,,,,,,,,,,,,,,,,,,,,,,,,,,,,,,,,,,,,,,,,,,,,,,,,,,,,,,,,,*/strˈemtu/,,,,,,,,,,,,,,,,,,,,,,,,,,,,,,,,,,,,,,,,,,,,,,,,,,,,,,,,,,,,,,,,,,,,,,,,,,,,,,,,,,,,,,,,,,,,,,,,,,,,,,,,,,,,,,,,,,,,,,,,,,,,,,,,,,,,,,,,,,,,,,,,,,,,,,,,,,,,,,,,,,,,,,,,,,,,,,,,,,,,,,,,,,,,,,,,,,,,,,,,,,,,,,,,,,,,,,,,,,,,,,,,,,,,,,,,,,,,,,,,,,,,,,,,,,,,,,,,,,,,,,,,,,,,,,,,,,,,,,,,,,,,,,,,,,,,,,,,,,,,,,,,,,,,,,,,,,,,,,,,,,,,,,,,,,,,,,,,,,,,,,,,,,,,,,,,,,,,,,,,,,,,,,,,,,,,,,,,,,,,,,,,,,,,,,,,,,,,,,,,,,,,,,,,,,,,,,,,,,,,,,,,,,,,,,,,,,,,,,,,,,,,,,,,,,,,,,,,,,,,,,,,,,,,,,,,,,,,,,,,,,,,,,,,,,,,,,,,,,,,,,,,,,,,,,,,,,,,,,,,,,,,,,,,,,
R167,,,,,,,,,,,,,,,,,,,,,,,,*/apˈoj/,,,,,,,,,,,,,,,,,,,,,,,,,,,,,,,,,,,,,,,,,,,,,,,,,,,,,,,,,,,,,,,,,,,,,,,,,,,,,,,,,,,,,,,,,,,,,,,,,,,,,,,,,,,,,,,,,,,,,,,,,,,,,,,,,,,,,,,,,,,,,,,,,,,,,,,,,,,,,,,,,,,,,,,,,,,,,,,,,,,,,,,,,,,,,,,,,,,,,,,,,,,,,,,,,,,,,,,,,,,,,,,,,,,,,,,,,,,,,,,,,,,,,,,,,,,,,,,,,,,,,,,,,,,,,,,,,,,,,,,,,,,,,,,,,,,,,,,,,,,,,,,,,,,,,,,,,,,,,,,,,,,,,,,,,,,,,,,,,,,,,,,,,,,,,,,,,,,,,,,,,,,,,,,,,,,,,,,,,,,,,,,,,,,,,,,,,,,,,,,,,,,,,,,,,,,,,,,,,,,,,,,,,,,,,,,,,,,,,,,,,,,,,,,,,,,,,,,,,,,,,,,,,,,,,,,,,,,,,,,,,,,,,,,,,,,,,,,,,,,,,,,,,,,,,,,,,,,,,,,,,,,,,,,,,,,,,,,,,,,,,,,,,,,,,,,,,,,,,,,,,,,,,,,,,,,,,,,,,,,,,,,,,,,,,,,,,,,,,,,,,,,,,,,,,,,,,,,,,,,,,,,,,,,,,,,,,,,,,,,,,,,,,,,,,,,,,,,,,,,,,,,,,,,,,,,,,,,,,,,,,,,,,,,,,,,,,,,,,,,,,,,,,,,,,,,,,,,,,,,,,,,,,,,,,,,,,,,,,,,,,,,,,,,,,,,,,,,,,,,,,,,,,,,,,,,,,,,,,,,,,,,,,,,,,,,,,,,,,,,,,,,,,,,,,,,,,,,,,,,,,,,,,,,,,,,,,,,,,,,,*/dˈoj/,,,,,,,*/trˈej/,,,,,,,,,,,,,,,,,,,,,,,,,,,,,,,,,,,,,,,,,,,,,,,,,,,,,,,,,,,,,,,,,,,,,,,,,,,,,,,,,,,,,,,,,,,,,,,,,,,,,,,,,,,,,,,,,,,,,,,,,,,,,,,,,,,,,,,,,,,,,,,,,,,*/aljjerˈej/,,,,,,,,,,,,,,,,*/enapˈoj/,,,,,,,,*/pˈoj/,,,,,,,,,,,,,,,,,,,,,,,,,,,,,,,,,,,,,,,,,,,,,,,,,,,,,,,,,,,,*/abˈij/,,,,,,,,,,,,,,,,,,,,,,,,,,,,,,,,,,,,,,,,,,,,,,,,,,,,,,,,,,,,,,,,,,,,,,,,,,,,,,,,,,,,,,,,,,,,,,,,,,,,,,,,,,,,,,,,,,,,,,,,,,,,,,,,,,,,,,,,,,,,,,,,,,,,,,,,,,,,,,,,,,,,,,,,,,,,,,,,,,,,,,,,,,,,,,,,,,,,,,,,,,,,,,,,,,,,,,,,,,,,,,,,,,,,,,,,,,,,,,,,,,,,,,,,,,,,,,,,,,,,,,,,,,,,,,,,,,,,,,,,,,,,,,,,,,,,,,*/skʲˈij/,*/nˈoj/,*/vˈoj/,,,,,,,,,,,,,,,,,,,,,,,,,,,,,,,,,,,,,
R168,,,,,,,,,,,,,,,,,,,,,,,,,,,,,,,,,,,,,,,,,,,,,,,,,,,,,,,,,,,,,,,,,,,,,,,,,,,,,,,,,,,,,,,,,,,,,,,,,,,,,,,,,,,,,,,,,,,,,,,,,,,,,,,,,,,,*/fˈalkʲi/,,,,,,,,,,,,,,,,,,,,,,,,,,,,,,,,,,,,,,,,,,,,,,,,,,,,,,,,,,,,,,,,,,,,,,,,,,,,,,,,,,,,,,,*/nˈari/,,,,,,,,,,,,,,,,,,,,,,,,,,,,,,,,,,,,,,,,,,,,,,,,,,,,,,,,,,,,,,,,,,,,,,,,,,,,,,,,,,,,,,,,,,,,,,,,,,,,,,,,,,,,,,,,,,,,,,,,,,,,,,,,,,,,,,,,,,,,,,,,,,,,,,,,,,,,,,,,,,,,,,,,,,,,,,,,,*/kˈosi/,,,,,,,,,,,,,,,,,,,,,,,,,,,,,,,,,,,,,,,,,,,,,,,,,,,,,,,,,,,,,,,,,,,,,,,,,,,,,,,,,,,,,,,,,,,,,,,,,,,,,,,,,,,,,,,,,,,,,,,,,,,,,,,,,,,,,,,,,,,,,,,,,,,,,,,,,,,,,,,,,,,,,,,,,,*/sˈekʲeta/,,,,,,,,,,,,,,*/mˈarti/,,,,*/vˈɛneri/,,,,,,,,,,,,,,,,,,,,,,,,,,,,,,,,,,,,,,,,,,,,,,,,,,,,,,,,,,,,,,,,,,,,,,,,,,,,,,,,,,,,,,,,,,,,,,,,,,,,,,,,,,,,,,,,,,,,,,,,,,,,,,,,,,,,,,,,,,,,,,,,,,,,,,,,,,,,,,,,,,,,,,,,,,,,,,,,,,,,,,,,,,,,,,,,,,,,,,,,,,,,,,,,,,,,,,,,,,,,,,,,,*/lˈapti/,,,,,,,,,,,,,,,,,,,,,,,,,,,,,,,,,,,,,,,,,,,,,,,,,,,,,,,,,,,,,,,,,,,,,,,,,,,,,,,,,,,,,,,,,,,,,,,,,,,,,,,,,,,,,,,,,,*/ɡʲˈude/,,,,,,,,,,,,,,,,,,,,,,,,,,,,,,,,,,,,,,,,,,,,,,,,,,,,,,,,,,,,,,,,,,,,,,,,,,,,,,,,*/rˈɛkʲe/,,,,,,,,,,,,,,*/afˈora/,,,,,,,*/dˈepo/,,,,,,,,,,,,,,,,,,,,*/sˈubtu/,,,,,,,,,,,,,,,,,,,,,,,,,,,,,,,,,,,,,,,,,,,,,,,,,,,,,,,,,,,,,,*/fora/,,,,,,,,,,,,,,,,,,,,,,,,,,,,,,,,,,,,,,,,,,,,,,,,,,,,,,,,,,,,,,,,,,,,,,,,,,,,,,,,,,,,,,,,,,,,,,,,,,,,,,,,,,,,,,,,,,,,,,,,,,,,,,,,,,,,,,,,,,,,,,,,,,,,,,,,,,,,,,,,,,,,,,,,,,,,,,,,,,,,,,,,,,,,,,,,,,,,,,,,,,,,,,,,,,,,,,,,,,,,,,,,,,,,,,,,,,,,,,*/ɡʲˈoi/,,,,,,,,,,,,,,,,,,,,,,,,*/fˈakʲeti/,,,,,,,,,,,,,,,,,,,,,,,,,,,,,,,*/ˈawdi/,,,,,,,,,,,,,,,,,,,,,,,,,,,*/krˈeskʲi/,,,,,,,,,*/mˈaj/
=Balkan Romance,null*/ˈa/,null*/allˈona/,null*/ˈa/,null*/adapˈa/,null*/adapˈostu/,null*/adastˈa/,null*/adawɡˈa/,null*/adevˈeru/,null*/adidˈensu/,null*/aɡʲˈunɡʲe/,null*/aɡʲˈuto/,null*/aɡʲutˈorju/,null*/allˈatera/,null*/allˈɛɡʲe/,null*/allentˈa/,null*/allonɡˈa/,null*/ammaɡʲˈi/,null*/amminatʲˈa/,null*/anninˈa/,null{ABSENT},null*/adormˈi/,null*/aplekˈa/,null*/apˈone/,null*/apˈoj/,null*/aprjˈɛnde/,null*/aprˈope/,null*/adˈukʲe/,null*/adumbrˈi/,null*/adunkˈa/,null*/adˈunku/,null*/ˈajeru/,null*/arˈama/,null*/aflˈa/,null*/aɡʲˈɛstu/,null*/ˈaɡʲele/,null*/aɡurˈa/,null*/aɡˈustu/,null*/ajeptˈa/,null*/aɡʲˈunu/,null*/aɡʲunˈa/,null*/ˈatʲa/,null*/akatʲˈa/,null*/ˈakru/,null*/ˈaku/,null*/ˈapa/,null*/apˈarju/,null*/apatˈosu/,null*/ˈakʲela/,null*/albˈastru/,null*/albˈi/,null*/albˈore/,null*/ˈalbu/,null*/alluˈatu/,null*/altˈarju/,null*/ˈalteru/,null*/altˈitʲa/,null*/albjˈarju/,null*/albjˈola/,null*/albˈina/,null*/amˈaru/,null*/amarˈetʲa/,null*/amendˈuj/,null*/ammatˈi/,null*/ammortˈi/,null*/ammutˈi/,null*/annotˈɛrtʲo/,null*/aparˈa/,null*/apesˈa/,null*/prˈiku/,null*/arˈa/,null*/aratˈor/,null*/aratˈorju/,null*/arˈat/,null*/arˈatu/,null*/aratˈura/,null*/ˈarbore/,null*/arborˈetu/,null*/arɡʲˈɛntu/,null*/arɡʲentˈarju/,null*/arɡʲentˈosu/,null*/arkˈarju/,null*/ˈarku/,null*/arsˈura/,null*/boteɡʲˈone/,null*/botedʲˈa/,null*/basˈeleka/,null*/batˈalja/,null*/brˈakʲɛ/,null*/brˈotaku/,null*/dawnˈa/,null*/deramˈa/,null*/desiderˈa/,null*/dʲˈana/,null*/deskarrkˈa/,null*/dolˈore/,null*/duplekˈa/,null*/kallˈare/,null*/kʲˈɛlu/,null*/kantekʲˈɛllu/,null*/kapˈestru/,null*/ɡˈaula/,null*/kʲˈepa/,null*/kʲerasjˈarju/,null*/kʲerˈɛsja/,null*/kʲertˈa/,null*/kʲikˈorja/,null*/komnˈatu/,null*/koptˈorju/,null*/kommenekˈa/,null*/kˈorbu/,null*/kotedʲˈa/,null*/krˈesta/,null*/kukˈuta/,null*/kurtʲˈa/,null*/kˈodru/,null*/kʲˈɛre/,null*/kʲˈɛro/,null*/akʲˈi/,null*/akˈo/,null*/akʲˈellu/,null*/akʲˈestu/,null*/sˈalbedu/,null*/skadˈe/,null*/skambjˈa/,null*/skapˈa/,null*/skarmenˈa/,null*/smˈulɡʲe/,null*/smˈultu/,null*/spellaˈa/,null*/arˈetʲu/,null*/fawrekˈa/,null*/fˈalkʲi/,null*/fˈarmaku/,null*/fewrˈarju/,null*/flˈakula/,null*/fˈakula/,null*/fortˈuna/,null*/fosˈatu/,null*/frˈenu/,null*/frˈiɡʲe/,null*/ɡallinˈatʲu/,null*/ɡlˈanda/,null*/ɡlˈandula/,null*/ɡˈula/,null*/ɡʲˈuru/,null*/enpreɡʲˈuru/,null*/ˈɛdu/,null*/orrˈi/,null*/orrˈesko/,null*/emperˈatu/,null*/enˈaltu/,null*/enaltʲˈa/,null*/enkaltʲˈa/,null*/enkˈaltʲo/,null*/enkarrkˈa/,null*/enkonɡʲurˈa/,null*/endreptˈa/,null*/enfasʲˈa/,null*/enɡannˈa/,null*/envetʲˈa/,null*/ɡʲudekˈata/,null*/emnˈarju/,null*/mannˈarju/,null*/mesjonˈa/,null*/mastekˈa/,null*/mestekˈa/,null*/paˈone/,null*/pekˈulju/,null*/pˈɛrɡla/,null*/pestˈalja/,null*/pˈetula/,null*/plˈaɡa/,null*/plˈopu/,null*/pradˈa/,null*/prɛˈotu/,null*/primavˈera/,null*/pˈunɡa/,null*/saɡʲˈeta/,null*/saɡʲetˈa/,null*/sˈantu/,null*/sˈapa/,null*/sapˈa/,null*/sekrˈetu/,null*/sˈɛrra/,null*/skantˈelja/,null*/spˈesu/,null*/strˈambu/,null*/astupˈa/,null*/stˈula/,null*/tosjonˈa/,null*/urlˈa/,null*/besˈika/,null*/vˈesku/,null*/vˈitreku/,null*/fˈemenu/,null*/fekʲˈolu/,null*/fekʲˈola/,null*/ɡʲˈuane/,null*/mˈasklu/,null*/nˈatu/,null*/pˈupa/,null*/tˈɛneru/,null*/betrˈanu/,null*/vˈerɡla/,null*/kˈorpu/,null*/stˈatu/,null*/bˈarba/,null*/bˈuka/,null*/kapetˈina/,null*/krˈɛjelu/,null*/dˈɛnte/,null*/flˈoku/,null*/frˈonte/,null*/ɡʲˈɛna/,null*/ɡʲenɡʲˈia/,null*/lˈenba/,null*/masˈella/,null*/mustˈatʲa/,null*/nˈari/,null*/nˈasu/,null*/palˈatʲu/,null*/rˈostru/,null*/tˈɛsta/,null*/kʲerbˈikʲe/,null*/ˈanema/,null*/katˈena/,null*/kˈolju/,null*/kˈosta/,null*/kˈulu/,null*/fikˈatu/,null*/ˈumeru/,null*/ˈelja/,null*/mˈatʲu/,null*/menutˈalja/,null*/mˈusklu/,null*/nˈoda/,null*/pˈeskʲe/,null*/pulmˈone/,null*/rˈena/,null*/renˈeklu/,null*/renˈunklu/,null*/sˈenu/,null*/spinˈale/,null*/splˈena/,null*/suˈala/,null*/tˈitʲa/,null*/trˈunklu/,null*/umbelˈiku/,null*/venˈenu/,null*/vˈɛntre/,null*/ˈarmu/,null*/brˈatʲu/,null*/kalkˈanju/,null*/kˈubtu/,null*/dˈeɡʲetu/,null*/drˈeptu/,null*/ɡʲenˈuklu/,null*/mˈana/,null*/medullˈarju/,null*/pˈalma/,null*/pekʲˈolu/,null*/pˈulpa/,null*/tˈalpa/,null*/ˈunɡla/,null*/kˈarne/,null*/medˈulla/,null*/ˈosu/,null*/pˈɛlle/,null*/awdˈi/,null*/askultˈa/,null*/kʲerkˈa/,null*/ɡustˈa/,null*/ɡˈustu/,null*/semtˈi/,null*/vedˈe/,null*/kaskˈa/,null*/resuflˈa/,null*/sternutˈa/,null*/suflˈa/,null*/asudˈa/,null*/kakˈa/,null*/skrˈeme/,null*/fˈome/,null*/embukˈa/,null*/enɡlutˈi/,null*/entˈenɡʲe/,null*/lˈakrema/,null*/mˈuku/,null*/sˈatʲu/,null*/satˈullu/,null*/saturˈa/,null*/skupjˈa/,null*/suɡlutʲˈa/,null*/sorbˈi/,null*/sudˈore/,null*/sˈuɡʲe/,null*/kostˈa/,null*/faptˈura/,null*/fˈi/,null*/fˈute/,null*/enɡreekˈa/,null*/enɡrˈɛeka/,null*/lapedˈa/,null*/nˈaskʲe/,null*/viˈatʲa/,null*/vˈiu/,null*/vˈie/,null*/kastiɡˈa/,null*/krˈeskʲe/,null*/desmerdˈa/,null*/leɡʲenˈa/,null*/atepˈi/,null*/dormˈi/,null*/dormitˈa/,null*/skuwlˈa/,null*/manˈe/,null*/manekˈa/,null*/reposˈa/,null*/sˈomnu/,null*/veɡlˈa/,null*/vˈisu/,null*/skaldˈa/,null*/laˈa/,null*/paɡˈanu/,null*/pˈɛpteno/,null*/pˈɛptena/,null*/spurkˈa/,null*/blˈandu/,null*/blandˈetʲe/,null*/enkommˈete/,null*/kˈompetu/,null*/dolˈe/,null*/doljˈosu/,null*/dˈolu/,null*/spˈajema/,null*/spamentˈa/,null*/stemperˈa/,null*/felˈikʲe/,null*/endurˈa/,null*/enterretˈa/,null*/envitˈa/,null*/mˈalu/,null*/manɡanjˈa/,null*/manˈia/,null*/mirˈa/,null*/meserˈere/,null*/mostrˈa/,null*/pakˈa/,null*/panetˈa/,null*/patˈi/,null*/pesˈa/,null*/pˈesu/,null*/preɡʲetˈa/,null*/plakʲˈe/,null*/plˈanɡʲe/,null*/rˈide/,null*/rˈesu/,null*/rosjˈone/,null*/suferˈi/,null*/sˈufletu/,null*/superˈa/,null*/suspirˈa/,null*/tˈema/,null*/tˈeme/,null*/temˈore/,null*/tremulˈa/,null*/trˈistu/,null*/turbˈa/,null*/turbulˈa/,null*/vertˈute/,null*/kʲerkʲetˈa/,null*/koɡʲetˈa/,null*/konˈoskʲe/,null*/krˈede/,null*/katˈa/,null*/entʲellepkʲˈone/,null*/entellˈeptu/,null*/entʲellˈeɡʲe/,null*/ɡʲudekˈa/,null*/mˈɛnte/,null*/menkʲˈone/,null*/mentˈi/,null*/owlitˈa/,null*/parˈe/,null*/prekʲˈepe/,null*/skʲˈiw̥/,null*/skʲˈi/,null*/sanˈa/,null*/sanetˈosu/,null*/sˈanu/,null*/vendekˈa/,null*/vertˈosu/,null*/rˈanja/,null*/kʲˈɛtʲa/,null*/katˈɛllu/,null*/kˈosi/,null*/kʲˈuma/,null*/dolorˈosu/,null*/fˈɛwri/,null*/ɡʲˈɛme/,null*/ɡʲˈɛmetu/,null*/ɡˈuta/,null*/dʲakʲˈe/,null*/lɛsjonˈa/,null*/lanɡʲˈesko/,null*/lˈanɡʲedu/,null*/lanɡˈore/,null*/morˈi/,null*/mˈorte/,null*/mˈortu/,null*/okʲˈide/,null*/pˈɛrjo/,null*/pˈɛrja/,null*/petˈiɡʲene/,null*/purˈonju/,null*/pusklˈɛlla/,null*/repˈone/,null*/tusˈi/,null*/tˈuse/,null*/mˈanku/,null*/mˈutu/,null*/ˈorbu/,null*/sklˈopu/,null*/sklopˈa/,null*/sˈurdu/,null*/kamˈesja/,null*/lˈinja/,null*/mˈaneka/,null*/palljˈola/,null*/sˈareka/,null*/bestimˈɛntu/,null*/kaltʲamˈɛntu/,null*/anˈɛllu/,null*/bratʲˈala/,null*/kʲerkʲˈɛllu/,null*/korˈona/,null*/marɡʲˈɛlla/,null*/bˈaltʲu/,null*/brakʲˈile/,null*/klˈenɡa/,null*/fˈasʲa/,null*/fasʲˈola/,null*/fˈilu/,null*/ɡlˈɛmu/,null*/leɡatˈura/,null*/bˈeta/,null*/kaltʲˈa/,null*/enkʲˈenɡʲe/,null*/kˈose/,null*/deskˈultʲu/,null*/deskaltʲˈa/,null*/deskultʲˈa/,null*/embrakˈa/,null*/ensolˈa/,null*/enfasʲolˈa/,null*/envestˈi/,null*/suwmˈete/,null*/suflekˈa/,null*/kʲˈɛna/,null*/prˈandʲu/,null*/bukˈata/,null*/karnˈatʲu/,null*/kʲˈilu/,null*/farˈina/,null*/freptˈura/,null*/lˈardu/,null*/mˈorja/,null*/merˈɛndɛ/,null*/pˈane/,null*/pisˈatu/,null*/plakʲˈɛnta/,null*/sˈale/,null*/sˈeu/,null*/tˈurta/,null*/vˈiptu/,null*/d͡zˈɛma/,null*/mˈustu/,null*/pˈoska/,null*/vinˈatʲu/,null*/kˈawku/,null*/fˈurnu/,null*/ɡratˈarju/,null*/vˈasu/,null*/kˈalami/,null*/kaprjˈolu/,null*/kˈasa/,null*/kasˈarju/,null*/kʲellˈarju/,null*/koperimˈɛntu/,null*/kˈulme/,null*/ferˈɛstra/,null*/fontˈana/,null*/osʲˈolu/,null*/ˈosʲa/,null*/pˈorta/,null*/pˈutʲu/,null*/skˈala/,null*/stˈulu/,null*/tˈɛnda/,null*/titˈina/,null*/trajˈɛpta/,null*/armˈarju/,null*/kapetˈanju/,null*/pˈatu/,null*/skˈortʲa/,null*/strˈatu/,null*/ɡʲˈɛntu/,null*/metˈusja/,null*/fˈilju/,null*/fˈilja/,null*/frˈate/,null*/ɡʲˈɛmenu/,null*/mˈomma/,null*/nepˈotu/,null*/nepˈota/,null*/pˈapu/,null*/sˈoro/,null*/tˈata/,null*/vˈeru/,null*/barbˈatu/,null*/kˈosokru/,null*/filjˈastru/,null*/ɡʲˈɛnere/,null*/ˈomo/,null*/marˈitu/,null*/noˈɛrka/,null*/nˈoru/,null*/sˈokru/,null*/sˈotʲa/,null*/sˈotʲu/,null*/spˈurju/,null*/filjˈanu/,null*/nˈonnu/,null*/ˈorfanu/,null*/vˈeduw̥/,null*/koronˈa/,null*/kredˈɛntʲa/,null*/dˈɛstrɛ/,null*/ospˈetʲu/,null*/ensorˈa/,null*/lasˈa/,null*/maritˈa/,null*/nˈunta/,null*/petˈi/,null*/lˈume/,null*/kʲˈerkanu/,null*/skapetˈa/,null*/lukʲˈeferu/,null*/lˈuna/,null*/resalˈi/,null*/sˈole/,null*/ˈawra/,null*/ˈawstru/,null*/brˈuma/,null*/kalˈore/,null*/frˈiɡu/,null*/ɡʲˈɛlu/,null*/ɡrˈandena/,null*/nˈualu/,null*/nˈinɡʲe/,null*/nˈee/,null*/plowˈa/,null*/plˈoja/,null*/rˈowa/,null*/serˈenu/,null*/sˈekʲeta/,null*/tonˈa/,null*/vˈɛntu/,null*/dˈata/,null*/ˈora/,null*/ˈalba/,null*/dˈi/,null*/ˈɛri/,null*/mˈane/,null*/demanˈetʲa/,null*/mˈɛdʲa/,null*/merˈidʲe/,null*/nˈopte/,null*/domˈeneka/,null*/mˈarti/,null*/mˈɛrkuri/,null*/sˈambata/,null*/septemˈana/,null*/vˈɛneri/,null*/prˈilje/,null*/kalendˈarju/,null*/mˈaju/,null*/mˈartʲu/,null*/atˈumna/,null*/eˈɛrna/,null*/vˈera/,null*/pamˈɛntu/,null*/arˈena/,null*/lˈimu/,null*/lˈutu/,null*/pˈɛtra/,null*/pˈulbere/,null*/sˈɛsu/,null*/terrˈina/,null*/karbˈone/,null*/pˈekla/,null*/pukʲˈosa/,null*/aruɡʲˈina/,null*/ˈawru/,null*/plˈumbu/,null*/kotremulˈa/,null*/ɡrˈumu/,null*/monkʲˈɛllu/,null*/plˈaju/,null*/rˈipa/,null*/skawnˈɛllu/,null*/solˈinu/,null*/vˈalle/,null*/ˈalbja/,null*/kˈurre/,null*/sukˈa/,null*/sˈuko/,null*/fˈundu/,null*/lˈaku/,null*/mˈare/,null*/mˈarɡʲene/,null*/sekˈa/,null*/sˈeku/,null*/tˈɛrme/,null*/tˈɛrmule/,null*/tˈurbule/,null*/ˈunda/,null*/vˈadu/,null*/kʲˈepu/,null*/flˈore/,null*/fˈolja/,null*/fˈolju/,null*/frˈondʲa/,null*/noˈɛlla/,null*/pˈalja/,null*/pˈoma/,null*/radikʲˈina/,null*/rˈamu/,null*/resˈina/,null*/semˈɛntʲa/,null*/spˈiku/,null*/spˈinu/,null*/surkʲˈɛllu/,null*/surkʲˈɛlla/,null*/vˈesdu/,null*/vˈerɡa/,null*/kˈarpenu/,null*/frˈasenu/,null*/ɡʲunˈeperu/,null*/mastˈekanu/,null*/padˈule/,null*/pˈinu/,null*/pˈaltanu/,null*/tˈelju/,null*/ˈulmu/,null*/kʲerˈɛsju/,null*/kotˈonja/,null*/kotˈonju/,null*/mˈelu/,null*/nˈuku/,null*/pˈɛrseku/,null*/pˈomu/,null*/prˈunu/,null*/kˈornu/,null*/mˈoru/,null*/palˈumba/,null*/pedukʲˈɛllu/,null*/aˈua/,null*/vˈitʲa/,null*/ˈɛdera/,null*/lawrˈuska/,null*/saˈuku/,null*/sˈorbu/,null*/tˈufa/,null*/ɡrˈanu/,null*/ˈordʲu/,null*/mˈelju/,null*/panˈiku/,null*/sekˈala/,null*/ˈalju/,null*/kolˈeklu/,null*/kukˈurbeta/,null*/laptˈuka/,null*/leɡˈuma/,null*/lˈɛnte/,null*/nˈapu/,null*/pˈɛpene/,null*/pˈorru/,null*/radˈikla/,null*/vˈerdʲa/,null*/fˈenu/,null*/ˈɛrba/,null*/trefˈolju/,null*/kˈanapa/,null*/lˈinu/,null*/arjˈolu/,null*/kˈalkʲe/,null*/fˈelekʲe/,null*/frˈaɡa/,null*/frˈaɡu/,null*/lˈawru/,null*/mˈalba/,null*/mˈɛnta/,null*/mˈɛkla/,null*/pˈapura/,null*/patlˈaɡʲena/,null*/urtˈika/,null*/vjˈola/,null*/vˈolbula/,null*/bolˈete/,null*/ˈeska/,null*/nemˈalja/,null*/domˈɛsteku/,null*/selbˈateku/,null*/vˈita/,null*/brˈanka/,null*/kˈoda/,null*/kˈoma/,null*/depˈone/,null*/sterpˈi/,null*/stˈerpu/,null*/fetˈa/,null*/enkallekˈa/,null*/mˈula/,null*/pˈallju/,null*/pˈantekʲe/,null*/rumeɡˈa/,null*/ɡarrˈesko/,null*/latrˈa/,null*/morsekˈa/,null*/muɡʲˈi/,null*/rˈaɡʲe/,null*/ronkʲedʲˈa/,null*/rimˈa/,null*/armesˈarju/,null*/mnˈɛllu/,null*/nnˈotenu/,null*/arjˈete/,null*/ˈasenu/,null*/bˈou/,null*/kaˈallu/,null*/kˈane/,null*/kˈapra/,null*/kaprˈina/,null*/katˈɛlla/,null*/kˈokʲenu/,null*/kornˈutu/,null*/ˈɛpa/,null*/ɡʲunˈikʲe/,null*/ɡʲˈuanku/,null*/ɡʲˈuanka/,null*/oˈina/,null*/ˈoje/,null*/pekˈuina/,null*/pˈorku/,null*/porkʲˈɛllu/,null*/porkʲˈɛlla/,null*/porkʲˈina/,null*/rˈujbu/,null*/skrˈofa/,null*/tˈawru/,null*/tertʲˈanu/,null*/tertˈiu/,null*/vˈaka/,null*/vˈɛrru/,null*/berbˈeku/,null*/berbˈekʲe/,null*/vetˈɛlla/,null*/vetˈɛllu/,null*/vetˈulju/,null*/vetˈulja/,null*/bˈualu/,null*/kʲˈɛrbu/,null*/lˈɛpore/,null*/lˈupu/,null*/mestˈitʲu/,null*/sʲˈorekʲe/,null*/ˈursu/,null*/vˈulpe/,null*/ˈalapa/,null*/krestˈatu/,null*/kˈujbu/,null*/zbolˈa/,null*/ˈou/,null*/pˈasere/,null*/pˈenna/,null*/pˈennula/,null*/pˈulla/,null*/pˈullju/,null*/ɡallˈina/,null*/kˈuku/,null*/drepnˈɛlla/,null*/ɡˈaja/,null*/ɡˈalɡulu/,null*/ɡrˈaulu/,null*/ɡrˈuj/,null*/erundenˈɛlla/,null*/mˈɛrla/,null*/palˈumbu/,null*/peturnˈikla/,null*/preveɡlatˈorja/,null*/preveɡlˈa/,null*/strˈiɡa/,null*/stˈurdʲu/,null*/tˈurtura/,null*/turturˈɛlla/,null*/upˈupad͡za/,null*/vultˈurju/,null*/lˈapti/,null*/peskˈarju/,null*/brˈoska/,null*/sˈɛrpe/,null*/sʲerpˈɛntʲa/,null*/vˈipera/,null*/vˈiperɛ/,null*/kˈarju/,null*/ɡaˈone/,null*/kʲˈinkʲe/,null*/flˈutule/,null*/flutulˈa/,null*/formˈika/,null*/ɡrˈelljjelu/,null*/lakˈusta/,null*/lˈɛndena/,null*/lumbrˈiku/,null*/mˈuska/,null*/strˈekla/,null*/pedˈuklu/,null*/pˈulekʲe/,null*/taˈone/,null*/vˈɛrme/,null*/vˈɛspa/,null*/skˈurtu/,null*/kˈurtu/,null*/ɡʲˈosu/,null*/desˈɛrtu/,null*/sˈame/,null*/fˈalkʲe/,null*/ɡrˈɛe/,null*/emputˈa/,null*/entrˈɛɡu/,null*/lˈonɡu/,null*/mesˈura/,null*/mesurˈa/,null*/mˈika/,null*/menˈutu/,null*/mˈultu/,null*/numerˈa/,null*/nˈumeru/,null*/parˈekla/,null*/pˈarte/,null*/pˈasu/,null*/pˈɛtʲa/,null*/plˈenu/,null*/pantu/,null*/sˈenɡulu/,null*/sˈumma/,null*/akutantu/,null*/tˈotu/,null*/tˈota/,null*/ˈambi/,null*/antˈanju/,null*/kʲˈinkʲe/,null*/dˈoj/,null*/dˈua/,null*/mˈilja/,null*/nˈowa/,null*/ˈopto/,null*/pˈatro/,null*/sˈɛse/,null*/trˈej/,null*/ˈunu/,null*/viɡʲˈenti/,null*/ˈanɡlu/,null*/anɡˈustu/,null*/ˈasperu/,null*/klˈeku/,null*/kʲˈerku/,null*/dˈesu/,null*/formˈosu/,null*/frˈaɡʲedu/,null*/ɡrˈasu/,null*/ɡrˈosu/,null*/ˈumedu/,null*/lˈarɡu/,null*/lˈatu/,null*/lˈenu/,null*/mˈakru/,null*/mˈarkʲedu/,null*/mˈɛdʲu/,null*/mˈolle/,null*/mˈukʲedu/,null*/mˈukla/,null*/nˈetedu/,null*/kʲjˈetu/,null*/kʲjˈeta/,null*/rˈankʲedu/,null*/rˈaru/,null*/retˈundu/,null*/rˈudu/,null*/skˈorbula/,null*/skˈorbu/,null*/sˈemnu/,null*/semelˈa/,null*/strˈemtu/,null*/subtˈile/,null*/takʲˈe/,null*/tˈale/,null*/ˈudu/,null*/udˈa/,null*/veskˈosu/,null*/kolˈostra/,null*/askʲeptˈa/,null*/kˈorte/,null*/kovenjˈɛntʲa/,null*/kovenˈi/,null*/koventˈa/,null*/dˈomnu/,null*/frˈanku/,null*/ɡrˈɛku/,null*/ˈospete/,null*/ospetˈa/,null*/ɡʲˈude/,null*/ɡʲudˈetʲu/,null*/ɡʲuramˈɛntu/,null*/ɡʲurˈa/,null*/lawdˈa/,null*/lˈawda/,null*/lˈeɡʲe/,null*/leɡamˈɛntu/,null*/potˈɛntʲa/,null*/salutˈa/,null*/sklˈau/,null*/vikʲinetˈate/,null*/vetemˈa/,null*/njɛstemˈatu/,null*/komparˈa/,null*/kˈomparo/,null*/furˈa/,null*/fˈuru/,null*/empromutˈa/,null*/luˈa/,null*/lˈɛo/,null*/lˈɛa/,null*/neɡotʲatˈor/,null*/neɡˈotʲu/,null*/pˈɛrde/,null*/prˈɛtʲu/,null*/vˈɛnde/,null*/ˈanɡʲelu/,null*/krestˈɛnu/,null*/krˈukʲe/,null*/dˈɛw̥/,null*/drˈako/,null*/enklinˈa/,null*/enklinakʲˈone/,null*/ljertˈa/,null*/mirjˈone/,null*/orakʲˈone/,null*/paɡanetˈate/,null*/pekˈatu/,null*/parrajˈesemi/,null*/roɡˈa/,null*/roɡakʲˈone/,null*/pˈaska/,null*/pˈaskʲɛ/,null*/serbˈa/,null*/kommandˈa/,null*/monmˈɛntu/,null*/enkantˈa/,null*/tˈɛmpla/,null*/kantˈa/,null*/kˈarta/,null*/skrˈie/,null*/skriptˈura/,null*/bukʲenˈa/,null*/bˈukʲenu/,null*/kˈanteku/,null*/kˈorda/,null*/kʲˈetara/,null*/sijelˈa/,null*/sonˈa/,null*/sˈonu/,null*/sˈonetu/,null*/vˈɛrsu/,null*/ɡʲokˈa/,null*/ɡʲˈoku/,null*/petrˈɛkʲe/,null*/kanˈutu/,null*/ɡˈalbenu/,null*/mˈɛru/,null*/rˈosju/,null*/rˈusu/,null*/vˈɛnetu/,null*/verɡˈatu/,null*/dˈulkʲe/,null*/dulkˈore/,null*/putˈore/,null*/pˈutredu/,null*/kaldˈura/,null*/kˈaldu/,null*/fˈɛrbe/,null*/rˈɛkʲe/,null*/rekˈore/,null*/ˈarde/,null*/kʲenˈusja/,null*/flˈamma/,null*/fˈoku/,null*/fulˈiɡʲene/,null*/fˈumu/,null*/enkʲˈɛnde/,null*/stˈenɡʲe/,null*/tikʲˈone/,null*/adˈente/,null*/aˈikʲe/,null*/ammo/,null*/afˈora/,null*/aljjerˈej/,null*/kotra/,null*/kurrˈɛndu/,null*/dekʲˈende/,null*/adenˈellara/,null*/depˈarte/,null*/dˈepo/,null*/akʲˈikʲe/,null*/akumˈakʲe/,null*/akumellˈo/,null*/akˈummo/,null*/ˈadʲe/,null*/ellˈa/,null*/ˈin/,null*/enajˈente/,null*/enadˈentro/,null*/enapˈoj/,null*/enkotra/,null*/endˈɛret/,null*/ˈentro/,null*/lˈonɡuma/,null*/nˈou/,null*/prˈentre/,null*/prˈentro/,null*/pˈoj/,null*/stˈanku/,null*/sˈubtu/,null*/sprˈɛ/,null*/sˈusu/,null*/tardˈiu/,null*/temporˈiu/,null*/ˈunka/,null*/ˈunde/,null*/vˈɛklu/,null*/vikʲˈinu/,null*/abˈate/,null*/akʲellˈa/,null*/allarɡˈa/,null*/apropjˈa/,null*/aprˈopjo/,null*/aprˈopja/,null*/asˈɛdʲo/,null*/asˈɛdʲa/,null*/kadˈe/,null*/kalkˈa/,null*/kollokˈa/,null*/eradikˈa/,null*/erratekʲˈi/,null*/arunkˈa/,null*/fˈuɡa/,null*/fuɡʲˈi/,null*/entrˈa/,null*/luwrekˈa/,null*/mˈɛrɡʲe/,null*/prambulˈa/,null*/plekˈa/,null*/prokʲˈede/,null*/salˈi/,null*/saltˈa/,null*/sˈɛde/,null*/stˈa/,null*/suˈi/,null*/tenˈe/,null*/trˈɛkʲe/,null*/venˈi/,null*/arreptˈa/,null*/atˈenɡʲe/,null*/bˈate/,null*/apukˈa/,null*/koprˈɛnde/,null*/dˈa/,null*/zbˈate/,null*/skˈote/,null*/sklukˈa/,null*/frekˈa/,null*/frekatˈura/,null*/enɡannˈa/,null*/pˈone/,null*/rˈumpe/,null*/skarpenˈa/,null*/spˈarɡʲe/,null*/strˈenɡʲe/,null*/okasjonˈa/,null*/sˈorte/,null*/abˈij/,null*/bˈonu/,null*/kˈatɛ/,null*/kˈu/,null*/fora/,null*/enkʲˈepe/,null*/potˈe/,null*/kˈale/,null*/kˈa/,null*/kˈomodo/,null*/rˈɛw̥/,null*/sˈi/,null*/semenˈa/,null*/sˈemele/,null*/askˈonde/,null*/ammestekˈa/,null*/astˈɛrne/,null*/alleɡˈa/,null*/astruakˈa/,null*/kawtˈa/,null*/koperˈi/,null*/krepˈa/,null*/kurˈa/,null*/despekˈa/,null*/drˈiɡʲe/,null*/deskoperˈi/,null*/skurtˈa/,null*/spulberˈa/,null*/stˈɛrɡʲe/,null*/stˈorkʲe/,null*/strakolˈa/,null*/strekˈa/,null*/fˈakʲe/,null*/frˈanɡʲe/,null*/embenˈa/,null*/empartˈi/,null*/empˈenɡʲe/,null*/emplantˈa/,null*/ˈumple/,null*/empˈunɡʲe/,null*/enkʲerkˈa/,null*/enklajˈa/,null*/enflˈa/,null*/entˈorkʲe/,null*/ambjˈa/,null*/leɡˈa/,null*/molljˈa/,null*/pertˈunde/,null*/rˈade/,null*/rˈode/,null*/subtiljˈa/,null*/taljˈa/,null*/trˈaɡʲe/,null*/ˈunɡʲe/,null*/versˈa/,null*/lukrˈa/,null*/lˈukru/,null*/majˈestru/,null*/enkʲjˈetu/,null*/rˈapedu/,null*/kallarˈetʲu/,null*/karrˈa/,null*/deskallekˈa/,null*/dˈukʲe/,null*/enfrenˈa/,null*/mutˈa/,null*/portˈa/,null*/traɡʲenˈa/,null*/tramˈete/,null*/bukʲˈɛlla/,null*/kˈarru/,null*/enkarrkatˈura/,null*/lˈuntre/,null*/pˈɛdeka/,null*/palˈanɡa/,null*/rˈota/,null*/sˈarkʲena/,null*/sˈɛlla/,null*/kˈalle/,null*/karrˈarja/,null*/pˈonte/,null*/ˈaro/,null*/kʲˈɛrne/,null*/kollˈeɡʲe/,null*/makʲenˈa/,null*/pisˈa/,null*/trijelˈa/,null*/ventulˈa/,null*/mˈola/,null*/pˈalu/,null*/sˈekʲele/,null*/ˈarja/,null*/kˈampu/,null*/pˈorka/,null*/rˈunku/,null*/semenatˈura/,null*/tˈɛrra/,null*/vˈinja/,null*/manˈuklu/,null*/sˈera/,null*/menˈa/,null*/mˈulɡʲe/,null*/pˈaskʲe/,null*/ensemnˈa/,null*/tˈonde/,null*/fenˈatʲu/,null*/fenˈetʲa/,null*/jernˈa/,null*/ɡʲˈuɡu/,null*/nutrˈetʲu/,null*/pasʲˈone/,null*/sarkʲenˈarju/,null*/stˈawlu/,null*/stemulˈarja/,null*/tˈurma/,null*/vakarˈetʲa/,null*/bowˈarju/,null*/pastˈor/,null*/porkˈarju/,null*/porkarˈetʲa/,null*/kˈasju/,null*/kʲˈera/,null*/klˈaɡu/,null*/fˈaɡulu/,null*/fˈaɡu/,null*/frˈuptu/,null*/enklaɡˈa/,null*/pastˈura/,null*/stˈupu/,null*/sˈuku/,null*/ˈuntu/,null*/untˈura/,null*/spantekˈa/,null*/venˈa/,null*/venatˈor/,null*/venatˈorja/,null*/despoljˈa/,null*/enfrˈanɡʲe/,null*/enfrontˈa/,null*/envˈenkʲe/,null*/lˈupta/,null*/luptˈa/,null*/rapˈi/,null*/supˈone/,null*/skˈutu/,null*/tˈeka/,null*/zˈaa/,null*/pˈakʲe/,null*/prˈada/,null*/kˈajjelu/,null*/kˈannula/,null*/depanˈa/,null*/folljˈolu/,null*/fˈurka/,null*/fuskʲˈɛllu/,null*/fˈusu/,null*/enkurrkˈa/,null*/sˈuwlu/,null*/nˈodu/,null*/ordˈi/,null*/pˈanula/,null*/pˈɛdenu/,null*/pˈilla/,null*/rasklˈa/,null*/retˈɛlla/,null*/spˈata/,null*/skˈama/,null*/stˈupa/,null*/tendˈekla/,null*/tˈɛse/,null*/tˈorkʲe/,null*/tˈortu/,null*/ˈaskla/,null*/dˈoɡa/,null*/doɡˈarju/,null*/dolˈa/,null*/lemnˈarju/,null*/mˈallju/,null*/skandˈula/,null*/sekˈure/,null*/awrˈarju/,null*/klˈaje/,null*/fˈawru/,null*/ferrˈarju/,null*/fˈolle/,null*/lˈamena/,null*/bˈute/,null*/kaldˈarja/,null*/kˈupa/,null*/strakolatˈorja/,null*/ɡallˈeta/,null*/ˈolla/,null*/ollˈarju/,null*/ollkʲˈɛlla/,null*/sˈaku/,null*/tˈɛstu/,null*/urkʲˈolu/,null*/bˈajjelu/,null*/korrˈeja/,null*/kotˈitu/,null*/frembˈia/,null*/fˈorfekʲe/,null*/fˈune/,null*/latˈura/,null*/lesˈija/,null*/spˈuma/,null*/sˈuwla/,null*/tˈorta/,null*/klamˈa/,null*/kovˈɛntu/,null*/dˈikʲe/,null*/spˈone/,null*/nˈome/,null*/orˈa/,null*/respˈonde/,null*/streɡˈa/,null*/prjˈɛnde/,null*/avˈe/,null*/avˈea/,null*/dˈɛda/,null*/fˈetu/,null*/fˈeta/,null*/kʲˈɛne/,null*/pˈesu/,null*/prˈensu/,null*/respˈonsu/,null*/orˈekla/,null*/ˈoklu/,null*/dˈomna/,null*/vˈerde/,null*/kˈapu/,null*/tˈɛne/,null*/vˈede/,null*/rˈide/,null*/dˈu/,null*/sˈanɡʲe/,null*/nˈo/,null*/mˈɛle/,null*/fˈɛle/,null*/ˈentre/,null*/pˈɛ/,null*/ˈou/,null*/ɡʲˈoi/,null*/frˈantu/,null*/dˈosu/,null*/pˈɛrseka/,null*/sˈɛpte/,null*/kˈopsa/,null*/frˈipse/,null*/lˈapte/,null*/fˈaptu/,null*/lˈupto/,null*/pˈɛptene/,null*/pˈɛptu/,null*/dˈemnu/,null*/lˈemnu/,null*/pˈumnu/,null*/esˈi/,null*/frasenˈetu/,null*/entreˈa/,null*/muljˈere/,null*/parjˈete/,null*/lˈatʲu/,null*/ɡlˈatʲa/,null*/bˈɛne/,null*/fˈɛrru/,null*/fˈakʲeti/,null*/pˈelu/,null*/pˈeru/,null*/vˈena/,null*/mˈesa/,null*/kˈunju/,null*/vˈinu/,null*/spˈero/,null*/sperˈa/,null*/strapˈunɡʲe/,null*/kʲˈɛrru/,null*/rˈiu/,null*/kˈokʲe/,null*/aɡʲutˈa/,null*/fˈatʲa/,null*/ˈajba/,null*/skˈajba/,null*/kʲˈiwru/,null*/skˈawnu/,null*/dˈawna/,null*/ˈuɡʲer/,null*/nˈɛɡula/,null*/rˈuɡu/,null*/nˈɛɡu/,null*/ˈunklu/,null*/bˈee/,null*/adˈuko/,null*/ˈannu/,null*/skʲˈij/,null*/nˈoj/,null*/vˈoj/,null*/ˈawdi/,null*/kˈasɛ/,null*/lˈupi/,null*/kˈando/,null*/ˈɛste/,null*/ˈellu/,null*/ˈella/,null*/ˈelli/,null*/ˈellɛ/,null*/ˈɛw̥/,null*/ˈɛ/,null*/erˈaa/,null*/nˈeɡru/,null*/nˈeɡra/,null*/nˈeɡrɛ/,null*/sˈera/,null*/dˈɛkʲe/,null*/mˈolla/,null*/stˈella/,null*/bˈona/,null*/mˈɛa/,null*/mˈonte/,null*/parˈɛnte/,null*/sanetˈate/,null*/portˈaa/,null*/kʲjetˈate/,null*/dˈiko/,null*/krˈeskʲi/,null*/sɡˈau/,null*/sɡˈaulo/,null*/sɡˈaula/,null*/sɡˈawrja/,null*/sɡˈowra/,null*/tˈɛmpu/,null*/famˈelja/,null*/ˈensu/,null*/mˈaj/
R169,,,,,,,,*/adevˈeɾu/,,,,*/aɡʲutˈoɾju/,*/allˈateɾa/,,,,,,,,*/adoɾmˈi/,,,,*/apɾjˈɛnde/,*/apɾˈope/,,*/adumbɾˈi/,,,*/ˈajeɾu/,*/aɾˈama/,,,,*/aɡuɾˈa/,,,,,,,*/ˈakɾu/,,,*/apˈaɾju/,,,*/albˈastɾu/,,*/albˈoɾe/,,,*/altˈaɾju/,*/ˈalteɾu/,,*/albjˈaɾju/,,,*/amˈaɾu/,*/amaɾˈetʲa/,,,,,,*/apaɾˈa/,,*/pɾˈiku/,*/aɾˈa/,*/aɾatˈor/,*/aɾatˈoɾju/,*/aɾˈat/,*/aɾˈatu/,*/aɾatˈuɾa/,*/ˈarboɾe/,*/arboɾˈetu/,,*/arɡʲentˈaɾju/,,*/arkˈaɾju/,,*/arsˈuɾa/,,,,,*/bɾˈakʲɛ/,*/bɾˈotaku/,,*/deɾamˈa/,*/desideɾˈa/,,,*/dolˈoɾe/,,*/kallˈaɾe/,,,*/kapˈestɾu/,,,*/kʲeɾasjˈaɾju/,*/kʲeɾˈɛsja/,,*/kʲikˈoɾja/,,*/koptˈoɾju/,,,,*/kɾˈesta/,,,*/kˈodɾu/,*/kʲˈɛɾe/,*/kʲˈɛɾo/,,,,,,,,,*/skaɾmenˈa/,,,,*/aɾˈetʲu/,*/fawɾekˈa/,,*/fˈaɾmaku/,*/fewɾˈaɾju/,,,,,*/fɾˈenu/,*/fɾˈiɡʲe/,,,,,*/ɡʲˈuɾu/,*/enpɾeɡʲˈuɾu/,,*/orɾˈi/,*/orɾˈesko/,*/empeɾˈatu/,,,,,,*/enkonɡʲuɾˈa/,*/endɾeptˈa/,,,,,*/emnˈaɾju/,*/mannˈaɾju/,,,,,,,,,,,*/pɾadˈa/,*/pɾɛˈotu/,*/pɾimavˈeɾa/,,,,,,,*/sekɾˈetu/,*/sˈɛrɾa/,,,*/stɾˈambu/,,,,,,,*/vˈitɾeku/,,,,,,,,*/tˈɛneɾu/,*/betɾˈanu/,,,,,,,*/kɾˈɛjelu/,,,*/fɾˈonte/,,,,,,*/nˈaɾi/,,,*/ɾˈostɾu/,,,,,,,,,*/ˈumeɾu/,,,,,,,,*/ɾˈena/,*/ɾenˈeklu/,*/ɾenˈunklu/,,,,,,*/tɾˈunklu/,,,*/vˈɛntɾe/,*/ˈaɾmu/,*/bɾˈatʲu/,,,,*/dɾˈeptu/,,,*/medullˈaɾju/,,,,,,*/kˈaɾne/,,,,,,,,,,,,*/ɾesuflˈa/,*/steɾnutˈa/,,,,*/skɾˈeme/,,,,,*/lˈakɾema/,,,,*/satuɾˈa/,,,,*/sudˈoɾe/,,,*/faptˈuɾa/,,,*/enɡɾeekˈa/,*/enɡɾˈɛeka/,,,,,,,*/kɾˈeskʲe/,,,,*/doɾmˈi/,*/doɾmitˈa/,,,,*/ɾeposˈa/,,,,,,,,,,,,,,,,,,,*/stempeɾˈa/,,*/enduɾˈa/,*/enterɾetˈa/,,,,,*/miɾˈa/,*/meseɾˈeɾe/,*/mostɾˈa/,,,,,,*/pɾeɡʲetˈa/,,,*/ɾˈide/,*/ɾˈesu/,*/ɾosjˈone/,*/sufeɾˈi/,,*/supeɾˈa/,*/suspiɾˈa/,,,*/temˈoɾe/,*/tɾemulˈa/,*/tɾˈistu/,,,,,,,*/kɾˈede/,,,,,,,,,,*/paɾˈe/,*/pɾekʲˈepe/,,,,,,,,*/ɾˈanja/,,,,,*/doloɾˈosu/,*/fˈɛwɾi/,,,,,,,,*/lanɡˈoɾe/,*/moɾˈi/,,,,*/pˈɛɾjo/,*/pˈɛɾja/,,*/puɾˈonju/,,*/ɾepˈone/,,,,,,,,,,,,,*/sˈaɾeka/,,,,*/bɾatʲˈala/,,*/koɾˈona/,,,*/bɾakʲˈile/,,,,,,*/leɡatˈuɾa/,,,,,,,,*/embɾakˈa/,,,,,,,*/pɾˈandʲu/,,*/kaɾnˈatʲu/,,*/faɾˈina/,*/fɾeptˈuɾa/,,*/mˈoɾja/,*/meɾˈɛndɛ/,,,,,,,,,,,,,*/fˈuɾnu/,*/ɡɾatˈaɾju/,,,*/kapɾjˈolu/,,*/kasˈaɾju/,*/kʲellˈaɾju/,*/kopeɾimˈɛntu/,,*/feɾˈɛstɾa/,,,,,,,,,,*/tɾajˈɛpta/,*/aɾmˈaɾju/,,,,*/stɾˈatu/,,,,,*/fɾˈate/,,,,,,*/sˈoɾo/,,*/vˈeɾu/,,*/kˈosokɾu/,*/filjˈastɾu/,*/ɡʲˈɛneɾe/,,*/maɾˈitu/,,*/nˈoɾu/,*/sˈokɾu/,,,*/spˈuɾju/,,,,,*/koɾonˈa/,*/kɾedˈɛntʲa/,*/dˈɛstɾɛ/,,*/ensoɾˈa/,,*/maɾitˈa/,,,,,,*/lukʲˈefeɾu/,,*/ɾesalˈi/,,*/ˈawɾa/,*/ˈawstɾu/,*/bɾˈuma/,*/kalˈoɾe/,*/fɾˈiɡu/,,*/ɡɾˈandena/,,,,,,*/ɾˈowa/,*/seɾˈenu/,,,,,*/ˈoɾa/,,,*/ˈɛɾi/,,,,*/meɾˈidʲe/,,,,*/mˈɛrkuɾi/,,,*/vˈɛneɾi/,*/pɾˈilje/,*/kalendˈaɾju/,,,,*/eˈɛɾna/,*/vˈeɾa/,,*/aɾˈena/,,,*/pˈɛtɾa/,*/pˈulbeɾe/,,*/terɾˈina/,,,,*/aɾuɡʲˈina/,*/ˈawɾu/,,*/kotɾemulˈa/,*/ɡɾˈumu/,,,*/ɾˈipa/,,,,,*/kˈurɾe/,,,,,*/mˈaɾe/,,,,*/tˈɛɾme/,*/tˈɛɾmule/,,,,,*/flˈoɾe/,,,*/fɾˈondʲa/,,,,*/ɾadikʲˈina/,*/ɾˈamu/,*/ɾesˈina/,,,,,,,,,*/fɾˈasenu/,*/ɡʲunˈepeɾu/,,,,,,,*/kʲeɾˈɛsju/,,,,,,,*/pɾˈunu/,*/kˈoɾnu/,*/mˈoɾu/,,,,,*/ˈɛdeɾa/,*/lawɾˈuska/,,,,*/ɡɾˈanu/,,,,,,,,,,,,,*/pˈorɾu/,*/ɾadˈikla/,,,,*/tɾefˈolju/,,,*/aɾjˈolu/,,,*/fɾˈaɡa/,*/fɾˈaɡu/,*/lˈawɾu/,,,,*/pˈapuɾa/,,,,,,,,,,,*/bɾˈanka/,,,,,,,,,,,*/ɾumeɡˈa/,*/ɡarɾˈesko/,*/latɾˈa/,,,*/ɾˈaɡʲe/,*/ɾonkʲedʲˈa/,*/ɾimˈa/,*/aɾmesˈaɾju/,,,*/aɾjˈete/,,,,,*/kˈapɾa/,*/kapɾˈina/,,,*/koɾnˈutu/,,,,,,,,,,,,*/ɾˈujbu/,*/skɾˈofa/,*/tˈawɾu/,,,,*/vˈɛrɾu/,,,,,,,,,*/lˈɛpoɾe/,,,*/sʲˈoɾekʲe/,,,,*/kɾestˈatu/,,,,*/pˈaseɾe/,,,,,,,*/dɾepnˈɛlla/,,,*/ɡɾˈaulu/,*/ɡɾˈuj/,*/eɾundenˈɛlla/,,,*/petuɾnˈikla/,*/pɾeveɡlatˈoɾja/,*/pɾeveɡlˈa/,*/stɾˈiɡa/,,*/tˈurtuɾa/,*/turtuɾˈɛlla/,,*/vultˈuɾju/,,*/peskˈaɾju/,*/bɾˈoska/,,,*/vˈipeɾa/,*/vˈipeɾɛ/,*/kˈaɾju/,,,,,*/foɾmˈika/,*/ɡɾˈelljjelu/,,,*/lumbɾˈiku/,,*/stɾˈekla/,,,,*/vˈɛɾme/,,,,,,,,*/ɡɾˈɛe/,,*/entɾˈɛɡu/,,*/mesˈuɾa/,*/mesuɾˈa/,,,,*/numeɾˈa/,*/nˈumeɾu/,*/paɾˈekla/,,,,,,,,,,,,,,,,,,,*/pˈatɾo/,,*/tɾˈej/,,,,,*/ˈaspeɾu/,,,,*/foɾmˈosu/,*/fɾˈaɡʲedu/,*/ɡɾˈasu/,*/ɡɾˈosu/,,,,,*/mˈakɾu/,,,,,,,,,*/ɾˈankʲedu/,*/ɾˈaɾu/,*/ɾetˈundu/,*/ɾˈudu/,,,,,*/stɾˈemtu/,,,,,,,*/kolˈostɾa/,,,,,,,*/fɾˈanku/,*/ɡɾˈɛku/,,,,,*/ɡʲuɾamˈɛntu/,*/ɡʲuɾˈa/,,,,,,,,,,,*/kompaɾˈa/,*/kˈompaɾo/,*/fuɾˈa/,*/fˈuɾu/,*/empɾomutˈa/,,,,,,,*/pɾˈɛtʲu/,,,*/kɾestˈɛnu/,*/kɾˈukʲe/,,*/dɾˈako/,,,,*/miɾjˈone/,*/oɾakʲˈone/,,,*/parɾajˈesemi/,*/ɾoɡˈa/,*/ɾoɡakʲˈone/,,,,,,,,,,*/skɾˈie/,*/skɾiptˈuɾa/,,,,,*/kʲˈetaɾa/,,,,,,,,*/petɾˈɛkʲe/,,,*/mˈɛɾu/,*/ɾˈosju/,*/ɾˈusu/,,,,*/dulkˈoɾe/,*/putˈoɾe/,*/pˈutɾedu/,*/kaldˈuɾa/,,,*/ɾˈɛkʲe/,*/ɾekˈoɾe/,,,,,,,,,,,,,*/afˈoɾa/,*/aljjeɾˈej/,*/kotɾa/,*/kurɾˈɛndu/,,*/adenˈellaɾa/,,,,,,,,,,,*/enadˈentɾo/,,*/enkotɾa/,*/endˈɛɾet/,*/ˈentɾo/,,,*/pɾˈentɾe/,*/pɾˈentɾo/,,,,*/spɾˈɛ/,,,*/tempoɾˈiu/,,,,,,,,*/apɾopjˈa/,*/apɾˈopjo/,*/apɾˈopja/,,,,,,*/eɾadikˈa/,*/erɾatekʲˈi/,*/aɾunkˈa/,,,*/entɾˈa/,*/luwɾekˈa/,,*/pɾambulˈa/,,*/pɾokʲˈede/,,,,,,,*/tɾˈɛkʲe/,,*/arɾeptˈa/,,,,*/kopɾˈɛnde/,,,,,*/fɾekˈa/,*/fɾekatˈuɾa/,,,*/ɾˈumpe/,,,*/stɾˈenɡʲe/,,,,,,,*/foɾa/,,,,,,*/ɾˈɛw̥/,,,,,,*/astˈɛɾne/,,*/astɾuakˈa/,,*/kopeɾˈi/,*/kɾepˈa/,*/kuɾˈa/,,*/dɾˈiɡʲe/,*/deskopeɾˈi/,,*/spulbeɾˈa/,,,*/stɾakolˈa/,*/stɾekˈa/,,*/fɾˈanɡʲe/,,,,,,,,,,,,,,,*/ɾˈade/,*/ɾˈode/,,,*/tɾˈaɡʲe/,,,*/lukɾˈa/,*/lˈukɾu/,*/majˈestɾu/,,*/ɾˈapedu/,*/kallaɾˈetʲu/,*/karɾˈa/,,,*/enfɾenˈa/,,,*/tɾaɡʲenˈa/,*/tɾamˈete/,,*/kˈarɾu/,*/enkarrkatˈuɾa/,*/lˈuntɾe/,,,*/ɾˈota/,,,,*/karɾˈaɾja/,,*/ˈaɾo/,*/kʲˈɛɾne/,,,,*/tɾijelˈa/,,,,,*/ˈaɾja/,,,*/ɾˈunku/,*/semenatˈuɾa/,*/tˈɛrɾa/,,,*/sˈeɾa/,,,,,,,,*/jeɾnˈa/,,*/nutɾˈetʲu/,,*/sarkʲenˈaɾju/,,*/stemulˈaɾja/,*/tˈuɾma/,*/vakaɾˈetʲa/,*/bowˈaɾju/,,*/porkˈaɾju/,*/porkaɾˈetʲa/,,*/kʲˈeɾa/,,,,*/fɾˈuptu/,,*/pastˈuɾa/,,,,*/untˈuɾa/,,,,*/venatˈoɾja/,,*/enfɾˈanɡʲe/,*/enfɾontˈa/,,,,*/ɾapˈi/,,,,,,*/pɾˈada/,,,,,,,,,,,,,,,*/ɾasklˈa/,*/ɾetˈɛlla/,,,,,,,,,,*/doɡˈaɾju/,,*/lemnˈaɾju/,,,*/sekˈuɾe/,*/awɾˈaɾju/,,*/fˈawɾu/,*/ferɾˈaɾju/,,,,*/kaldˈaɾja/,,*/stɾakolatˈoɾja/,,,*/ollˈaɾju/,,,,,,*/korɾˈeja/,,*/fɾembˈia/,,,*/latˈuɾa/,,,,,,,,,,*/oɾˈa/,*/ɾespˈonde/,*/stɾeɡˈa/,*/pɾjˈɛnde/,,,,,,,,*/pɾˈensu/,*/ɾespˈonsu/,*/oɾˈekla/,,,,,,,*/ɾˈide/,,,,,,*/ˈentɾe/,,,,*/fɾˈantu/,,,,,*/fɾˈipse/,,,,,,,,,,*/fɾasenˈetu/,*/entɾeˈa/,*/muljˈeɾe/,*/paɾjˈete/,,,,*/fˈɛrɾu/,,,*/pˈeɾu/,,,,,*/spˈeɾo/,*/speɾˈa/,*/stɾapˈunɡʲe/,*/kʲˈɛrɾu/,*/ɾˈiu/,,,,,,*/kʲˈiwɾu/,,,,,*/ɾˈuɡu/,,,,,,,,,,,,,,,,,,,,*/eɾˈaa/,*/nˈeɡɾu/,*/nˈeɡɾa/,*/nˈeɡɾɛ/,*/sˈeɾa/,,,,,,,*/paɾˈɛnte/,,,,,*/kɾˈeskʲi/,,,,*/sɡˈawɾja/,*/sɡˈowɾa/,,,,
R170,,,,,,,,,,,,,,,,,,,,,,,,,,,,,,,,,,,,,,,,,,,,,,,,,,,,,,,,,,,,,,,,,,,,,,,,,,,,,,,,,,,,,,,,,,,,,,,,,,,,,,,,,,,,,,,,,,,,,,,,,,,,,,,,,,,,,,,,,,,,,,,,,,,,,,,,,,,,,,,,,,,,,,,,,,,,,,,,,,,,,,,,,,,,,,,,,,,,,,,,,,,,,,,,,,,,,,,,,,,,,,*/rɾˈostɾu/,,,,,,,,,,,,,,,,,*/rɾˈena/,*/rɾenˈeklu/,*/rɾenˈunklu/,,,,,,,,,,,,,,,,,,,,,,,,,,,,,,,,,,,,*/rɾesuflˈa/,,,,,,,,,,,,,,,,,,,,,,,,,,,,,,,,,,,,,,,,,*/rɾeposˈa/,,,,,,,,,,,,,,,,,,,,,,,,,,,,,,,,,,,,,,*/rɾˈide/,*/rɾˈesu/,*/rɾosjˈone/,,,,,,,,,,,,,,,,,,,,,,,,,,,,,,,,,,,*/rɾˈanja/,,,,,,,,,,,,,,,,,,,,,,,,*/rɾepˈone/,,,,,,,,,,,,,,,,,,,,,,,,,,,,,,,,,,,,,,,,,,,,,,,,,,,,,,,,,,,,,,,,,,,,,,,,,,,,,,,,,,,,,,,,,,,,,,,,,,,,,,,,,,,,,,,,,,,,,,,,,,,,,,,,,,,,,*/rɾesalˈi/,,,,,,,,,,,,,,*/rɾˈowa/,,,,,,,,,,,,,,,,,,,,,,,,,,,,,,,,,,,,,,,,,,,,,,*/rɾˈipa/,,,,,,,,,,,,,,,,,,,,,,,,,,,*/rɾadikʲˈina/,*/rɾˈamu/,*/rɾesˈina/,,,,,,,,,,,,,,,,,,,,,,,,,,,,,,,,,,,,,,,,,,,,,,,,,,*/rɾadˈikla/,,,,,,,,,,,,,,,,,,,,,,,,,,,,,,,,,,,,,,*/rɾumeɡˈa/,,,,,*/rɾˈaɡʲe/,*/rɾonkʲedʲˈa/,*/rɾimˈa/,,,,,,,,,,,,,,,,,,,,,,,,,*/rɾˈujbu/,,,,,,,,,,,,,,,,,,,,,,,,,,,,,,,,,,,,,,,,,,,,,,,,,,,,,,,,,,,,,,,,,,,,,,,,,,,,,,,,,,,,,,,,,,,,,,,,,,,,,,,,,,,,,,,,,,,,,,,,,,,,,,,,,,,,,,,,,,*/rɾˈankʲedu/,*/rɾˈaɾu/,*/rɾetˈundu/,*/rɾˈudu/,,,,,,,,,,,,,,,,,,,,,,,,,,,,,,,,,,,,,,,,,,,,,,,,,,,,,,,,,,,,,,,*/rɾoɡˈa/,*/rɾoɡakʲˈone/,,,,,,,,,,,,,,,,,,,,,,,,,,,,*/rɾˈosju/,*/rɾˈusu/,,,,,,,,,,*/rɾˈɛkʲe/,*/rɾekˈoɾe/,,,,,,,,,,,,,,,,,,,,,,,,,,,,,,,,,,,,,,,,,,,,,,,,,,,,,,,,,,,,,,,,,,,,,,,,,,,,,,,,,,,,,,,,,,,,*/rɾˈumpe/,,,,,,,,,,,,,,,,*/rɾˈɛw̥/,,,,,,,,,,,,,,,,,,,,,,,,,,,,,,,,,,,,,,*/rɾˈade/,*/rɾˈode/,,,,,,,,,,*/rɾˈapedu/,,,,,,,,,,,,,,,,*/rɾˈota/,,,,,,,,,,,,,,,,,,,*/rɾˈunku/,,,,,,,,,,,,,,,,,,,,,,,,,,,,,,,,,,,,,,,,,,,,,,,,*/rɾapˈi/,,,,,,,,,,,,,,,,,,,,,*/rɾasklˈa/,*/rɾetˈɛlla/,,,,,,,,,,,,,,,,,,,,,,,,,,,,,,,,,,,,,,,,,,,,,,,,,,*/rɾespˈonde/,,,,,,,,,,,*/rɾespˈonsu/,,,,,,,,*/rɾˈide/,,,,,,,,,,,,,,,,,,,,,,,,,,,,,,,,,,,,,,,,,,,,*/rɾˈiu/,,,,,,,,,,,*/rɾˈuɡu/,,,,,,,,,,,,,,,,,,,,,,,,,,,,,,,,,,,,,,,,,,,,,
R171,,,,,,,,,,,,,,,,,,,,,,,,,,,,,,,,,,,,,,,,,,,,,,,,,,,,,,,,,,,,,,,,,,,,,,,,,,,,,,,,,,,,,,,,,,,,,,,,,,,,,,,,,,,,,,,,,,,,,,,,,,,,,,,,,,,,,,,,,,,,,,,,,,,,,,,,,,,,,,,,,,,,,,,,,,,,,,,,,,,,,,,,,,,,,,,,,,,,,,,,,,,,,,,,,,,,,,,,,,,,,,,,,,,,,,,,,,,,,,,,,,,,,,,,,,,,,,,,,,,,,,,,,,,,,,,,,,,,,,,,,,,,,,,,,,,,,,,,,,,,,,,,,,,,,,,,,,,,,,,,,,,,,,,,,,,,,,,,,,,,,,,,,,,,,,,,,,,,,,,,,,,,,,,,,,,,,,,,,,,,,,,,,,,,,,,,,,,,,,,,,,,,,,,,,,,,,,,,,,,,,,,,,,,,,,,,,,,,,,,,,,,,,,,,,,,,,,,,,,,,,,,,,,,,,,,,,,,,,,,,,,,,,,,,,,,,,,,,,,,,,,,,,,,,,,,,,,,,,,,,,,,,,,,,,,,,,,,,,,,,,,,,,,,,,,,,,,,,,,,,,,,,,,,,,,,,,,,,,,,,,,,,,,,,,,,,,,,,,,,,,,,,,,,,,,,,,,,,,,,,,,,,,,,,,,,,,,,,,,,,,,,,,,,,,,,,,,,,,*/ɡotˈonja/,*/ɡotˈonju/,,,,,,,,,,,,,,,,,,,,,,,,,,,,,,,,,,,,,,,,,,,,,,,,,,,,,,,,,,,,,,,,,,,,,,,,,,,,,,,,,,,,,,,,,,,,,,,,,,,,,,,,,,,,,,,,,,,,,,,,,,,,,,,,,,,,,,,,,,,,,,,,,,,,,,,,,,,,,,,,,,,,,,,,,,,,,,,,,,,,,,,,,,,,,,,,,,,,,,,,,,,,,,,,,,,,,,,,,,,,,,,,,,,,,,,,,,,,,,,,,,,,,,,,,,,,,,,,,,,,,,,,,,,,,,,,,,,,,,,,,,,,,,,,,,,,,,,,,,,,,,,,,,,,,,,,,,,,,,,,,,,,,,,,,,,,,,,,,,,,,,,,,,,,,,,,,,,,,,,,,,,,,,,,,,,,,,,,,,,,,,,,,,,,,,,,,,,,,,,,,,,,,,,,,,,,,,,,,,,,,,,,,,,,,,,,,,,,,,,,,,,,,,,,,,,,,,,,,,,,,,,,,,,,,,,,,,,,,,,,,,,,,,,,,,,,,,,,,,,,,,,,,,,,,,,,,,,,,,,,,,,,,,,,,,,,,,,,,,,,,,,,,,,,,,,,,,,,,,,,,,,,,,,,,,,,,,,,,,,,,,,,,,,,,,,,,,,,,,,,,,,,,,,,,,,,,,,,,,,,,,,,,,,,,,,,,,,,,,,,,,,,,,,,,,,,,,,,,,,,,,,,,,,,,,,,,,,,,,,,,,,,,,,,,,,,,,,,,,,,,,,,,,,,,,,,,,,,,,,,,,,,,,,,,,,,,,,,,,,,,,,,,,,,,,,,,,,,,,,,,,,,,,,,,,,,,,,,,
R172,,,,,,,,,,,,,,,,,,,,,,,,,,,,,,,,,,,,,,,,,,,,,,,,,,,,,,,,,,,,,,,,,,,,,,,,,,,,,,,,,,,,,,,,,,,,,,,,,,,,,,,,,,,,,,,,,,,,,,,,,,,,,,,,,,,,,,,,,,,,,,,,,,,,,,,,,,,,,,,,,,,,,,,,,,,,,,,,,,,,,,,,,,,,,,,,,,,,,,,,,,,,,,,,,,,,,,,,,,,,,,,,,,,,,,,,,,,,,,,,,,,,,,,,,,,,,,,,,,,,,,,,,,,,,,,,,,,,,,,,,,,,,,,,,,,,,,,,,,,,,,,,,,,,,,,,,,,,,,,,,,,,,,,,,,,,,,,,,,,,,,,,,,,,,,,,,,,,,,,,,,,,,,,,,,,,,,,,,,,,,,,,,,,,,,,,,,,,,,,,,,,,,,,,,,,,,,,,,,,,,,,,,,,,,,,,,,,,,,,,,,,,,,,,,,,,,,,,,,,,,,,,,,,,,,,,,,,,,,,,,,,,,,,,,,,,,,,,,,,,,,,,,,,,,,,,,,,,,,,,,,,,,,,,,,,,,,,,,,,,,,,,,,,,,,,,,,,,,,,,,,,,,,,,,,,,,,,,,,,,,,,,,,,,,,,,,,,,,,,,,,,,,,,,,,,,,,,,,,,,,,,,,,,,,,,,,,,,,,,,,,,,,,,,,,,,,,,,,,,,,,,,,,,,,,,,,,,,,,,,,,,,,,,,,,,,,,,,,,,,,,,,,,,,,,,,,,,,,,,,,,,,,,,,,,,,,,,,,,,,,,,,,,,,,,,,,,,,,,,,,,,,,,,,,,,,,,,,,,,,,,,,,,,,,,,,,,,,,,,,,,,,,,,,,,,,,,,,,,,,,,,,,,,,,,,,,,,,,,,,,,,,,,,,,,,,,,,,,,,,,,,,,,,,,,,,,,,,,,,,,,,,,,,,,,,,,,,,,,,,,,,,,,,,,,,,,,,,,,,,,,,,,,,,,,,,,,,,,,,,,,,,,,,,,,,,,,,,,,,,,,,,,,,,,,,,,,,,,,,,,,,,,,,,,,,,,,,,,,,,,,,,,,,,,,,,,,,,,,,,,,,,,,,,,,,,,,,,,,,,,,,,,,,,,,,,,,,,,,,,,,,,,,,,,,,,,,,,,,,,,,,,,,,,,,,,,,,,,,,,,,,,,,,,,,,,,,,,,,,,,,,,,,,,,,,,,,,,,,,,,,,,,,,,,,,,,,,,,,,,,,,,,,,,,,,,,,,,,,,,,,,,,,,,,,,,,,,,,,,,,,,,,,,,,,,,,,,,,,,,,,,,,,,,,,,,,,,,,,,,,,,,,,,,,,,,,,,,,,,,,,,,,,,,,,,,,,,,,,,,,,,,,,,,,,,,,,,,,,,,,,,,,,,,,,,,,,,,,,,,,,,,,,,,,,,,,,,,,,,,,,,,,,,,,,,,,,,,,,,,,,,,,,,,,,,,,,,,,,,,,,,,,,,,,,,,,,,,,,,,,,,,,,,,,,,,,,,,,,,,,,,,,,,*/zɡˈau/,*/zɡˈaulo/,*/zɡˈaula/,*/zɡˈawɾja/,*/zɡˈowɾa/,,,,
R173,,,,,,,,,,,,,,,,,,,,,,,,,,,,,,,,,,,,,,,,,,,,,,,,,,,,,,,,,,,,,,,,,,,,,,,,,,,,,,,,,,,,,,,,,,,,,,,,,,,,,,,,,,,,,,,,,,,,,,,,,,,,,,,,,,,,,,,,,,,,,,,,,,*/anpɾeɡʲˈuɾu/,,,,*/ampeɾˈatu/,*/anˈaltu/,*/analtʲˈa/,*/ankaltʲˈa/,*/ankˈaltʲo/,*/ankarrkˈa/,*/ankonɡʲuɾˈa/,*/andɾeptˈa/,*/anfasʲˈa/,*/anɡannˈa/,*/anvetʲˈa/,,*/amnˈaɾju/,,,,,,,,,,,,,,,,,,,,,,,,,,,,,,,,,,,,,,,,,,,,,,,,,,,,,,,,,,,,,,,,,,,,,,,,,,,,,,,,,,,,,,,,,,,,,,,,,,,,,,,,,,,,,,,,,,,,,,,,,,*/ambukˈa/,*/anɡlutˈi/,*/antˈenɡʲe/,,,,,,,,,,,,,,,*/anɡɾeekˈa/,*/anɡɾˈɛeka/,,,,,,,,,,,,,,,,,,,,,,,,,,,,*/ankommˈete/,,,,,,,,,*/anduɾˈa/,*/anterɾetˈa/,*/anvitˈa/,,,,,,,,,,,,,,,,,,,,,,,,,,,,,,,,,,,*/antʲellepkʲˈone/,*/antellˈeptu/,*/antʲellˈeɡʲe/,,,,,,,,,,,,,,,,,,,,,,,,,,,,,,,,,,,,,,,,,,,,,,,,,,,,,,,,,,,,,,,,,,,,,,*/ankʲˈenɡʲe/,,,,,*/ambɾakˈa/,*/ansolˈa/,*/anfasʲolˈa/,*/anvestˈi/,,,,,,,,,,,,,,,,,,,,,,,,,,,,,,,,,,,,,,,,,,,,,,,,,,,,,,,,,,,,,,,,,,,,,,,,,,,,,,,,,,,,*/ansoɾˈa/,,,,,,,,,,,,,,,,,,,,,,,,,,,,,,,,,,,,,,,,,,,,,,,,,,,,,,,,,,,,,,,,,,,,,,,,,,,,,,,,,,,,,,,,,,,,,,,,,,,,,,,,,,,,,,,,,,,,,,,,,,,,,,,,,,,,,,,,,,,,,,,,,,,,,,,,,,,,,,,,,,,,,,,,,,,,,,,,,,,,,,,*/ankallekˈa/,,,,,,,,,,,,,,,,,,,,,,,,,,,,,,,,,,,,,,,,,,,,,,,,,,,,,,,,,,,,,,,,,,,,,,,,,,,,,,,,,,,,,,,,,,,,,,,,,,,,,,,,,,,,,,,,,,,,,*/amputˈa/,*/antɾˈɛɡu/,,,,,,,,,,,,,,,,,,,,,,,,,,,,,,,,,,,,,,,,,,,,,,,,,,,,,,,,,,,,,,,,,,,,,,,,,,,,,,,,,,,,,,,,,,,,,,,,,,,,*/ampɾomutˈa/,,,,,,,,,,,,,,*/anklinˈa/,*/anklinakʲˈone/,,,,,,,,,,,,,,*/ankantˈa/,,,,,,,,,,,,,,,,,,,,,,,,,,,,,,,,,,,,,,,,,*/ankʲˈɛnde/,,,,,,,,,,,,,,,,,,,,*/ˈan/,*/anajˈente/,*/anadˈentɾo/,*/anapˈoj/,*/ankotɾa/,*/andˈɛɾet/,*/ˈantɾo/,,,,,,,,,,,,,,,,,,,,,,,,,,,,,,,,*/antɾˈa/,,,,,,,,,,,,,,,,,,,,,,,,,*/anɡannˈa/,,,,,,,,,,,,,*/ankʲˈepe/,,,,,,,,,,,,,,,,,,,,,,,,,,,,,*/ambenˈa/,*/ampartˈi/,*/ampˈenɡʲe/,*/amplantˈa/,,*/ampˈunɡʲe/,*/ankʲerkˈa/,*/anklajˈa/,*/anflˈa/,*/antˈorkʲe/,,,,,,,,,,,,,,,*/ankʲjˈetu/,,,,,,*/anfɾenˈa/,,,,,,,*/ankarrkatˈuɾa/,,,,,,,,,,,,,,,,,,,,,,,,,,,,,,,,*/ansemnˈa/,,,,,,,,,,,,,,,,,,,,,,,*/anklaɡˈa/,,,,,,,,,,,*/anfɾˈanɡʲe/,*/anfɾontˈa/,*/anvˈenkʲe/,,,,,,,,,,,,,,,,,*/ankurrkˈa/,,,,,,,,,,,,,,,,,,,,,,,,,,,,,,,,,,,,,,,,,,,,,,,,,,,,,,,,,,,,,,,,,,,,,,,,,,,,,,,,,,,*/ˈantɾe/,,,,,,,,,,,,,,,,,,,,*/antɾeˈa/,,,,,,,,,,,,,,,,,,,,,,,,,,,,,,,,,,,,,,,,,,,,,,,,,,,,,,,,,,,,,,,,,,,,,,,,,*/ˈansu/,
R174,,,,,,,,,,,,,,,,,,,,,,,,,,,,,,,,,,,,,,,,,,,,,,,,,,,,,,,,,,,,,,,,,,,,,,,,,,,,,,,,,,,,,,,,,,,,,,,,,,,,,,,,,,,,,,,,,,,,,,,,,,,,,,*/skaɾmanˈa/,,,,,,,,,,,,,*/fɾˈanu/,,,,,,,,,,,,,,,,,,,,,,,,,,,,,,,,,,,,,,,,,,,,,,,,,,,,,,,,*/fˈemanu/,,,,,,,,,,,,,,,,,,,,,,,,,,,,,,,,,,,,,,,*/manutˈalja/,,,,,,,,,,,,,,,*/vanˈenu/,,,,,,,,,,,,,,,,,,,,,,,,,,,,,,,,,,,,,,,,,,,,,,,,,,,,,,,,,,,,,,,,,,,,,,,,,,,,,,,,,,,,,,,,,,,,,,,,,,,,,,,,,,,,,,,,,,,,,,,,,,,,,,,,,,,,,,,,,,,,,,,,,,,,,,,,,,,,,,,,,,,,,,,,,,,,,,,,,,,,,,,,,,,,,,,,,,,,,,,,,,,,,,,,,,,,,,,,,,,,,,,,,,,,,,,,,,,,,,,,,,,,,,,,,,,,,,,,,,,,,,,*/ɡʲˈɛmanu/,,,,,,,,,,,,,,,,,,,,,,,,,,,,,,,,,,,,,,,,,,,,,,,,,,,,,,,,,,,,,,,,,,,,,,,,*/vˈaneɾi/,,,,,,,,,,,,,,,,,,,,,,,,,,,,,,,,,,,,,,,,,,,,,,,,,,,,,,,,,,,,,,,,,,,,,,,,,,,,,,,,,,,,,,,,,,,,,,,,,,,,,,,,,,,*/fˈanu/,,,,,,,,,,,,,,,,,,,,,,,,,,,,,,,,,,,,,,,,,,,,,,,,,,,,,,,,,,,,,,,,,,,,,,,,,,,,,,,,,,,,,,,,,,,,,,,,,,,,,,,,,,,,,,,,,,,,,,,,,,,,,,,,,,,,,,,,,,,,,,,,,,,,,,,,,,,*/manˈutu/,,,,,,,,,,,,,,,,,,,,,,,,,,,,,,,,,,,,,,,,,,,,,,,,,,,,,,,,,,,,,,,,,,,,,,,,,,,,,,,,,,,,,,,,,,,,,,,,,,,,,,,,,,,,,,,,,,,,,,,,,,,,,,,,,,,,,,,,,,,,,,,,,,,,*/vˈanetu/,,,,,,,,,,,,,,,,,,,,,,,,,,,,,,,,,,,,,,,,,,,,,,,,,,,,,,,,,,,,,,,,,,,,,,,,,,,,,,,,,,,,,,,,,,,,,,,,,,,,,,,,,,,,,,,,,,,,,,,,*/semanˈa/,,,,,,,,,,,,,,,,,,,,,,,,,,,,,,,,,,,,,,,,,,,,,,,,,,,,*/anfɾanˈa/,,,,,,,,,,,,,,,,,,,,,,,,,,,,,,,*/semanatˈuɾa/,,,,,*/manˈa/,,,,,*/fanˈatʲu/,*/fanˈetʲa/,,,,,,,,,,,,,,,,,,,,,,,,,,,*/vanˈa/,*/vanatˈor/,*/vanatˈoɾja/,,,,,,,,,,,,,,,,,,,,,,,,,,,,,,,,,,,,,,,,,,,,,,,,,,*/lˈamana/,,,,,,,,,,,,,,,,,,,,,,,,,,,,,,,,,,,,,,,,,,,,,,,,,,,,,,,,,,,,,,,,,,,,,,,,,,,,,,,,,,,,*/vˈana/,,,,,,,,,,,,,,,,,,,,,,,,,,,,,,,,,,,,,,,,,,,,,,,,,,,,,,,,,,,,,,,,
R175,,,,,,,,,,,,,,,,,,,,,,,,,,,,,,,,,,,,,,,,,,,,,,,,,,,,,,,,,,,,,,,,,,,,,,,,,,,,,,,,,,,,,,,,,,,,,,,,,,,,,,,,,,,,,,,,,,,,,,,,,,,,,,,,,,,,,,,,,,,,,,,,,,,,,,,,,,,,,,,,,,,,,,,,,,,,,,,,,,,,,,,,,,,,,,,,,,,,,,,,,,,,,,,,,,,,,,,,,,,,,,,,,*/ˈinema/,,,,,,,,,,,,,,,,,,,,,,,,,,,,,,,,,,,,,,,,,,,,,,,,,,,,,,,,,,,,,,,,,,,,,,,,,,,,,,,,,,,,,,,,,,,,,,,,,,,,,,,,,,,,,,,,,,,,,,,,,,,,,,,,,,,,,,,,,,,,,,,,,,,,,,,,,,,,,,,,,,,,,,,,,,,,,,,,,,,,,,,,,,,,,,,,,,,,,,,,,,,,,,,,*/inˈɛllu/,,,,,,,,,,,,,,,,,,,,,,,,,,,,,,,,,,,,,,,,,,,,,,,,,,,,,,,,,,,,,,,,,,,,,,,,,,,,,,,,,,,,,,,,,,,,,,,,,,,,,,,,,,,,,,,,,,,,,,,,,,,,,*/ɡɾˈindena/,,,,,,,,,,,,,,,,,*/deminˈetʲa/,,,,,,,,,,,,,,,,,,,,,,,,,,,,,,,,,,,,,,,,,,,,,,,,,,,,,,,,,,,,,,,,,,,,,,,,,,,,,,,,,,,,,,,,,,,,,,,,,,,,,,,,,,,,,,,,,,,,,,,,,,,,,,,,,,,,,,,,,,,,,,,,,,,,,,,,,,,,,,,,,,,,,,,,,,,,,,,,,,,,,,,,,,,,,,,,,,,,,,,,,,,,,,,,,,,,,,,,,,,,,,,,,,,,,,,,,,,,,,,,,,,,,,,,,,,,,,,,,,,,,,,,,,,,,,,,,,,,,,,,,,,,,,,,,,,,,,,,,,,,,,,,,,,,,,,,,,,,,,,,,,,,,,,,,,,,,,,,,,,,,,,,,,,,,,,,,,,,,,,,,,,,,,,,,,,,,,,,,,,,,,,,,,,,,,,,,,,,,,,,,,,,,,,,,,,,,,,,,,,,,,,,,,,,,,,,,,,,,,,,,,,,,,,,,,,,,,,,,,,,,*/indˈɛɾet/,,,,,,,,,,,,,,,,,,,,,,,,,,,,,,,,,,,,,,,,,,,,,,,,,,,,,,,,,,,,,,,,,,,,,,,,,,,,,,,,,,,,,,,,,,,,,,,,,,,,,,,,,,,,,,,,,,,,,,,,,,,,,,,,,,,,,,*/tɾimˈete/,,,,,,,,,,,,,,,,,,,,,,,,,,,,,,,,,,,,,,,,,,,,,,,,,,,,,,,,,,,,,,,,,,,,,,,,,,,,,,,,,,,,,,,,,,,,,,,,,,,,,,,,,,,,,,,,,,,,,,,,,,,,,,,,,,,,,,,,,,,,,,,,,,,,,,,,,,,,,,,,,,,,,,,,,,,,,,,,,,,,,,,,,,,,,,,,,,,,,,,,,,,,,,,,,,,,,,,,,,,,,,,,,,,,,,,,,,,,,,,,,,,,,,,,,,,,,,,,,,,,,,,,,
R176,,,,,,,,,,,,,,,,,,,,,,,,,*/apɾjˈende/,,,,,,,,,,,,,,,,,,,,,,,,,,,,,,,,,,,,,,,,,,,,,,,,,,,,,*/arɡʲˈentu/,,,,,,,,,,,,,,,,,,,,,,,,,,,,,,,,,,,,,,,,,,,,,,,,,,,,,,,,,,,,,,,,,,,,,,,,,,,,,,,,,,,,,,,,,,,,,,,,,,,,,,,,,,,,,,,,,,,,,,,,,,,,,,,,,,,,,*/dˈente/,,,,,,,,,,,,,,,,,,,,,,,,,,,,,,,,,,,,,,,*/vˈentɾe/,,,,,,,,,,,,,,,,,,,,,,,,,,,,,,,,,,,,,,,,,,,,,,,,,,,,,,,,,,,,,,,,,,,,,,,,,,,,,,,,,,,,,,,,,,,,,,,,,,,,,,,,,,,,,,,,,,,,,,,,,,,,,,,,,,*/mˈente/,,,,,,,,,,,,,,,,,,,,,,,,,,,,,,,,,,,,,,,,,,,,,,,,,,,*/bestimˈentu/,*/kaltʲamˈentu/,,,,,,,,,,,,,,,,,,,,,,,,,,,,,,,,,,,,*/meɾˈendɛ/,,,*/plakʲˈenta/,,,,,,,,,,,,,,,,,,*/kopeɾimˈentu/,,,,,,,,,,*/tˈenda/,,,,,,,,*/ɡʲˈentu/,,,,,,,,,,,,,,,,,,,,,,,,,,,,,,*/kɾedˈentʲa/,,,,,,,,,,,,,,,,,,,,,,,,,,,,,,,*/vˈentu/,,,,,,,,,,,,,,,,,,,,,,,,*/pamˈentu/,,,,,,,,,,,,,,,,,,,,,,,,,,,,,,,,,,,,,,,,,,,,,,,,*/semˈentʲa/,,,,,,,,,,,,,,,,,,,,,,,,,,,,,,,,,,,,,,,,,,,,,*/lˈente/,,,,,,,,,,,,,,,,,,*/mˈenta/,,,,,,,,,,,,,,,,,,,,,,,,,,,,,,,,,,,,,,,,,,,,,,,,,,,,,,,,,,,,,,,,,,,,,,,,,,,,,,,,,,,,,,,,,,,,,,,,,,,,,,,,,,,,,,*/sʲerpˈentʲa/,,,,,,,,,,,*/lˈendena/,,,,,,,,,,,,,,,,,,,,,,,,,,,,,,,,,,,,,,,,,,,,,,,,,,,,,,,,,,,,,,,,,,,,,,,,,,,,,,,,,,,,,,,,,,,*/kovenjˈentʲa/,,,,,,,,,,*/ɡʲuɾamˈentu/,,,,,*/leɡamˈentu/,*/potˈentʲa/,,,,,,,,,,,,,,,,,,*/vˈende/,,,,,,,,,,,,,,,,,,,,*/monmˈentu/,,*/tˈempla/,,,,,,,,,,,,,,,,,,,,,,,,,,,,,,,,,,,,,,,,*/ankʲˈende/,,,,,,,,,*/kurɾˈendu/,,,,,,,,,,,,,,,,,,,,,,,,,,,,,,,,,,,,,,,,,,,,,,,,,,,,,,,,,,,,,,,,,,,*/kopɾˈende/,,,,,,,,,,,,,,,,,,,,,,,,,,,,,,,,,,,,,,,,,,,,,,,,,,,,,,,,,,,,,,,,,,,,,,,,,,,,,,,,,,,,,,,,,,,,,,,,,,,,,,,,,,,,,,,,,,,,,,,,,,,,,,,,,,,,,,,,,,,,,,,,,,,,,,,,,,,,,,,,,,,,,,,,,,,,,,,,,,,,,,,,,,,,,,,,,,,,,,,,,,,,,,,,,,,,,,,,,,,,,,,,*/kovˈentu/,,,,,,,*/pɾjˈende/,,,,,,,,,,,,,,,,,,,,,,,,,,,,,,,,,,,,,,,,,,,,,,,,,,,,,,,,,,,,,,,,,,,,,,,,,,,,,,,,,,,,,,,,,,,,,,,,,,,,,,,*/paɾˈente/,,,,,,,,,,,*/tˈempu/,,,
R177,,,,,,,,,,,,,,,,,,,,,,,,,,,,,,,,,,,,,,,,,,,,,,,,,,,,,,,,,,,,,,,,,,,,,,,,,,,,,,,,,,,,,,,,,,,,,,,,,,,,,,,,,,,,,,,,,,,,,,,,,,,,,,,,,,,,,,,,,,,,,,,,,,,,,,,,,,,,,,,,,,,,,,,,,,,,,,,,,,,,,,,,,,,,,,,,,,,,,,,,,,,,,,,,,,,,,,,,,,,,,,,,,,,,,,,,,,,,,,,,,,,,,,,,,,,,,,,,,,,,,,,,,,,,,,,,,,,,,,,,,,,,,,,,,,,,,,,,,,,,,,,,,,,,,,,,,,,,,,,,,,,,,,,,,,,,,,,,,,,,,,,,,,,,,,,,,,,,,,,,,,,,,,,,,,,,,,,,,,,,,,,,,,,,,,,,,,,,,,,,,,,,,,,,,,,,,,,,,,,,,,,,,,,,,,,,,,,,,,,,,,,,,,,,,,,,,,,,,,,,,,,,,,,,,,,,,,,,,,,,,,,,,,,,,,,,,,,,,,,,,,,,,,,,,,,,,,,,,,,,,,,,,,*/nojˈɛrka/,,,,,,,,,,,,,,,,,,,,,,,,,,,,,,,,,,,,,,,,,,,,,,,,,,,,,,,,,,,,,,,,*/ejˈɛɾna/,,,,,,,,,,,,,,,,,,,,,,,,,,,,,,,,,,,,,,,,,,,,*/nojˈɛlla/,,,,,,,,,,,,,,,,,,,,,,,,,,,,,,,,,,,,,,,,,,,,,,,,,,,,,,,,,,,,,,,,,,,,,,,,,,,,,,,,,,,,,,,,,,,,,,,,,,,,,,,,,,,,,,,,,,,,,,,,,,,,,,,,,,,,,,,,,,,,,,,,,,,,,,,,,,,,,,,,,,,,,,,,,,,,,,,,,,,,,,,,,,,,,,,,,,,,,,,,,,,,,,,,,,,,,,,,,,,,,,,,,,,,,,,,,,,,,,,,,,,,,,,,,,,,,,,,,,,,,,,,,,,,,,,,,,,,,,,,,,,,,,,,,,,,,,,,,,,,,,,,,,,,,,,,,,,,,,,,,,,,,,,,,,,,,,,,,,,,,,,,,,,,,,,,,,,,,,,,,,,,,,,,,,,,,,,,,,,,,,,,,,,,,,,,,,,,,,,,,,,,,,,,,,,,,,,,,,,,,,,,,,,,,,,,,,,,,,,,,,,,,,,,,,,,,,,,,,,,,,,,,,,,,,,,,,,,,,,,,,,,,,,,,,,,,,,,,,,,,,,,,,,,,,,,,,,,,,,,,,,,,,,,,,,,,,,,,,,,,,,,,,,,,,,,,,,,,,,,,,,,,,,,,,,,,,,,,,,,,,,,,,,,,,,,,,,,,,,,,,,,,,,,,,,,,,,,,,,,,,,,,,,,,,,,,,,,,,,,,,,,,,,,,,,,,,,,,,,,,,,,,,,,,,,,,,,,,,,,,,,,,,,,,,,,,,,,,,,,,,,,,,,,,,,,,,,,,,,,,,,,,,,,,,,,,,,,,,,,,,,,,,,,,,,,,,,,,,,,,,,,,,,,,,,,,,,,,,,,,,,,,,,,,,,,,,,,,,,,,
R178,,,,,,,,,,,,,,,,,,,,,,,,,,,,,,,,,,*/aɡʲjˈɛstu/,,,,,,,,,,,,,,,,,,,,,,,,,,,,,,,,*/annotjˈɛrtʲo/,,,,,,,,,,,,,,,,,,,,,,,,,,,,,,,,*/kʲjˈɛlu/,*/kantekʲjˈɛllu/,,,,,*/kʲeɾjˈɛsja/,,,,,,,,,,,,*/kʲjˈɛɾe/,*/kʲjˈɛɾo/,,,,,,,,,,,,,,,,,,,,,,,,,,,,,,,,,,,,,,,,,,,,,,,,,,,,*/pjˈɛrɡla/,,,,,,,,,,,,,,,*/sjˈɛrɾa/,,,,,,,,,,,,,,,,,,*/tjˈɛneɾu/,,,,,,,,,,,,*/ɡʲjˈɛna/,,,,,,,,,*/tjˈɛsta/,,,,,,,,,,,,,,,,,,,,,,,,,,,,,,,,,,,,,,,,,,,,,*/pjˈɛlle/,,,,,,,,,,,,,,,,,,,,,,,,,,,,,,,,,,,,,,,,,,,,,,,,,,,,,,,,,*/pjˈɛpteno/,*/pjˈɛptena/,,,,,,,,,,,,,,,,,,,,,,,,,,,,,,,,,,,,,,,,,,,,,,,,,,,,,,,,,,,,,,,,,,,,*/kʲjˈɛtʲa/,*/katjˈɛllu/,,,,*/fjˈɛwɾi/,*/ɡʲjˈɛme/,*/ɡʲjˈɛmetu/,,,,,,,,,,,*/pjˈɛɾjo/,*/pjˈɛɾja/,,,,,,,,,,,,,,,,,,,,*/injˈɛllu/,,,,,,,,,,,,,,,,,,,,,,,,,,*/kʲjˈɛna/,,,,,,,,,,,,,,,,,*/d͡zjˈɛma/,,,,,,,,,,,,,,,*/feɾjˈɛstɾa/,,,,,,,,,,,,,,,,,,,,,*/ɡʲjˈɛmanu/,,,,,,,,,,,*/ɡʲjˈɛneɾe/,,,,,,,,,,,,,,,*/djˈɛstɾɛ/,,,,,,,,,,,,,,,,,,,*/ɡʲjˈɛlu/,,,,,,,,,,,,,,,,,,,*/mjˈɛdʲa/,,,,,*/mjˈɛrkuɾi/,,,,,,,,,,,,,,,*/pjˈɛtɾa/,,*/sjˈɛsu/,,,,,,,,,,,,,*/skawnjˈɛllu/,,,,,,,,,,,,,*/tjˈɛɾme/,*/tjˈɛɾmule/,,,,,,,,,,,,,,,,,,,,,,,,,,,,,,,*/kʲeɾjˈɛsju/,,,,,*/pjˈɛrseku/,,,,,,*/pedukʲjˈɛllu/,,,,,,,,,,,,,,,,,,,,*/pjˈɛpene/,,,,,,,,,,,,,,,,,*/mjˈɛkla/,,,,,,,,,*/domjˈɛsteku/,,,,,,,,,,,,,,,,,,,,,,,,,,,,,,,,*/katjˈɛlla/,,,,,,,,,,,,,,,,,,,,*/vjˈɛrɾu/,,,*/vetjˈɛlla/,*/vetjˈɛllu/,,,,*/kʲjˈɛrbu/,*/ljˈɛpoɾe/,,,,,,,,,,,,,,,,,,,,,,,*/eɾundenjˈɛlla/,*/mjˈɛrla/,,,,,,,,*/turtuɾjˈɛlla/,,,,,,*/sjˈɛrpe/,,,,,,,,,,,,,,,,,,,*/vjˈɛɾme/,*/vjˈɛspa/,,,,*/desjˈɛrtu/,,,,,,,,,,,,,,,,,*/pjˈɛtʲa/,,,,,,,,,,,,,,,,,*/sjˈɛse/,,,,,,,,,,,,,,,,,,,,*/mjˈɛdʲu/,,,,,,,,,,,,,,,,,,,,,,,,,,,,,,,,,,,,,,,,,,,,,,,,,,,,,*/ljˈɛo/,*/ljˈɛa/,,,*/pjˈɛrde/,,,,,,*/djˈɛw̥/,,,,,,,,,,,,,,,,,,,,,,,,,,,,,,,,*/vjˈɛrsu/,,,,,,*/mjˈɛɾu/,,,,,,,,,,,*/fjˈɛrbe/,,,,,,,,,,,,,,,,,,,,,,,,,,,,,,,,,,,,,,,,,,,,,,,,,*/vjˈɛklu/,,,,,,,,*/asjˈɛdʲo/,*/asjˈɛdʲa/,,,,,,,,,,,*/mjˈɛrɡʲe/,,,,,,*/sjˈɛde/,,,,,,,,,,,,,,,,,,,,,,,,,,,,,,,,,,,,,,,,,,,,,,,,,,,,,,,,,,,,,,,,,,,,,,,,,,,,,,,,,,,,,,,,,,,,,,*/bukʲjˈɛlla/,,,,*/pjˈɛdeka/,,,,*/sjˈɛlla/,,,,,*/kʲjˈɛɾne/,,,,,,,,,,,,,,*/tjˈɛrɾa/,,,,,,,,,,,,,,,,,,,,,,,,,,,,,,,,,,,,,,,,,,,,,,,,,,,,,,,,,,,,,,,,,*/pjˈɛdenu/,,,*/rɾetjˈɛlla/,,,,,*/tjˈɛse/,,,,,,,,,,,,,,,,,,,,,,,,,,*/tjˈɛstu/,,,,,,,,,,,,,,,,,,,,,,,,*/djˈɛda/,,,*/kʲjˈɛne/,,,,,,,,,*/tjˈɛne/,,,,,,*/mjˈɛle/,*/fjˈɛle/,,*/pjˈɛ/,,,,,*/pjˈɛrseka/,*/sjˈɛpte/,,,,,,*/pjˈɛptene/,*/pjˈɛptu/,,,,,,,,,,,*/bjˈɛne/,*/fjˈɛrɾu/,,,,,,,,,,,*/kʲjˈɛrɾu/,,,,,,,,,,,*/njˈɛɡula/,,*/njˈɛɡu/,,,,,,,,,,,,,,,,,,,,,,,,*/djˈɛkʲe/,,,,*/mjˈɛa/,,,,,,,,,,,,,,,,
R179,,,,,,,,,,,,,,,,,,,,,,,,,,,,,,,,,,,,,,,,,,,,,,,,,,,,,,,,,,,,,,,,,,,,,,,,,,,,,,,,,,,,,,,,,,,,,,,,,,,,,,,,,,,,,,,,,,,,,,,,,,,,,,,,,,,,,,,,,,,,,,,,,,,,,,,,,,,,,,,,,,,,,,,,,,,,,,,,,,,,,,,,,,,,,,,,,,,,,,,,,,,,,,,,,,,,,,,,,,,,,,,,,,,,,,,,,,,,,,,,,,,,,,,,,,,,,,,,,,,,,,,,,,,,,,,,,,,,,,,,,,,,,,,,,,,,,,,,,,,,,,,,,,,,,,,,,,,,,,,,,,,,,,,,,,,,,,,,,,,,,,,,,,,,,,,,,,,,,,,,,,,,,,,,,,,,,,,,,,,,,,,,,,,,,,,,,,,,,,,,,,,,,,,,,,,,,,,,,,,,,,,,,,,,,,,,,,,,,,,,,,,,,,,,,,,,,,,,,,,,,,,,,,,,,,,,,,,,,,,,,,,,,,,,,,,,,,,,,,,,,,,,,,,,,,,,,,,,,,,,,,,,,,,,,,,,,,,,,,,,,,,,,,,,,,,,,,,,,,,,,,,,,,,,,,,,,,,,,,,,,,,,,,,,,,,,,,,,,,,,,,,,,,,,,,,,,,,,,,,,,,,,,,,,,,,,,,,,,,,,,,,,,,,,,,,,,,,,,,,,,,,,,,,,,,,,,,,,,,,,,,,,,,,,,,,,,,,,,,,,,,,,,,,,,,,,,,,,,,,,,,,,,,,,,,,,,,,,*/mnjˈɛllu/,,,,,,,,,,,,,,,,,,,,,,,,,,,,,,,,,,,,,,,,,,,,,,,,,,,,,,,,,,,,,,,,,,,,,,,,,,,,,,,,,,,,,,,,,,,,,,,,,,,,,,,,,,,,,,,,,,,,,,,,,,,,,,,,,,,,,,,,,,,,,,,,,,,,,,,,,,,,,,,,,,,,,,,,,,,,,,,,,,,,,,,,,,,,,,,,,,,,,,,,,,,,,,,,,,,,,,,,,,,,,,,,,,,,,,,,,,,,,,,,,,,,,,,,,,,,,,,,,,,,,,,,,,,,,,,,,,,,,,,,,,,,,,,,,,,,,,,,,,,,,,,,,,,,,,,,,,,,,,,,,,,,,,,,,,,,,,,,,,,,,,,,,,,,,,,,,,,,,,,,,,,,,,,,,,,,,,,,,,,,,,,,,,,,,,,,,,,,,,,,,,,,,,,,,,,,,,,,,,,,,,,,,,,,,,,,,,,,,,,,,,,,,,,,,,,,,,,,,,,,,,,,,,,,,,,,,,,,,,,,,,,,,,,,,,,,,,,,,,,,,,,,,,,,,,,,,,,,,,,,,,,,,,,,,,,,,,,,,,,,,,,,,,,,,,,,,,,,,,,,,,,,,,,,,,,,,,,,,,,,,,,,,,,,,,,,,,,,,,,,,,,,,,,,,,,,,,,,,,,,,,,,,,,,,,,,,,,,,,,,,,,,,,,,,,,,,,,,,,,,,,,,,,,,,,,,,,,,,,,,,,,,,,,,,,,,,,,,,,,
R180,,,,,,,,,,,,,,,,,,,,,,,,,,,,,,,,,,,,,,,,,,,,,,,,,,,,,,,,,,,,,,,,,,,,,,,,,,,,,,,,,,,,,,,,,,,,,,,,,,,,,,,,,,,,,,,,,,,,,,,,,,,,,,,,,,,,,,,,,,,,,,,,,,,,,,,,,,,,,,,,,,,,,,,,,,,,,,,,,,,,,,,,,,,,,,,,,,,,,,,,,,,,,,,,,,,,,,,,,,,,,,,,,,,,,,,,,,,,,,,,,,,,,,,,,,,,,,,,,,,,,,,,,,,,,,,,,,,,,,,,,,,,,,,,,,,,,,,,,,,,,,,,,,,,,,,,,,,,,,,,,,,,,,,,,,,,,,,,,,,,,,,,,,,,,,,,,,,,,,,,,,,,,,,,,,,,,,,,,,,,,,,,,,,,,,,,,,,,,,,,,,,,,,,,,,,,,,,,,,,,,,,,,,,,,,,,,,,,,,,,,,,,,,,,,,,,,,,,,,,,,,,,,,,,,,,,,,,,,,,,,,,,,,,,,,,,,,,,,,,,,,,,,,,,,,,,,,,,,,,,,,,,,,,,,,,,,,,,,,,,,,,,,,,,,,,,,,,,,,,,,,,,,,,,,,,,,,,,,,,,,,,,,,,,,,,,,,,,,,,,,,,,,,,,,,,,,,,,,,,,,,,,,,,,,,,,,,,,,,,,,,,,,,,,,,,,,,,,,,,,,,,,,,,,,,,,,,,,,,,,,,,,,,,,,,,,,,,,,,,,,,,,,,,,,,,,,,,,,,,,,,,,,,,,,,,,,,,,,,,,,,,,,,,,,,,,,,,,,,,,,,,,,,,,,,,,,,,,,,,,,,,,,,,,,,,,,,,,,,,,,,,,,,,,,,,,,,,,,,,,,,,,,,,,,,,,,,,,,,,,,,,,,,,,,,,,,,,,,,,,,,,,,,,,,,,,,,,,,,,,,,,,,,,,,,,,,,,,,,,,,,,,,,,,,,,,,,,,,,,,,,,,,,,,,,,,,,,,,,,,,,,,,,,,,,,*/kɾestjˈɛnu/,,,,,,,,,,,,,,,,,,,,,,,,,,,,,,,,,,,,,,,,,,,,,,,,,,,,,,,,,,,,,,,,,,,,,,,,,,,,,,,,,,,,,,,,,,,,,,,,,,,,,,,,,,,,,,,,,,,,,,,,,,,,,,,,,,,,,,,,,,,,,,,,,,,,,,,,,,,,,,,,,,,,,,,*/astjˈɛɾne/,,,,,,,,,,,,*/stjˈɛrɡʲe/,,,,,,,,,,,,,,,,,,,,,,,,,,,,,,,,,,,,,,,,,,,,,,,,,,,,,,,,,,,,,,,,,,,,,,,,,,,,,,,,,,,,,,,,,,,,,,,,,,,,,,,,,,,,,,,,,,,,,,,,,,,,,,,,,,,,,,,,,,,,,,,,,,,,,,,,,,,,,,,,,,,,,,,,,,,,,,,,,,,,,,,,,,,,,,,,,,,,,,,,,,,,,,,,,,,,,,,,,,,,,,,,,,,,,,,,,,,,,,,,,,,,,,,,,,,,,,,,,,,,,,,,,,,,,,,,,,,,,,,,,,,,,,,,,,,,,,,,,,,,,,,,,
R181,,,,,,,,,,,,,,*/allˈeɡʲe/,,,,,,,,,,,,,,,,,,,,*/aɡʲjˈestu/,,,,,,,,,,,,,,,,,,,,,,,,,,,,,,,,*/annotjˈertʲo/,,,,,,,,,,,,,,,,,,,,,,*/bɾˈakʲe/,,,,,,,,,,*/kʲjˈelu/,*/kantekʲjˈellu/,,,,,*/kʲeɾjˈesja/,,,,,,,,,,,,*/kʲjˈeɾe/,*/kʲjˈeɾo/,,,,,,,,,,,,,,,,,,,,,,,,,,,,,,*/ˈedu/,,,,,,,,,,,,,,,,,,,,,,*/pjˈerɡla/,,,,,,*/pɾeˈotu/,,,,,,,,,*/sjˈerɾa/,,,,,,,,,,,,,,,,,,*/tjˈeneɾu/,,,,,,,,*/kɾˈejelu/,,,,*/ɡʲjˈena/,,,,,,,,,*/tjˈesta/,,,,,,,,,,,,,,,,,,,,,,,,,,,,,,,,,,,,,,,,,,,,,*/pjˈelle/,,,,,,,,,,,,,,,,,,,,,,,,,,,,,,,,,,*/anɡɾˈeeka/,,,,,,,,,,,,,,,,,,,,,,,*/pjˈepteno/,*/pjˈeptena/,,,,,,,,,,,,,,,,,,,,,,,,,,,,,,,,,,,,,,,,,,,,,,,,,,,,,,,,,,,,,,,,,,,,*/kʲjˈetʲa/,*/katjˈellu/,,,,*/fjˈewɾi/,*/ɡʲjˈeme/,*/ɡʲjˈemetu/,,,*/lesjonˈa/,,,,,,,,*/pjˈeɾjo/,*/pjˈeɾja/,,,*/pusklˈella/,,,,,,,,,,,,,,,,,*/injˈellu/,,*/kʲerkʲˈellu/,,*/marɡʲˈella/,,,,,,,*/ɡlˈemu/,,,,,,,,,,,,,,,*/kʲjˈena/,,,,,,,,,*/meɾˈende/,,,,,,,,*/d͡zjˈema/,,,,,,,,,,,,,,,*/feɾjˈestɾa/,,,,,,,,,,*/tɾajˈepta/,,,,,,,,,,,*/ɡʲjˈemanu/,,,,,,,,,,,*/ɡʲjˈeneɾe/,,,*/nojˈerka/,,,,,,,,,,,,*/djˈestɾe/,,,,,,,,,,,,,,,,,,,*/ɡʲjˈelu/,,,,,,,,,,,,,,,,*/ˈeɾi/,,,*/mjˈedʲa/,,,,,*/mjˈerkuɾi/,,,,,,,,,*/ejˈeɾna/,,,,,,*/pjˈetɾa/,,*/sjˈesu/,,,,,,,,,,*/monkʲˈellu/,,,*/skawnjˈellu/,,,,,,,,,,,,,*/tjˈeɾme/,*/tjˈeɾmule/,,,,,,,,,*/nojˈella/,,,,,,,,,*/surkʲˈellu/,*/surkʲˈella/,,,,,,,,,,,,*/kʲeɾjˈesju/,,,,,*/pjˈerseku/,,,,,,*/pedukʲjˈellu/,,,*/ˈedeɾa/,,,,,,,,,,,,,,,,,*/pjˈepene/,,,,,*/ˈerba/,,,,,,,,,,,,*/mjˈekla/,,,,,,,,,*/domjˈesteku/,,,,,,,,,,,,,,,,,,,,,,,*/mnjˈellu/,,,,,,,,,*/katjˈella/,,,*/ˈepa/,,,,,,,,*/porkʲˈellu/,*/porkʲˈella/,,,,,,,,*/vjˈerɾu/,,,*/vetjˈella/,*/vetjˈellu/,,,,*/kʲjˈerbu/,*/ljˈepoɾe/,,,,,,,,,,,,,,,,,,*/dɾepnˈella/,,,,,*/eɾundenjˈella/,*/mjˈerla/,,,,,,,,*/turtuɾjˈella/,,,,,,*/sjˈerpe/,,,*/vˈipeɾe/,,,,,,,,,,,,,,,,*/vjˈeɾme/,*/vjˈespa/,,,,*/desjˈertu/,,,*/ɡɾˈee/,,*/antɾˈeɡu/,,,,,,,,,,,,*/pjˈetʲa/,,,,,,,,,,,,,,,,,*/sjˈese/,,,,,,,,,,,,,,,,,,,,*/mjˈedʲu/,,,,,,,,,,,,,,,,,,,,,,,,,,,,,,*/ɡɾˈeku/,,,,,,,,,,,,,,,,*/njestemˈatu/,,,,,,,*/ljˈeo/,*/ljˈea/,,,*/pjˈerde/,*/pɾˈetʲu/,,,*/kɾestjˈenu/,,*/djˈew̥/,,,,,,,,,,,,,*/pˈaskʲe/,,,,,,,,,,,,,,,,,,,*/vjˈersu/,,,*/petɾˈekʲe/,,,*/mjˈeɾu/,,,,,,,,,,,*/fjˈerbe/,*/rɾˈekʲe/,,,,,,,,,,,,,,,,,,,,,,,,,,,,,,,,,*/indˈeɾet/,,,,,,,,,*/spɾˈe/,,,,,,*/vjˈeklu/,,,,,,,,*/asjˈedʲo/,*/asjˈedʲa/,,,,,,,,,,,*/mjˈerɡʲe/,,,,,,*/sjˈede/,,,,*/tɾˈekʲe/,,,,,,,,,,,,,,,,,,,,,,,*/kˈate/,,,,,,,,*/rɾˈew̥/,,,,,,*/astjˈeɾne/,,,,,,,,,,,,*/stjˈerɡʲe/,,,,,,,,,,,,,,,,,,,,,,,,,,,,,,,,,,,,,,,,,*/bukʲjˈella/,,,,*/pjˈedeka/,,,,*/sjˈella/,,,,,*/kʲjˈeɾne/,,,,,,,,,,,,,,*/tjˈerɾa/,,,,,,,,,,,,,,,,,,,,,,,,,,,,,,,,,,,,,,,,,,,,,,,,,,,,,,,,,,*/fuskʲˈellu/,,,,,,,*/pjˈedenu/,,,*/rɾetjˈella/,,,,,*/tjˈese/,,,,,,,,,,,,,,,,,,,,,,,,*/ollkʲˈella/,,*/tjˈestu/,,,,,,,,,,,,,,,,,,,,,,,,*/djˈeda/,,,*/kʲjˈene/,,,,,,,,,*/tjˈene/,,,,,,*/mjˈele/,*/fjˈele/,,*/pjˈe/,,,,,*/pjˈerseka/,*/sjˈepte/,,,,,,*/pjˈeptene/,*/pjˈeptu/,,,,,,,,,,,*/bjˈene/,*/fjˈerɾu/,,,,,,,,,,,*/kʲjˈerɾu/,,,,,,,,,,,*/njˈeɡula/,,*/njˈeɡu/,,,,,,,,,*/kˈase/,,,*/ˈeste/,,,,*/ˈelle/,*/ˈew̥/,*/ˈe/,,,,*/nˈeɡɾe/,,*/djˈekʲe/,,,,*/mjˈea/,,,,,,,,,,,,,,,,
R182,,,,,,,,,,,,,,,,,,,,,,,,,,,,,,,,,,,,,,,,,,,,,,,,,,,,,,,,,,,,,,,,,,,,,,,,,,,,,,,,,,,,,,,,,,,,,,,,,,,,,,,,,,,,,,,,,,,,,,,,,,,,,,,,,,,,,,,,,,,,,,,,,,,,,,,,,,,,,,,,,,,,,,,,,,,,,,,,,,,,,,,,,,,,,,,,,,,,,,,,,,,,,,,,,,,,,,,,,,,,,,,,,,,,,,,,,,,,,,,,,,,,,,,,,,,,,,,,,,,,,,,,,,,,,,,,,,,,,,,,,,,,,,,,,,,,,,,,,,,,,,,,,,,,,,,,,,,,,,,,,,,,,,,,,,,,,,,,,,,,,,,,,,,,,,,,,,,,,,,,,,,,,,,,,,,,,,,,,,,,,,,,,,,,,,,,,,,,,,,*/fjˈowɾi/,,,,,,,,,,,,,,,,,,,,,,,,,,,,,,,,,,,,,,,,,,,,,,,,,,,,,,,,,,,,,,,,,,,,,,,,,,,,,,,,,,,,,,,,,,,,,,,,,,,,,,,,,,,,,,,,,,,,,,,,,,,,,,,,,,,,,,,,,,,,,,,,,,,,,,,,,,,,,,,,,,,,,,,,,,,,,,,,,,,,,,,,,,,,,,,,,,,,,,,,,,,,,,,,,,,,,,,,,,,,,,,,,,,,,,,,,,,,,,,,,,,,,,,,,,,,,,,,,,,,,,,,,,,,,,,,,,,,,,,,,,,,,,,,,,,,,,,,,,,,,,,,,,,,,,,,,,,,,,,,,,,,,,,,,,,,,,,,,,,,,,,,,,,,,,,,,,,,,,,,,,,,,,,,,,,,,,,,,,,,,,,,,,,,,,,,,,,,,,,,,,,,,,,,,,,,,,,,,,,,,,,,,,,,,,,,,,,,,,,,,,,,,,,,,,,,,,,,,,,,,,,,,,,,,,,,,,,,,,,,,,,,,,,,,,,,,,,,,,,,,,,,,,,,,,,,,,,,,,,,,,,,,,,,,,,,,,,,,,,,,,,,,,,,,,,,,,,,,,,,,,,,,,,,,,,,,,,,,,,,,,,,,,,,,,,,,,,,,,,,,,,,,,,,,,,,,,,,,,,,,,,,,,,,,,,,,,,,,,,,,,,,,,,,,,,,,,,,,,,,,,,,,,,,,,,,,,,,,,,,,,,,,,,,,,,,,,,,,,,,,,,,,,,,,,,,,,,,,,,,,,,,,,,,,,,,,,,,,,,,,,,,,,,,,,,,,,,,,,,,,,,,,,,,,,,,,,,,,,,,,,,,,,,,,,,,,,,,,,,,,,,,,,,,,,,,,,,,,,,,,,,,,,,,,,,,,,,,,,,,,,,,,,,,,,,,,,,,,,,,,,,,,,,,,,,,,,,,,,,,,,,,,,,,,,,,,,,,,,,,,,,,,,,,,,,,,,,,,,,,,,,,,,,,,,,,,,,,,,,,,,,,,,,,,,,,,,,,,,,,,,,,,,,,,,,,,,,,,,,,,,,,,,*/kʲˈuwɾu/,,,,,,,,,,,,,,,,,,,,,,,,,,,,,,,,,,,,,,,,,,,,,,,,,,
R183,,,,,,,,,,,,,,,,,,,,,,,,,,,,,,,,,,,,,,,,,,,,,,,,,,,,,,,,,,,,,,,,,,,,,,,,,,,,,,,,,,,,,,,,,,,,,,,,,,,,,,,,,,,,,,,,,,,,,,,,,,,,,,,,,,,*/faɾekˈa/,,,,,,,,,,,,,,,,,,,,,,,,,,,,,,,,,,,,,,,,,,,,,,,,,,,,,,,,,,,,,,,,,,,,,,,,,,,,,,,,,,,,,,,,,,,,,,,,,,,,,,,,,,,,,,,,,,,,,,,,,,,,,,,,,,,,,,,,,,,,,,,,,,,,,,,,,,,,,,,,,,,,,,,,,,,,,,,,,,,,,,,,,,,,,,,,,,,,,,,,,,,,,,,,,,,,,,,,,,,,,,,,,,,,,,,,,,,,,,,,,,,,,,,,,,,,,,,,,,,,,,,,,,,,*/fjˈoɾi/,,,,,,,,,,,,,,,,,,,,,,,,,,,,,,,,,,,,,,,,,,,,,,,,,,,,,,,,,,,,,,,,,,,,,,,,,,,,,,,,,,,,,,,,,,,,,,,,,,,,,,,,,,,,,,,,,,,,,,,,,,,,,,,,,,,,,,,,,,,,,,,,,,,,,,,,,,,,,,,,,,,,,,,,,,,,,,,,,,,,,,,,,,,,,,,,,,,,,,,,,,,,,,,,,,,,,,,,,,,,,,,,,,,,,,,,,,,,,,,,,,,,,,,,,,,,,,,,,,,,,,,,,,,,,,,,,,,,,,,,,,,,,,,,,,,,,,,,,,,,,,,,,,,,,,,,,,,,,,,,,,,,,,,,,,,,,,,,,,,,,,,,,,,,,,,,,,,,,,,,,,,,,,,,,,,,,,,,,,,,,,,,,,,,,,,,,,,,,,,,,,,,,,,,,,,,,,,,,,,,,,,,,,,,,,,,,,,,,,,,,,,,,,,,,,,,,,,,,,,,,,,,,,,,,,,,,,,,,,,,,,,,,,,,,,,,,,,,,,,,,,,,,,,,,,,,,,,,,,,,,,,,,,,,,,,,,,,,,,,,,,,,,,,,,,,,,,,,,,,,,,,,,,,,,,,,,,,,,,,,,,,,,,,,,,,,,,,,,,,,,,,,,,,,,,,,,,,,,,,,,,,,,,,,,,,,,,,,,,,,,,,,,,,,,,,,,,,,,,,,,,,,,,,,,,,*/luɾekˈa/,,,,,,,,,,,,,,,,,,,,,,,,,,,,,,,,,,,,,,,,,,,,,,,,,,,,,,,,,,,,,,,,,,,,,,,,,,,,,,,,,,,,,,,,,,,,,,,,,,,,,,,,,,,,,,,,,,,,,,,,,,,,,,,,,,,,,,,,,,,,,,,,,,,,,,,,,,,,,,,,,,,,,,,,,,,,,,,,,,,,,,,,,,,,,,,,,,,,,,,,,,,,,,,,,,,,,,,,,,,,,,,,,,,,,,,,,,,,,,,,,,,,,,,,,,,,,,,,,,,,,,,,,,,,,,,,,,,,,,,,,,,,,,,,,,,,,,,,,,,,,,,,,,,,,,,,,,,,,,,,,,,,,,,,,,,,,,,,,,,,,,,,,,,,,,,,,,,,,,,,*/zɡˈaɾja/,,,,,
R184,,,,,,,,,,,*/aɡʲˈutu/,,,,,*/allunɡˈa/,,,,,,,,,,,,,,,,,,,,,,,,,,,,,,,,,,,,,,,,,,,,,,,,*/ammurtˈi/,,*/annutjˈertʲu/,,,,,,,,,,*/ˈarbuɾe/,*/arbuɾˈetu/,,,,,,,*/buteɡʲˈone/,*/butedʲˈa/,,,,,,,,,,*/dulˈoɾe/,,,,,,,,,,,,*/kumnˈatu/,*/kuptˈoɾju/,,,*/kutedʲˈa/,,,,,,*/kʲjˈeɾu/,,,,,,,,,,,,,,,,,,,,*/furtˈuna/,*/fusˈatu/,,,,,,,,,,*/urɾˈi/,*/urɾˈesku/,,,,,*/ankˈaltʲu/,,*/ankunɡʲuɾˈa/,,,,,,,,*/mesjunˈa/,,,,,,,,,,,,,,,,,,,,,,,,,,*/tusjunˈa/,,,,,,,,,,,,,,,,,,,,,,,,,,,,,,,,,,,,,,,,,,,,,,,,,,,,,,,,,,,,,,,,,,,,,,,,,,,,,,,,,,,,,,,,,,,,,,,,,,,,,,,,,,,*/kustˈa/,,,,,,,,,,,,,,,,,,,,,*/rɾepusˈa/,,,,,,,*/pjˈeptenu/,,,,,,,*/dulˈe/,*/duljˈosu/,,,,,,,,,,,,,,*/mustɾˈa/,,,,,,,,,,,*/rɾusjˈone/,,,,,,,,,,,,,,*/kuɡʲetˈa/,*/kunˈoskʲe/,,,,,,,,,,*/uwlitˈa/,,,,,,,,,,,,,,,*/duluɾˈosu/,,,,,,*/lesjunˈa/,*/lanɡʲˈesku/,,,*/muɾˈi/,,,*/ukʲˈide/,*/pjˈeɾju/,,,,,,,,,,,,,,,,,,,,,,,,*/kuɾˈona/,,,,,,,,,,,,,,,,,,*/ansulˈa/,*/anfasʲulˈa/,,,,,,,,,,,,,,,,,,,,,,,,,,,,,,,,,,,,,*/funtˈana/,*/usʲˈolu/,,,,,,,,,,,,,,,,,,,,,,,,*/sˈoɾu/,,,,*/kˈosukɾu/,,,*/ˈomu/,,,,,,,,,,,,*/kuɾunˈa/,,,,*/ansuɾˈa/,,,,,,,,,,,,,,,,,,,,,,,,,,,*/tunˈa/,,,,,,,,,,,,,,,,,,,,,,,,,,,,,,,,,,,,,,,*/kutɾemulˈa/,,*/munkʲˈellu/,,,,*/sulˈinu/,,,,,*/sˈuku/,,,,,,,,,,,,,,,,,,,,,,,,,,,,,,,,,,,,,,,,*/ɡutˈonja/,*/ɡutˈonju/,,,,,,,,,,,,,,,,,,,,,,,*/kulˈeklu/,,,,,,,,,,,,,,,,,,,,,,,,,,,,,*/bulˈete/,,,,,,,,,,,,,,,,,,*/ɡarɾˈesku/,,*/mursekˈa/,,,*/rɾunkʲedʲˈa/,,,,,,,,,,,,,,*/kuɾnˈutu/,,,,,,,,,*/purkʲˈellu/,*/purkʲˈella/,*/purkʲˈina/,,,,,,,,,,,,,,,,*/ljˈepuɾe/,,,,,,,,,*/zbulˈa/,,,,,,,,,,,,,,,,,,,,,,,,,,,,,,,,,,,,,,,,,,,,,,,,,,,,,,,,,,,,,,,,,,,,,,,,,,,,,,,,,,,,,*/ˈoptu/,*/pˈatɾu/,,,,,,,,,,,,,,,,,,,,,,,,,,,,,,,,,,,,,,,,,,,*/kulˈostɾa/,,,,,,,,,,,,,,,,,,,*/putˈentʲa/,,,,,,,*/kˈompaɾu/,,,,,*/ljˈeu/,,*/neɡutʲatˈor/,,,,,,,,,*/dɾˈaku/,,,,,*/uɾakʲˈone/,,,,*/rɾuɡˈa/,*/rɾuɡakʲˈone/,,,,,,,,,,,,,,,,,,*/sunˈa/,,,,*/ɡʲukˈa/,,,,,,,,,,,,,,,,,,,,,,,,,,,,,,*/ammu/,,,*/kutɾa/,,,,,*/dˈepu/,,,,*/akˈummu/,,,,,*/anadˈentɾu/,,*/ankutɾa/,,*/ˈantɾu/,,,,*/pɾˈentɾu/,,,,,,,*/tempuɾˈiu/,,,,,,,,,*/apɾˈopju/,,*/asjˈedʲu/,,,,*/kullukˈa/,,,,,,,,,,,*/pɾukʲˈede/,,,,,,,,,,,,,*/kupɾˈende/,,,,,,,,,,,,,*/ukasjunˈa/,,,,,,*/fuɾa/,,*/putˈe/,,,*/kˈomudu/,,,,,,,,,,,,,,,,,,,,,*/stɾakulˈa/,,,,,,,,,,,,,,,,*/mulljˈa/,,,,,,,,,,,,,,,,,,,,*/purtˈa/,,,,,,,,,,,,,,,*/ˈaɾu/,,*/kullˈeɡʲe/,,,,,,,,,,,,,,,,,,,,,,,,,,,,,,,,,,,*/purkˈaɾju/,*/purkaɾˈetʲa/,,,,,,,,,,,,,,,,,*/despuljˈa/,,*/anfɾuntˈa/,,,,,,,,,,,,,,*/fulljˈolu/,,,,,,,*/urdˈi/,,,,,,,,,,,,,,,*/duɡˈaɾju/,*/dulˈa/,,,,,,,,,,,,,,*/stɾakulatˈoɾja/,,,*/ullˈaɾju/,*/ullkʲˈella/,,,,,*/kurɾˈeja/,*/kutˈitu/,,,,,,,,,,,,,,*/uɾˈa/,,,,,,,,,,,,,*/uɾˈekla/,,,,,,,,,,,,,,,,,,,,,,,,,*/lˈuptu/,,,,,,,,,,,,,,,,,,,,,,*/spˈeɾu/,,,,,,,,,,,,,,,,,,,*/adˈuku/,,,,,,,,*/kˈandu/,,,,,,,,,,,,,,,,,,,,,*/purtˈaa/,,*/dˈiku/,,,*/zɡˈaulu/,,,,,,,
R185,,,,,,,,,,,,,,,,,,,,,,,,,,,,,,,,,,,,,,,,,,,,,,,,,,,,,,,,,,,,,,,,,,,,,,,,,,,,,,,,,,,,,,,,,,,,,,,,,,,,,,,,,,,,,*/kummenekˈa/,,,,,,,,,,,,,,,,,,,,,,,,,,,,,,,,,,,,,,,,,,,,,,,,,,,,,,,,,,,,,,,,,,,,,,,,,,,,,,,,,,,,,,,,,,,,,,,,,,,,,,,,,,,,,,,,,,,,,,,,,,,,,,,,,,,,,,,,,,,,,,,,,,,,,,,,,,,,,,,,,,,,,,,,,,,,,,,,,,,,,,,,,,,,,,,,,,,,,,,,,,,,,,,,,,,,,,,,,,,,,*/ankummˈete/,,,,,,,,,,,,,,,,,,,,,,,,,,,,,,,,,,,,,,,,,,,,,,,,,,,,,,,,,,,,,,,,,,,,,,,,,,,,,,,,,,,,,,,,,,,,,,,,,,,,,,,,,,,,,,,,,,,,,,,,,,,,,,,,,,,,,,,,,,,,,,,,,,,,,,,,,,,,,,,,,,,,,,,,,,,,,,,,,,,,,,,,,,,,,,,,,,,,,,,,,,,,,,,,,,,,,,,,,,,,,,,,,,,,,,,,,,,,,,,,,,,,,,,,,*/dumˈeneka/,,,,,,,,,,,,,,,,,,,,,,,,,,,,,,,,,,,,,,,,,,,,,,,,,,,,,,,,,,,,,,,,,,,,,,,,,,,,,,,,,,,,,,,,,,,,,,,,,,,,,,,,,,,,,,,,,,,,,,,,,,,,,,,,,,,,,,*/dumjˈesteku/,,,,,,,,,,,,,,,,,,,,,,,,,,,,,,,,,,,,,,,,,,,,,,,,,,,,,,,,,,,,,,,,,,,,,,,,,,,,,,,,,,,,,,,,,,,,,,,,,,,,,,,,,,,,,,,,,,,,,,,,,,,,,,,,,,,,,,,,,,,,,,,,,,,,,,,,,,,,,,,,,,,,,,,,,,,,,,,,,,,,,,,,,,,,,,,,,,,,,,,,,,*/kuvenjˈentʲa/,*/kuvenˈi/,*/kuventˈa/,,,,,,,,,,,,,,,,,,,,*/kumpaɾˈa/,,,,*/ampɾumutˈa/,,,,,,,,,,,,,,,,,,,,,,,,,,,*/kummandˈa/,,,,,,,,,,,,,,,,,,,,,,,,,,,,,,,,,,,,,,,,,,,,,,,,,,,,,,,,,,,,,,,,,,,,,,,,,,,,,,,,,,,,,,,,,,,,,,,,,,,,,,,,,,,,,,,,,,,,,,,,,,,,,,,,,,,,,,,,,,,,,,,,,,,,,,,,,,,,,,,,,,,,,,,,,,,,,,,,,,,,,,,,,,,,,,,,,,,,,,,,,,,,,,,,,,,,,,,,,,,,,,,,,,,,,,,,,,,,,,,,,,,,,,,,,,,,,,,,,,,,,,,,,,,,,,,,,,,,,,,,,,,,,,,,,,,,,,,,,,,,,,,,,,,,,,,,,,,,,,,,,,,,,,,,,,,,,,,,,,,,,,,*/kuvˈentu/,,,,,,,,,,,,,,,,,,,,,,,,,,,,,,,,,,,,,,,,,,,,,,,,,,,,,,,,,,,,,,,,,,,,,,,,,,,,,,,,,,,,,,,,,,,,,,,,,,,,,,,,,,,,,,,,,,,,,,,,,,,,
R186,,,,,,,,,,,,,,,,,,,,,,,,,,,,,,,,,,,,,,,,,,,,,,,,,,,,,,,,,,,,,,,,,,,,,,,,,,,,,,,,,,,,,,,,,,,,,,,,,,,,,,,,,,,,,,,,,,,,,,,,,,,,,,,,,,,,,,,,,,,,,,,,,,,,,,,,,,,,,,,,,,,,,,,,,,,,,,,,,,,,,,,,,,,,,,,,,,,,,,,,,,,,,,,,,,,,,,,,,,,,,,,,,,,,,,,,,,,,,,,,,,,,,,,,,,,,,,,,,,,,,,,,,,,,,,,,,,,,,,,,,,,,,,,,,,,,,,,,,,,,,,,,,,,,,,,,,,,,,,,,,,,,,,,,,,,,,,,,,,,,,,,,,,,,,,,,,,,,,,,,,,,,,,,,,,,,,,,,,,,,,,,,,,,,,,,,,,,,,,,,,,,,,,,,,,,,,,,,,,,,,,,,,,,,,,,,,,,,,,,,,,,,,,,,,,,,,,,,,,,,,,,,,,,,,,,,,,,,,,,,,,,,,,,,,,,,,,,,,,,,,,,,,,,,,,,,,,,,,,,,,,,,,,*/nujˈerka/,,,,,,,,,,,,,,,,,,,,,,,,,,,,,,,,,,,,,,,,,,,,,,,,,,,,,,,,,,,,,,,,,,,,,,,,,,,,,,,,,,,,,,,,,,,,,,,,,,,,,,,,,,,,*/nujˈella/,,,,,,,,,,,,,,,,,,,,,,,,,,,,,,,,,,,,,,,,,,,,,,,,,,,,,,,,,,,,,,,,,,,,,,,,,,,,,,,,,,,,,,,,,,,,,,,,,,,,,,,,,,,,,,,,,,,,,,,,,,,,,,,,,,,,,,,,,,,,,,,,,,,,,,,,,,,,,,,,,,,,,,,,,,,,,,,,,,,,,,,,,,,,,,,,,,,,,,,,,,,,,,,,,,,,,,,,,,,,,,,,,,,,,,,,,,,,,,,,,,,,,,,,,,,,,,,,,,,,,,,,,,,,,,,,,,,,,,,,,,,,,,,,,,,,,,,,,,,,,,,,,,,,,,,,,,,,,,,,,,,,,,,,,,,,,,,,,,,,,,,,,,,,,,,,,,,,,,,,,,,,,,,,,,,,,,,,,,,,,,,,,,,,,,,,,,,,,,,,,,,,,,,,,,,,,,,,,,,,,,,,,,,,,,,,,,,,,,,,,,,,,,,,,,,,,,,,,,,,,,,,,,,,,,,,,,,,,,,,,,,,,,,,,,,,,,,,,,,,,,,,,,,,,,,,,,,,,,,,,,,,,,,,,,,,,,,,,,,,,,,,,,,,,,,,,,,,,,,,,,,,,,,,,,,,,,,,,,,,,,,,,,,,,,,,,,,,,,,,,,,,,,,,,,,,,,,,,,,,,,,,,,,,,,,,,,,,,,,,,,,,,,,,,,,,,,,,,,,,,,,,,,,,,,,,,,,,,,,,,,,,,,,,,,,,,,,,,,,,,,,,,,,,,,,,,,,,,,,,,,,,,,,,,,,,,,,,,,,,,,,,,,,,,,,,,,,,,,,,,,,,,,,,,,,,,,,,,,,,,,,,,,,,,,,,,,,,,,,,,
R187,,,,,,,,,,,,,,,,,,,,,,,,,,,,,,,,,,,,,,,,,,,,,,,,,,,,,,,,,,,,,,,,,,,,,,,,,,,,,,,,,,,,,,,,,,,,,,,,,,,,,,,,,,,,,,,,,,,,,,,,,,,,,,,,,,,,,,,,,,,,,,,,,,,,,,,,,,,,,,,,,,,,,,,,,,,,,,,,,,,,,,,,,,,,,,,,,,,,,,,,,,,,,,,,,,,,,,,,,,,,,,,,,,,,,,,,,,,,,,,,,,,,,,,,,,,,,,,,,,,,,,,,,,,,,,,,,,,,,,,,,,,,,,,,,,,,,,,,,,,,,,,,,,,,,,,,,,,,,,,,,,,,,,,,,,,,,,,,,,,,,,,,,,,,,,,,,,,,,,,,,,,,,,,,,,,,,,,,,,,,,,,,,,,,,,,,,,,,,,,,,,,,,,,,,,,,,,,,,,,,,,,,,,,,,,,,,,,,,,,,,,,,,,,,,,,,,,,,,,,,,,,,,,,,,,,,,,,,,,,,,,,,,,,,,,,,,,,,,,,,,,,,,,,,,,,,,,,,,,,,,,,,,,,,,,,,,,,,,,,,,,,,,,,,,,,,,,,,,,,,,,,,,,,,,,,,,,,,,,,,,,,,,,,,,,,,,,,,,,,,,,,,,,,,,,,,,,,,,,,,,,,,,,,,,,,,,,,,,,,,,,,,,,,,,,,,,,,,,,,,,,,,,,,,,,,,,,,,,,,,,,,,,,,,,,,,,,,,,,,,,,,,,,,,,,,,,,,,,,,,,,,,,,,,,,,,,,,,,,,,,,,,,,,,,,,,,,,,,,,,,,,,,,,,,,,,,,,,,,,,,,,,,,,,,,,,,,,,,,,,,,,,,,,,,,,,,,,,,,,,,,,,,,,,,,,,,,,,,,,,,,,,,,,,,,,,,,,,,,,,,,,,,,,,,,,,,,,,,,,,,,,,,,,,,,,,,,,,,,,,,,,,,,,,,,,,,,,,,,,,,,,,,,,,,,,,,,,,,,,,,,,,,,,,,,,,,,,,,,,,,,,,,,,,,,,,,,,,,,,,,,,,,,,,,,,,,,,,,,,,,,,,,,,,,,,,,,,,,,,,,,,,,,,,,,,,,,,,,,,,,,,,,,,,,,,,,,,,,,,,,,,,,,,,,,,,,,,,,,,,,,,,,,,,,,,,,,,,,,,,,,,,,,,,,,,,,,,,,,,,,,,,,,,,,,,,,,,,,,,,,,,,,,,,,,,,,,,,,,,,,,,,,,,,,,,,,,,,,,,,,,,,,,,,,,,,,,,,,,,,,,,,,,,,,,,,,,,,,,,,,,,,,,,,,,,,,,,,,,,,,,,,,,,,,,,,,,,,,,,,,,,,,,,,,,,,,,,,,,,,,,,,,,,,,,,,,,,,,,,,,,,,,,,,,,,,,,,,,,,,,,,,,,,,,,,,,,,,,,,,,,,,,,,,,,,,,,,,,,,*/jesˈi/,,,,,,,,,,,,,,,,,,,,,,,,,,,,,,,,,,,,,,,,,,,,,,,,,,,,,,,,,,,,,,,,,,,,,,,,,,,,
R188,,,,,,,,,,,,,,,,,,,,,,,,,,,,,,,,,,,,,,,,,,,,,,,,,,,,,,,,,,,,,,,,,,,,,,,,,,,,,,,,,,,,,,,,,,,,,,,,,,,,,,,,,,,,,,,,,,,,,,,,,,,,,,,,,,,,,,,,,,,,,,,,,,,*/jˈedu/,,,,,,,,,,,,,,,,,,,,,,,,,,,,,,,,,,,,,,,,,,,,,,,,,,,,,,,,,,,,,,,,,,,,,,,,,,,,,,,,,,,,,*/jˈelja/,,,,,,,,,,,,,,,,,,,,,,,,,,,,,,,,,,,,,,,,,,,,,,,,,,,,,,,,,,,,,,,,,,,,,,,,,,,,,,,,,,,,,,,,,,,,,,,,,,,,,,,,,,,,,,,,,,,,,,,,,,,,,,,,,,,,,,,,,,,,,,,,,,,,,,,,,,,,,,,,,,,,,,,,,,,,,,,,,,,,,,,,,,,,,,,,,,,,,,,,,,,,,,,,,,,,,,,,,,,,,,,,,,,,,,,,,,,,,,,,,,,,,,,,,,,,,,,,,,,,,,,,,,,,,,,,,,,,,,,,,,,,,,,,,,,,,,,,,,,,,,,,,,,,,,,,,,,,,,,,,,,,,,,,,,,,,,,,,,,,,*/jˈeɾi/,,,,,,,,,,,,,,,,,,,,,,,,,,,,,,,,,,,,,,,,,,,,,,,,,,,,,,,,,,,,,,,,,,,,,,,,,,,,,,,,,,,,,,,,,,,,,,,,,*/jˈedeɾa/,,,,,,,,,,,,,,,,,,,,,,*/jˈerba/,,,,,,,,,,,,,,,,,,,*/jˈeska/,,,,,,,,,,,,,,,,,,,,,,,,,,,,,,,,,,,,,*/jˈepa/,,,,,,,,,,,,,,,,,,,,,,,,,,,,,,,,,,,,,,,,,,,,,,,,,,,,,,,,,,,,,,,,,,,,,,,,,,,,,,,,,,,,,,,,,,,,,,,,,,,,,,,,,,,,,,,,,,,,,,,,,,,,,,,,,,,,,,,,,,,,,,,,,,,,,,,,,,,,,,,,,,,,,,,,,,,,,,,,,,,,,,,,,,,,,,,,,,,,,,,,,,,,,,,,,,,,,,,,,,,,,,,,,,,,,,,,,,,,,,,,,,,,,,,,,,,,,,,,,,,,,,,,,,,,,,,,,,,,,,,,,,,,,,,,,,,,,,,,,,,,,,,,,,,,,,,,,,,,,,,,,,,,,,,,,,,,,,,,,,,,,,,,,,,,,,,,,,,,,,,,,,,,,,,,,,,,,,,,,,,,,,,,,,,,,,,,,,,,,,,,,,,,,,,,,,,,,,,,,,,,,,,,,,,,,,,,,,,,,,,,,,,,,,,,,,,,,,,,,,,,,,,,,,,,,,,,,,,,,,,,,,,,,,,,,,,,,,,,,,,,,,,,,,,,,,,,,,,,,,,,,,,,,,,,,,,,,,,,,,,,,,,,,,,,,,,,,,,,,,,,,,,,,,,,,,,,,,,,,,,,,,,,,,,,,,,,,,,,,,,,,,,,,,,,,,,,,,,,,,,,,,,,,,,,,,,,,,,,,,,,,,,,,,,,,,,,,,,*/jˈeste/,*/jˈellu/,*/jˈella/,*/jˈelli/,*/jˈelle/,*/jˈew̥/,*/jˈe/,,,,,,,,,,,,,,,,,,,,,,,,,,
R189,,,,,,,,,,,,,,,,,,,,,,,,,,,,,,,,,,,*/ˈaɡʲeɾe/,,,,,,,,,,,,,*/ˈakʲeɾa/,,,,,,,,,,*/albjˈoɾa/,,,,,,,,,,,,,,,,,,,,,,,,,,,,*/basˈeɾeka/,,,,,,,,,*/duɾˈoɾe/,,,*/kʲjˈeɾu/,,,*/ɡˈauɾa/,,,,,,,,,,,,,,,,,,,,,,,,,,,,,,,,,,*/flˈakuɾa/,*/fˈakuɾa/,,,,,,,*/ɡlˈanduɾa/,*/ɡˈuɾa/,,,,,,,,,,,,,,,,,,,,,,,,,,,*/pˈetuɾa/,,,,,,,,,,,,,,,,,,*/stˈuɾa/,,,,,,,*/fekʲˈoɾu/,*/fekʲˈoɾa/,,,,,,,,,,,,,*/kɾˈejeɾu/,,,,,,,,,,,*/paɾˈatʲu/,,,,,,,,*/kˈuɾu/,,,,,,,,,,,,,,*/spinˈaɾe/,,*/suˈaɾa/,,,*/umbeɾˈiku/,,,,,,,,,,,,,*/pekʲˈoɾu/,,,,,,,,,,,,,,,,,,,,,,,,,,,,,,,,,,,,,,,,,,,,,,,,,,,,,,,,,,,,,,,,,,,,,,,*/duɾˈe/,,*/dˈoɾu/,,,,*/feɾˈikʲe/,,,,*/mˈaɾu/,,,,,,,,,,,,,,,,,,,,,,,,*/tɾemuɾˈa/,,,*/turbuɾˈa/,,,,,,,,,,,,,,,,,,,,,,,,,,,,,*/duɾuɾˈosu/,,,,,,,,,,,,,,,,,,,,,,,,,,,,,,,*/palljˈoɾa/,,,,,*/bɾatʲˈaɾa/,,,,,*/bɾakʲˈiɾe/,,,*/fasʲˈoɾa/,*/fˈiɾu/,,,,,,,,,,,*/ansuɾˈa/,*/anfasʲuɾˈa/,,,,,,,,*/kʲˈiɾu/,,,,,,,,,*/sˈaɾe/,,,,,,,,,,,,*/kˈaɾami/,*/kapɾjˈoɾu/,,,,,,,,*/usʲˈoɾu/,,,,*/skˈaɾa/,*/stˈuɾu/,,,,,,,,,,,,,,,,,,,,,,,,,,,,,,,,,,,,,,,,,,,,,,,,,,,,*/rɾesaɾˈi/,*/sˈoɾe/,,,,*/kaɾˈoɾe/,,*/ɡʲjˈeɾu/,,*/nˈuaɾu/,,,,,,,,,,,,,,,,,,,,,,,,,,,*/kaɾendˈaɾju/,,,,,,,,,,,,,,,,,,,,*/kutɾemuɾˈa/,,,,,,*/suɾˈinu/,,,,,,,,,,,,,*/tjˈeɾmuɾe/,*/tˈurbuɾe/,,,,,,,,,,,,,,,,,,,,,,,,,*/padˈuɾe/,,,,,,,,*/mˈeɾu/,,,,,,,*/paɾˈumba/,,,,,,,,,,,,,*/sekˈaɾa/,,*/kuɾˈeklu/,,,,,,,,,,,,,,,*/aɾjˈoɾu/,,*/fˈeɾekʲe/,,,,,,,,,,*/vjˈoɾa/,*/vˈolbuɾa/,*/buɾˈete/,,,,,,,,,,,,,,*/mˈuɾa/,,,,,,,,,,,,,,,,,,,,,,,,,,,,,,,,,,,,,,,,,,,,,,,,*/bˈuaɾu/,,,,,,,,*/ˈaɾapa/,,,*/zbuɾˈa/,,,,*/pˈennuɾa/,,,,,,,*/ɡˈalɡuɾu/,*/ɡɾˈauɾu/,,,,*/paɾˈumbu/,,,,,,,,,,,,,,,,,,,,*/flˈutuɾe/,*/flutuɾˈa/,,*/ɡɾˈelljjeɾu/,,,,,,,*/pˈuɾekʲe/,,,,,,,,,,,,,,,,,,,,,,,,,,,*/sˈenɡuɾu/,,,,,,,,,,,,,,,,,,,,,,,,,,,,,,,,,,,,,,,,,,,,,*/skˈorbuɾa/,,,*/semeɾˈa/,,*/subtˈiɾe/,,*/tˈaɾe/,,,,*/kuɾˈostɾa/,,,,,,,,,,,,,,,,,,,,*/saɾutˈa/,,,,,,,,,,,,,,,,,,*/ˈanɡʲeɾu/,,,,,,,,,,,,,,,,,,,,,,,,,,,,,,,*/sijeɾˈa/,,,,,,,,,,,,,,,,,,,,,,,,,,,,*/fuɾˈiɡʲene/,,,,,,,,,,,,,,,,,,,,,,,,,,,,,,,,,,,,,,,,,,,,,,,,,,,,,,,,,,,,,,,*/pɾambuɾˈa/,,,*/saɾˈi/,,,,,,,,,,,,,,,,,,,,,,,,,,,,,,,,,,*/kˈaɾe/,,,,,,*/sˈemeɾe/,,,,,,,,,,,,,,,,,*/stɾakuɾˈa/,,,,,,,,,,,,,,,,,,,,,,,,,,,,,,,,,,,,,,,,,,,,*/paɾˈanɡa/,,,,,,,,,,,,*/tɾijeɾˈa/,*/ventuɾˈa/,*/mˈoɾa/,*/pˈaɾu/,*/sˈekʲeɾe/,,,,,,,,,,,,,,,,,,,,,,,*/stemuɾˈaɾja/,,,,,,,,,,*/fˈaɡuɾu/,,,,,,,,,,,,,,,,,,,,,,,,,,*/kˈajjeɾu/,*/kˈannuɾa/,,*/fulljˈoɾu/,,,,,,,,*/pˈanuɾa/,,,,,,,,,,,,,,,*/duɾˈa/,,,*/skandˈuɾa/,,,,,,,,,,,*/stɾakuɾatˈoɾja/,,,,,,,*/urkʲˈoɾu/,*/bˈajjeɾu/,,,,,,,,,,,,,,,,,,,,,,,,,,,,,,,,,,,,,,,,*/mjˈeɾe/,*/fjˈeɾe/,,,,,,,,,,,,,,,,,,,,,,,,,,,,,*/pˈeɾu/,,,,,,,,,,,,,,,,,,,,*/njˈeɡuɾa/,,,,,,,,,,,,,,,,,,,,,,,,,,,,,,,,,,,,,,,*/zɡˈauɾu/,*/zɡˈauɾa/,,,,,,
R190,,,,,,,,,,,,,,,,,,,,,,,,,,,,,,,,,,,,,,,,,,,,,,,,,,,,,,,,,,,,,,,,,,,,,,,,,,,,,,,,,,,,,,,,,,,,,,,,,,,,,*/ɡˈawɾa/,,,,,,,,,,,,,,,,,,,,,,,,,,,,,,,,,,,,,,,,,,,,,,,,,,,,,,,,,,,,,,,,,,,,,,,,,,,,,,,,,,,,,,,,,,,,,,,,,,,,,,,,,,,,,,,,,,,,,,,,,,,,,,,,,,,,,,,,,,,,,,,,,,,,,,,,,,,,,,,,,,,,,,,,,,,,,,,,,,,,,,,,,,,,,,,,,,,,,,,,,,,,,*/vˈiw/,,,,,,,,,,,,,,,,,,,,,,,,,,,,,,,,,,,,,,,,,,,,,,,,,,,,,,,,,,,,,,,,,,,,,,,,,,,,,,,,,,,,,,,,,,,,,,,,,,,,,,,,,,,,,,,,,,,,,,,,,,,,,,,,,,,,,,,,,,,,,,,,,,,,,,,,,,,,,,,,,,,,,,,*/sˈew/,,,,,,,,,,,,,,,,,,,,,,,,,,,,,,,,,,,,,,,,,,,,,,,,,,,,,,,,,,,,,,,,,,,,,,,,,,,,,,,,,,,,,,,,,,,,,,,,,,,,,,,,,,,,,,,,,,,,,,,,,,,,,,,,,,,,,,,,,,,,,,,,,,,,,,,,,,,,,,,,,,,,,,,,,,,,,,,,,,,,,,,,,,,,,,,,,,,,,,,,,,,,,,,,,,,,,,,,,,,,,,,,,,,,,,,,,,,,,,,,,,,,,,,,,,,,,,,,,,,,,,,,,,,*/bˈow/,,,,,,,,,,,,,,*/pekˈujna/,,,,,,,,,*/tertˈiw/,,,,,,,,,,,,,,,,,,,,,*/ˈow/,,,,,,,,,,,*/ɡɾˈawɾu/,,,,,,,,,,,,,,,,,,,,,,,,,,,,,,,,,,,,,,,,,,,,,,,,,,,,,,,,,,,,,,,,,,,,,,,,,,,,,,,,,,,,,,,,,,,,,,,,,,,,,,,,,,,,,,,,,,,,,,,,,,,,,,,,,,,,,,,,,,*/sklˈaw/,,,,,,,,,,*/ljˈew/,,,,,,,,,,,,,,,,,,,,,,,,,,,,,,,,,,,,,,,,,,,,,,,,,,,,,,,,,,,,,,,,,,,,,,,,,,,,,,,,,,,,,,,,,,,,,,,,*/nˈow/,,,,,,,,*/tardˈiw/,*/tempuɾˈiw/,,,,,,,,,,,,,,,,,,,,,,,,,,,,,,,,,,,,,,,,,,,,,,,,,,,,,,,,,,,,,,,,,,,,,,,,,,,,,,,,,,,,,,,,,,,,,,,,,,,,,,,,,,,,,,,,,,,,,,,,,,,,,,,,,,,,,,,,,,,,,,,,,,,,,,,,,,,,,,,,,,,,,,,,,,,,,,,,,,,,,,,,,,,,,,,,,,,,,,,,,,,,,,,,,,,,,,,,,,,,,,,,,,,,,,,,,,,,,,,,,,,,,,,,,,,,,,,,,,,,,,,,,,,,,,,,,,,,,,,,,,,,,,,,,,,,,,,*/ˈow/,*/ɡʲˈoj/,,,,,,,,,,,,,,,,,,,,,,,,,,,,,,,,,,,*/rɾˈiw/,,,,,,,,,,,,,,,,,,,,,,,,,,,,,,,,,,,,,,,,,,,,,,,,*/zɡˈaw/,*/zɡˈawɾu/,*/zɡˈawɾa/,,,,,,
R191,,,,,,,,,,,,,,,,,,,,,,,,,,,,,,,,,,,,,,,,,,,,,,,,,,,,,,,,,,,,,,,,,,,,,,,,,,,,,,,,,,,,,,,,,,,,,,,,,,,,,,,,,,,,,,,,,,,,,,,,,,,,,,,,,,,,,,,,,,,,,,,,,,,,,,,,,,,,,,,,,,,,,,,,,,,,,,,,,,,,,,,,,,,,,,,,,,,,,,,,,,,,,,,,,,,,,,,,,,,,,,,,,,,,,,,,,,,,,,,,,,,,,,,,,,,,,,,,,,,,,,,,,,,,,,,,,,,,,,,,,,,,,,,,,,,,,,,,,,,,,,,,,,,,,,,,,,,*/skulˈa/,,,,,,,,,,,,,,,,,,,,,,,,,,,,,,,,,,,,,,,,,,,,,,,,,,,,,,,,,,,,,,,,,,,,*/ulitˈa/,,,,,,,,,,,,,,,,,,,,,,,,,,,,,,,,,,,,,,,,,,,,,,,,,,,,,,,,,,,,,,,,,,,,,,,,,,*/sumˈete/,,,,,,,,,,,,,,,,,,,,,,,,,,,,,,,,,,,,,,,,,,,,,,,,,,,,,,,,,,,,,,,,,,,,,,,,,,,,,,,,,,,,,,,,,,,,,,,,,,,,,,,,,,,,,,,,,,,,,,,,,,,,,,,,,,,,,,,,,,,,,,,,,,,,,,,,,,,,,,,,,,,,,,,,,,,,,,,,,,,,,,,,,,,,,,,,,,,,,,,,,,,,,,,,,,,,,,,,,,,,,,,,,,,,,,,,,,,,,,,,,,,,,,,,,,,,,,,,,,,,,,,,,,,,,,,,,,,,,,,,,,,,,,,,,,,,,,,,,,,,,,,,,,,,,,,,,,,,,,,,,,,,,,,,,,,,,,,,,,,,,,,,,,,,,,,,,,,,,,,,,,,,,,,,,,,,,,,,,,,,,,,,,,,,,,,,,,,,,,,,,,,,,,,,,,,,,,,,,,,,,,,,,,,,,,,,,,,,,,,,,,,,,,,,,,,,,,,,,,,,,,,,,,,,,,,,,,,,,,,,,,,,,,,,,,,,,,,,,,,,,,,,,,,,,,,,,,,,,,,,,,,,,,,,,,,,,,,,,,,,,,,,,,,,,,,,,,,,,,,,,,,,,,,,,,,,,,,,,,,,,,,,,,,,,,,,,,,,,,,,,,,,,,,,,,,,,,,,,,,,,,,,,,,,,,,,,,,,,,,,,,,,,,,,,,,,,,,,,,,,,,,,,,,,,,,,,,,,,,,,,,,,,,,,,,,,,,,,,,,,,,,,,,,,,,,,,,,,,,,,,,,,,,,,,,,,,,,,,,,,,,,,,,,,,,,,,,,,,,,,,,,,,,,,,,,,,,,,,,,,,,,,,,,,,,,,,,,,,,,,,,*/sˈulu/,,,,,,,,,,,,,,,,,,,,,,,,,,,,,,,,,,,,,,,,,,,,,,,,,*/sˈula/,,,,,,,,,,,,,,,,,,,,,,,,,,,,,,,,,,,,,,,,,,,,,,,,,,,,,,,,,,,,,,,,,,,,,,,,,,,,,*/kʲˈuɾu/,,,,,,,,,,,,,,,,,,,,,,,,,,,,,,,,,,,,,,,,,,,,,,,,,,
R192,,,,,,,,,,,,,,,,,,,,,,,,,,,,,,,,,,,,,,,,,,,,,,,,,,,,,,,,,,,,,,,,,,,,,,,,,,,,,,,,,,,,,,,,,,,,,,,,,,,,,,,,,,,,,,,,,,,,,,,,,,,,,,,,,,,,,,,,,,,,,,,,,,,,,,,,,,,,,,,,,,,,,,,,,,,,,,,,,,,,,,,,,,,,,,,,,,,,,,,,,,,,,,,,,,,,,,,,,,,,,,,,,,,,,,,,,,,,,,*/pulmˈune/,,,,,,,,,,,,,,,,,,,,,,,,,,,,,,,,,,,,,,,,,,,,,,,,,,,,,,,,,,,,,,,,,,,,,,,,,,,,,,,,,,,,,,,,,,,,,,,,,,,,,,,,,,,,,,,,,,,,,,,,,,,,,,,,,,,,,,,,,,,,,,,,,,,,,,,,,,,,,,,,,,,,,,,,,,,,,,,,,,,,,,,,,,,,,,,,,,,,,,,,,,,,,,,,,,,,,,,,,,,,,,,,,,,,,,,,,,,,,,,,,,,,,,,,,,,,,,,,,,,,,,,,,,,,,,,,,,,*/mˈumma/,,,,,,,,,,,,,,,,,,,,*/nˈunnu/,,,,,,,,,,,,,,,,,,,,,,,,,,,,,,,,,,,,,,,,,,,,,,,,,,,,,,,,,,,,,,,,,,,,,,,,,,,,,,,,,,,,,,,,,,,,,,,,,,,,,,,,,,,,,,,,,,,,,,,,,,,,,,,,,,,,,,,,,,,,,,,,,,,,,,,,,,,,,,,,,,,,,,,,,,,,,,,,,,,,,,,,,,,,,,,,,,,,,,,,,,,,,,,,,,,,,,,,,,,,,,,,,,,,,,,,,,,,,,,,,,,,,,,,,,,,,,,,,,,,,,,,,,,,,,,,,,,,,,,,,,,,,,,,,,,,,,,,,,,,,,,,,,,,,,,,,,,,,,,,,,,,,,,,,,,,,,,,,,,,,,,,,,,,,,,,,,,,,,,,,,,,,,,,,,,,,,,,,,,,,,,,,,,,,,,,,,,,,,,,,,,,,,,,,,,,,,,,,,,,,,,,,,,,,,,,,,,,,,,,,,,,,,,,,,,,,,,,,,,,,,,,,,,,,,,,,,,,,,,,,,,,,,,,,,,,,,,,,,,,,,,,,,,,,,,,,,,,,,,,,,,,,,,,,,,,,,,,,,,,,,,,,,,,,,,,,,,,,,,,,,,,,,,,,,,,,,,,,,,,,,,,,,,,,,,,,,,,,,,,,,,,,,,,,,,,,,,,,,,,,,,,,,,,,,,,,,,,,,,,,,,,,,,,,,,,,,,,,,,,,,,,,,,,,,,,,,,,,,,,,,,,,,,,,,,,,,,,,,,,,,,,,,,,,,,,,,,,,,,,,,,,,,,,,,,,,,,,,,,,,,,,,,,,,,,,,,,,,,,,,,,,,,,,,,,,,,,,,,,,,*/nˈume/,,,,,,,,,,,,,,,,,,,,,,,,,,,,,,,,,,,,,,,,,,,,,,,,,,,,,,,,,,,,,,,,,,,,,,,,,,,,,,,,,,,,,,,,,,,,,,,,,,,,,,,,,,*/mˈunte/,,,,,,,,,,,,,,,
R193,,,,,,,,,,,,,,,,,,,,,,,,,,,,,,,,,,,,,,,,,,,,,,,,,,,,,,,,,,,,,,,,,,,,,,,,,,,,,,,,,,,,,,,,,,,,,,,,,,,,,,,,,,,,,,,,,,,,,,,,,,,,,,,,,,,,,,,,,,,,,,,,,,,,,,,,,,,,,,,,,,,,,,,,,,,,,,,,,,,,,,,,,,,,,,,,,,,,,,,,,,,,,,,,,,,,,,,,,,,,,,,,,,,,,,,,,,,,,,,,,,,,,,,,,,,,,,,,,,,,,,,,,,,,,,,,,,,,,,,,,,,,,,,,,,,,,,,,,,,,,,,,,,,,,,,,,,,,,,,,,,,,,,,,,,,,,,,,,,,,,,,,,,,,,,,,,,,,,,,,,,,,,,,,,,,,,,,,,,,,,,,,,,,,,,,,,,,,,,,,,,,,,,,,,,,,,,,,,,,,,,,,,,,,,,,,,,,,,,,,,,,,,,,,,,,,,,,,,,,,,,,,,,,,,,,,,,,,,,,,,,,,,,,,,,,,,,,,,,,,,,,,,,,,,,,,,,,,,,,,,,,,,,,,,,,,,,,,,,,,,,,,,,,,,,,,,,,,,,,,,,,,,,,,,,,,,,,,,,,,,,,,,,,,,,,,,,,,,,,,,,,,,,,,,,,,,,,,,,,,,,,,,,,,,,,,,,,,,,,,,,,,,,,,,,,,,,,,,,,,,,,,,,,,,,,,,,,,,,,,,,,,,,,,,,,,,,,,,,,,,,,,,,,,,,,,,,,,,,,,,,,,,,,,,,,,,,,,,,,,,,,,,,,,,,,,,,,,,,,,,,,,,,,,,,,,,,,,,,,,,,,,,,,,,,,,,,,,,,,,,,,,,,,,,,,,,,,,,,,,,,,,,,,,,,,,,,,,,,,,,,,,,,,,,,,,,,,,,,,,,,,,,,,,,,,,,,,,,,,,,,,,,,,,,,,,,,,,,,,,,,,,,,,,,,,,,,,,,,,,,,,,,,,,,,,,,,,,,,,,,,,,,,,,,,,,,,,,,,,,,,,,,,,,,,,,,,,,,,,,,,,,,,,,,,,,,,,,,,,,,,,,,,,,,,,,,,,,,,,,,,,,,,*/akoˈakʲe/,*/akoellˈo/,,,,,,,,,,,*/lˈonɡoa/,,,,,,,,,,,,,,,,,,,,,,,,,,,,,,,,,,,,,,,,,,,,,,,,,,,,,,,,,,,,,,,,,,,,,,,,,,,,,,,,,,,,,,,,,,,,,,,,,,,,,,,,,,,,,,,,,,,,,,,,,,,,,,,,,,,,,,,,,,,,,,,,,,,,,,,,,,,,,,,,,,,,,,,,,,,,,,,,,,,,,,,,,,,,,,,,,,,,,,,,,,,,,,,,,,,,,,,,,,,,,,,,,,,,,,,,,,,,,,,,,,,,,,,,,,,,,,,,,,,,,,,,,,,,,,,,,,,,,,,,,,,,,,,,,,,,,,,,,,,,,,,,,,,,,,,,,,,,,,,,,,,,,,,,,,,,,,,,,,,,,,,,,,,,,,,,,,,,,,,,,,,,,,,,,,,,,,,,,,,,,,,,,,,,,,,,,,,,,
R194,,,,,,,,,,,,,,,,,,,,,,,,,,,,,,,,,,,,,,,,,,,,,,,,,,,,,,,,,,,,,,,,,,,,,,,,,,,,,,,,,,,,,,,,,,,,,,,,,,,,,,,,,,,,,,,,,,,,,,,,,,,,,,,,,,,,,,,,,,,,,,,,,,,,,,,,,,,,,,,,,,,,,,,,,,,,,,,,,,,,,,,,,,,,,,,,,,,,,,,,,,,,,,,,,,,,,,,,,,,,,,,,,,,,,,,,,,,,,,,,,,,,,,,,,,,,,,,,,,,,,,,,,,,,,,,,,,,,,,,,,,,,,,,,,,,,,,,,,,,,,,,,,,,,,,,,,,,,,,,,,,,,,,,,,,,,,,,,,,,,,,,,,,,,,,,,,,,,,,,,,,,,,,,,,,,,,,,,,,,,,,,,,,,,,,,,,,,,,,,,,,,,,,,,,,,,,,,,,,,,,,,,,,,,,,,,,,,,,,,,,,,,,,,,,,,,,,,,,,,,,,,,,,,,,,,,,,,,,,,,,,,,,,,,,,,,,,,,,,,,,,,,,,,,,,,,,,,,,,,,,,,,,,,,,,,,,,,,,,,,,,,,,,,,,,,,,,,,,,,,,,,,,,,,,,,,,,,,,,,,,,,,,,,,,,,,,,,,,,,,,,,,,,,,,,,,,,,,,,,,,,,,,,,,,,,,,,,,,,,,,,,,,,,,,,,,,,,,,,,,,,,,,,,,,,,,,,,,,,,,,,,,,,,,,,,,,,,,,,,,,,,,,,,,,,,,,,,,,,,,,,,,,,,,,,,,,,,,,,,,,,,,,,,,,,,,,,,,,,,,,,,,,,,,,,,,,,,,,,,,,,,,,,*/pˈɛnna/,,,,,,,,,,,,,,,,,,,,,,,,,,,,,,,,,,,,,,,,,,,,,,,,,,,,,,,,,,,,,,,,,,,,,,,,,,,,,,,,,,,,,,,,,,,,,,,,,,,,,,,,,,,,,,,,,,,,,,,,,,,,,,,,,,,,,,,,,,,,,,,,,,,,,,,,,,,,,,,,,,,,,,,,,,,,,,,,,,,,,,,,,,,,,,,,,,,,,,,,,,,,,,,,,,,,,,,,,,,,,,,,,,,,,,,,,,,,,,,,,,,,,,,,,,,,,,,,,,,,,,,,,,,,,,,,,,,,,,,,,,,,,,,,,,,,,,,,,,,,,,,,,,,,,,,,,,,,,,,,,,,,,,,,,,,,,,,,,,,,,,,,,,,,,,,,,,,,,,,,,,,,,,,,,,,,,,,,,,,,,,,,,,,,,,,,,,,,,,,,,,,,,,,,,,,,,,,,,,,,,,,,,,,,,,,,,,,,,,,,,,,,,,,,,,,,,,,,,,,,,,,,,,,,,,,,,,,,,,,,,,,,,,,,,,,,,,,,,,,,,,,,,,,,,,,,,,,,,,,,,,,,,,,,,,,,,,,,,,,,,,,,*/dˈɔmna/,,,,,,,,,,,,,,,,,,,,,,,,,,,,,,,,,,,,,,,,,,,,,,,,,,,,,,,,,,,,,,,,,,,,,,,,,,,,,,,,,,,,,,,,,,,,,,,,,,,,,,,,,
R195,,,,,,,,,,,,,,*/allˈɛɡʲe/,,,,,,,,,,,,*/apɾˈɔpe/,,,,,,,,,,,,,,,,,,,,,,,,,*/albˈɔɾe/,,,,,,,*/albjˈɔɾa/,,,*/amaɾˈɛtʲa/,,,,,,,,,,,,,,,,,,,,,,,,,*/basˈɛɾeka/,,,*/bɾˈɔtaku/,,,,,,*/duɾˈɔɾe/,,,,,,,*/kʲˈɛpa/,,*/kʲeɾjˈɛsja/,,*/kʲikˈɔɾja/,,,,,,*/kɾˈɛsta/,,,,*/kʲjˈɛɾe/,,,,,,,,,,,,,,,,,,,,,,,,,,,,,,,,,,,,,,,,,,,,,,,,,,,,,*/pjˈɛrɡla/,,,,,,,*/pɾimavˈɛɾa/,,*/saɡʲˈɛta/,,,,,,*/sjˈɛrɾa/,*/skantˈɛlja/,,,,,,,,,,,,*/fekʲˈɔɾa/,,,,,,,*/vˈɛrɡla/,,,,,,*/kɾˈɛjeɾu/,,,,,,,*/masˈɛlla/,,,,,,*/tjˈɛsta/,,,,,*/kˈɔsta/,,,,*/jˈɛlja/,,,,*/nˈɔda/,*/pˈɛskʲe/,,,,,,,,,,,,,,,,,,*/dˈɛɡʲetu/,,,,,,,,,,,,,*/pjˈɛlle/,,,,,,,,,,,,,,,,,,,,,,,,,,,*/sudˈɔɾe/,,,,,,,*/anɡɾˈɛeka/,,,,,,,*/kɾˈɛskʲe/,,,,,,,,,,,,,,,,*/pjˈɛptenu/,*/pjˈɛptena/,,,*/blandˈɛtʲe/,*/ankummˈɛte/,,,,,,,,,,,,,,,,*/meseɾˈɛɾe/,,,,,,,,,,,,,,,,,,,*/temˈɔɾe/,,,,,,,,*/kunˈɔskʲe/,*/kɾˈɛde/,,,,*/antʲellˈɛɡʲe/,,,,,,,*/pɾekʲˈɛpe/,,,,,,,,,*/kʲjˈɛtʲa/,,,,,,,,,,,,,*/lanɡˈɔɾe/,,*/mˈɔrte/,,,,*/pjˈɛɾja/,,,*/pusklˈɛlla/,,,,,,,,,,*/kamˈɛsja/,,,*/palljˈɔɾa/,,,,,,,,*/marɡʲˈɛlla/,,,,,*/fasʲˈɔɾa/,,,,*/bˈɛta/,,,*/kˈɔse/,,,,,,,,*/sumˈɛte/,,,,,,,,,,*/mˈɔɾja/,,,,,,,,,,,*/pˈɔska/,,,,,,,,,,,,,*/feɾjˈɛstɾa/,,,*/ˈɔsʲa/,*/pˈɔrta/,,,,,,*/tɾajˈɛpta/,,,,*/skˈɔrtʲa/,,,,,,,,,,*/nepˈɔta/,,,,,,,,,,,*/nujˈɛrka/,,,*/sˈɔtʲa/,,,,,*/ˈɔrfanu/,,,,*/djˈɛstɾe/,,,,,,,,*/kʲˈɛrkanu/,,*/lukʲˈɛfeɾu/,,,*/sˈɔɾe/,,,,*/kaɾˈɔɾe/,,,,,,*/nˈɛe/,,*/plˈɔja/,*/rɾˈɔwa/,,*/sˈɛkʲeta/,,,,*/ˈɔɾa/,,,,,*/deminˈɛtʲa/,*/mjˈɛdʲa/,,*/nˈɔpte/,,,,,,,,,,,,*/ejˈɛɾna/,*/vˈɛɾa/,,,,,*/pjˈɛtɾa/,,,,,*/pˈɛkla/,*/pukʲˈɔsa/,,,,,,,,,,,,,,,,,,,,,,*/tjˈɛɾme/,,,,,,*/flˈɔɾe/,*/fˈɔlja/,,,*/nujˈɛlla/,,,,,,,,,,*/surkʲˈɛlla/,,*/vˈɛrɡa/,,,*/ɡʲunˈɛpeɾu/,*/mastˈɛkanu/,,,,,,,,,,,*/pjˈɛrseku/,,,,,,,,,*/jˈɛdeɾa/,,,,,,,,,,,,,,,,,*/pjˈɛpene/,,,*/vˈɛrdʲa/,,*/jˈɛrba/,,,,,,*/fˈɛɾekʲe/,,,,,,*/mjˈɛkla/,,,,*/vjˈɔɾa/,,*/buɾˈɛte/,*/jˈɛska/,,*/dumjˈɛsteku/,,,,*/kˈɔda/,,,,,,,,,,,,,,,,,,,,*/nnˈɔtenu/,*/aɾjˈɛte/,,,,,,,*/katjˈɛlla/,*/kˈɔkʲenu/,,*/jˈɛpa/,,,,,*/ˈɔje/,,,,*/purkʲˈɛlla/,,,*/skɾˈɔfa/,,,,,,,*/berbˈɛkʲe/,*/vetjˈɛlla/,,,,,,,,,*/sʲˈɔɾekʲe/,,,,,,,,,,,,,,,*/dɾepnˈɛlla/,,,,,*/eɾundenjˈɛlla/,*/mjˈɛrla/,,,*/pɾeveɡlatˈɔɾja/,,,,,*/turtuɾjˈɛlla/,,,,,*/bɾˈɔska/,*/sjˈɛrpe/,,,,,,,,,,*/ɡɾˈɛlljjeɾu/,,,,,*/stɾˈɛkla/,,,,*/vjˈɛɾme/,*/vjˈɛspa/,,,,,,,*/ɡɾˈɛe/,,,,,,,,,,,*/paɾˈɛkla/,,,*/pjˈɛtʲa/,,,,,,,*/tˈɔta/,,,,,,,*/nˈɔwa/,,,*/sjˈɛse/,,,,,,,,,,,,,,,,,,,,,*/mˈɔlle/,,,*/nˈɛtedu/,,*/kʲjˈɛta/,,,,,,,,,,,,,,,,*/kuɾˈɔstɾa/,,*/kˈɔrte/,,,,,,,*/ˈɔspete/,,,,,,,,*/lˈɛɡʲe/,,,,,,,,,,,,,,,*/ljˈɛa/,,,*/pjˈɛrde/,,,,,,,,,,,,,,,*/parɾajˈɛsemi/,,,,,,,,,,,,,,,,,*/kˈɔrda/,*/kʲˈɛtaɾa/,,,,,,,,*/petɾˈɛkʲe/,,,,,,,,,*/dulkˈɔɾe/,*/putˈɔɾe/,,,,*/fjˈɛrbe/,*/rɾˈɛkʲe/,*/rɾekˈɔɾe/,,,,,,,,,,,,,*/afˈɔɾa/,,,,,*/adenˈɛllaɾa/,,,,,,,,,,,,,,*/indˈɛɾet/,,,,,,,,,,,,,,,,,,,,,,*/apɾˈɔpja/,,*/asjˈɛdʲa/,,,,,,,,,,,*/mjˈɛrɡʲe/,,,*/pɾukʲˈɛde/,,,*/sjˈɛde/,,,,*/tɾˈɛkʲe/,,,,,,,,,*/skˈɔte/,,,,,,,,,,,*/sˈɔrte/,,,,,,*/ankʲˈɛpe/,,,,,,,,,,,*/astjˈɛɾne/,,,,,,,,,,,,*/stjˈɛrɡʲe/,*/stˈɔrkʲe/,,,,,,,,,,,,,,*/antˈɔrkʲe/,,,,,,*/rɾˈɔde/,,,,,,,,,,,,,,,,,,,*/tɾimˈɛte/,*/bukʲjˈɛlla/,,,,*/pjˈɛdeka/,,*/rɾˈɔta/,,*/sjˈɛlla/,,,,,*/kʲjˈɛɾne/,*/kullˈɛɡʲe/,,,,,*/mˈɔɾa/,,*/sˈɛkʲeɾe/,,,*/pˈɔrka/,,,*/tjˈɛrɾa/,,,*/sˈɛɾa/,,,,,,,*/fanˈɛtʲa/,,,,,,,,,*/vakaɾˈɛtʲa/,,,,*/purkaɾˈɛtʲa/,,*/kʲˈɛɾa/,,,,,,,,,,,,,,*/vanatˈɔɾja/,,,,,,,,,,*/tˈɛka/,,,,,,,,,,,,,,,,*/pjˈɛdenu/,,,*/rɾetjˈɛlla/,,,,*/tendˈɛkla/,*/tjˈɛse/,*/tˈɔrkʲe/,,,*/dˈɔɡa/,,,,,,,,,,,*/fˈɔlle/,,,,,*/stɾakuɾatˈɔɾja/,*/ɡallˈɛta/,*/ˈɔlla/,,*/ullkʲˈɛlla/,,,,,*/kurɾˈɛja/,,,*/fˈɔrfekʲe/,,,,,,*/tˈɔrta/,,,,,,,,,,,*/avˈɛa/,*/djˈɛda/,,*/fˈɛta/,,,,,*/uɾˈɛkla/,,,*/vˈɛrde/,,,*/vˈɛde/,,,,,*/mjˈɛɾe/,*/fjˈɛɾe/,,,,,,,*/pjˈɛrseka/,*/sjˈɛpte/,*/kˈɔpsa/,,,,,*/pjˈɛptene/,,,,,,,,*/muljˈɛɾe/,*/paɾjˈɛte/,,,,,,,,,*/mˈɛsa/,,,,,,,,*/kˈɔkʲe/,,,,,,,,,,,,,*/bˈɛe/,,,,,,,,,,*/jˈɛste/,,*/jˈɛlla/,,*/jˈɛlle/,,,,,*/nˈɛɡɾa/,*/nˈɛɡɾe/,*/sˈɛɾa/,*/djˈɛkʲe/,*/mˈɔlla/,*/stˈɛlla/,,*/mjˈɛa/,,,,,,,,,,,,*/zɡˈɔwɾa/,,*/famˈɛlja/,,
R196,,,,,,,,,,,,,,,,,,,,,,,,,,,,,,,,,,,,,,,,,,,,,,,,,,,,,,,,,,,,,,,,,,,,,,,,,,,,,,,,,,,,,,,,,,,,,,,,,,,,,,,,,,,,,,,,,,,,,,,,,,,,,,,,,,,,,,,,,,,,,,,,,,,,,,,,,,,,,,,,,,,,,,,,,,,,,,,,,,,,,,,,,,,,,,,,,,,*/fˈɛmanu/,,,,,,,,,,,,,,,,,,,,,,,,,,,,,,,,,,,,,,,,,,,,,,,,,,,,,,,,,,,,,,,,,,,,,,,,,,,,,,,,,,,,,,,*/skɾˈɛme/,*/fˈɔme/,,,,,,,,,,,,,,,,,,,,,,,,,,,,,,,,,,,,,,,,,,,,,,,,,,,,,,,,,,,,,,,,,,,,,,,,,,,,,,,,*/tˈɛma/,*/tˈɛme/,,,,,,,,,,,,,,,,,,,,,,,,,,,,,,,,,,,,*/ɡʲjˈɛme/,*/ɡʲjˈɛmetu/,,,,,,,,,,,,,,,,,,,,,,,,,,,,,,,,,,,,,,,,,,,,,,,,,,,,,,,,,,,,,,,,,,,,,,,,,,,*/d͡zjˈɛma/,,,,,,,,,,,,,,,,,,,,,,,,,,,,,,,,,,,,*/ɡʲjˈɛmanu/,,,,,,,,,,,,,,,,,,,,,,,,,,,,,,,,,,,,,,,,,,,,,,,,,,,,,,,,,,,,,,,,,,,,,,,,,,,,,,,,,,,,,,,,,,,,,,,,,,,,,,,,,,,,,,,,,,,,,,,,,,,,*/pˈɔma/,,,,,,,,,,,,,,,,,,,,,,,,,,,,,,,,,,,,,,,,,,,,,,,,,,,,,,,,,,,,,,,,,,,,,,,,,,,,,,,,,,*/kˈɔma/,,,,,,,,,,,,,,,,,,,,,,,,,,,,,,,,,,,,,,,,,,,,,,,,,,,,,,,,,,,,,,,,,,,,,,,,,,,,,,,,,,,,,,,,,,,,,,,,,,,,,,,,,,,,,,,,,,,,,,,,,,,,,,,,,,,,,,,,,,,,,,,,,,,,,,,,,,,,,,,,,,,,,,,,,,,,,,,,,,,,,,,,,,,,,,,,,,,,,,,,,,,,,,,,,,,,,,,,,,,,,,,,,,,,,,,,,,,,,,,,,,,,,,,,,,,,,,,,,,,,,,,,,,,,,,,,,,,,,,,,,,,,,,,,,,,,,,,,,,,,,,,,,,,,,,,,,,,,,,,,,,,,,,,,,,,,,,,,,,,,,,,,,,,,,,,,,,,,,,,,,,,,,,,,,,,,,,,,,,,,,,,,,,,,,,,,,,,,,*/sˈɛmeɾe/,,,,,,,,,,,,,,,,,,,,,,,,,,,,,,,,,,,,,,,,,,,,,,,,,,,,,,,,,,,,,,,,,,,,,,,,,,,,,,,,,,,,,,,,,,,,,,,,,,,,,,,,,,,,,,,,,,,,,,,,,,,,,,,,,,,,,,,,,,,,,,,,,,,,,,,,,,,,,,,,,,,,,,,,,,,,,,,,,,,,,,,,,,,,,,,,,,,,,,,,,,,,,,,,,,,,,,,,,,,,,,,,,,,,,,,,,,,,,,,,,,,,,,,,,,,,,,,,,,,,,,,,,,,,,,,,,,,,,,,,,,,,,,,,,,,,,,,,,,,,,,,,,,,,,,,,,,,,,,,,
R197,,,,,,,,,,,,,,,,,,,,,,,,,,,,,,,,,,,,,,,,,,,,,,,,,,,,,,,,,,,,,,,,,,,,,,,,,,,,,,,,,,,,,,,,,,,,,,,,,,,,,,,,,,,,,,,,,,,,,,,,,,,,,,,,,,,,,,,,,,,,,,,,,,,,,,,,,,,,,,,,,,,,,,,,,,,,,,,,,,,,,,,,,,,,,,,,,,,,,,,,,,,,,,,,,,,,,,,,,,,,,,,,,,,,,,,,,,,,,,,,,,,,,,,,,,,,,,,,,,,,,,,,,,,,,,,,,,,,,,,,,,,,,,,,,,,,,,,,,,,,,,,,,,,,,,,,,,,,,,,,,,,,,,,,,,,,,,,,,,,,,,,,,,,,,,,,,,,,,,,,,,,,,,,,,,,,,,,,,,,,,,,,,,,,,,,,,,,,,,,,,,,,,,,,,,,,,,,,,,,,,,,,,,,,,,,,,,,,,,,,,,,,,,,,,,,,,,,,,,,,,,,,,,,,,,,,,,,,,,,,,,,,,,,,,,,,,,,,,,,,,,,,,,,,,,,,,,,,,,,,,,,,,,,,,,,,,,,,,,,,,,,,,,,,,,,,,,,,,,,,,,,,*/rɾˈowa/,,,,,,,,,,,,,,,,,,,,,,,,,,,,,,,,,,,,,,,,,,,,,,,,,,,,,,,,,,,,,,,,,,,,,,,,,,,,,,,,,,,,,,,,,,,,,,,,,,,,,,,,,,,,,,,,,,,,,,,,,,,,,,,,,,,,,,,,,,,,,,,,,,,,,,,,,,,,,,,,,,,,,,,,,,,,,,,,,,,,,,,,,,,,,,,,,,,,,,,,,,,,,,,,,,,,,,,,,,,,,,,,,,,,,,,,,,,,,,,,,,,,,,,,,,,,,,,,,,,,,,,,,,,,,,,,,,,,,,,,,,,,,,,,,,,,,,,,,,,,,,,*/nˈowa/,,,,,,,,,,,,,,,,,,,,,,,,,,,,,,,,,,,,,,,,,,,,,,,,,,,,,,,,,,,,,,,,,,,,,,,,,,,,,,,,,,,,,,,,,,,,,,,,,,,,,,,,,,,,,,,,,,,,,,,,,,,,,,,,,,,,,,,,,,,,,,,,,,,,,,,,,,,,,,,,,,,,,,,,,,,,,,,,,,,,,,,,,,,,,,,,,,,,,,,,,,,,,,,,,,,,,,,,,,,,,,,,,,,,,,,,,,,,,,,,,,,,,,,,,,,,,,,,,,,,,,,,,,,,,,,,,,,,,,,,,,,,,,,,,,,,,,,,,,,,,,,,,,,,,,,,,,,,,,,,,,,,,,,,,,,,,,,,,,,,,,,,,,,,,,,,,,,,,,,,,,,,,,,,,,,,,,,,,,,,,,,,,,,,,,,,,,,,,,,,,,,,,,,,,,,,,,,,,,,,,,,,,,,,,,,,,,,,,,,,,,,,,,,,,,,,,,,,,,,,,,,,,,,,,,,,,,,,,,,,,,,,,,,,,,,,,,,,,,,,,,,,,,,,,,,,,,,,,,,,,,,,,,,,,,,,,,,,,,,,,,,,,,,,,,,,,,,,,,,,,,,,*/zɡˈowɾa/,,,,
R198,,,,,,,,,,,,,,,,,,,,,,,,,,,,,,,,,,,,,,,,,,,,,,,,,,,,,,,,,,,,,,,,,,,,,,,,,,,,,,,,,,,,,,,,,,,,,,,,,,,,,,,,,,,,,,,,,,,,,,,,,,,*/skadˈɛ/,,,,,,,,,,,,,,,,,,,,,,,,,,,,,,,,,,,,,,,,,,,,,,,,,,,,,,,,,,,,,,,,,,,,,,,,,,,,,,,,,,,,,,,,,,,,,,,,,,,,,,,,,,,,,,,,,,,,,,,,,,,,,,,,,,,,,,,,,,,,,,,,,,,,,,,,*/vedˈɛ/,,,,,,,,,,,,,,,,,,,,,,,,,,,,,,,,,,,,,,,,,*/manˈɛ/,,,,,,,,,,,,,,,,*/duɾˈɛ/,,,,,,,,,,,,,,,,,,,,,,*/plakʲˈɛ/,,,,,,,,,,,,,,,,,,,,,,,,,,,,,,*/paɾˈɛ/,,,,,,,,,,,,,,,,,,,*/dʲakʲˈɛ/,,,,,,,,,,,,,,,,,,,,,,,,,,,,,,,,,,,,,,,,,,,,,,,,,,,,,,,,,,,,,,,,,,,,,,,,,,,,,,,,,,,,,,,,,,,,,,,,,,,,,,,,,,,,,,,,,,,,,,,,,,,,,,,,,,,,,,,,,,,,,,,,,,,,,,,,,,,,,,,,,,,,,,,,,,,,,,,,,,,,,,,,,,,,,,,,,,,,,,,,,,,,,,,,,,,,,,,,,,,,,,,,,,,,,,,,,,,,,,,,,,,,,,,,,,,,,,,,,,,,,,,,,,,,,,,,,,,,,,,,,,,,,,,,,,,,,,,,,,,,,,,,,,,,,,,,,,,,,,,,,,,,,,,,,,,,,,,,,,,,,,,,,,,,,,,,,,,,,,,,,,,,,,,,,,,,,,,,,,,,,,,,,,,,,,,,,,,,,,,,,,,,,,,,,,,,,,,,,,,,,,,,,,,,,,,,,,,,,,,,,,,,,,,,,,,,,,,,,,,,,,,,,,,,,,,,,,,,,,,,,,,,,,,,,,,,,,,,,,,,,,,,*/takʲˈɛ/,,,,,,,,,,,,,,,,,,,,,,,,,,,,,,,,,,,,,,,,,,,,,,,,,,,,,,,,,,,,,,,,,,,,,,,,,,,,,,,,,,,,,,,,,,,,,,,,,,,,,,,,,,,,,,,,,,,,,,,,,,,,,,,,,,,,,,,,,,,,,,,,,,,,,,,,,,*/kadˈɛ/,,,,,,,,,,,,,,,,,,,*/tenˈɛ/,,,,,,,,,,,,,,,,,,,,,,,,,,,,*/putˈɛ/,,,,,,,,,,,,,,,,,,,,,,,,,,,,,,,,,,,,,,,,,,,,,,,,,,,,,,,,,,,,,,,,,,,,,,,,,,,,,,,,,,,,,,,,,,,,,,,,,,,,,,,,,,,,,,,,,,,,,,,,,,,,,,,,,,,,,,,,,,,,,,,,,,,,,,,,,,,,,,,,,,,,,,,,,,,,,,,,,,,,,,,,,,,,,,,,,,,,,,,,,,,,,,,,,,,*/avˈɛ/,,,,,,,,,,,,,,,,,,,,,,,,,,,,,,,,,,,,,,,,,,,,,,,,,,,,,,,,,,,,,,,,,,,,,,,,,,,,,,,,,,,,,,,,,,,,,,,,,,,,,,,,,,,,,,,,,,,,
R199,,,,,,,,,,,,,,,,,,,,,,,,,,,,,,,,,,,,,,,,,,,,,,,,,,,,,,,,,,,,,,,,,,,,,,,,,,,,,,,,,,,,,,,,,,,,,,,,,,,,,,,,,,,,,,,,,,,,,,,,,,,,,,,,,,,,,,,,,,,,,,,,,,,,,,,,,,,,,,,,,,,,,,,,,,,,,,,,,,,,,,,,,,,,,,,,,,,,,,,,,,,,,,,,,,,,,,,,,,,,,,,,,,,,,,,,,,,,,,,,,,,,,,,,,,,,,,,,,,,,,,,,,,,,,,,,,,,,,,,,,,,,,,,,,,,,,,,,,,,,,,*/anɡɾˈɛka/,,,,,,,,,,,,,,,,,,,,,,,,,,,,,,,,,,,,,,,,,,,,,,,,,,,,,,,,,,,,,,,,,,,,,,,,,,,,,,,,,,,,,,,,,,,,,,,,,,,,,,,,,,,,,,,,,,,,,,,,,,,,,,,,,,,,,,,,,,,,,,,,,,,,,,,,,,,,,,,,,,,,,,,,,,,,,,,,,,,,,,,,,,,,,,,,,,,,,,,,,,,,,,,,,,,,,,,,,,,,,,,,,,,,,,,,,,,,,,,,,,,,,,,,,,,,,,,,,,,*/nˈɛ/,,,,,,,,,,,,,,,,,,,,,,,,,,,,,,,,,,,,,,,,,,,,,,,,,,,,,,,,,,,,,,,,,,,,,,,,,,,,,,,,,,,,,,,,,,,,,,,,,,,,,,,,,,,,,,,,,,,,,,,,,,,,,,,,,,,,,,,,,,,,,,,,,,,,,,,,,,,,,,,,,,,,,,,,,,,,,,,,,,,,,,,,,,,,,,,,,,,,,,,,,,,,,,,,,,,,,,,,,,,,,,,,,,,,,,,,,,,,,,,,,,,,,,,,,,,,,,,,,,,,,,,,,,,,,,,,,,,,,,*/ɡɾˈɛ/,,,,,,,,,,,,,,,,,,,,,,,,,,,,,,,,,,,,,,,,,,,,,,,,,,,,,,,,,,,,,,,,,,,,,,,,,,,,,,,,,,,,,,,,,,,,,,,,,,,,,,,,,,,,,,,,,,,,,,,,,,,,,,,,,,,,,,,,,,,,,,,,,,,,,,,,,,,,,,,,,,,,,,,,,,,,,,,,,,,,,,,,,,,,,,,,,,,,,,,,,,,,,,,,,,,,,,,,,,,,,,,,,,,,,,,,,,,,,,,,,,,,,,,,,,,,,,,,,,,,,,,,,,,,,,,,,,,,,,,,,,,,,,,,,,,,,,,,,,,,,,,,,,,,,,,,,,,,,,,,,,,,,,,,,,,,,,,,,,,,,,,,,,,,,,,,,,,,,,,,,,,,,,,,,,,,,,,,,,,,,,,,,,,,,,,,,,,,,,,,,,,,,,,,,,,,,,,,,,,,,,,,,,,,,,,,,,,,,,,,,,,,,,,,,,,,,,,,,,,,,,,,,,,,,,,,,,,,,,,,,,,,,,,,,,,,,,,,,,,,,,,,,,,,,,,,,,,,,,,,,,,,,,,,,,,,,,,,,,,,,,,,,,,,,,,,,,*/bˈɛ/,,,,,,,,,,,,,,,,,,,,,,,,,,,,,,,,,,,,,,,,,,
R200,,,,,,,,,,,,,,,,,,,,,,,,,,,,,,,,,,,,,,,,,,,,,,,,,,,,,,,,,,,,,,,,,,,,,,,,,,,,,,,,,,,,,,,,,,,,,,,,,,,,,,,,,,,,,,,,,,,,,,,,,,,,,,,,,,,,,,,,,,,,,,,,,,,,,,,,,,,,,,,,,,,,,,,,,,,,,,,,,,,,,,,,,,,,,,,,,,,,,,,,,,,,,,,,,,,,,,,,,,,,,,,,,,,,,,,,,,,,,,,,*/rɾinˈeklu/,,,,,,,,,,,,,,,,,,,,,,,,,,,,,,,,,,,,,,,,,,,,,,,,,,,,,,,,,,,,,,,,,,,,,,,*/leɡʲinˈa/,,,,,,,,,,,,,,,,,,,,,,,,,,,,,,,,,,,,,,,,,,,,,,,,,,,,,,,,,,,,,,,,,,,,,,,,,,,,,,,,,,,,,,,,,,,,,,,,,,,,,,,,,,,,,,,,,,,,,,,,,,,,,,,,,,,,,,,,,,,,,,,,,,,,,,,,,,,,,,,,,,,,,,,,,,,,,,,,,,,,,,,,,,,,,,,,,,,,,,,,,,,,,,,,,,,,,,,,,,,,,,,,,,,,,,,,,,,,,,,,,,,,,,,,,,,,,,,,,,,,,,,,,,,,,,,,,,,,,,,,,,,,,,,,,,,,,,,,,,,,,,,,,,,,,,,,,,,,,,,,,,,,,,,,,,,,,,,,,,,,,,,,,,,,,,,,,,,,,,,,,,,,,,,,,,,,,,,,,,,,,,,,,,,,,,,,,,,,,,,,,,,,,,,,,,,,,,,,,,,,,,,,,,,,,,,,,,,,,,,,,,,,,,,,,,,,,,,,,,,,,,,,,,,,,,,,,,,,,,,,,,,,,,*/eɾundinjˈɛlla/,,,,,,,,,,,,,,,,,,,,,,,,,,,,,,,,,,,,,,,,,,,,,,,,,,,,,,,,,,,,,,,,,,,,,,,,,,,,,,,,,,,,,,,,,,,,,,,,,,,,,,,,,,,,,,,,,,,,,,*/kuvinjˈentʲa/,,,,,,,,,,,,,,,,,,,,,,,,,,,,,,,,,,,,,,,,,,,,,,,,,,,,,,,,,,,,,*/bukʲinˈa/,,,,,,,,,,,,,,,,,,,,,,,,,,,,,,,,,,,,,,,,,,,,,,*/adinˈɛllaɾa/,,,,,,,,,,,,,,,,,,,,,,,,,,,,,,,,,,,,,,,,,,,,,,,,,,,,,,,,,,*/tinˈɛ/,,,,,,,,,,,,,,,,,*/skarpinˈa/,,,,,,,,,,,,,,,,,,,,,,,,,,,,,,,,,,,,,,,*/ambinˈa/,,,,,,,,,,,,,,,,,,,,,,,,,,,,,,,,,*/tɾaɡʲinˈa/,,,,,,,,,,,,,,,,,*/makʲinˈa/,,,,,,,,,,,,,,,,,,,,,,,,,,,*/sarkʲinˈaɾju/,,,,,,,,,,,,,,,,,,,,,,,,,,,,,,,,,,,,,,,,,,,,,,,,,,,,,,,,,,,,,,,,,,,,,,,,,,,,,,,,,,,,,,,,,,,,,,,,,,,,,,,,,,,,,,,,,,,,,,,,,,,,,,,,,,,,,,,,,,,,,,,,,,,*/fɾasinˈetu/,,,,,,,,,,,,,,,,,,,,,,,,,,,,,,,,,,,,,,,,,,,,,,,,,,,,,,,,,,,,,,,,,,,,,,,,,,,
R201,,,,,,,,,,,,,,,,,,,,,,,,,,,,,,,,,,,,,,,,,,,,,,,,,,,,,,,,,,,,,,,,,,,,,,,,,,,,,,,,,,,,,,,,,,,,,,,,,,,,,,,,,,,,,,,,,,,,,,,,,,,,,,,,,,,,,,,,,,,,,,,,,,,,,,,,,,,,,,,,,,,,,,,,,,,,,,,,,,,,,,,,,,,,,,,,,,,,,,,,,,,,,,,,,,,,,,,,,*/masˈɛwa/,,,,,,,,,,,,,,,,,,,,,,,,,,,,,,,,,,,,,,,,,,,,,,,,,*/medˈuwa/,,,,,,,,,,,,,,,,,,,,,,,,,,,,,,,,,,,,,,,,,,,,,,,,,,,,,,,,,,,,,,,,,,,,,,,,,,,,,,,,,,,,,,,,,,,,,,,,,,,,,,,,,,,,,,,,,,,,,,,,,,,,,,,,,,,,,,,,,,,,,,,,,,,,,,*/pusklˈɛwa/,,,,,,,,,,,,,,,,,,,,,*/marɡʲˈɛwa/,,,,,,,,,,,,,,,,,,,,,,,,,,,,,,,,,,,,,,,,,,,,,,,,,,,,,,,,,,,,,,,,,,,,,,,,,,,,,,,,,,,,,,,,,,,,,,,,,,,,,,,,,,,,,,,,,,,,,,,,,,,,,,,,,,,,,,,,,,,,,,,,,,,,,,,,,,,,,,,,,,,,,,,,,,,,,,,,,,,,,,,,,,,,,,,,,,,,,*/nujˈɛwa/,,,,,,,,,,*/surkʲˈɛwa/,,,,,,,,,,,,,,,,,,,,,,,,,,,,,,,,,,,,,,,,,,,,,,,,,,,,,,,,,,,,,,,,,,,,,,,,,,,,,,,,,,,,,,,,,,,,,,,,,,,,,*/katjˈɛwa/,,,,,,,,,,,,*/purkʲˈɛwa/,,,,,,,,,,,*/vetjˈɛwa/,,,,,,,,,,,,,,,,,,,,,,,,*/dɾepnˈɛwa/,,,,,*/eɾundinjˈɛwa/,,,,,,,,,*/turtuɾjˈɛwa/,,,,,,,,,,,,,,,,,,,,,,,,,,,,,,,,,,,,,,,,,,,,,,,,,,,,,,,,,,,,,,,,,,,,,,,,,,,,,,,,,,,,,,,,,,,,,,,,,,,,,,,,,,,,,,,,,,,,,,,,,,,,,,,,,,,,,,,,,,,,,,,,,,,,,,,,,,,,,,,,,,,,,,,,,,,,,,,,,,,,,,,,,,,,,,,,,,,,,,,,,,,,,,,,,,,,,,,,*/adinˈɛwaɾa/,,,,,,,,,,,,,,,,,,,,,,,,,,,,,,,,,,,,,,,,,,,,,,,,,,,,,,,,,,,,,,,,,,,,,,,,,,,,,,,,,,,,,,,,,,,,,,,,,,,,,,,,,,,,,,,,,,,,,,,,,,,,,,,,,,,,,,,,,,,,,,,,,,,,,*/bukʲjˈɛwa/,,,,,,,,*/sjˈɛwa/,,,,,,,,,,,,,,,,,,,,,,,,,,,,,,,,,,,,,,,,,,,,,,,,,,,,,,,,,,,,,,,,,,,,,,,,,,,,,,,,,,,,,*/pˈiwa/,,*/rɾetjˈɛwa/,,,,,,,,,,,,,,,,,,,,,,,,,,,,,*/ullkʲˈɛwa/,,,,,,,,,,,,,,,,,,,,,,,,,,,,,,,,,,,,,,,,,,,,,,,,,,,,,,,,,,,,,,,,,,,,,,,,,,,,,,,,,,,,,,,,,,,,,,,,,,,,,,,,,,,,,,*/jˈɛwa/,,,,,,,,,,,,*/stˈɛwa/,,,,,,,,,,,,,,,,,,
R202,,,,,,,,,,,,,,,,,,,,,,,,,,,,,,,,,,,,,,,,,,,,,,,,,,,,,,,,,,,,,,,,,,,,,,,,,,,,,,,,,,,,,,,,,,,,,,,,,,,,,,,,,,,,,,,,,,,,,,,,,,,,,,,,,,,,,,,,,,,,,,,,,,,,,,,,,,,,,,,,,,,,,,,,,,,,,,,,,,,,,,,,,,,,,,,,,,,,,,,,,,,,,,,,,,,,,,,,,,,,,,,,,,,,,,,,,,,,,,,,,,,,,,,,,,,,,,,,,,,,,,,,,,,,,,,,,,,,,,,,,,,,,,,,,,,,,,,,,,,,,,,,,,,,,,,,,,,,,,,,,,,,,,,,,,,,,,,,,,,,,,,,,,,,,,,,,,,,,,,,,,,,,,,,,,,,,,,,,,,,,,,,,,,,,,,,,,,,,,,,,,,,,,,,,,,,,,,,,,,,,,,,,,,,,,,,,,,,,,,,,,,,,,,,,,,,,,,,,,,,,,,,,,,,,,,,,,,,,,,,,,,,,,,,,,,,,,,,,,,,,,,,,,,,,,,,,,,,,,,,,,,,,,,,,,,,,,,,,,,,,,,,,,,,,,,,,,,,,,,,,,,,,,,,,,,,,,,,,,,,,,,,,,,,,,,,,,,,,,,,,,,,,,,,,,,,,,,,,,,,,,,,,,,,,,,,,,,,,,,,,,,,,,,,,,,,,,,,,,,,,,,,,,,,,,,,,,,,,,,,,,,,,,,,,,,,,,,,,,,,,,,,,,,,,,,,,,,,,,,,,,,,,,,,,,,,,,,,,,,,,,,,,,,,,,,,,,,,,,,,,,,,,,,,,,,,,,,,,,,,,,,,,,,,,,,,,,,,,,,,,,,,,,,,,,,,,,,,,,,,,,,,,,,,,,,,,,,,,,,,,,,,,,,,,,,,,,,,,,,,,,,,,,,,,,,,,,,,,,,,,,,,,,,,,,,,,,,,,,,,,,,,,,,,,,,,,,,,,,,,,,,,,,,,,,,,,,,,,,,,,,,,,,,,,,,,,,,,,,,,,,,,,,,,,,,,,,,,,,,,,,,,,,,,,,,,,,,,,,,,,,,,,,,,,,,,,,,,,,,,,,,,,,,,,,,,,,,,,,,,,,,,,,,,,,,,,,,,,,,,,,,,,,,,,,,,,,,,,,,,,,,,,,,,,,,,,,,,,,,,,,,,,,,,,,,,,,,,,,,,,,,,,,,,,,,,,,,,,,,,,,,,,,,,,,,,,,,,,,,,,,,,,,,,,,,,,,,,,,,,,,,,,,,,,,,,,,,,,,,,,,,,,,,,,,,,,,,,,,,,,,,,,,,,,,,,,,,,,,,,,,,,,,,,,,,,,,,,,,,,,,,,,,,,,,,,,,,,,,,,,,,,,,,,,,,,,,,,,,,,,,,,,,,,,,,,,,,,,,,,,,,,,,,,,,,,,,,,,,,,,,,,,,,,,,,,,,,,,,,,,,,,,,,,,,,,,,,,,,,,,,,,,,,,,,,,,,,,,,,,,,,,,,,,,,,,,,,,,,,,,,,,,,,,,,,,,,,
R203,,,,,,,,,,,,,,,,,,,,,,,,,,,,,,,,,,,,,,,,,,,,,,,,,,,,,,,,,,,,,,,,,,,,,,,,,,,,,,,,,,,,,,,,,,,,,,,,,,,,,,,,,,,,,,,,,,,,,,,,,,,,,,,,,,,,,,,,,,,,,,,,,,,,,,,,,,,,,,,,,,,,,,,,,,,,,,,,,,,,,,,,,,,,,,,,,,,,,,,,,,,,,,,,,,,,,,,,,,,,,,,,,,,,,,,,,,,,,,,,,,,,,,,,,,,,,,,,,,,,,,,,,,,,,,,,,,,,,,,,,,,,,,,,,,,,,,,,,,,,,,,,,,,,,,,,,,,,,,,,,,,,,,,,,,,,,,,,,,,,,,,,,,,,,,,,,,,,,,,,,,,,,,,,,,,,,,,,,,,,,,,,,,,,,,,,,,,,,,,,,,,,,,,,,,,,,,,,,,,,,,,,,,,,,,,,,,,,,,,,,,,,,,,,,,,,,,,,,,,,,,,,,,,,,,,,,,,,,,,,,,,,,,,,,,,,,,,,,,,,,,,,,,,,,,,,,,,,,,,,,,,,,,,,,,,,,,,,,,,,,,,,,,,,,,,,,,,,,,,,,,,,,,,,,,,,,,,,,,,,,,,,,,,,,,,,,,,,,,,,,,,,,,,,,,,,,,,,,,,,,,,,,,,,,,,,,,,,,*/rɾadekʲˈina/,,,,,,,,,,,,,,,,,,,,,,,,,,,,,,,,,,,,,,,,,,,,,,,,,,,,,,,,,,,,,,,,,,,,,,,,,,,,,,,,,,,,,,,,,,,,,,,,,,,,,,,,,,,,,,,,,,,,,,,,,,,,,,,,,,,,,,,,,,,,,,,,,,,,,,,,,,,,,,,,,,,,,,,,,,,,,,,,,,,,,,,,,,,,,,,,,,,,,,,,,,,,,,,,,,,,,,,,,,,,,,,,,,,,,,,,,,,,*/veɡʲˈenti/,,,,,,,,,,,,,,,,,,,,,,,,,,,,,,,,,,,,,,,,,,,,,,,,,,,,,,,,,,,,,*/vekʲinetˈate/,,,,,,,,,,,,,,,,,,,,,,,,,,,,,,,,,,,,,,,,,,,,,,,,,,,,,,,,,,,,,,,,,,,,,,,,,,,,,,,*/tekʲˈone/,,,,,,,,,,,,,,,,,,,,,,,,,,,,,,,,,,,,,,,*/vekʲˈinu/,,,,,,,,,,,,,,,,,,,,,,,,,,,,,,,,,,,,,,,,,,,,,,,,,,,,,,,,,,,,,,,,,,,,,,,,,,,,,,,,,,,,,,,,,,,,,,,,,,,,,,,,,,,,,,,,,,,,,,,,,,,,,,,,,,,,,,,,,,,,,,,,,,,,,,,,,,,,,,,,,,,,,,,,,,,,,,,,,,,,,,,,,,,,,,,,,,,,,,,,,,,,,,,,,,,,,,,,,,,,,,,,,,,,,,,,,,,,,,,,,,,,,,,,,,,,,,,,,,,,,,,,,,,,,,,,,,,,,,,,,,,,,,,,,,,,,,,,,,,,,,,,,,,,,,,,,,,,,,,,,,,,,,,,,,,,,,,,,,,,,,,,,,,,,,,,,,,,,,,,,,,,,,,,,,,,,,,,,,,,,,,
R204,,,,,,,,,*/adjidˈensu/,,,,,,,,*/ammaɡʲjˈi/,,,,,,,,,,,,,,,,,,,,,,,,,,,,,,,,,,,,,,,*/altjˈitʲa/,,,,,,,*/ammatjˈi/,*/ammurtjˈi/,*/ammutjˈi/,,,,,,,,,,,,,,,,,,,,,,,,,,,*/desjideɾˈa/,,,,,,,,,,,,,,*/kʲjikˈɔɾja/,,,,,,,,,,,,*/akʲjˈi/,,,,,,,,,,,,,,*/fˈalkʲji/,,,,,,,,,*/ɡalljinˈatʲu/,,,,,,,,,,,,,,,,,,,,,,,,,,,,,,,,,,,,,,,,,,,,,,,,,,,*/besjˈika/,,,,,,,,,,,,,,,,,*/kapetjˈina/,,,,,,*/ɡʲenɡʲjˈia/,,,,,,,,,,,,,,,,,,,,,,,,,,,,,,,*/tjˈitʲa/,,,,,,,,,,,,,,,,,,,,,,,*/awdjˈi/,,,,,*/semtjˈi/,,,,,,,,,,,*/anɡlutjˈi/,,,,,,,,,,,,,,,,,,,,,,,*/kastjiɡˈa/,,,*/leɡʲjinˈa/,,,,,,,,,,,,,,,,,,,,,,,,,,,,,,,,,,,,,,,*/patjˈi/,,,,,,,,,,,,,,,,,,,,,,,,,,,,,,,,*/mentjˈi/,*/uljitˈa/,,,*/skʲjˈiw̥/,*/skʲjˈi/,,,,,,,,,*/kˈosji/,,,,,,,,,,,,,,,*/ukʲjˈide/,,,*/petjˈiɡʲene/,,,,*/tusjˈi/,,,,,,,,,*/ljˈinja/,,,,*/bestjimˈentu/,,,,,,,,*/bɾakʲjˈiɾe/,,,,,,,,,,,,,,,,,*/anvestjˈi/,,,,,,,*/kʲjˈiɾu/,,,,,,,,,,,,,,,,,,,,,,,,,,,,,,,,,,,,,*/tjitjˈina/,,,,,,,,,,,,,,,,,,,,,,,,,,,,,,,,,,,,,,,,,,,,*/petjˈi/,,,,,,,,,,,,,,,,,,,,,,,,,,,,*/djˈi/,,,,,,,,*/mˈartji/,,,,,,,,,,,,,,*/ljˈimu/,,,,,,,,,*/aɾuɡʲjˈina/,,,,,,,,,,,,,,,,,,,,,,,,,,,,,,,,,,*/rɾadekʲjˈina/,,*/rɾesjˈina/,,,,,,,,,,,,,,,,,,,,,,,,,,,,,,,,,,,,,,,,,,,,,,,,,,*/rɾadjˈikla/,,,,,,*/ljˈinu/,,,,,,,,,,,,*/urtjˈika/,,,,,,,,,,,,,,,,,,,,,,,,*/muɡʲjˈi/,,,,,,,,,,,,,,,,,,,,,,,,,,,*/purkʲjˈina/,,,,,*/tertjˈiw/,,,,,,,,,,,,,*/mestjˈitʲu/,,,,,,,,,,,,,,*/ɡalljˈina/,,,,,,,*/eɾundjinjˈɛwa/,,,,,,,,,,,,*/lˈaptji/,,,,,,,,,*/kʲjˈinkʲe/,,,,,,,,,,,,,,,,,,,,,,,,,,,,,,,,,,,,,,,,,,,,,*/kʲjˈinkʲe/,,,,,,,,,,*/veɡʲˈentji/,,,,,,,,,,,,,,,,,,,,,,,,,,,,,,,,,*/subtjˈiɾe/,,,,,,,,,,,,,,,,,,,,,,,,,,,,*/vekʲjinetˈate/,,,,,,,,,,,,,,,,,,,,,*/ankljinˈa/,*/ankljinakʲˈone/,,,,,,,,,,,,,,,,,,,,*/bukʲjinˈa/,,,,,*/sjijeɾˈa/,,,,,,,,,,,,,,,,,,,,,,,,,,,,,,,,,,,,,,,,,*/adjinˈɛwaɾa/,,,*/akʲjˈikʲe/,,,,,,,,,,,,,,,,,,,,,,*/tardjˈiw/,,,,,*/vekʲjˈinu/,,,,,,,,,,,,*/eɾadjikˈa/,*/erɾatekʲjˈi/,,,*/fuɡʲjˈi/,,,,,,,,,,,,*/tjinˈɛ/,,,,,,,,,,,,,,,,,,,,,,,,,,,,,,,,,*/sjˈi/,,,,,,,,,,,,,,,,,,,,,,,,*/ampartjˈi/,,,,,,,,,,,,,,,*/subtjiljˈa/,,,,,,,,,,,,,,,,,*/tɾaɡʲjinˈa/,,,,,,,,,,,,,,,,,*/makʲjinˈa/,,,,,,,,,,,,,,,,,,,,,,,,,,,*/sarkʲjinˈaɾju/,,,,,,,,,,,,,,,,,,,,,,,,,,,,,,,,,,,,,,,,,,,,,,,,*/urdjˈi/,,,,,,,,,,,,,,,,,,,,,,,,,,,,,,,,,,,,,,,,*/kutjˈitu/,,,,,*/lesjˈija/,,,,,,*/djˈikʲe/,,,,,,,,,,,,,,,,,,,,,,,,,,,,,,,,,,,,,,,,,,,,,,,*/jesjˈi/,*/fɾasjinˈetu/,,,,,,,,*/fˈakʲetji/,,,,,,,,,,,,,,,,,,,,,,,,,,,,*/skʲjˈij/,,,*/ˈawdji/,,,,,,,*/jˈellji/,,,,,,,,,,,,,,,,,,,*/djˈiku/,*/kɾˈeskʲji/,,,,,,,,,
R205,,*/alˈona/,,,,,,,,,,,*/alˈateɾa/,*/alˈɛɡʲe/,*/alentˈa/,*/alunɡˈa/,*/amaɡʲjˈi/,*/aminatʲˈa/,,,,,,,,,,,,,,,,,,,,,,,,,,,,,,,,,,,*/aluˈatu/,,,,,,,,,,*/amatjˈi/,*/amurtjˈi/,*/amutjˈi/,,,,,,,,,,,,,,,,,,,,,,,,,,,,,,,,*/kalˈaɾe/,,*/kantekʲjˈelu/,,,,,,,,,,*/kumenekˈa/,,,,,,,,,,,*/akʲˈelu/,,,,,,,,,*/spelaˈa/,,,,,,,,,,,,*/ɡaljinˈatʲu/,,,,,,,,,,,,,,,,,,,,,,,,,,,,,,,,,,,,,,,,,,,,,,,,,,,,,,,,,,,,,,,,,,,,,,,,,,,,,,,,,,,,,,,,,,,,,,,,,,,,,,,,,,,,,,,,,,,,,,*/medulˈaɾju/,,,,,,,,,*/pjˈɛle/,,,,,,,,,,,,,,,,,,,,,,*/satˈulu/,,,,,,,,,,,,,,,,,,,,,,,,,,,,,,,,,,,,,,,,*/ankumˈɛte/,,,,,,,,,,,,,,,,,,,,,,,,,,,,,,,,,,,,,,,,,,,,,,*/antʲelepkʲˈone/,*/antelˈeptu/,*/antʲelˈɛɡʲe/,,,,,,,,,,,,,,,,,*/katjˈelu/,,,,,,,,,,,,,,,,,,,,,,,,,,,,,,,,,,*/paljˈɔɾa/,,,,*/injˈelu/,,*/kʲerkʲˈelu/,,,,,,,,,,,,,,,,,,,,,,,,,,,,,,,,,,,,,,,,,,,,,,,,,,,,,*/kʲelˈaɾju/,,,,,,,,,,,,,,,,,,,,,,,,,*/mˈuma/,,,,,,,,,,,,,,,,,,,,,,,,,,,,,,,,,,,,,,,,,,,,,,,,,,,,,,,,,,,,,,,,,,,,,,,,,,,,,,,,,,,,,,,,,,,,,,,*/munkʲˈelu/,,,*/skawnjˈelu/,,*/vˈale/,,,,,,,,,,,,,,,,,,,,,,,,,,,,,,*/surkʲˈelu/,,,,,,,,,,,,,,,,,,,,,,,,*/pedukʲjˈelu/,,,,,,,,,,,,,,,,,,,,,,,,,,,,,,,,,,,,,,,,,,,,,,,,,,,,,,,,*/ankalekˈa/,,*/pˈalju/,,,,,,,,,,,*/mnjˈelu/,,,,,*/kaˈalu/,,,,,,,,,,,,,,,*/purkʲˈelu/,,,,,,,,,,,,,*/vetjˈelu/,,,,,,,,,,,,,,,,,,,*/pˈula/,*/pˈulju/,*/ɡaljˈina/,,,,,,,,,,,,,,,,,,,,,,,,,,,,,,,,*/ɡɾˈɛljjeɾu/,,,,,,,,,,,,,,,,,,,,,,,,,,,,,,,,,,,*/sˈuma/,,,,,,,,,,,,,,,,,,,,,,,,,,,,,,,,,,*/mˈɔle/,,,,,,,,,,,,,,,,,,,,,,,,,,,,,,,,,,,,,,,,,,,,,,,,,,,,,,,,,,,,,,,,,,,,,,,,,,,,,*/kumandˈa/,,,,,,,,,,,,,,,,,,,,,,,,,,,,,,,,,,,,,,,*/flˈama/,,,,,,,,,*/amu/,,,,,,,,,,,*/akoelˈo/,*/akˈumu/,,*/elˈa/,,,,,,,,,,,,,,,,,,,,,,,,*/akʲelˈa/,*/alarɡˈa/,,,,,,,,*/kulukˈa/,,,,,,,,,,,,,,,,,,,,,,,,,,,,,,,,,,,,,,,,,,,,,,,,,,,,,,*/amestekˈa/,,*/aleɡˈa/,,,,,,,,,,,,,,,,,,,,,,,,,,,,,*/muljˈa/,,,,,,,,,,,,,,*/kalaɾˈetʲu/,,*/deskalekˈa/,,,,,,,,,,,,,,,,*/kˈale/,,,,,*/kulˈɛɡʲe/,,,,,,,,,,,,,,,,,,,,,,,,,,,,,,,,,,,,,,,,,,,,,,,,,,,,,,,,,,,,,,,,,,,,,*/fuljˈoɾu/,,*/fuskʲˈelu/,,,,,,,,,,,,,,,,,,,,,,,*/mˈalju/,,,,,,,*/fˈɔle/,,,,,,*/ɡalˈɛta/,*/ˈɔla/,*/ulˈaɾju/,*/ulkʲˈɛwa/,,,,,,,,,,,,,,,,,,,,,,,,,,,,,,,,,,,,,,,,,,,,,,,,,,,,,,,,,,,,,,,,,,,,,,,,,,,,,,,,,,,,,,,,,,,,,,,,,,,,,,,,,,,,,*/jˈelu/,,*/jˈelji/,*/jˈɛle/,,,,,,,,,*/mˈɔla/,,,,,,,,,,,,,,,,,,,
R206,,,,,,,,,*/adʲjidˈensu/,,,*/aɡʲutˈoɾʲju/,,,,,,,,,,,,,*/apɾʲjˈende/,,,,,,,,,,,,,,,,,,,,,*/apˈaɾʲju/,,,,,,,,*/altˈaɾʲju/,,,*/albjˈaɾʲju/,,,,,,*/amatʲjˈi/,*/amurtʲjˈi/,*/amutʲjˈi/,*/annutʲjˈertʲu/,,,,,,*/aɾatˈoɾʲju/,,,,,,,*/arɡʲentˈaɾʲju/,,*/arkˈaɾʲju/,,,,,,*/batˈalʲja/,,,,,*/desʲjideɾˈa/,,,,,,,,,,,*/kʲeɾasʲjˈaɾʲju/,*/kʲeɾʲjˈɛsʲja/,,*/kʲjikˈɔɾʲja/,,*/kuptˈoɾʲju/,,,,,,,,,,,,,,,,,,,,,,,,,,*/fewɾˈaɾʲju/,,,,,,,*/ɡalʲjinˈatʲu/,,,,,,,,,,,,,,,,,,,,,*/amnˈaɾʲju/,*/mannˈaɾʲju/,*/mesʲjunˈa/,,,,*/pekˈulʲju/,,*/pestˈalʲja/,,,,,,,,,,,,,,*/sʲjˈɛrɾa/,*/skantˈɛlʲja/,,,,,*/tusʲjunˈa/,,*/besʲjˈika/,,,,,,,,,,*/tʲjˈeneɾu/,,,,,,,*/kapetʲjˈina/,,,,,,,,,,,,,,*/tʲjˈɛsta/,,,,*/kˈolʲju/,,,,,*/jˈɛlʲja/,,*/manutˈalʲja/,,,,,,,,,,,,*/tʲjˈitʲa/,,,,,,,*/kalkˈanʲju/,,,,,,*/medulˈaɾʲju/,,,,,,,,,,*/awdʲjˈi/,,,,,*/semtʲjˈi/,,,,,,,,,,,*/anɡlutʲjˈi/,,,,,,,,,,,,,,,,,,,,,,,*/kastʲjiɡˈa/,,,,,,,,,,,,,,,,,,,,,,,,,*/dulʲjˈosu/,,,,,,,,,,*/manɡanʲjˈa/,,,,,,,*/patʲjˈi/,,,,,,,,*/rɾusʲjˈone/,,,,,,,,,,,,,,,,,,,,,,,,*/mentʲjˈi/,*/ulʲjitˈa/,,,,,,,,,,*/rɾˈanʲja/,,*/katʲjˈelu/,*/kˈosʲji/,,,,,,,,*/lesʲjunˈa/,,,,,,,,*/pjˈeɾʲju/,*/pjˈɛɾʲja/,*/petʲjˈiɡʲene/,*/puɾˈonʲju/,,,*/tusʲjˈi/,,,,,,,,*/kamˈɛsʲja/,*/lʲjˈinʲja/,,*/palʲjˈɔɾa/,,*/bestʲjimˈentu/,,*/inʲjˈelu/,,,,,,,,,,,,,,,,,,,,,,,*/anvestʲjˈi/,,,,,,,,,,,*/mˈɔɾʲja/,,,,,,,,,*/d͡zʲjˈɛma/,,,,,,*/ɡɾatˈaɾʲju/,,,*/kapɾʲjˈoɾu/,,*/kasˈaɾʲju/,*/kʲelˈaɾʲju/,,,*/feɾʲjˈɛstɾa/,,,,,,,,,*/tʲjitʲjˈina/,,*/aɾmˈaɾʲju/,*/kapetˈanʲju/,,,,,*/metˈusʲja/,*/fˈilʲju/,*/fˈilʲja/,,,,,,,,,,,,*/filʲjˈastɾu/,,,,,,,,,*/spˈuɾʲju/,*/filʲjˈanu/,,,,,,*/dʲjˈɛstɾe/,,,,,,*/petʲjˈi/,,,,,,,,,,,,,,,,,,,,,,,,,,,,*/dʲjˈi/,,,,,,,,*/mˈartʲji/,,,,,*/pɾˈilʲje/,*/kaɾendˈaɾʲju/,,,,,,,,*/lʲjˈimu/,,,,*/sʲjˈesu/,,,,,,,,,,,,,*/skawnʲjˈelu/,,,,,,,,,,,,,*/tʲjˈɛɾme/,*/tʲjˈeɾmuɾe/,,,,,,*/fˈɔlʲja/,*/fˈolʲju/,,,*/pˈalʲja/,,,,*/rɾesʲjˈina/,,,,,,,,,,,,,,,*/tˈelʲju/,,*/kʲeɾʲjˈesʲju/,*/ɡutˈonʲja/,*/ɡutˈonʲju/,,,,,,,,,,,,,,,,,,,*/mˈelʲju/,,,*/ˈalʲju/,,,,,,,,,*/rɾadʲjˈikla/,,,,*/tɾefˈolʲju/,,*/lʲjˈinu/,*/aɾʲjˈoɾu/,,,,,,,,,,,*/urtʲjˈika/,,,,,*/nemˈalʲja/,,,,,,,,,,,,,*/pˈalʲju/,,,,,,,,,,*/aɾmesˈaɾʲju/,*/mnʲjˈelu/,,*/aɾʲjˈɛte/,,,,,,,*/katʲjˈɛwa/,,,,,,,,,,,,,,,,,,*/tertʲjˈiw/,,,,,*/vetʲjˈɛwa/,*/vetʲjˈelu/,*/vetˈulʲju/,*/vetˈulʲja/,,,*/lʲjˈepuɾe/,,*/mestʲjˈitʲu/,,,,,,,,,,,,,*/pˈulʲju/,*/ɡalʲjˈina/,,,,,,,*/eɾundʲjinʲjˈɛwa/,,,,*/pɾeveɡlatˈɔɾʲja/,,,,,*/turtuɾʲjˈɛwa/,,*/vultˈuɾʲju/,*/lˈaptʲji/,*/peskˈaɾʲju/,,*/sʲjˈɛrpe/,,,,*/kˈaɾʲju/,,,,,,*/ɡɾˈɛlʲjjeɾu/,,,,,,,,,,,,,,*/desʲjˈertu/,,,,,,,,,,,,,,,,,,,,,,,,,,*/antˈanʲju/,,,,*/mˈilʲja/,,,,*/sʲjˈɛse/,,,*/veɡʲˈentʲji/,,,,,,,,,,,,,,,,,,,,,,,,,,,,,,,,,*/subtʲjˈiɾe/,,,,,,,,,*/kuvinʲjˈentʲa/,,,,,,,,,,,,,,,,,,,,,*/nʲjestemˈatu/,,,,,,,*/lʲjˈew/,*/lʲjˈɛa/,,,,,,,*/kɾestʲjˈenu/,,*/dʲjˈew̥/,,*/anklʲjinˈa/,*/anklʲjinakʲˈone/,*/lʲjertˈa/,*/miɾʲjˈone/,,,,,,,,,,,,,,,,,,,,,,,*/sʲjijeɾˈa/,,,,,,,,,,,*/rɾˈosʲju/,,,,,,,,,,,,,,*/kʲenˈusʲja/,,,,,,,,,,,,*/alʲjjeɾˈej/,,,,*/adʲjinˈɛwaɾa/,,,,,,,,,,,,,,,,,,,,,,,,,*/tardʲjˈiw/,,,,,,,,,,,,*/asʲjˈedʲu/,*/asʲjˈɛdʲa/,,,,*/eɾadʲjikˈa/,,,,,,,,,,,,,*/sʲjˈɛde/,,,*/tʲjinˈɛ/,,,,,,,,,,,,,,,,,,,,*/ukasʲjunˈa/,,,,,,,,,,,,,*/sʲjˈi/,,,,,*/astʲjˈɛɾne/,,,,,,,,,,,,*/stʲjˈɛrɡʲe/,,,,,,,*/ampartʲjˈi/,,,,,,,,,,,*/mulʲjˈa/,,,,*/subtʲjilʲjˈa/,*/talʲjˈa/,,,,,,,,,,,,,,,,,,,,,,,,,,*/sʲjˈɛwa/,,*/karɾˈaɾʲja/,,,,,,,,,,,,*/ˈaɾʲja/,,,,,*/tʲjˈɛrɾa/,*/vˈinʲja/,,,,,,,,,,,,,,*/sarkʲjinˈaɾʲju/,,*/stemuɾˈaɾʲja/,,,*/bowˈaɾʲju/,,*/purkˈaɾʲju/,,*/kˈasʲju/,,,,,,,,,,,,,,,*/vanatˈɔɾʲja/,*/despulʲjˈa/,,,,,,,,,,,,,,,,*/fulʲjˈoɾu/,,,,,,,*/urdʲjˈi/,,,,,*/rɾetʲjˈɛwa/,,,,,*/tʲjˈɛse/,,,,,*/duɡˈaɾʲju/,,*/lemnˈaɾʲju/,*/mˈalʲju/,,,*/awɾˈaɾʲju/,,,*/ferɾˈaɾʲju/,,,,*/kaldˈaɾʲja/,,*/stɾakuɾatˈɔɾʲja/,,,*/ulˈaɾʲju/,,,*/tʲjˈestu/,,,,*/kutʲjˈitu/,,,,,*/lesʲjˈija/,,,,,,*/dʲjˈikʲe/,,,,,,*/pɾʲjˈende/,,,*/dʲjˈɛda/,,,,,,,,,,,,*/tʲjˈene/,,,,,,,,,,,,,,,*/sʲjˈɛpte/,,,,,,,,,,,*/jesʲjˈi/,*/fɾasʲjinˈetu/,,*/mulʲjˈɛɾe/,*/paɾʲjˈɛte/,,,,,*/fˈakʲetʲji/,,,,,*/kˈunʲju/,,,,,,,,,,,,,,,,*/nʲjˈeɡuɾa/,,*/nʲjˈeɡu/,,,,,,,,*/ˈawdʲji/,,,,,,,*/jˈelʲji/,,,,,,,,,*/dʲjˈɛkʲe/,,,,,,,,,,*/dʲjˈiku/,,,,,*/zɡˈaɾʲja/,,,*/famˈɛlʲja/,,
R207,,,,,,,,,*/adʲidˈensu/,,,*/aɡʲutˈoɾʲu/,,,,,*/amaɡʲˈi/,,,,,,,,*/apɾʲˈende/,,,,,,,,,*/aɡʲˈestu/,,,,,,,,,,,,*/apˈaɾʲu/,,,,,,,,*/altˈaɾʲu/,,,*/albjˈaɾʲu/,,,,,,*/amatʲˈi/,*/amurtʲˈi/,*/amutʲˈi/,*/annutʲˈertʲu/,,,,,,*/aɾatˈoɾʲu/,,,,,,,*/arɡʲentˈaɾʲu/,,*/arkˈaɾʲu/,,,,,,*/batˈalʲa/,,,,,*/desʲideɾˈa/,,,,,,*/kʲˈeɾu/,*/kantekʲˈelu/,,,,*/kʲeɾasʲˈaɾʲu/,*/kʲeɾʲˈɛsʲa/,,*/kʲikˈɔɾʲa/,,*/kuptˈoɾʲu/,,,,,,,,*/kʲˈɛɾe/,*/kʲˈeɾu/,*/akʲˈi/,,,,,,,,,,,,,,*/fˈalkʲi/,,*/fewɾˈaɾʲu/,,,,,,,*/ɡalʲinˈatʲu/,,,,,,,,,,,,,,,,,,,,,*/amnˈaɾʲu/,*/mannˈaɾʲu/,*/mesʲunˈa/,,,,*/pekˈulʲu/,,*/pestˈalʲa/,,,,,,,,,,,,,,*/sʲˈɛrɾa/,*/skantˈɛlʲa/,,,,,*/tusʲunˈa/,,*/besʲˈika/,,,,,,,,,,*/tʲˈeneɾu/,,,,,,,*/kapetʲˈina/,,,,,*/ɡʲˈena/,*/ɡʲenɡʲˈia/,,,,,,,,*/tʲˈɛsta/,,,,*/kˈolʲu/,,,,,*/jˈɛlʲa/,,*/manutˈalʲa/,,,,,,,,,,,,*/tʲˈitʲa/,,,,,,,*/kalkˈanʲu/,,,,,,*/medulˈaɾʲu/,,,,,,,,,,*/awdʲˈi/,,,,,*/semtʲˈi/,,,,,,,,,,,*/anɡlutʲˈi/,,,,,,,,,,,,,,,,,,,,,,,*/kastʲiɡˈa/,,,*/leɡʲinˈa/,,,,,,,,,,,,,,,,,,,,,,*/dulʲˈosu/,,,,,,,,,,*/manɡanʲˈa/,,,,,,,*/patʲˈi/,,,,,,,,*/rɾusʲˈone/,,,,,,,,,,,,,,,,,,,,,,,,*/mentʲˈi/,*/ulʲitˈa/,,,*/skʲˈiw̥/,*/skʲˈi/,,,,,,*/rɾˈanʲa/,*/kʲˈɛtʲa/,*/katʲˈelu/,*/kˈosʲi/,,,,*/ɡʲˈɛme/,*/ɡʲˈɛmetu/,,,*/lesʲunˈa/,,,,,,,*/ukʲˈide/,*/pjˈeɾʲu/,*/pjˈɛɾʲa/,*/petʲˈiɡʲene/,*/puɾˈonʲu/,,,*/tusʲˈi/,,,,,,,,*/kamˈɛsʲa/,*/lʲˈinʲa/,,*/palʲˈɔɾa/,,*/bestʲimˈentu/,,*/inʲˈelu/,,,,,,*/bɾakʲˈiɾe/,,,,,,,,,,,,,,,,,*/anvestʲˈi/,,,*/kʲˈena/,,,,*/kʲˈiɾu/,,,,*/mˈɔɾʲa/,,,,,,,,,*/d͡zʲˈɛma/,,,,,,*/ɡɾatˈaɾʲu/,,,*/kapɾʲˈoɾu/,,*/kasˈaɾʲu/,*/kʲelˈaɾʲu/,,,*/feɾʲˈɛstɾa/,,,,,,,,,*/tʲitʲˈina/,,*/aɾmˈaɾʲu/,*/kapetˈanʲu/,,,,,*/metˈusʲa/,*/fˈilʲu/,*/fˈilʲa/,,*/ɡʲˈɛmanu/,,,,,,,,,,*/filʲˈastɾu/,*/ɡʲˈeneɾe/,,,,,,,,*/spˈuɾʲu/,*/filʲˈanu/,,,,,,*/dʲˈɛstɾe/,,,,,,*/petʲˈi/,,,,,,,,,,,,,*/ɡʲˈeɾu/,,,,,,,,,,,,,,,*/dʲˈi/,,,,,,,,*/mˈartʲi/,,,,,*/pɾˈilʲe/,*/kaɾendˈaɾʲu/,,,,,,,,*/lʲˈimu/,,,,*/sʲˈesu/,,,,,*/aɾuɡʲˈina/,,,,,,,,*/skawnʲˈelu/,,,,,,,,,,,,,*/tʲˈɛɾme/,*/tʲˈeɾmuɾe/,,,,,,*/fˈɔlʲa/,*/fˈolʲu/,,,*/pˈalʲa/,,*/rɾadekʲˈina/,,*/rɾesʲˈina/,,,,,,,,,,,,,,,*/tˈelʲu/,,*/kʲeɾʲˈesʲu/,*/ɡutˈonʲa/,*/ɡutˈonʲu/,,,,,,,,,*/pedukʲˈelu/,,,,,,,,,,*/mˈelʲu/,,,*/ˈalʲu/,,,,,,,,,*/rɾadʲˈikla/,,,,*/tɾefˈolʲu/,,*/lʲˈinu/,*/aɾʲˈoɾu/,,,,,,,,,,,*/urtʲˈika/,,,,,*/nemˈalʲa/,,,,,,,,,,,,,*/pˈalʲu/,,,,,,*/muɡʲˈi/,,,,*/aɾmesˈaɾʲu/,*/mnʲˈelu/,,*/aɾʲˈɛte/,,,,,,,*/katʲˈɛwa/,,,,,,,,,,,,,*/purkʲˈina/,,,,,*/tertʲˈiw/,,,,,*/vetʲˈɛwa/,*/vetʲˈelu/,*/vetˈulʲu/,*/vetˈulʲa/,,*/kʲˈerbu/,*/lʲˈepuɾe/,,*/mestʲˈitʲu/,,,,,,,,,,,,,*/pˈulʲu/,*/ɡalʲˈina/,,,,,,,*/eɾundʲinʲˈɛwa/,,,,*/pɾeveɡlatˈɔɾʲa/,,,,,*/turtuɾʲˈɛwa/,,*/vultˈuɾʲu/,*/lˈaptʲi/,*/peskˈaɾʲu/,,*/sʲˈɛrpe/,,,,*/kˈaɾʲu/,,*/kʲˈinkʲe/,,,,*/ɡɾˈɛlʲjeɾu/,,,,,,,,,,,,,,*/desʲˈertu/,,,,,,,,,,,,,,,,,,,,,,,,,,*/antˈanʲu/,*/kʲˈinkʲe/,,,*/mˈilʲa/,,,,*/sʲˈɛse/,,,*/veɡʲˈentʲi/,,,,,,,,,,,,,,,,,,,,,,*/kʲˈetu/,*/kʲˈɛta/,,,,,,,,,,*/subtʲˈiɾe/,,,,,,,,,*/kuvinʲˈentʲa/,,,,,,,,,,,,,,,,,,,*/vekʲinetˈate/,,*/nʲestemˈatu/,,,,,,,*/lʲˈew/,*/lʲˈɛa/,,,,,,,*/kɾestʲˈenu/,,*/dʲˈew̥/,,*/anklʲinˈa/,*/anklʲinakʲˈone/,*/lʲertˈa/,*/miɾʲˈone/,,,,,,,,,,,,,,,,,,*/bukʲinˈa/,,,,,*/sʲijeɾˈa/,,,,,,,,,,,*/rɾˈosʲu/,,,,,,,,,,,,,,*/kʲenˈusʲa/,,,,,,,,,,,,*/alʲjeɾˈej/,,,,*/adʲinˈɛwaɾa/,,,*/akʲˈikʲe/,,,,,,,,,,,,,,,,,,,,,,*/tardʲˈiw/,,,,,*/vekʲˈinu/,,,,,,,*/asʲˈedʲu/,*/asʲˈɛdʲa/,,,,*/eɾadʲikˈa/,*/erɾatekʲˈi/,,,*/fuɡʲˈi/,,,,,,,,,*/sʲˈɛde/,,,*/tʲinˈɛ/,,,,,,,,,,,,,,,,,,,,*/ukasʲunˈa/,,,,,,,,,,,,,*/sʲˈi/,,,,,*/astʲˈɛɾne/,,,,,,,,,,,,*/stʲˈɛrɡʲe/,,,,,,,*/ampartʲˈi/,,,,,,,,,,,*/mulʲˈa/,,,,*/subtʲilʲˈa/,*/talʲˈa/,,,,,,,*/ankʲˈetu/,,,,,,,,,*/tɾaɡʲinˈa/,,*/bukʲˈɛwa/,,,,,,,,*/sʲˈɛwa/,,*/karɾˈaɾʲa/,,,*/kʲˈɛɾne/,,*/makʲinˈa/,,,,,,,*/ˈaɾʲa/,,,,,*/tʲˈɛrɾa/,*/vˈinʲa/,,,,,,,,,,,,,,*/sarkʲinˈaɾʲu/,,*/stemuɾˈaɾʲa/,,,*/bowˈaɾʲu/,,*/purkˈaɾʲu/,,*/kˈasʲu/,,,,,,,,,,,,,,,*/vanatˈɔɾʲa/,*/despulʲˈa/,,,,,,,,,,,,,,,,*/fulʲˈoɾu/,,,,,,,*/urdʲˈi/,,,,,*/rɾetʲˈɛwa/,,,,,*/tʲˈɛse/,,,,,*/duɡˈaɾʲu/,,*/lemnˈaɾʲu/,*/mˈalʲu/,,,*/awɾˈaɾʲu/,,,*/ferɾˈaɾʲu/,,,,*/kaldˈaɾʲa/,,*/stɾakuɾatˈɔɾʲa/,,,*/ulˈaɾʲu/,,,*/tʲˈestu/,,,,*/kutʲˈitu/,,,,,*/lesʲˈija/,,,,,,*/dʲˈikʲe/,,,,,,*/pɾʲˈende/,,,*/dʲˈɛda/,,,*/kʲˈene/,,,,,,,,,*/tʲˈene/,,,,,,,,,,,,,,,*/sʲˈɛpte/,,,,,,,,,,,*/jesʲˈi/,*/fɾasʲinˈetu/,,*/mulʲˈɛɾe/,*/paɾʲˈɛte/,,,,,*/fˈakʲetʲi/,,,,,*/kˈunʲu/,,,,,*/kʲˈerɾu/,,,,,,,,,,,*/nʲˈeɡuɾa/,,*/nʲˈeɡu/,,,,,*/skʲˈij/,,,*/ˈawdʲi/,,,,,,,*/jˈelʲi/,,,,,,,,,*/dʲˈɛkʲe/,,,,,,,,,*/kʲetˈate/,*/dʲˈiku/,*/kɾˈeskʲi/,,,,*/zɡˈaɾʲa/,,,*/famˈɛlʲa/,,
R208,,,,,,,,,,,,,,,,,,,,,,,,,,,,,,,,,,,,,,,,,,,,,,,,,,,,,,,,,,,,,,,,,,,,,,,,,,,,,,,,,,,,,,,,,,,,,,,,,,,,,,,,,,,,,,,,,,,,,,,,,,,,,,,,,,,,,,,,,,,,,,,,,,,,,,,,,,,,,,,,,,,,,,,,,,,,,,,,,,,,,,,,,,,,,,,,,,,,,,,,,,,,,,,,,,,,,,,,,,,,,,,,,,,,,,,,,,,,,,,,,,,,,,,,,,,,,,,,,,,,,,,,,,,,,,,,,,,,,,,,,,,,,,,,,,,,,,,,,,,,,,,,,,,,,,,,,,,,,,,,,,,,,,,,,,,,,,,,,,,,,,,,,,,,,,,,,,,,,,,,,,,,,,,,,,,,,,,,,,,,,,,,,,,,,,,,,,,,,,,,,,,,,,,,,,,,,,,,,,,,,,,,,,,,,,,,,*/inˈelu/,,,,,,,,,,,,,,,,,,,,,,,,,,,,,,,,,,,,,,,,,,,,,,,,,,,,,,,,,,,,,,,,,,,,,,,,,,,,,,,,,,,,,,,,,,,,,,,,,,,,,,,,,,,,,,,,,,,,,,,,,,,,,,,,,,,,,,,,,,,,,,,,,,,,,,,,,,,,,,,,,,,,,,,,,,,,,,,,,,*/skawnˈelu/,,,,,,,,,,,,,,,,,,,,,,,,,,,,,,,,,,,,,,,,,,,,,,,,,,,,,,,,,,,,,,,,,,,,,,,,,,,,,,,,,,,,,,,,,,,,,,,,,,,,,,,,,,,,,,,,,,,,,,,,,,,,,,,,,,,,,,,,,,,,,,,,,,,,,,,,,,,,,,,,,,,,,,,,,,,,,,,,,,,,,,,,,,*/eɾundʲinˈɛwa/,,,,,,,,,,,,,,,,,,,,,,,,,,,,,,,,,,,,,,,,,,,,,,,,,,,,,,,,,,,,,,,,,,,,,,,,,,,,,,,,,,,,,,,,,,,,,,,,,,,,,,,,,,,,,,,,,,,,,,,,,,,,,,,,,,,,,,,,,,,*/nestemˈatu/,,,,,,,,,,,,,,,,,,,,,,,,,,,,,,,,,,,,,,,,,,,,,,,,,,,,,,,,,,,,,,,,,,,,,,,,,,,,,,,,,,,,,,,,,,,,,,,,,,,,,,,,,,,,,,,,,,,,,,,,,,,,,,,,,,,,,,,,,,,,,,,,,,,,,,,,,,,,,,,,,,,,,,,,,,,,,,,,,,,,,,,,,,,,,,,,,,,,,,,,,,,,,,,,,,,,,,,,,,,,,,,,,,,,,,,,,,,,,,,,,,,,,,,,,,,,,,,,,,,,,,,,,,,,,,,,,,,,,,,,,,,,,,,,,,,,,,,,,,,,,,,,,,,,,,,,,,,,,,,,,,,,,,,,,,,,,,,,,,,,,,,,,,,,,,,,,,,,,,,,,,,,,,,,,,,,,,,,,,,,,,,,,,,,,,,,,,,,,,,,,,,,,,,,,,,,,,,,,,,,,,,,,,,,,,,,,,,,,,,,,,,,,,,,,,,,,*/nˈeɡuɾa/,,*/nˈeɡu/,,,,,,,,,,,,,,,,,,,,,,,,,,,,,,,,,,,,,,,,,,,,
R209,,,,,,,,,*/adidˈensu/,,,,,,,,,,,,,,,,,,,,,,,,,,,,,,,,,,,,,,,,,,,,,,,,,,,,,,,,,,,,,,,,,,,,,,,,,,,,,,,,,,,,,,,,,,,,,,,,,,,,,,,,,,,,,,,,,,,,,,,,,,,,,,,,,,,,,,,,,,,,,,,,,,,,,,,,,,,,,,,,,,,,,,,,,,,,,,,,,,,,,,,,,,,,,,,,,,,,,,,,,,,,,,,,,,,,,,,,,,,,,,,,,,,,,,,,,,,,,,,,,,,,,,,,,,,,,,,,,,,,,,,,,,,,,,,,,,,,,,,,,,,,,,,,,,,,,,,,,,,,,,,,,,,,,,,,,,,,,,,,,,,,,,,,,,,,,,,,,,,,,,,,,,,,,,,,,,,,,,,,,,,,,,,,,,,,,,,,,,,,,,,,,,,,,,,,,,,,,,,,,,,,,,,,,,,,,,,,,,,,,,,,,,,,,,,,,,,,,,,,,,,,,,,,,,,,,,,,,,,,,,,,,,,,,,,,,,,,,,,,,,,,,,,,,,,,,,,,,,,,,,,,,,,,,,,,,,,,,,,,,,,,,,,,,,,,,,,,,,,,,,,,,,,,,,,,,,,,,,,,,,,,,,,,,,,,,,,,,,,,,,,,,,,,,,,,,,,,,,,,,,,,,,,,,,,,,,,,,,,,,,,,,,,,,,,,,,,,,,,,,,,,,,,,,,,,,,,,,,,,,,,,,,,,,,,,,,,,,,,,,,,,,,,,,,,,,,,,,,,,,,,,,,,,,,,,,,,,,,,,,,,,,,,,,,,,,,,,,,,,,,,,,,,,,,,,,,,,,,,,,,,,,,,,,,,,,,,,,,,,,,,,,,,,*/eɾundinˈɛwa/,,,,,,,,,,,,,,,,,,,,,,,,,,,,,,,,,,,,,,,,,,,,,,,,,,,,,,,,,,,,,,,,,,,,,,,,,,,,,,,,,,,,,,,,,,,,,,,,,,,,,,,,,,,,,,,,,,,,,,,,,,,,,,,,,,,,,,,,,,,,,,,,,,,,,,,,,,,,,,,,,,,,,,,,,,,,,,,,,,,,,,,,,,,,,,,,,,,,,,,,,,,,,,,,,,,,,,,,,,,,,,,,,*/adinˈɛwaɾa/,,,,,,,,,,,,,,,,,,,,,,,,,,,,,,,,,,,,,,,,,,*/eɾadikˈa/,,,,,,,,,,,,,,,,,,,,,,,,,,,,,,,,,,,,,,,,,,,,,,,,,,,,,,,,,,,,,,,,,,,,,,,,,,,,,,,,,,,,,,,,,,,,,,,,,,,,,,,,,,,,,,,,,,,,,,,,,,,,,,,,,,,,,,,,,,,,,,,,,,,,,,,,,,,,,,,,,,,,,,,,,,,,,,,,,,,,,,,,,,,,,,,,,,,,,,,,,,,,,,,,,,,,,,,,,,,,,,,,,,,,,,,,,,,,,,,,,,,,,,,,,,,,,,,,,,,,,,,,,,,,,,,,,,,,,,,,,,,,,,,,,,,,,,,,*/fɾasinˈetu/,,,,,,,,,,,,,,,,,,,,,,,,,,,,,,,,,,,,,,,,,,,,,,,,,,,,,,,,,,,,,,,,,,,,,,,,,,,
R210,,,,,,,,,,,,,,,,,,,,,,,,,,,,,,,,,,,,,,,,,,,,,,,,,,,,,,,,,,,,,,,,,,,,,,,,,,,,,,,,,,,,,,,,,,,,,,,,,,,,,,,,,,,,,,,,,,,,,,,,,,,,,,,,,,,,,,,,,,,,,,,,,,,,,,,,,,,,,,,,,,,,,,,,,,,,,,,,,,,,,,,,,,,,,,,,,,,,,,,,,,,,,,,,,,,,,,,,,,,,,,,,,,,,,,,,,,,,,,,,,,,,,,,,,,,,,,,,,,,,,,,,,,,,,,,,,,,,,,,,,,,,,,,,,,,,,,,,,,,,,,,,,,,,,,,*/leɡenˈa/,,,,,,,,,,,,,,,,,,,,,,,,,,,,,,,,,,,,,,,,,,,,,,,,,,,,,,,,,,,,,,,,,,,,,,,,,,,,,,,,,,,,,,,,,,,,,,,,,,,,,,,,,,,,,,,,,,,,,,,,,,,,,,,,,,,,,,,,,,,,,,,,,,,,,,,,,,,,,,,,,,,,,,,,,,,,,,,,,,,,,,,,,,,,,,,,,,,,,,,,,,,,,,,,,,,,,,,,,,,,,,,,,,,,,,,,,,,,,,,,,,,,,,,,,,,,,,,,,,,,,,,,,,,,,,,,,,,,,,,,,,,,,,,,,,,,,,,,,,,,,,,,,,,,,,,,,,,,,,,,,,,,,,,,,,,,,,,,,,,,,,,,,,,,,,,,,,,,,,,,,,,,,,,,,,,,,,,,,,,,,,,,,,,,,,,,,,,,,,,,,,,,,,,,,,,,,,,,,,,,,,*/rɾunkedʲˈa/,,,,,,,,,,,,,,,,,,,,,,,,,,,,,,,,,,,,,,,,,,,,,,,,,,,,,,,,,,,,,,,,,,,,,,,,,,,,,,,,,,,,,,,,,,,,,,,,,,,,,,,,,,,,,,,,,,,,,,,,,,,,,,,,,,,,,,,,,,,,,,,,,,,,,,,,,,,,,,,,,,,,,,,,,,,,,,,,,,,,,,,,,,,,,,,,,,,,,,,,,,,,,,,,,,,,,,,,,,,,,,,,,,,,,,,,,,,,,,,,,,,,,,,,,,,,,,,,,,,,,,,,,,,,,,,,,,,,,,,,,,,,,,,,,,,,,,,,,,,,,,,,,,,,,,,,,,,,,,,,,,,,,,,,,,,,,,,,,,,,,,,,,,,,,,,,,,,,,,,,,,,,,,,,,,,,,,,,,,,,,,,,,,,,,,,,,,,,,,,,,,,,,,,,,,,,,,,,,,,,,,,,,,,,,,,,,,,,*/tɾaɡenˈa/,,,,,,,,,,,,,,,,,,,,,,,,,,,,,,,,,,,,,,,,,,,,,,,,,,,,,,,,,,,,,,,,,,,,,,,,,,,,,,,,,,,,,,,,,,,,,,,,,,,,,,,,,,,,,,,,,,,,,,,,,,,,,,,,,,,,,,,,,,,,,,,,,,,,,,,,,,,,,,,,,,,,,,,,,,,,,,,,,,,,,,,,,,,,,,,,,,,,,,,,,,,,,,,,,,,,,,,,,,,,,,,,,,,,,,,,,,,,,,,,,,,,,,,,,,,,,,,,,,,,,,,,,,
R211,,,,,,,,,,,,,,,,,,,,,,,,,,,,,,,,,,,,,,,,,,,,,,,,,,,,,,,,,,,,,,,,,,,,,,,,,,,,,,,,,,,,,,,,,,,,,,,,,,,,,,,,,,,,,,,,,,,,,,,,,,,,,,,,,,,,,,,,,,,,,,,,,,,,,,,,,,,,,,,,,,,,,,,,,,,,,,,,,,,,,,,,,,,,,,,,,,,,,,,,,,,,,,,,,,,,,,,,,,,,,,,,,,,,,,,,,,,,,,,,,,,,,,,,,,,,,,,,,,,,,,,,,,,,,,,,,,,,,,,,,,,,,,,,,,,,,,,,,,,,,,,,,,,,,,,,,,,,,,,,,,,,,,,,,,,,,,,,,,,,,,,,,,,,,,,,,,,,,,,,,,,,,,,,,,,,,,,,,,,,,,,,,,,,,,,,,,,,,,,,,,,,,,,,,,,,,,,,,,,,,,,,,,,,,,,,,,,,,,,,,,,,,,,,,,,,,,,,,,,,,,,,,,,,,,,,,,,,,,,,,,,,,,,,,,,,,,,,,,,,,,,,,,,,,,,,,,,,,,,,,,,,,,,,,,,*/spˈuɾu/,,,,,,,,,,,,,,,,,,,,,,,,,,,,,,,,,,,,,,,,,,,,,,,,,,,,,,,,,,,,,,,,,,,,,,,,,,,,,,,,,,,,,,,,,,,,,,,,,,,,,,,,,,,,,,,,,,,,,,,,,,,,,,,,,,,,,,,,,,,,,,,,,,,,,,,,,,,,,,,,,,,,,,,,,,,,,,,,,,,,,,,,,,,,,,,,,,,,,,,,,,,,,,,,,,,,,,,,,,,,,,,,,,,,,,,,,,,,,,,,,,,,,,,,,,,,,,,,,,,,,,,,,,,,,,,,,,,*/turtuɾˈɛwa/,,*/vultˈuɾu/,,,,,,,,,,,,,,,,,,,,,,,,,,,,,,,,,,,,,,,,,,,,,,,,,,,,,,,,,,,,,,,,,,,,,,,,,,,,,,,,,,,,,,,,,,,,,,,,,,,,,,,,,,,,,,,,,,,,,,,,,,,,,,,,,,,,,,,,,,,,,,,,,,,,,,*/miɾˈone/,,,,,,,,,,,,,,,,,,,,,,,,,,,,,,,,,,,,,,,,,,,,,,,,,,,,,,,,,,,,,,,,,,,,,,,,,,,,,,,,,,,,,,,,,,,,,,,,,,,,,,,,,,,,,,,,,,,,,,,,,,,,,,,,,,,,,,,,,,,,,,,,,,,,,,,,,,,,,,,,,,,,,,,,,,,,,,,,,,,,,,,,,,,,,,,,,,,,,,,,,,,,,,,,,,,,,,,,,,,,,,,,,,,,,,,,,,,,,,,,,,,,,,,,,,,,,,,,,,,,,,,,,,,,,,,,,,,,,,,,,,,,,,,,,,,,,,,,,,,,,,,,,,,,,,,,,,,,,,,,,,,,,,,,,,,,,,,,,,,,,,,,,,,,,,,,,,,,,,,,,,,,,,,,,,,,,,,,,,,,,,,,,,,,,,,,,,,,,,,,,,,,,,,,,,,,,,,,,,,,,,,,,,,,,,,,,,,,,,,,,,,,,,,,,,,,,,,,,,,,,,,,,,,,,,,,,,,,,
R212,,,,,,,,,,,,,,,,,,,,,,,,,,,,,,,,,,,,,,,,,,,,,,,,,,,,,,,,,,,,,,,,,,,,,,,,,,,,,,,,,,,,,,,*/batˈaʎa/,,,,,*/deɕideɾˈa/,,,,,,,,,,,*/kʲeɾaɕˈaɾʲu/,*/kʲeɾʲˈɛɕa/,,,,,,,,,,,,,,,,,,,,,,,,,,,,,,,,,,,,,*/ɡaʎinˈatʲu/,,,,,,,,,,,,,,,,,*/anfaɕˈa/,,,,,,*/meɕunˈa/,,,,*/pekˈuʎu/,,*/pestˈaʎa/,,,,,,,,,,,,,,*/ɕˈɛrɾa/,*/skantˈɛʎa/,,,,,*/tuɕunˈa/,,*/beɕˈika/,,,,,,,,,,,,,,,,,,,,,,,,,,,,,,,,,,,*/kˈoʎu/,,,,,*/jˈɛʎa/,,*/manutˈaʎa/,,,,,,,,,,,,,,,,,,,*/kalkˈaɲu/,,,,,,,,,,,,,,,,,,,,,,,,,,,,,,,,,,,,,,,,,,,,,,,,,,,,,,,,,,,,,,,,,,,,,,,,,,,,,,,,*/duʎˈosu/,,,,,,,,,,*/manɡaɲˈa/,,,,,,,,,,,,,,,*/rɾuɕˈone/,,,,,,,,,,,,,,,,,,,,,,,,,*/uʎitˈa/,,,,,,,,,,*/rɾˈaɲa/,,,*/kˈoɕi/,,,,,,,,*/leɕunˈa/,,,,,,,,,,,*/puɾˈoɲu/,,,*/tuɕˈi/,,,,,,,,*/kamˈɛɕa/,*/ʎˈiɲa/,,*/paʎˈɔɾa/,,,,,,,,,,,,*/fˈaɕa/,*/faɕˈɔɾa/,,,,,,,,,,,,,*/anfaɕuɾˈa/,,,,,,,,,,,,,,,,,,,,,,,,,,,,,,,,,,,,,,*/uɕˈoɾu/,*/ˈɔɕa/,,,,,,,,,*/kapetˈaɲu/,,,,,*/metˈuɕa/,*/fˈiʎu/,*/fˈiʎa/,,,,,,,,,,,,*/fiʎˈastɾu/,,,,,,,,,,*/fiʎˈanu/,,,,,,,,,,,,,,,,,,,,,,,,,,,,,,,,,,,,,,,,,,,,,,,,,,,,,*/pɾˈiʎe/,,,,,,,,,*/ʎˈimu/,,,,*/ɕˈesu/,,,,,,,,,,,,,,,,,,,,,,,,,,,,,,,,,*/fˈɔʎa/,*/fˈoʎu/,,,*/pˈaʎa/,,,,*/rɾeɕˈina/,,,,,,,,,,,,,,,*/tˈeʎu/,,*/kʲeɾʲˈeɕu/,*/ɡutˈoɲa/,*/ɡutˈoɲu/,,,,,,,,,,,,,,,,,,,*/mˈeʎu/,,,*/ˈaʎu/,,,,,,,,,,,,,*/tɾefˈoʎu/,,*/ʎˈinu/,,,,,,,,,,,,,,,,,*/nemˈaʎa/,,,,,,,,,,,,,*/pˈaʎu/,,,,,,,,,,,*/mɲˈelu/,,,,,,,,,,,,,,,,,,,,,,,,,,,,,,,,,,*/vetˈuʎu/,*/vetˈuʎa/,,,*/ʎˈepuɾe/,,,*/ɕˈɔɾekʲe/,,,,,,,,,,,,*/pˈuʎu/,*/ɡaʎˈina/,,,,,,,,,,,,,,,,,,,,,,*/ɕˈɛrpe/,*/ɕerpˈentʲa/,,,,,,,,,*/ɡɾˈɛʎjeɾu/,,,,,,,,,,,,,,*/deɕˈertu/,,,,,,,,,,,,,,,,,,,,,,,,,,*/antˈaɲu/,,,,*/mˈiʎa/,,,,*/ɕˈɛse/,,,,,,,,,,,,,,,,,,,,,,,,,,,,,,,,,,,,,,,,,,,,,*/kuviɲˈentʲa/,,,,,,,,,,,,,,,,,,,,,,,,,,,,*/ʎˈew/,*/ʎˈɛa/,,,,,,,,,,,*/ankʎinˈa/,*/ankʎinakʲˈone/,*/ʎertˈa/,,,,,,,,,,,,,,,,,,,,,,,,*/ɕijeɾˈa/,,,,,,,,,,,*/rɾˈoɕu/,,,,,,,,,,,,,,*/kʲenˈuɕa/,,,,,,,,,,,,*/aʎjeɾˈej/,,,,,,,,,,,,,,,,,,,,,,,,,,,,,,,,,,,,,,,,,*/aɕˈedʲu/,*/aɕˈɛdʲa/,,,,,,,,,,,,,,,,,*/ɕˈɛde/,,,,,,,,,,,,,,,,,,,,,,,*/ukaɕunˈa/,,,,,,,,,,,,,*/ɕˈi/,,,,,,,,,,,,,,,,,,,,,,,,,,,,,,,,,,,*/muʎˈa/,,,,*/subtʲiʎˈa/,*/taʎˈa/,,,,,,,,,,,,,,,,,,,,,,,,,,*/ɕˈɛwa/,,,,,,,,,,,,,,,,,,,,*/vˈiɲa/,,,,,,,,,,,,,*/paɕˈone/,,,,,,,,,,*/kˈaɕu/,,,,,,,,,,,,,,,,*/despuʎˈa/,,,,,,,,,,,,,,,,*/fuʎˈoɾu/,,,,,,,,,,,,,,,,,,,,,,,,,*/mˈaʎu/,,,,,,,,,,,,,,,,,,,,,,,,,,,*/leɕˈija/,,,,,,,,,,,,,,,,,,,,,,,,,,,,,,,,,,,,,,,,,,*/ɕˈɛpte/,,,,,,,,,,,*/jeɕˈi/,,,*/muʎˈɛɾe/,,,,,,,,,,,*/kˈuɲu/,,,,,,,,,,,,,,,,,,,,,,,,,,,,,,,,,*/jˈeʎi/,,,,,,,,,,,,,,,,,,,,,,,,,,,*/famˈɛʎa/,,
R213,,,,,,,,,,,,,,,,,,,,,,,,,,,,,,,,,,,,,,,,,,,,,,,,,,,,,,,,,,,,,,,,,,,,,,,,,,,,,,,,,,,,,,,,,,,,,,,,,,,,,,,,,,,,,,,,,,,,,,,,,,,,,,,,,,,,,,,,,,,,,,,,,,,,,,,,,,,,,,,,,,,,,,,,,,,,,,,,,,,,,,,,,,,,,,,,,,,,,,,,,,,,,,,,,,,,,,,,,,,,,,,,,,,,,,,,,,,,,,,,,,,,,,,,,,,,,,,,,,,,,,,,,,,,,,,,,,,,,,,,,,,,,,,,,,,,,,,,,,,,,,,,,,,,,,,,,,,,,,,,,,,,,,,,,,,,,,,,,,,,,,,,,,,,,,,,,,,,,,,,,,,,,,,,,,,,,,,,,,,,,,,,,,,,,,,,,,,,,,,,,,,,,,,,,,,,,,,,,,,,,,,,,,,,,,,,,,,,,,,,,,,,,,,,,,,,,,,,,,,,,,,,,,,,,,,,,,,,,,,,,,,,,,,,,,,,,,,,,,,,,,,,,,,,,,,,,,,,,,,,,,,,,,,,,,,,,,,,,,,,,,,,,,,,,,,,,,,,,,,,,,,,,,,,,,,,,,,,,,,,,,,,,,,,,,,,,,,,,,,,,,,,,,,,,,,,,,,,,,,,,,,,,,,,,,,,,,,,,,,,,,,,,,,,,,,,,,,,,,,,,,,,,,,,,,,,,,,,,,,,,,,,,,,,,,,,,,,,,,,,,,,,,,,,,,,,,,,,,,,,,,,,,,,,,,,,,,,,,,,,,,,,,,,,,,,,,,,,,,,,,,,,,,,,,,,,,,,,,,,,,,,,,,,,,,,,,,,,,,*/mjˈerla/,,,,,,,,,,,,,,,,,,,,,,,,,,,,,,,,,,,,,,,,,,,,,,,,,,,,,,,,,,,,,,,,,,,,,,,,,,,,,,,,,,,,,,,,,,,,,,,,,,,,,,,,,,,,,,,,,,,,,,,,,,,,,,,,,,,,,,,,,,,,,,,,,,,,,,,,,,,,,,,,,,,,,,,,,,,,,,,,,,,,,,,,,,,,,,,,,,,,,,,,,,,,,,,,,,,,,,,,,,,,,,,,,,,,,,,,,,,,,,,,,,,,,,,,,,,,,,,,,,,,,,,,,,,,,,,,,,,,,,,,,,,,,,,,,,,,,,,,,,,,,,,,,,,,,,,,,,,,,,,,,,,,,,,,,,,,,,,,,,,,,,,,,,,,,,,,,,,,,,,,,,,,,,,,,,,,,,,,,,,,,,,,,,,,,,,,,,,,,,,,,,,,,,,,,,,,,,,,,,,,,,,,,,,,,,,,,,,,,,,,,,,,,,,,,,,,,,,,,,,,,,,,,,,,,,,,,,,,,,,,,,,,,,,,,,,,,,,,,,,,,,,,,,,,,,,,,,,,,,,,,,,,,,,,,,,,,,,,,,,,,,,,,,,,,,,,,,,,,,,,,,,,,,,,,,,,,,,,,,,,,,,,,,,,,,,,,,,,,,,,,,,,,,,,,,,,,,,,,,,,,,,,,,,,,,,,,,,,,
R214,,,,,,,,,,,,,,*/alˈɛaɡʲe/,,,,,,,,,,,,*/apɾˈɔape/,,,,,,,,,,,,,,,,,,,,,,,,,*/albˈɔaɾe/,,,,,,,*/albjˈɔaɾa/,,,*/amaɾˈɛatʲa/,,,,,,,,,,,,,,,,,,,,,,,,,*/basˈɛaɾeka/,,,*/bɾˈɔataku/,,,,,,*/duɾˈɔaɾe/,,,,,,,*/kʲˈɛapa/,,*/kʲeɾʲˈɛaɕa/,,*/kʲikˈɔaɾʲa/,,,,,,*/kɾˈɛasta/,,,,*/kʲˈɛaɾe/,,,,,,,*/skadˈɛa/,,,,,,,,,,,,,,,,,,,,,,,,,,,,,,,,,,,,,,,,,,,,,,*/pjˈɛarɡla/,,,,,,,*/pɾimavˈɛaɾa/,,*/saɡʲˈɛata/,,,,,,*/ɕˈɛarɾa/,*/skantˈɛaʎa/,,,,,,,,,,*/fˈɛamanu/,,*/fekʲˈɔaɾa/,,,,,,,*/vˈɛarɡla/,,,,,,*/kɾˈɛajeɾu/,,,,,,,*/masˈɛawa/,,,,,,*/tʲˈɛasta/,,,,,*/kˈɔasta/,,,,*/jˈɛaʎa/,,,,*/nˈɔada/,*/pˈɛaskʲe/,,,,,,,,,,,,,,,,,,*/dˈɛaɡʲetu/,,,,,,,,,,,,,*/pjˈɛale/,,,,,,,*/vedˈɛa/,,,,,,,*/skɾˈɛame/,*/fˈɔame/,,,,,,,,,,,,*/sudˈɔaɾe/,,,,,,,*/anɡɾˈɛaka/,,,,,,,*/kɾˈɛaskʲe/,,,,,,,*/manˈɛa/,,,,,,,,,*/pjˈɛaptenu/,*/pjˈɛaptena/,,,*/blandˈɛatʲe/,*/ankumˈɛate/,,*/duɾˈɛa/,,,,,,,,,,,,,,*/meseɾˈɛaɾe/,,,,,,,,*/plakʲˈɛa/,,,,,,,,,*/tˈɛama/,*/tˈɛame/,*/temˈɔaɾe/,,,,,,,,*/kunˈɔaskʲe/,*/kɾˈɛade/,,,,*/antʲelˈɛaɡʲe/,,,,,,*/paɾˈɛa/,*/pɾekʲˈɛape/,,,,,,,,,*/kʲˈɛatʲa/,,,,,,*/ɡʲˈɛame/,*/ɡʲˈɛametu/,,*/dʲakʲˈɛa/,,,,*/lanɡˈɔaɾe/,,*/mˈɔarte/,,,,*/pjˈɛaɾʲa/,,,*/pusklˈɛawa/,,,,,,,,,,*/kamˈɛaɕa/,,,*/paʎˈɔaɾa/,,,,,,,,*/marɡʲˈɛawa/,,,,,*/faɕˈɔaɾa/,,,,*/bˈɛata/,,,*/kˈɔase/,,,,,,,,*/sumˈɛate/,,,,,,,,,,*/mˈɔaɾʲa/,,,,,,,,,*/d͡zʲˈɛama/,,*/pˈɔaska/,,,,,,,,,,,,,*/feɾʲˈɛastɾa/,,,*/ˈɔaɕa/,*/pˈɔarta/,,,,,,*/tɾajˈɛapta/,,,,*/skˈɔartʲa/,,,,,,,*/ɡʲˈɛamanu/,,,*/nepˈɔata/,,,,,,,,,,,*/nujˈɛarka/,,,*/sˈɔatʲa/,,,,,*/ˈɔarfanu/,,,,*/dʲˈɛastɾe/,,,,,,,,*/kʲˈɛarkanu/,,*/lukʲˈɛafeɾu/,,,*/sˈɔaɾe/,,,,*/kaɾˈɔaɾe/,,,,,,*/nˈɛa/,,*/plˈɔaja/,,,*/sˈɛakʲeta/,,,,*/ˈɔaɾa/,,,,,*/deminˈɛatʲa/,*/mjˈɛadʲa/,,*/nˈɔapte/,,,,,,,,,,,,*/ejˈɛaɾna/,*/vˈɛaɾa/,,,,,*/pjˈɛatɾa/,,,,,*/pˈɛakla/,*/pukʲˈɔasa/,,,,,,,,,,,,,,,,,,,,,,*/tʲˈɛaɾme/,,,,,,*/flˈɔaɾe/,*/fˈɔaʎa/,,,*/nujˈɛawa/,,*/pˈɔama/,,,,,,,,*/surkʲˈɛawa/,,*/vˈɛarɡa/,,,*/ɡʲunˈɛapeɾu/,*/mastˈɛakanu/,,,,,,,,,,,*/pjˈɛarseku/,,,,,,,,,*/jˈɛadeɾa/,,,,,,,,,,,,,,,,,*/pjˈɛapene/,,,*/vˈɛardʲa/,,*/jˈɛarba/,,,,,,*/fˈɛaɾekʲe/,,,,,,*/mjˈɛakla/,,,,*/vjˈɔaɾa/,,*/buɾˈɛate/,*/jˈɛaska/,,*/dumjˈɛasteku/,,,,*/kˈɔada/,*/kˈɔama/,,,,,,,,,,,,,,,,,,,*/nnˈɔatenu/,*/aɾʲˈɛate/,,,,,,,*/katʲˈɛawa/,*/kˈɔakʲenu/,,*/jˈɛapa/,,,,,*/ˈɔaje/,,,,*/purkʲˈɛawa/,,,*/skɾˈɔafa/,,,,,,,*/berbˈɛakʲe/,*/vetʲˈɛawa/,,,,,,,,,*/ɕˈɔaɾekʲe/,,,,,,,,,*/pˈɛanna/,,,,,,*/dɾepnˈɛawa/,,,,,*/eɾundinˈɛawa/,,,,*/pɾeveɡlatˈɔaɾʲa/,,,,,*/turtuɾˈɛawa/,,,,,*/bɾˈɔaska/,*/ɕˈɛarpe/,,,,,,,,,,*/ɡɾˈɛaʎjeɾu/,,,,,*/stɾˈɛakla/,,,,*/vjˈɛaɾme/,*/vjˈɛaspa/,,,,,,,*/ɡɾˈɛa/,,,,,,,,,,,*/paɾˈɛakla/,,,*/pjˈɛatʲa/,,,,,,,*/tˈɔata/,,,,,,,,,,*/ɕˈɛase/,,,,,,,,,,,,,,,,,,,,,*/mˈɔale/,,,*/nˈɛatedu/,,*/kʲˈɛata/,,,,,,,,,,,*/takʲˈɛa/,,,,,*/kuɾˈɔastɾa/,,*/kˈɔarte/,,,,,,,*/ˈɔaspete/,,,,,,,,*/lˈɛaɡʲe/,,,,,,,,,,,,,,,*/ʎˈɛaa/,,,*/pjˈɛarde/,,,,,,,,,,,,,,,*/parɾajˈɛasemi/,,,,,,,,,,,,,,,,,*/kˈɔarda/,*/kʲˈɛataɾa/,,,,,,,,*/petɾˈɛakʲe/,,,,,,,,,*/dulkˈɔaɾe/,*/putˈɔaɾe/,,,,*/fjˈɛarbe/,*/rɾˈɛakʲe/,*/rɾekˈɔaɾe/,,,,,,,,,,,,,*/afˈɔaɾa/,,,,,*/adinˈɛawaɾa/,,,,,,,,,,,,,,*/indˈɛaɾet/,,,,,,,,,,,,,,,,,,,,,,*/apɾˈɔapja/,,*/aɕˈɛadʲa/,*/kadˈɛa/,,,,,,,,,,*/mjˈɛarɡʲe/,,,*/pɾukʲˈɛade/,,,*/ɕˈɛade/,,,*/tʲinˈɛa/,*/tɾˈɛakʲe/,,,,,,,,,*/skˈɔate/,,,,,,,,,,,*/sˈɔarte/,,,,,,*/ankʲˈɛape/,*/putˈɛa/,,,,,,,*/sˈɛameɾe/,,,*/astʲˈɛaɾne/,,,,,,,,,,,,*/stʲˈɛarɡʲe/,*/stˈɔarkʲe/,,,,,,,,,,,,,,*/antˈɔarkʲe/,,,,,,*/rɾˈɔade/,,,,,,,,,,,,,,,,,,,*/tɾimˈɛate/,*/bukʲˈɛawa/,,,,*/pjˈɛadeka/,,*/rɾˈɔata/,,*/ɕˈɛawa/,,,,,*/kʲˈɛaɾne/,*/kulˈɛaɡʲe/,,,,,*/mˈɔaɾa/,,*/sˈɛakʲeɾe/,,,*/pˈɔarka/,,,*/tʲˈɛarɾa/,,,*/sˈɛaɾa/,,,,,,,*/fanˈɛatʲa/,,,,,,,,,*/vakaɾˈɛatʲa/,,,,*/purkaɾˈɛatʲa/,,*/kʲˈɛaɾa/,,,,,,,,,,,,,,*/vanatˈɔaɾʲa/,,,,,,,,,,*/tˈɛaka/,,,,,,,,,,,,,,,,*/pjˈɛadenu/,,,*/rɾetʲˈɛawa/,,,,*/tendˈɛakla/,*/tʲˈɛase/,*/tˈɔarkʲe/,,,*/dˈɔaɡa/,,,,,,,,,,,*/fˈɔale/,,,,,*/stɾakuɾatˈɔaɾʲa/,*/ɡalˈɛata/,*/ˈɔala/,,*/ulkʲˈɛawa/,,,,,*/kurɾˈɛaja/,,,*/fˈɔarfekʲe/,,,,,,*/tˈɔarta/,,,,,,,,,,*/avˈɛa/,*/avˈɛaa/,*/dʲˈɛada/,,*/fˈɛata/,,,,,*/uɾˈɛakla/,,*/dˈɔamna/,*/vˈɛarde/,,,*/vˈɛade/,,,,,*/mjˈɛaɾe/,*/fjˈɛaɾe/,,,,,,,*/pjˈɛarseka/,*/ɕˈɛapte/,*/kˈɔapsa/,,,,,*/pjˈɛaptene/,,,,,,,,*/muʎˈɛaɾe/,*/paɾʲˈɛate/,,,,,,,,,*/mˈɛasa/,,,,,,,,*/kˈɔakʲe/,,,,,,,,,,,,,*/bˈɛa/,,,,,,,,,,*/jˈɛaste/,,*/jˈɛawa/,,*/jˈɛale/,,,,,*/nˈɛaɡɾa/,*/nˈɛaɡɾe/,*/sˈɛaɾa/,*/dʲˈɛakʲe/,*/mˈɔala/,*/stˈɛawa/,,*/mjˈɛaa/,,,,,,,,,,,,,,*/famˈɛaʎa/,,
R215,,,,,,,,,,,,,,*/alˈeˈaɡʲe/,,,,,,,,,,,,*/apɾˈoˈape/,,,,,,,,,,,,,,,,,,,,,,,,,*/albˈoˈaɾe/,,,,,,,*/albjˈoˈaɾa/,,,*/amaɾˈeˈatʲa/,,,,,,,,,,,,,,,,,,,,,,,,,*/basˈeˈaɾeka/,,,*/bɾˈoˈataku/,,,,,,*/duɾˈoˈaɾe/,,,,,,,*/kʲˈeˈapa/,,*/kʲeɾʲˈeˈaɕa/,,*/kʲikˈoˈaɾʲa/,,,,,,*/kɾˈeˈasta/,,,,*/kʲˈeˈaɾe/,,,,,,,*/skadˈeˈa/,,,,,,,,,,,,,,,,,,,,,,,,,,,,,,,,,,,,,,,,,,,,,,*/pjˈeˈarɡla/,,,,,,,*/pɾimavˈeˈaɾa/,,*/saɡʲˈeˈata/,,,,,,*/ɕˈeˈarɾa/,*/skantˈeˈaʎa/,,,,,,,,,,*/fˈeˈamanu/,,*/fekʲˈoˈaɾa/,,,,,,,*/vˈeˈarɡla/,,,,,,*/kɾˈeˈajeɾu/,,,,,,,*/masˈeˈawa/,,,,,,*/tʲˈeˈasta/,,,,,*/kˈoˈasta/,,,,*/jˈeˈaʎa/,,,,*/nˈoˈada/,*/pˈeˈaskʲe/,,,,,,,,,,,,,,,,,,*/dˈeˈaɡʲetu/,,,,,,,,,,,,,*/pjˈeˈale/,,,,,,,*/vedˈeˈa/,,,,,,,*/skɾˈeˈame/,*/fˈoˈame/,,,,,,,,,,,,*/sudˈoˈaɾe/,,,,,,,*/anɡɾˈeˈaka/,,,,,,,*/kɾˈeˈaskʲe/,,,,,,,*/manˈeˈa/,,,,,,,,,*/pjˈeˈaptenu/,*/pjˈeˈaptena/,,,*/blandˈeˈatʲe/,*/ankumˈeˈate/,,*/duɾˈeˈa/,,,,,,,,,,,,,,*/meseɾˈeˈaɾe/,,,,,,,,*/plakʲˈeˈa/,,,,,,,,,*/tˈeˈama/,*/tˈeˈame/,*/temˈoˈaɾe/,,,,,,,,*/kunˈoˈaskʲe/,*/kɾˈeˈade/,,,,*/antʲelˈeˈaɡʲe/,,,,,,*/paɾˈeˈa/,*/pɾekʲˈeˈape/,,,,,,,,,*/kʲˈeˈatʲa/,,,,,,*/ɡʲˈeˈame/,*/ɡʲˈeˈametu/,,*/dʲakʲˈeˈa/,,,,*/lanɡˈoˈaɾe/,,*/mˈoˈarte/,,,,*/pjˈeˈaɾʲa/,,,*/pusklˈeˈawa/,,,,,,,,,,*/kamˈeˈaɕa/,,,*/paʎˈoˈaɾa/,,,,,,,,*/marɡʲˈeˈawa/,,,,,*/faɕˈoˈaɾa/,,,,*/bˈeˈata/,,,*/kˈoˈase/,,,,,,,,*/sumˈeˈate/,,,,,,,,,,*/mˈoˈaɾʲa/,,,,,,,,,*/d͡zʲˈeˈama/,,*/pˈoˈaska/,,,,,,,,,,,,,*/feɾʲˈeˈastɾa/,,,*/ˈoˈaɕa/,*/pˈoˈarta/,,,,,,*/tɾajˈeˈapta/,,,,*/skˈoˈartʲa/,,,,,,,*/ɡʲˈeˈamanu/,,,*/nepˈoˈata/,,,,,,,,,,,*/nujˈeˈarka/,,,*/sˈoˈatʲa/,,,,,*/ˈoˈarfanu/,,,,*/dʲˈeˈastɾe/,,,,,,,,*/kʲˈeˈarkanu/,,*/lukʲˈeˈafeɾu/,,,*/sˈoˈaɾe/,,,,*/kaɾˈoˈaɾe/,,,,,,*/nˈeˈa/,,*/plˈoˈaja/,,,*/sˈeˈakʲeta/,,,,*/ˈoˈaɾa/,,,,,*/deminˈeˈatʲa/,*/mjˈeˈadʲa/,,*/nˈoˈapte/,,,,,,,,,,,,*/ejˈeˈaɾna/,*/vˈeˈaɾa/,,,,,*/pjˈeˈatɾa/,,,,,*/pˈeˈakla/,*/pukʲˈoˈasa/,,,,,,,,,,,,,,,,,,,,,,*/tʲˈeˈaɾme/,,,,,,*/flˈoˈaɾe/,*/fˈoˈaʎa/,,,*/nujˈeˈawa/,,*/pˈoˈama/,,,,,,,,*/surkʲˈeˈawa/,,*/vˈeˈarɡa/,,,*/ɡʲunˈeˈapeɾu/,*/mastˈeˈakanu/,,,,,,,,,,,*/pjˈeˈarseku/,,,,,,,,,*/jˈeˈadeɾa/,,,,,,,,,,,,,,,,,*/pjˈeˈapene/,,,*/vˈeˈardʲa/,,*/jˈeˈarba/,,,,,,*/fˈeˈaɾekʲe/,,,,,,*/mjˈeˈakla/,,,,*/vjˈoˈaɾa/,,*/buɾˈeˈate/,*/jˈeˈaska/,,*/dumjˈeˈasteku/,,,,*/kˈoˈada/,*/kˈoˈama/,,,,,,,,,,,,,,,,,,,*/nnˈoˈatenu/,*/aɾʲˈeˈate/,,,,,,,*/katʲˈeˈawa/,*/kˈoˈakʲenu/,,*/jˈeˈapa/,,,,,*/ˈoˈaje/,,,,*/purkʲˈeˈawa/,,,*/skɾˈoˈafa/,,,,,,,*/berbˈeˈakʲe/,*/vetʲˈeˈawa/,,,,,,,,,*/ɕˈoˈaɾekʲe/,,,,,,,,,*/pˈeˈanna/,,,,,,*/dɾepnˈeˈawa/,,,,,*/eɾundinˈeˈawa/,,,,*/pɾeveɡlatˈoˈaɾʲa/,,,,,*/turtuɾˈeˈawa/,,,,,*/bɾˈoˈaska/,*/ɕˈeˈarpe/,,,,,,,,,,*/ɡɾˈeˈaʎjeɾu/,,,,,*/stɾˈeˈakla/,,,,*/vjˈeˈaɾme/,*/vjˈeˈaspa/,,,,,,,*/ɡɾˈeˈa/,,,,,,,,,,,*/paɾˈeˈakla/,,,*/pjˈeˈatʲa/,,,,,,,*/tˈoˈata/,,,,,,,,,,*/ɕˈeˈase/,,,,,,,,,,,,,,,,,,,,,*/mˈoˈale/,,,*/nˈeˈatedu/,,*/kʲˈeˈata/,,,,,,,,,,,*/takʲˈeˈa/,,,,,*/kuɾˈoˈastɾa/,,*/kˈoˈarte/,,,,,,,*/ˈoˈaspete/,,,,,,,,*/lˈeˈaɡʲe/,,,,,,,,,,,,,,,*/ʎˈeˈaa/,,,*/pjˈeˈarde/,,,,,,,,,,,,,,,*/parɾajˈeˈasemi/,,,,,,,,,,,,,,,,,*/kˈoˈarda/,*/kʲˈeˈataɾa/,,,,,,,,*/petɾˈeˈakʲe/,,,,,,,,,*/dulkˈoˈaɾe/,*/putˈoˈaɾe/,,,,*/fjˈeˈarbe/,*/rɾˈeˈakʲe/,*/rɾekˈoˈaɾe/,,,,,,,,,,,,,*/afˈoˈaɾa/,,,,,*/adinˈeˈawaɾa/,,,,,,,,,,,,,,*/indˈeˈaɾet/,,,,,,,,,,,,,,,,,,,,,,*/apɾˈoˈapja/,,*/aɕˈeˈadʲa/,*/kadˈeˈa/,,,,,,,,,,*/mjˈeˈarɡʲe/,,,*/pɾukʲˈeˈade/,,,*/ɕˈeˈade/,,,*/tʲinˈeˈa/,*/tɾˈeˈakʲe/,,,,,,,,,*/skˈoˈate/,,,,,,,,,,,*/sˈoˈarte/,,,,,,*/ankʲˈeˈape/,*/putˈeˈa/,,,,,,,*/sˈeˈameɾe/,,,*/astʲˈeˈaɾne/,,,,,,,,,,,,*/stʲˈeˈarɡʲe/,*/stˈoˈarkʲe/,,,,,,,,,,,,,,*/antˈoˈarkʲe/,,,,,,*/rɾˈoˈade/,,,,,,,,,,,,,,,,,,,*/tɾimˈeˈate/,*/bukʲˈeˈawa/,,,,*/pjˈeˈadeka/,,*/rɾˈoˈata/,,*/ɕˈeˈawa/,,,,,*/kʲˈeˈaɾne/,*/kulˈeˈaɡʲe/,,,,,*/mˈoˈaɾa/,,*/sˈeˈakʲeɾe/,,,*/pˈoˈarka/,,,*/tʲˈeˈarɾa/,,,*/sˈeˈaɾa/,,,,,,,*/fanˈeˈatʲa/,,,,,,,,,*/vakaɾˈeˈatʲa/,,,,*/purkaɾˈeˈatʲa/,,*/kʲˈeˈaɾa/,,,,,,,,,,,,,,*/vanatˈoˈaɾʲa/,,,,,,,,,,*/tˈeˈaka/,,,,,,,,,,,,,,,,*/pjˈeˈadenu/,,,*/rɾetʲˈeˈawa/,,,,*/tendˈeˈakla/,*/tʲˈeˈase/,*/tˈoˈarkʲe/,,,*/dˈoˈaɡa/,,,,,,,,,,,*/fˈoˈale/,,,,,*/stɾakuɾatˈoˈaɾʲa/,*/ɡalˈeˈata/,*/ˈoˈala/,,*/ulkʲˈeˈawa/,,,,,*/kurɾˈeˈaja/,,,*/fˈoˈarfekʲe/,,,,,,*/tˈoˈarta/,,,,,,,,,,*/avˈeˈa/,*/avˈeˈaa/,*/dʲˈeˈada/,,*/fˈeˈata/,,,,,*/uɾˈeˈakla/,,*/dˈoˈamna/,*/vˈeˈarde/,,,*/vˈeˈade/,,,,,*/mjˈeˈaɾe/,*/fjˈeˈaɾe/,,,,,,,*/pjˈeˈarseka/,*/ɕˈeˈapte/,*/kˈoˈapsa/,,,,,*/pjˈeˈaptene/,,,,,,,,*/muʎˈeˈaɾe/,*/paɾʲˈeˈate/,,,,,,,,,*/mˈeˈasa/,,,,,,,,*/kˈoˈakʲe/,,,,,,,,,,,,,*/bˈeˈa/,,,,,,,,,,*/jˈeˈaste/,,*/jˈeˈawa/,,*/jˈeˈale/,,,,,*/nˈeˈaɡɾa/,*/nˈeˈaɡɾe/,*/sˈeˈaɾa/,*/dʲˈeˈakʲe/,*/mˈoˈala/,*/stˈeˈawa/,,*/mjˈeˈaa/,,,,,,,,,,,,,,*/famˈeˈaʎa/,,
R216,,,,,,,,,,,,,,*/ale̯ˈaɡʲe/,,,,,,,,,,,,*/apɾo̯ˈape/,,,,,,,,,,,,,,,,,,,,,,,,,*/albo̯ˈaɾe/,,,,,,,*/albjo̯ˈaɾa/,,,*/amaɾe̯ˈatʲa/,,,,,,,,,,,,,,,,,,,,,,,,,*/base̯ˈaɾeka/,,,*/bɾo̯ˈataku/,,,,,,*/duɾo̯ˈaɾe/,,,,,,,*/kʲe̯ˈapa/,,*/kʲeɾʲe̯ˈaɕa/,,*/kʲiko̯ˈaɾʲa/,,,,,,*/kɾe̯ˈasta/,,,,*/kʲe̯ˈaɾe/,,,,,,,*/skade̯ˈa/,,,,,,,,,,,,,,,,,,,,,,,,,,,,,,,,,,,,,,,,,,,,,,*/pje̯ˈarɡla/,,,,,,,*/pɾimave̯ˈaɾa/,,*/saɡʲe̯ˈata/,,,,,,*/ɕe̯ˈarɾa/,*/skante̯ˈaʎa/,,,,,,,,,,*/fe̯ˈamanu/,,*/fekʲo̯ˈaɾa/,,,,,,,*/ve̯ˈarɡla/,,,,,,*/kɾe̯ˈajeɾu/,,,,,,,*/mase̯ˈawa/,,,,,,*/tʲe̯ˈasta/,,,,,*/ko̯ˈasta/,,,,*/je̯ˈaʎa/,,,,*/no̯ˈada/,*/pe̯ˈaskʲe/,,,,,,,,,,,,,,,,,,*/de̯ˈaɡʲetu/,,,,,,,,,,,,,*/pje̯ˈale/,,,,,,,*/vede̯ˈa/,,,,,,,*/skɾe̯ˈame/,*/fo̯ˈame/,,,,,,,,,,,,*/sudo̯ˈaɾe/,,,,,,,*/anɡɾe̯ˈaka/,,,,,,,*/kɾe̯ˈaskʲe/,,,,,,,*/mane̯ˈa/,,,,,,,,,*/pje̯ˈaptenu/,*/pje̯ˈaptena/,,,*/blande̯ˈatʲe/,*/ankume̯ˈate/,,*/duɾe̯ˈa/,,,,,,,,,,,,,,*/meseɾe̯ˈaɾe/,,,,,,,,*/plakʲe̯ˈa/,,,,,,,,,*/te̯ˈama/,*/te̯ˈame/,*/temo̯ˈaɾe/,,,,,,,,*/kuno̯ˈaskʲe/,*/kɾe̯ˈade/,,,,*/antʲele̯ˈaɡʲe/,,,,,,*/paɾe̯ˈa/,*/pɾekʲe̯ˈape/,,,,,,,,,*/kʲe̯ˈatʲa/,,,,,,*/ɡʲe̯ˈame/,*/ɡʲe̯ˈametu/,,*/dʲakʲe̯ˈa/,,,,*/lanɡo̯ˈaɾe/,,*/mo̯ˈarte/,,,,*/pje̯ˈaɾʲa/,,,*/puskle̯ˈawa/,,,,,,,,,,*/kame̯ˈaɕa/,,,*/paʎo̯ˈaɾa/,,,,,,,,*/marɡʲe̯ˈawa/,,,,,*/faɕo̯ˈaɾa/,,,,*/be̯ˈata/,,,*/ko̯ˈase/,,,,,,,,*/sume̯ˈate/,,,,,,,,,,*/mo̯ˈaɾʲa/,,,,,,,,,*/d͡zʲe̯ˈama/,,*/po̯ˈaska/,,,,,,,,,,,,,*/feɾʲe̯ˈastɾa/,,,*/o̯ˈaɕa/,*/po̯ˈarta/,,,,,,*/tɾaje̯ˈapta/,,,,*/sko̯ˈartʲa/,,,,,,,*/ɡʲe̯ˈamanu/,,,*/nepo̯ˈata/,,,,,,,,,,,*/nuje̯ˈarka/,,,*/so̯ˈatʲa/,,,,,*/o̯ˈarfanu/,,,,*/dʲe̯ˈastɾe/,,,,,,,,*/kʲe̯ˈarkanu/,,*/lukʲe̯ˈafeɾu/,,,*/so̯ˈaɾe/,,,,*/kaɾo̯ˈaɾe/,,,,,,*/ne̯ˈa/,,*/plo̯ˈaja/,,,*/se̯ˈakʲeta/,,,,*/o̯ˈaɾa/,,,,,*/demine̯ˈatʲa/,*/mje̯ˈadʲa/,,*/no̯ˈapte/,,,,,,,,,,,,*/eje̯ˈaɾna/,*/ve̯ˈaɾa/,,,,,*/pje̯ˈatɾa/,,,,,*/pe̯ˈakla/,*/pukʲo̯ˈasa/,,,,,,,,,,,,,,,,,,,,,,*/tʲe̯ˈaɾme/,,,,,,*/flo̯ˈaɾe/,*/fo̯ˈaʎa/,,,*/nuje̯ˈawa/,,*/po̯ˈama/,,,,,,,,*/surkʲe̯ˈawa/,,*/ve̯ˈarɡa/,,,*/ɡʲune̯ˈapeɾu/,*/maste̯ˈakanu/,,,,,,,,,,,*/pje̯ˈarseku/,,,,,,,,,*/je̯ˈadeɾa/,,,,,,,,,,,,,,,,,*/pje̯ˈapene/,,,*/ve̯ˈardʲa/,,*/je̯ˈarba/,,,,,,*/fe̯ˈaɾekʲe/,,,,,,*/mje̯ˈakla/,,,,*/vjo̯ˈaɾa/,,*/buɾe̯ˈate/,*/je̯ˈaska/,,*/dumje̯ˈasteku/,,,,*/ko̯ˈada/,*/ko̯ˈama/,,,,,,,,,,,,,,,,,,,*/nno̯ˈatenu/,*/aɾʲe̯ˈate/,,,,,,,*/katʲe̯ˈawa/,*/ko̯ˈakʲenu/,,*/je̯ˈapa/,,,,,*/o̯ˈaje/,,,,*/purkʲe̯ˈawa/,,,*/skɾo̯ˈafa/,,,,,,,*/berbe̯ˈakʲe/,*/vetʲe̯ˈawa/,,,,,,,,,*/ɕo̯ˈaɾekʲe/,,,,,,,,,*/pe̯ˈanna/,,,,,,*/dɾepne̯ˈawa/,,,,,*/eɾundine̯ˈawa/,,,,*/pɾeveɡlato̯ˈaɾʲa/,,,,,*/turtuɾe̯ˈawa/,,,,,*/bɾo̯ˈaska/,*/ɕe̯ˈarpe/,,,,,,,,,,*/ɡɾe̯ˈaʎjeɾu/,,,,,*/stɾe̯ˈakla/,,,,*/vje̯ˈaɾme/,*/vje̯ˈaspa/,,,,,,,*/ɡɾe̯ˈa/,,,,,,,,,,,*/paɾe̯ˈakla/,,,*/pje̯ˈatʲa/,,,,,,,*/to̯ˈata/,,,,,,,,,,*/ɕe̯ˈase/,,,,,,,,,,,,,,,,,,,,,*/mo̯ˈale/,,,*/ne̯ˈatedu/,,*/kʲe̯ˈata/,,,,,,,,,,,*/takʲe̯ˈa/,,,,,*/kuɾo̯ˈastɾa/,,*/ko̯ˈarte/,,,,,,,*/o̯ˈaspete/,,,,,,,,*/le̯ˈaɡʲe/,,,,,,,,,,,,,,,*/ʎe̯ˈaa/,,,*/pje̯ˈarde/,,,,,,,,,,,,,,,*/parɾaje̯ˈasemi/,,,,,,,,,,,,,,,,,*/ko̯ˈarda/,*/kʲe̯ˈataɾa/,,,,,,,,*/petɾe̯ˈakʲe/,,,,,,,,,*/dulko̯ˈaɾe/,*/puto̯ˈaɾe/,,,,*/fje̯ˈarbe/,*/rɾe̯ˈakʲe/,*/rɾeko̯ˈaɾe/,,,,,,,,,,,,,*/afo̯ˈaɾa/,,,,,*/adine̯ˈawaɾa/,,,,*/ako̯ˈakʲe/,,,,,,,,,,*/inde̯ˈaɾet/,,*/lˈonɡo̯a/,,,,,,,,,,,,,,,,,,,,*/apɾo̯ˈapja/,,*/aɕe̯ˈadʲa/,*/kade̯ˈa/,,,,,,,,,,*/mje̯ˈarɡʲe/,,,*/pɾukʲe̯ˈade/,,,*/ɕe̯ˈade/,,,*/tʲine̯ˈa/,*/tɾe̯ˈakʲe/,,,,,,,,,*/sko̯ˈate/,,,,,,,,,,,*/so̯ˈarte/,,,,,,*/ankʲe̯ˈape/,*/pute̯ˈa/,,,,,,,*/se̯ˈameɾe/,,,*/astʲe̯ˈaɾne/,,,,,,,,,,,,*/stʲe̯ˈarɡʲe/,*/sto̯ˈarkʲe/,,,,,,,,,,,,,,*/anto̯ˈarkʲe/,,,,,,*/rɾo̯ˈade/,,,,,,,,,,,,,,,,,,,*/tɾime̯ˈate/,*/bukʲe̯ˈawa/,,,,*/pje̯ˈadeka/,,*/rɾo̯ˈata/,,*/ɕe̯ˈawa/,,,,,*/kʲe̯ˈaɾne/,*/kule̯ˈaɡʲe/,,,,,*/mo̯ˈaɾa/,,*/se̯ˈakʲeɾe/,,,*/po̯ˈarka/,,,*/tʲe̯ˈarɾa/,,,*/se̯ˈaɾa/,,,,,,,*/fane̯ˈatʲa/,,,,,,,,,*/vakaɾe̯ˈatʲa/,,,,*/purkaɾe̯ˈatʲa/,,*/kʲe̯ˈaɾa/,,,,,,,,,,,,,,*/vanato̯ˈaɾʲa/,,,,,,,,,,*/te̯ˈaka/,,,,,,,,,,,,,,,,*/pje̯ˈadenu/,,,*/rɾetʲe̯ˈawa/,,,,*/tende̯ˈakla/,*/tʲe̯ˈase/,*/to̯ˈarkʲe/,,,*/do̯ˈaɡa/,,,,,,,,,,,*/fo̯ˈale/,,,,,*/stɾakuɾato̯ˈaɾʲa/,*/ɡale̯ˈata/,*/o̯ˈala/,,*/ulkʲe̯ˈawa/,,,,,*/kurɾe̯ˈaja/,,,*/fo̯ˈarfekʲe/,,,,,,*/to̯ˈarta/,,,,,,,,,,*/ave̯ˈa/,*/ave̯ˈaa/,*/dʲe̯ˈada/,,*/fe̯ˈata/,,,,,*/uɾe̯ˈakla/,,*/do̯ˈamna/,*/ve̯ˈarde/,,,*/ve̯ˈade/,,,,,*/mje̯ˈaɾe/,*/fje̯ˈaɾe/,,,,,,,*/pje̯ˈarseka/,*/ɕe̯ˈapte/,*/ko̯ˈapsa/,,,,,*/pje̯ˈaptene/,,,,,,,*/antɾe̯ˈa/,*/muʎe̯ˈaɾe/,*/paɾʲe̯ˈate/,,,,,,,,,*/me̯ˈasa/,,,,,,,,*/ko̯ˈakʲe/,,,,,,,,,,,,,*/be̯ˈa/,,,,,,,,,,*/je̯ˈaste/,,*/je̯ˈawa/,,*/je̯ˈale/,,,,,*/ne̯ˈaɡɾa/,*/ne̯ˈaɡɾe/,*/se̯ˈaɾa/,*/dʲe̯ˈakʲe/,*/mo̯ˈala/,*/ste̯ˈawa/,,*/mje̯ˈaa/,,,,,,,,,,,,,,*/fame̯ˈaʎa/,,
R217,,*/alˈuna/,,,,,,,,,,,,,,,,,,,,,*/apˈune/,,,,,,,,,,,,,,,,,,,,,,,,,,,,,,,,,,,,,,,,,,,,,,,,,,,,,,,,,,,,,*/buteɡʲˈune/,,,,,,,,,*/dʲˈəna/,,,,,,*/kəntekʲˈelu/,,,,,,,,,,,,,,,,,,,,,,,,,,,*/skaɾmənˈa/,,,,,,,,,,,,,*/fɾˈənu/,,,*/ɡlˈənda/,*/ɡlˈənduɾa/,,,*/ənpɾeɡʲˈuɾu/,,,,,*/ənˈaltu/,*/ənaltʲˈa/,*/ənkaltʲˈa/,*/ənkˈaltʲu/,*/ənkarrkˈa/,*/ənkunɡʲuɾˈa/,*/əndɾeptˈa/,*/ənfaɕˈa/,*/ənɡannˈa/,*/ənvetʲˈa/,,,,,,,*/paˈune/,,,,,,,,,,,,,*/sˈəntu/,,,,,*/skənte̯ˈaʎa/,,,,,,,,,,*/fe̯ˈamənu/,,,*/ɡʲˈuəne/,,,,,*/betɾˈənu/,,,,,,,,,,*/fɾˈunte/,,,,,,,,,,,,,,,,,,,,,*/mənutˈaʎa/,,,,,,,,,,,,,,,*/vənˈenu/,,,,*/kalkˈəɲu/,,,,,*/mˈəna/,,,,,,,,,,,,,,,,,,,,,,,,,,,*/ənɡlutʲˈi/,*/əntˈenɡʲe/,,,,,,,,,,,,,,,*/ənɡɾeekˈa/,*/ənɡɾe̯ˈaka/,,,,,,,,,,,,,,*/məne̯ˈa/,*/mənekˈa/,,,,,,,*/paɡˈənu/,,,,*/blˈəndu/,*/blənde̯ˈatʲe/,*/ənkume̯ˈate/,,,,,,,,,*/ənduɾˈa/,*/ənterɾetˈa/,*/ənvitˈa/,,*/mənɡəɲˈa/,*/mənˈia/,,,,,*/pənetˈa/,,,,,,*/plˈənɡʲe/,,,*/rɾuɕˈune/,,,,,,,,,,,,,,,,,,*/əntʲelepkʲˈune/,*/əntelˈeptu/,*/əntʲele̯ˈaɡʲe/,,,*/menkʲˈune/,,,,,,,*/sənˈa/,*/sənetˈosu/,*/sˈənu/,,,*/rɾˈəɲa/,,,,,,,,,,,,*/lənɡʲˈesku/,*/lˈənɡʲedu/,*/lənɡo̯ˈaɾe/,,,,,,,,*/puɾˈuɲu/,,*/rɾepˈune/,,,*/mˈənku/,,,,,,,,*/mˈəneka/,,,,,,,,*/kuɾˈuna/,,,,,,,,,,,,*/ənkʲˈenɡʲe/,,,,,,*/ənsuɾˈa/,*/ənfaɕuɾˈa/,*/ənvestʲˈi/,,,,*/pɾˈəndʲu/,,,,,,,,,*/pˈəne/,,,,,,,,,,,,,,,,,,,,,,,*/funtˈəna/,,,,,,,,,,,*/kapetˈəɲu/,,,,,,,,,*/ɡʲe̯ˈamənu/,,,,,,,,,,,,,,,,,,,,*/fiʎˈənu/,,*/o̯ˈarfənu/,,,,,,*/ənsuɾˈa/,,,,,,*/kʲe̯ˈarkənu/,,,,,,,,,,,,,,,,,,,,,,,,,,,,*/mˈəne/,,,,,,,,,*/septemˈəna/,*/vˈəneɾi/,,,,,,,,,,,,,,,,*/karbˈune/,,,,,,,,,,,,,,,,,,,,,,,,,,,,,,,,,*/fɾˈundʲa/,,,,,,,,,,,,,,,,,*/maste̯ˈakənu/,,,*/pˈaltənu/,,,,*/ɡutˈuɲa/,*/ɡutˈuɲu/,,,,,,,,,,,,,,,,,*/ɡɾˈənu/,,,*/pənˈiku/,,,,,,,,,,,,,*/fˈənu/,,,*/kˈənapa/,,,,,,,,,,,,,,,,,,,,,,*/bɾˈənka/,,,*/depˈune/,,,,*/ənkalekˈa/,,,*/pˈəntekʲe/,,,,,,,,,,,,,,,,*/kˈəne/,,,,,,,,*/ɡʲˈuənku/,*/ɡʲˈuənka/,,,,,,,,,,,*/tertʲˈənu/,,,,,,,,,,,,,,,,,,,,,,,,,,,,,,,,,,,,,,,,,,,,,,,,,,,,,,,*/ɡaˈune/,,,,,,,,,,,,,*/taˈune/,,,,,,,,,,,*/əntɾˈeɡu/,*/lˈunɡu/,,,,*/mənˈutu/,,,,,,,,,*/pəntu/,,,*/akutəntu/,,,,*/əntˈəɲu/,,,,,,,,,,,,*/ˈənɡlu/,*/ənɡˈustu/,,,,,,,,,,,,,,,,,,,,,,*/rɾˈənkʲedu/,,,,,,,,,,,,,,,,,,,,,,*/fɾˈənku/,,,,,,,,,,,,,,,,,,,,,,,,,,,,,,,*/ˈənɡʲeɾu/,,,,,*/ənkʎinˈa/,*/ənkʎinakʲˈune/,,*/miɾˈune/,*/uɾakʲˈune/,*/paɡənetˈate/,,,,*/rɾuɡakʲˈune/,,,,*/kuməndˈa/,,*/ənkəntˈa/,,*/kəntˈa/,,,,,,*/kˈənteku/,,,,,*/sˈunu/,*/sˈunetu/,,,,,*/kənˈutu/,,,,,*/vˈənetu/,,,,,,,,,,,,,,,,,*/ənkʲˈende/,,*/tekʲˈune/,,,,,,,,,,,,,,,,,,*/ˈən/,*/ənajˈente/,*/ənadˈentɾu/,*/ənapˈoj/,*/ənkutɾa/,,*/ˈəntɾu/,*/lˈunɡo̯a/,,,,,*/stˈənku/,,,,,,,,,,,,,,,,,,,,,,,,,,*/əntɾˈa/,,,,,,,,,,,,,,,,,,,,,,,,,*/ənɡannˈa/,*/pˈune/,,,,,,,,*/bˈunu/,,,,*/ənkʲe̯ˈape/,,,,,,,*/semənˈa/,,*/askˈunde/,,,,,,,,,,,,,,,,,,,*/fɾˈənɡʲe/,,,,*/ampləntˈa/,,,*/ənkʲerkˈa/,*/ənklajˈa/,*/ənflˈa/,*/ənto̯ˈarkʲe/,,,,,,,,,,,,,,,*/ənkʲˈetu/,,,,,,*/ənfɾənˈa/,,,,,,,*/ənkarrkatˈuɾa/,,,*/paɾˈənɡa/,,,,,,*/pˈunte/,,,,,,,,,,,,,,,*/semənatˈuɾa/,,,*/mənˈuklu/,,*/mənˈa/,,,*/ənsemnˈa/,*/tˈunde/,*/fənˈatʲu/,*/fəne̯ˈatʲa/,,,,*/paɕˈune/,,,,,,,,,,,,,,,,*/ənklaɡˈa/,,,,,,*/spəntekˈa/,*/vənˈa/,*/vənatˈor/,*/vənato̯ˈaɾʲa/,,*/ənfɾˈənɡʲe/,*/ənfɾuntˈa/,*/ənvˈenkʲe/,,,,*/supˈune/,,,,,,,,*/depənˈa/,,,,,*/ənkurrkˈa/,,,,*/pˈənuɾa/,,,,,,,,,,,,,,,,,,*/skəndˈuɾa/,,,,,,,*/lˈaməna/,,,,,,,,,,,,,,,,,,,,,,,,,,*/spˈune/,,,*/rɾespˈunde/,,,,,,,,,,,*/rɾespˈunsu/,,,,,,,,,,*/sˈənɡʲe/,,,,*/ˈəntɾe/,,,,*/fɾˈəntu/,,,,,,,,,,,,,,,,*/əntɾe̯ˈa/,,,,,,,,,,*/vˈəna/,,,,,,,,,,,,,,,,,,,,,,,,,,,,,,,*/kˈəndu/,,,,,,,,,,,,,,,,*/bˈuna/,,,,*/sənetˈate/,,,,,,,,,,,,*/ˈənsu/,
R218,,,,,,,,,,,,,,,,,,,,,,,,,,,,,,,,,,,,,,,,,,,,,,,,,,,,,,,,,,,,,,,,,,,,,,,,,,,,,,,,,,,,,,,,,,,,,,,,,,,,,,,,,,,,,,,,,,,,,,,,,,,,*/skəmbjˈa/,,,,,,,,,,,,,,,,,,,,,,,,,,*/əmpeɾˈatu/,,,,,,,,,,,,,,,,,,,,,,,,,,,,,,,,,,,,,*/stɾˈəmbu/,,,,,,,,,,,,,,,,,,,,,,,,,,,,,,,,,,,,,,,,,,,,,,,,,,,,,,,,,,,,,,,,,,,,,,,,,,,,,,,,,,,,,,,,,,,,,,,,,*/əmbukˈa/,,,,,,,,,,,,,,,,,,,,,,,,,,,,,,,,,,,,,,,,,,,,,,,*/kˈumpetu/,,,,,,,,,,,,,,,,,,,,,,,,,,,,,,,,,,,,,,,,,,,,,,,,,,,,,,,,,,,,,,,,,,,,,,,,,,,,,,,,,,,,,,,,,,,,,,,*/kəme̯ˈaɕa/,,,,,,,,,,,,,,,,,,,,,,,,,,,*/əmbɾakˈa/,,,,,,,,,,,,,,,,,,,,,,,,,,,,,,,,,,,,,,,,,,,,,,,,,,,,,,,,,,,,,,,,,,,,,,,,,,,,,,,,,,,,,,,,,,,,,,,,,,,,,,,,,,,,,,,,,,,,,,,,,,,,,,,,,*/sˈəmbata/,,,,,,,,,,,,,,,,,,,,,,,,,,,,,,,,,,,,,,,,,,,,,,,,,,,,,,,,,,,,,,,,,,,,,,,,,,,,,,,,,,,,,,,,,,,,,,,,,,,,,,,,,,,,,,,,,,,,,,,,,,,,,,,,,,,,,,,,,,,,,,,,,,,,,,,,,,,,,,,,,,,,,,,,,,,,,,,,,,,,,,,,,,,,,,,,,,,,,,,,,,,,,,,,,,,,,,,,,,,,,,,,,,,,,,,,,,,,,,,,,,,,,,,,,,,,,,,,,,*/əmputˈa/,,,,,,,,,,,,,,,,,,,,,*/ˈəmbi/,,,,,,,,,,,,,,,,,,,,,,,,,,,,,,,,,,,,,,,,,,,,,,,,,,,,,,,,,,,,,,,,,,,,,,,,,,,,,*/kˈumpaɾu/,,,*/əmpɾumutˈa/,,,,,,,,,,,,,,,,,,,,,,,,,,,,,,,,,,,,,,,,,,,,,,,,,,,,,,,,,,,,,,,,,,,,,,,,,,,,,,,,,,,,,,,,,,,,,,,,,,,,,,,,,,,,,,,,,,,,,,,,,,,,,,,,,,,*/pɾəmbuɾˈa/,,,,,,,,,,,,,,,,,,,,,,,,,,,,,,,,,,,,,,,,,,,,,,,,,,,,,,,,,,,,,,,,*/əmbinˈa/,*/əmpartʲˈi/,*/əmpˈenɡʲe/,*/əmpləntˈa/,,*/əmpˈunɡʲe/,,,,,*/əmbjˈa/,,,,,,,,,,,,,,,,,,,,,,,,,,,,,,,,,,,,,,,,,,,,,,,,*/kˈəmpu/,,,,,,,,,,,,,,,,,,,,,,,,,,,,,,,,,,,,,,,,,,,,,,,,,,,,,,,,,,,,,,,,,,,,,,,,,,,,,,,,,,,,,,,,,,,,,,,,,,,,,,,,,,,,,,,,,,,,,,,,,,,,,,,,,,,,,,,,,,,,,,,,,,,,,,,,,,,,,,,,,,,,,,,,,,,,,,,,,,,,,,,,,,,,,,,,,,,,,,,,,,,,,,,,,,,,,,,,,,,,,,,,,,,,,,,,,,,,,,,*/fəme̯ˈaʎa/,,
R219,,,,,,,,,,,,,,,,,,,,,,,,,,,,,,,,,,,,,,,,,,,,,,,,,,,,,,,,,,,,,,,,,,,,,,,,,,,,,,,,,,,,,,,,,,,,,,,,,,,,,,,,,,,,,,,,,,,,,,,,,,,,,,,,,,,,,,,,,,,,,,,,,,,,,,,,,,,,,,,,,,,,,,,,,,,,,,,,,,,,,,,,,,,,,,*/tuɕinˈa/,,,,,,,,,,,,,,,,,,,,,,,,,,,,,,,,,,,,,,,,,,,,,,,,,,,,,,,,,,,,,,,,,,,,,,,,,,,,,,,,,,,,,,,,,,,,,,,,,,,,,,,,,,,,,,,,,,,,,,,,,,,,,,,,,,,,,,,,,,,,,,,,,,,,,,,,,,,,,,,,,,,,,,,,*/rɾuɕˈine/,,,,,,,,,,,,,,,,,,,,,,,,,,,,,,,,,,,,,,,,,,,,,,*/leɕinˈa/,,,,,,,,,,,,,,,,,,,,,,,,,,,,,,,,,,,,,,,,,,,,,,,,,,,,,,,,,,,,,,,,,,,,,,,,,,,,,,,,,,,,,,,,,,,,,,,,,,,,,,,,,,,,,,,,,,,,,,,,,,,,,,,,,,,,,,,,,,,,,,,,,,,,,,,,,,,,,,,,,,,,,,,,,,,,,,,,,,,,,,,,,,,,,,,,,,,,,,,,,,,,,,,,,,,,,,,,,,,,,,,,,,,,,,,,,,,,,,,,,,,,,,,,,,,,,,,,,,,,,,,,,,,,,,,,,,,,,,,,,,,,,,,,,,,,,,,,,,,,,,,,,,,,,,,,,,,,,,,,,,,,,,,,,,,,,,,,,,,,,,,,,,,,,,,,,,,,,,,,,,,,,,,,,,,,,,,,,,,,,,,,,,,,,,,,,,,,,,,,,,,,,,,,,,,,,,,,,,,,,,,,,,,,,,,,,,,,,,,,,,,,,,,,,,,,,,,,,,,,,,,,,,,,,,,,,,,,,,,,,,,,,,,,,,,,,,,,,,,,,,,,,,,,,,,,,,,,,,,,,,,,,,,,,,,,,,,,,,,,,,,,,,,,,,,,,,,,,,,,,,,,,,,,,,,,,,,,,,,,,,,,,,,,,,,,,,,,,,,,,,,,,,,,,,,,,,,,,,,,,,,,,,,,,,,,,,,,,,,,,,,,,,,,,,,,,,,,,,,,,,,,,,,,,,,,,,,,,,,,,,,,,,,,,,,,,,,,,,,,,,,,,,,,,,,,,,,,,,,,,,,,,,,,,,,,,,,,,,,,,,,,,,,,,,,,,,,,,,,,,,,,,,,,,,,,,,,,,,,,,,,,,,,,,,,,,,,,,,,,,,,,,,,,,,,,,,,,,,,,,,,,,,,,,,,,,,,,,,,,,,,,,,,,,,,,,,,,,,,,,,,,,,,,,,,,,,,,,,,,,,,,,,,,,,,,,,,,,,,,,,,,,,,,,,,,,,,,,,,,,,,,,,,,,,,,,,,,,,,,,,,,,,,,,,,,,,,,,,,,,,,,,,,,,,,,,,,,,,,,,,,,,,,,,,,,,,,,,,,,,,,,,,,,,,,,,,,,,,,,,,,,,,,,,,,
R220,,,,,,,,,,,,,,,,,,,,,,,,,,,,,,,,,,,,,,,,,,,,,,,,,,,,,,,,,,,,,,,,,,,,,,,,,,,,,,,,,,,,,,,,,,,,,,,,,,,,,,,,,,,,,,,,,,,,,,,,,,,,,,,,,,,,,,,,,,,,,,,,,,,,,,,,,,,,,,,,,,,,,,,,,,,,,,,,,,,,,,,,,,,,,,,,,,,,,,,,,,,,,,,,,,,,,,,,,,,,,,,,,,,,,,,,,,,,,,,,,,,,,,,,,,,,,,,,,,,,,,,,,,,,,,,,,,,,,,,,,,,,,,,,,,,,,,,,,,,,,,,,,,,,,,,,,,,,,,,,,,,,,,,,,,,,,,,,,,,,,,,,,,,,,,,,,,,,,,,,,,,,,,,,,,,,,,,,,,,,,,,,,,,,,,,,,,,,,,,,,,,,,,,,,,,,,,,,,,,,,,,,,,,,,,,,,,,,,,,,,,,,,,,,,,,,,,,,,,,,,,,,,,,,,,,,,,,,,,,,,,,,,,,,,,,,,,,,,,,,,,,,,,,,,,,,,,,,,,,,,,,,,,,,,,,,,,,,,,,,,,,,,,,,,,,,,,,,,,,,,,,,,,,,,,,,,,,,,,,,,,,,,,,,,,,,,,,,,,,,,,,,,,,,,,,,,,,,,,,,,,,,,,,,,,,,,,,,,,,,,,,,,,,,,,,,,,,,,,,,,,,,,,,,,,,,,,,,,,,,,,,,,,,,,,,,,,,,,,,,,,,,,,,,,,,,,,,,,,,,,,,,,,,,,,,,,,,,,,,,,,,,,,,,,,,,,,,,,,,,,,,,,,,,,,,,,,,,,,,,,,,,,,,,,,,,,,,,,,,,,,,,,,,,,,,,,,,,,,,,,,,,,,,,,,,,,,,,,,,,,,,,,,,,,,,,,,,,,,,,,,,,,,,,,,,,,,,,,,,,,,,,,,,,,,,,,,,,,,,,,,,,,,,,,,,,,,,,,,,,,,,,,,,,,,,,,,,,,,,,,,,,*/ʎe̯ˈa/,,,,,,,,,,,,,,,,,,,,,,,,,,,,,,,,,,,,,,,,,,,,,,,,,,,,,,,,,,,,,,,,,,,,,,,,,,,,,,,,,,,,,,,,,,,,,,,,,,,,,,,,,,,,,,,,,,,,,,,,,,,,,,,,,,,,,,,,,,,,,,,,,,,,,,,,,,,,,,,,,,,,,,,,,,,,,,,,,,,,,,,,,,,,,,,,,,,,,,,,,,,,,,,,,,,,,,,,,,,,,,,,,,,,,,,,,,,,,,,,,,,,,,,,,,,,,,,,,,,,,,,,,,,,,,,,,,,,,,,,,,,,,,,,,,,,,,,,,,,,,,,,*/zˈa/,,,,,,,,,,,,,,,,,,,,,,,,,,,,,,,,,,,,,,,,,,,,,,,,,,,,,,,,,,,,,,,,,,,,,,,,*/ave̯ˈa/,,,,,,,,,,,,,,,,,,,,,,,,,,,,,,,,,,,,,,,,,,,,,,,,,,,,,,,,,,,,,,,,,,,,,,,,,,,,,,,,,,,,,,,,,,*/eɾˈa/,,,,,,,,,*/mje̯ˈa/,,,,*/purtˈa/,,,,,,,,,,,,
R221,,,,,,,,,,,,,,,,,,,,,,,,,,,,,,,,,,,,,,,,,,,,,,,,,,,,,,,,,,,,,,,,,,,,,,,,,,,,,,,,,,,,,,,,,,,,,,,,,,,,,,,,,,,,,,,,,,,,,,,,,,,,,,,,,*/spelˈa/,,,,,,,,,,,,,,,,,,,,,,,,,,,,,,,,,,,,,,,,,,,,,,,,,,,,,,,,,,,,,,,,,,,,,,,,,,,,,,,,,,,,,,,,,,,,,,,,,,,,,,,,,,,,,,,,,,,,,,,,,,,,,,,,,,,,,,,,,,,,,,,,,,,,,,,,,,,,,,,,,,,,,,,,,,,,,,,,,,,,,,,,,,,,,,,,,,*/lˈa/,,,,,,,,,,,,,,,,,,,,,,,,,,,,,,,,,,,,,,,,,,,,,,,,,,,,,,,,,,,,,,,,,,,,,,,,,,,,,,,,,,,,,,,,,,,,,,,,,,,,,,,,,,,,,,,,,,,,,,,,,,,,,,,,,,,,,,,,,,,,,,,,,,,,,,,,,,,,,,,,,,,,,,,,,,,,,,,,,,,,,,,,,,,,,,,,,,,,,,,,,,,,,,,,,,,,,,,,,,,,,,,,,,,,,,,,,,,,,,,,,,,,,,,,,,,,,,,,,,,,,,,,,,,,,,,,,,,,,,,,,,,,,,,,,,,,,,,,,,,,,,,,,,,,,,,,,,,,,,,,,,,,,,,,,,,,,,,,,,,,,,,,,,,,,,,,,,,,,,,,,,,,,,,,,,,,,,,,,,,,,,,,,,,,,,,,,,,,,,,,,,,,,,,,,,,,,,,,,,*/kˈalu/,,,,,,,,,,,,,,,,,,,,,,,,,,,,,,,,,,,,,,,,,,,,,,,,,,,,,,,,,,,,,,,,,,,,,,,,,,,,,,,,,,,,,,,,,,,,,,,,,,,,,,,,,,,,,,,,,,,,,,,,,,,,,,,,,,,,,,,,,,,,,,,,,,,,,,,,,,,,,,,,,,,,,,,,,,,,,,,,,,,,,,,,,,,,,,,,,,,,,,,,,,,,,,,,,,,,,,,,,,,,,,,,,,,,,,,,,,,,,,,,,,,,,,,,,,,,,,,,,,,,,,,,,,,,,,,,,,,,,,,,,,,,,,,,,,,,,,,,,,,,,,,,,,,,,,,,,,,,,,,,,,,,,,,,,,,,,,,,,,,,,,,,,,,,,,,,,,,,,,,,,,,,,,,,,,,,,,,,,,,,,,,,,,,,,,,,,,,,,,,,,,,,,,,,,,,,,,,,,,,,,,,,,,,,,,,,,,,,,,,,,,,,,,,,,,,,,,,,,,,,,,,,,,,,,,,,,,,,,,,,,,,,,,,,,,,,,,,,,,,,,,,,,,,,,,,,,,,,,,,,,,,,,,,,,,,,,,,,,,,,,,,,,,,,,,,,,,,,,,,,,,,,,,,,,,,,,,,,,,,,,,,,,,,,,,,,,,,,,,,,,,,,,,,,,,,,,,,,,,,,,,,,,,,,,,,,,,,,,,,,,,,,,,,,,,,,,,,,,,,,,,,,,,,,,,,,,,,,,,,,,,,,,,,,,,,,,,
R222,,,,,,,,,,,,,,,,,,,,,,,,,,,,,,,,,,,,,,,,,,,,,,,,,,,,,,,,,,,,,,,,,,,,,,,,,,,,,,,,,,,,,,,,,,,,,,,,,,,,,,,,,,,,,,,,,,,,,,,,,,,,,,,,,,,,,,,,,,,,,,,,,,,,,,,,,,,,,,,,,,,,,,,,,,,,,,,,,,,,,,,,,,,,,,,,,,,,,,,,,,,,,,,,,,,,,,,,,,,,,,,,,,,,,,,,,,,,,,,,,,,,,,,,,,,,,,,,,,,,,,,,,,,,,,,,,,,,,,,,,,,,,,,,,,,,,,,,,,,,,*/ənɡɾekˈa/,,,,,,,,,,,,,,,,,,,,,,,,,,,,,,,,,,,,,,,,,,,,,,,,,,,,,,,,,,,,,,,,,,,,,,,,,,,,,,,,,,,,,,,,,,,,,,,,,,,,,,,,,,,,,,,,,,,,,,,,,,,,,,,,,,,,,,,,,,,,,,,,,,,,,,,,,,,,,,,,,,,,,,,,,,,,,,,,,,,,,,,,,,,,,,,,,,,,,,,,,,,,,,,,,,,,,,,,,,,,,,,,,,,,,,,,,,,,,,,,,,,,,,,,,,,,,,,,,,,,,,,,,,,,,,,,,,,,,,,,,,,,,,,,,,,,,,,,,,,,,,,,,,,,,,,,,,,,,,,,,,,,,,,,,,,,,,,,,,,,,,,,,,,,,,,,,,,,,,,,,,,,,,,,,,,,,,,,,,,,,,,,,,,,,,,,,,,,,,,,,,,,,,,,,,,,,,,,,,,,,,,,,,,,,,,,,,,,,,,,,,,,,,,,,,,,,,,,,,,,,,,,,,,,,,,,,,,,,,,,,,,,,,,,,,,,,,,,,,,,,,,,,,,,,,,,,,,,,,,,,,,,,,,,,,,,,,,,,,,,,,,,,,,,,,,,,,,,,,,,,,,,,,,,,,,,,,,,,,,,,,,,,,,,,,,,,,,,,,,,,,,,,,,,,,,,,,,,,,,,,,,,,,,,,,,,,,,,,,,,,,,,,,,,,,,,,,,,,,,,,,,,,,,,,,,,,,,,,,,,,,,,,,,,,,,,,,,,,,,,,,,,,,,,,,,,,,,,,,,,,,,,,,,,,,,,,,,,,,,,,,,,,,,,,,,,,,,,,,,,,,,,,,,,,,,,,,,,,,,,,,,,,,,,,,,,,,,,,,,,,,,,,,,,,,,,,,,,,,,,,,,,,,,,,,,,,,,,,,,,,,,,,,,,,,,,,,,,,,,,,,,,,,,,,,,,,,,,,,,,,,,,,,,,,,,,,,,,,,,,,,,,,,,,,,,,,,,,,,,,,,,,,,,,,,,,,,,,,,,,,,,,,,,,,,,,,,,,,,,,,,,,,,,,,,,,,,,,,,,,,,,,,,,,,,,,,,,,,,,,,,,,,,,,,,,,,,,,,,,,,,,,,,,,,,,,,,,,,,,,,,,,,,,,,,,,,,,,,,,,,,,,,,,,,,,,,,,,,,,,,,,,,,,,,,,,,,,,,,,,,,,,,,,,,,,,,,,,,,,,,,,,,,,,,,,,,,
R223,,,,,,,,,,,,,,,,,,,,,,,,,,,,,,,,,,,,,,,,,,,,,,,,,,,,,,,,,,,,,,,,,,,,,,,,,,,,,,,,,,,,,,,,,,,,,,,,,,,,,,,,,,,,,,,,,,,,,,,,,,,,,,,,,,,,,,,,,,,,,,,,,,,,,,,,,,,,,,,,,,,,,,,,,,,,,,,,,,,,,,,,,,,,,,,,,,,,,,,,,,,,,,,,,,,,,,,,,,,,,,,,,,,,,,,,,,,,,,,,,,,,,,,,,,,,,,,,,,,,,,,,,,,,,,,,,,,,,,,,,,,,,,,,,,,,,,,,,,,,,,,,,,,,,,,,,,,,,,,,,,,,,,,,,,,,,,,,,,,,,,,,,,,,,,,,,,,,,,,,,,,,,,,,,,,,,,,,,,,,,,,,,,,,,,,,,,,,,,,,,,,,,,,,,,,,,,,,,,,,,,,,,,,,,,,,,,,,,,,,,,,,,,,,,,,,,,,,,,,,,,,,,,,,,,,,,,,,,,,,,,,,,,,,,,,,,,,,,,,,,,,,,,,,,,,,,,,,,,,,,,,,,,,,,,,,,,,,,,,,,,,,,,,,,,,,,,,,,,,,,,,,,,,,,,,,,,,,,,,,,,,,,,,,,,,,,,,,,,,,,,,,,,,,,,,,,,,,,,,,,,,,,,,,,,,,,,,,,,,,,,,,,,,,,,,,,,,,,,,,,,,,,,,,,,,,,,,,,,,,,,,,,,,,,,,,,,,,,,,,,,,,,,,,,,,,,,,,,,,,,,,,,,,,,,,,,,,,,,,,,,,,,,,,,,,,,,,,,,,,,,,,,,,,,,,,,,,,,,,,,,,,,,,,,,,,,,,,,,,,,,,,,,,,,,,,,,,,,,,,,,,,,,,,,,,,,,,,,,,,,,,,,,,,,,,,,,,,,,,,,,,,,,,,,,,,,,,,,,,,,,,,,,,,,,,,,,,,,,,,,,,,,,,,,,,,,,,,,,,,,,,,,,,,,,,,,,,,,,,,,,,,,,,,,,,,,,,,,,,,,,,,,,,,,,,,,,,,,,,,,,,,,,,,,,,,,,,,,,,,,,,,,,,,,,,,,,,,,,,,,,,,,,,,,,,,,,,,,,,,,,,,,,,,,,,,,,,,,,,,,,,,,,,,,,,,,,,,,,,,,,,,,,,,,,,,,,,,,,,,,,,,,,,,,,,,,,,,,,,,,,,,,,,,,,,,,,,,,,,,,,,,,,,,,,,,,,,,,,,,,,,,,,,,,,,,,,,,,,,,,,,,,,,,,,,,,,,,,,,,,,,,,,,,,,,,,,,,,,,,,,,,,,,,,,,,,,,,,,,,,,,,,,,,,,,,,,,,,,,,,,,,,,,,,,,,,,,,,,,,,,,,,,,,,,,,,,,,,,,,,,,,,,,,,,,,,,,,,,,,,,,,,,,,,,,,,,,,,,,,,,,,,,,,,,,,,,,,,,,,,,,,,,,,,,,,,,,,,,,,,,,,,,,,,,,,,,,,,,,,,,,,,,,,,,,,,,,,,,,,,,,,,,,,,,,,,,,
R224,,,,,,,,,,,,,,,,,,,,,,,,,,,,,,,,,,,,,,,,,,,,,,,,,,,,,,,,,,,,,,,,,,,,,,,,,,,,,,,,,,,,,,,,,,,,,,,,,,,,,,,,,,,,,,,,,,,,,,,,,,,,,,,,,,,,,,,,,,,,,,,,,,,,,,,,,,,,,,,,,,,,,,,,,,,,,,,,,,,,,,,,,,,,,,,,,,,,,,,,,,,,,,,,,,,,,,,,,,,,,,,,,,,,,,,,,,,,,,,,,,,,,,,,,,,,,,,,,,,,,,,,,,*/medˈuva/,,,,,,,,,,,,,,,,,,,,,,,,,,,,,,,,,,,,,,,,,,,,,,,,,,,,,,,,,,,,,,,,,,,,,,,,,,,,,,,,,,,,,,,,,,,,,,,,,,,,,,,,,,,,,,,,,,,,,,,,,,,,,,,,,,,,,,,,,,,,,,,,,,,,,,,,,,,,,,,,,,,,,,,,,,,,,,,,,,,,,,,,,,,,,,,,,,,,,,,,,,,,,,,,,,,,,,,,,,,,,,,,,,,,,,,,,,,,,,,,,,,,,,,,,,,,,,,,,,,,,,,,,,,,,*/vˈeduv/,,,,,,,,,,,,,,,,,,,,,,,,,,,,,,,,,,,,,,,,,,,,,,,,,,,,,,,,,,,,,,,,,,,,,,,,,,,,,,,,,,,,,,,,,,,,,,,,,,,,,,,,,,,,,,,,,,,,,,,,,,,,,,,,,,,,,,,,,,,,,,,,,,,,,,,,,,,,,,,,,,,,,,,,,,,,,,,,,,,,,,,,,,,,,,,,,,,,,,,,,,,,,,,,,,,,,,,,,,,,,,,,,,,,,,,,,,,,,,,,,,,,,,,,,,,,,,,,,,,,,,,,,,,,,,,,,,,,,,,,,,,,,,,,,,,,,,,,,,,,,,,,,,,,,,,,,,,,,,,,,,,,,,,,,,,,,,,,,,,,,,,,,,,,,,,,,,,,,,,,,,,,,,,,,,,,,,,,,,,,,,,,,,,,,,,,,,,,,,,,,,,,,,,,,,,,,,,,,,,,,,,,,,,,,,,,,,,,,,,,,,,,,,,,,,,,,,,,,,,,,,,,,,,,,,,,,,,,,,,,,,,,,,,,,,,,,,,,,,,,,,,,,,,,,,,,,,,,,,,,,,,,,,,,,,,,,,,,,,,,,,,,,,,,,,,,,,,,,,,,,,,,,,,,,,,,,,,,,,,,,,,,,,,,,,,,,,,,,,,,,,,,,,,,,,,,,,,,,,,,,,,,,,,,,,,,,,,,,,,,,,,,,,,,,,,,,,,,,,,,,,,,,,,,,,,,,,,,,,,,,,,,,,,,,,,,,,,,,,,,,,,,,,,,,,,,,,,,,,,,,,,,,,,,,,,,,,,,,,,,,,,,,,,,,,,,,,,,,,,,,,,,,,,,,,,,,,,,,,,,,,,,,,,,,,,,,,,,,,,,,,,,,,,,,,,,,,,,,,,,,,,,,,,,,,,,,,,,,,,,,,,,,,,,,,,,,,,,,,,,,,,,,,,,,,,,,,,,,,,,,,,,,,,,,,,,,,,,,,,,
R225,,*/alˈunə/,,*/adəpˈa/,*/adəpˈostu/,*/adəstˈa/,*/adəwɡˈa/,,,,,,*/alˈateɾə/,,,,*/aməɡʲˈi/,*/aminətʲˈa/,,,,,,,,,,,,,,*/aɾˈamə/,,,,,,,,,*/ˈatʲə/,*/akətʲˈa/,,,*/ˈapə/,,*/apətˈosu/,*/ˈakʲeɾə/,,,,,,,,*/altjˈitʲə/,,*/albjo̯ˈaɾə/,*/albˈinə/,,*/aməɾe̯ˈatʲə/,,*/amətʲˈi/,,,,*/apəɾˈa/,,,,*/aɾətˈor/,*/aɾətˈoɾʲu/,,,*/aɾətˈuɾə/,,,,,,,,*/arsˈuɾə/,,,*/bəse̯ˈaɾekə/,*/bətˈaʎə/,,*/bɾo̯ˈatəku/,*/dəwnˈa/,*/deɾəmˈa/,,*/dʲˈənə/,*/deskərrkˈa/,,,*/kəlˈaɾe/,,,*/kəpˈestɾu/,*/ɡˈawɾə/,*/kʲe̯ˈapə/,*/kʲeɾəɕˈaɾʲu/,*/kʲeɾʲe̯ˈaɕə/,,*/kʲiko̯ˈaɾʲə/,,,,,,*/kɾe̯ˈastə/,*/kukˈutə/,,,,,,,,,,*/skəde̯ˈa/,,*/skəpˈa/,*/skəɾmənˈa/,,,,,*/fəɾekˈa/,,*/fˈaɾməku/,,*/flˈakuɾə/,*/fˈakuɾə/,*/furtˈunə/,,,,*/ɡəʎinˈatʲu/,*/ɡlˈəndə/,*/ɡlˈənduɾə/,*/ɡˈuɾə/,,,,,,,,*/ənəltʲˈa/,*/ənkəltʲˈa/,,*/ənkərrkˈa/,,,*/ənfəɕˈa/,*/ənɡənnˈa/,,*/ɡʲudekˈatə/,,*/mənnˈaɾʲu/,,*/məstekˈa/,,*/pəˈune/,,*/pje̯ˈarɡlə/,*/pestˈaʎə/,*/pˈetuɾə/,*/plˈaɡə/,,*/pɾədˈa/,,*/pɾiməve̯ˈaɾə/,*/pˈunɡə/,*/səɡʲe̯ˈatə/,*/səɡʲetˈa/,,*/sˈapə/,*/səpˈa/,,*/ɕe̯ˈarɾə/,*/skənte̯ˈaʎə/,,,,*/stˈuɾə/,,,*/beɕˈikə/,,,,,*/fekʲo̯ˈaɾə/,,,,*/pˈupə/,,,*/ve̯ˈarɡlə/,,,*/bˈarbə/,*/bˈukə/,*/kəpetʲˈinə/,,,,,*/ɡʲˈenə/,*/ɡʲenɡʲˈiə/,*/lˈenbə/,*/məse̯ˈawə/,*/mustˈatʲə/,,,*/pəɾˈatʲu/,,*/tʲe̯ˈastə/,,*/ˈinemə/,*/kətˈenə/,,*/ko̯ˈastə/,,,,*/je̯ˈaʎə/,,*/mənutˈaʎə/,,*/no̯ˈadə/,,,*/rɾˈenə/,,,,,*/splˈenə/,*/suˈaɾə/,*/tʲˈitʲə/,,,,,,,*/kəlkˈəɲu/,,,,,*/mˈənə/,,*/pˈalmə/,,*/pˈulpə/,*/tˈalpə/,*/ˈunɡlə/,,*/medˈuvə/,,,,,,,,,,*/kəskˈa/,,,,,*/kəkˈa/,,,,,,*/lˈakɾemə/,,,*/sətˈulu/,*/sətuɾˈa/,,,,,,,*/fəptˈuɾə/,,,,*/ənɡɾe̯ˈakə/,*/ləpedˈa/,,*/viˈatʲə/,,,*/kəstʲiɡˈa/,,,,,,,,,,,,,,*/skəldˈa/,,*/pəɡˈənu/,,*/pje̯ˈaptenə/,,,,,,,,,*/spˈajemə/,*/spəmentˈa/,,,,,,,,*/mənˈiə/,,,,*/pəkˈa/,,*/pətʲˈi/,,,,*/pləkʲe̯ˈa/,,,,,,,,,*/te̯ˈamə/,,,,,,,,,,,,*/kətˈa/,,,,,,,,,*/pəɾe̯ˈa/,,,,,,,,,*/rɾˈəɲə/,*/kʲe̯ˈatʲə/,*/kətʲˈelu/,,*/kʲˈumə/,,,,,*/ɡˈutə/,*/dʲəkʲe̯ˈa/,,,,,,,,,,*/pje̯ˈaɾʲə/,,,*/puskle̯ˈawə/,,,,,,,,,,*/kəme̯ˈaɕə/,*/ʎˈiɲə/,*/mˈənekə/,*/pəʎo̯ˈaɾə/,*/sˈaɾekə/,,*/kəltʲəmˈentu/,,*/bɾətʲˈaɾə/,,*/kuɾˈunə/,*/mərɡʲe̯ˈawə/,,*/bɾəkʲˈiɾe/,*/klˈenɡə/,*/fˈaɕə/,*/fəɕo̯ˈaɾə/,,,*/leɡətˈuɾə/,*/be̯ˈatə/,*/kəltʲˈa/,,,,*/deskəltʲˈa/,,*/əmbɾəkˈa/,,*/ənfəɕuɾˈa/,,,,*/kʲˈenə/,,*/bukˈatə/,*/kəɾnˈatʲu/,,*/fəɾˈinə/,*/fɾeptˈuɾə/,,*/mo̯ˈaɾʲə/,,,,*/pləkʲˈentə/,,,*/tˈurtə/,,*/d͡zʲe̯ˈamə/,,*/po̯ˈaskə/,,,,*/ɡɾətˈaɾʲu/,,*/kˈaɾəmi/,*/kəpɾʲˈoɾu/,*/kˈasə/,*/kəsˈaɾʲu/,,,,*/feɾʲe̯ˈastɾə/,*/funtˈənə/,,*/o̯ˈaɕə/,*/po̯ˈartə/,,*/skˈaɾə/,,*/tˈendə/,*/tʲitʲˈinə/,*/tɾəje̯ˈaptə/,,*/kəpetˈəɲu/,,*/sko̯ˈartʲə/,,,*/metˈuɕə/,,*/fˈiʎə/,,,*/mˈumə/,,*/nepo̯ˈatə/,,,*/tˈatə/,,*/bərbˈatu/,,,,,*/məɾˈitu/,*/nuje̯ˈarkə/,,,*/so̯ˈatʲə/,,,,,,,,*/kɾedˈentʲə/,,,,*/ləsˈa/,*/məɾitˈa/,*/nˈuntə/,,,,*/skəpetˈa/,,*/lˈunə/,*/rɾesəɾˈi/,,*/ˈawɾə/,,*/bɾˈumə/,*/kəɾo̯ˈaɾe/,,,*/ɡɾˈindenə/,*/nˈuəɾu/,,,,*/plo̯ˈajə/,*/rɾˈowə/,,*/se̯ˈakʲetə/,,,*/dˈatə/,*/o̯ˈaɾə/,*/ˈalbə/,,,,*/demine̯ˈatʲə/,*/mje̯ˈadʲə/,,,*/dumˈenekə/,,,*/sˈəmbətə/,*/septemˈənə/,,,*/kəɾendˈaɾʲu/,,,*/atˈumnə/,*/eje̯ˈaɾnə/,*/ve̯ˈaɾə/,*/pəmˈentu/,*/aɾˈenə/,,,*/pje̯ˈatɾə/,,,*/terɾˈinə/,*/kərbˈune/,*/pe̯ˈaklə/,*/pukʲo̯ˈasə/,*/aɾuɡʲˈinə/,,,,,,,*/rɾˈipə/,*/skəwnˈelu/,,,*/ˈalbjə/,,,,,,,,,,,,,*/ˈundə/,,,,*/fo̯ˈaʎə/,,*/fɾˈundʲə/,*/nuje̯ˈawə/,*/pˈaʎə/,*/po̯ˈamə/,*/rɾədekʲˈinə/,,*/rɾeɕˈinə/,*/semˈentʲə/,,,,*/surkʲe̯ˈawə/,,*/ve̯ˈarɡə/,,,,*/məste̯ˈakənu/,*/pədˈuɾe/,,,,,,*/ɡutˈuɲə/,,,,,,,,,*/pəɾˈumbə/,,*/aˈuə/,*/vˈitʲə/,*/je̯ˈadeɾə/,*/ləwɾˈuskə/,*/səˈuku/,,*/tˈufə/,,,,,*/sekˈaɾə/,,,*/kukˈurbetə/,*/ləptˈukə/,*/leɡˈumə/,,,,,*/rɾədʲˈiklə/,*/ve̯ˈardʲə/,,*/je̯ˈarbə/,,*/kˈənəpə/,,,,,*/fɾˈaɡə/,,,*/mˈalbə/,*/mˈentə/,*/mje̯ˈaklə/,*/pˈapuɾə/,*/pətlˈaɡʲenə/,*/urtʲˈikə/,*/vjo̯ˈaɾə/,*/vˈolbuɾə/,,*/je̯ˈaskə/,*/nemˈaʎə/,,,*/vˈitə/,*/bɾˈənkə/,*/ko̯ˈadə/,*/ko̯ˈamə/,,,,,*/ənkəlekˈa/,*/mˈuɾə/,,,,*/ɡərɾˈesku/,*/lətɾˈa/,,,,,,,,,,,,,,*/kˈapɾə/,*/kəpɾˈinə/,*/kətʲe̯ˈawə/,,,*/je̯ˈapə/,,,*/ɡʲˈuənkə/,*/oˈinə/,,*/pekˈujnə/,,,*/purkʲe̯ˈawə/,*/purkʲˈinə/,,*/skɾo̯ˈafə/,,,,*/vˈakə/,,,,*/vetʲe̯ˈawə/,,,*/vetˈuʎə/,*/bˈuəɾu/,,,,,,,,*/ˈaɾəpə/,,,,,,*/pe̯ˈannə/,*/pˈennuɾə/,*/pˈulə/,,*/ɡəʎˈinə/,,*/dɾepne̯ˈawə/,*/ɡˈajə/,,,,*/eɾundine̯ˈawə/,*/mjˈerlə/,*/pəɾˈumbu/,*/petuɾnˈiklə/,*/pɾeveɡləto̯ˈaɾʲə/,,*/stɾˈiɡə/,,*/tˈurtuɾə/,*/turtuɾe̯ˈawə/,*/upˈupəd͡zə/,,,,*/bɾo̯ˈaskə/,,*/ɕerpˈentʲə/,*/vˈipeɾə/,,,*/ɡəˈune/,,,,*/foɾmˈikə/,,*/ləkˈustə/,*/lˈendenə/,,*/mˈuskə/,*/stɾe̯ˈaklə/,,,*/təˈune/,,*/vje̯ˈaspə/,,,,,,,,,,,*/mesˈuɾə/,,*/mˈikə/,,,,,*/pəɾe̯ˈaklə/,,,*/pje̯ˈatʲə/,,,,*/sˈumə/,,,*/to̯ˈatə/,,,,,*/dˈuə/,*/mˈiʎə/,*/nˈowə/,,,,,,,,,,,,,,,,,,,,,,,,,,*/mˈuklə/,,,*/kʲe̯ˈatə/,,,,,*/skˈorbuɾə/,,,,,,*/təkʲe̯ˈa/,,,,,*/kuɾo̯ˈastɾə/,,,*/kuviɲˈentʲə/,,,,,,,,,,*/ɡʲuɾəmˈentu/,,*/ləwdˈa/,*/lˈawdə/,,*/leɡəmˈentu/,*/putˈentʲə/,*/səɾutˈa/,,,,,*/kumpəɾˈa/,*/kˈumpəɾu/,,,,,,,*/neɡutʲətˈor/,,,,,,,,,,,*/ənkʎinəkʲˈune/,,,*/uɾəkʲˈune/,*/pəɡənetˈate/,,*/pərɾəje̯ˈasemi/,,*/rɾuɡəkʲˈune/,*/pˈaskə/,,,,,,*/tˈemplə/,,*/kˈartə/,,*/skɾiptˈuɾə/,,,,*/ko̯ˈardə/,*/kʲe̯ˈatəɾə/,,,,,,,,,,,,,,,,,,,,*/kəldˈuɾə/,,,,,,*/kʲenˈuɕə/,*/flˈamə/,,,,,,,,,,*/afo̯ˈaɾə/,,*/kutɾə/,,,*/adine̯ˈawəɾə/,,,,,,,,,,*/ənəjˈente/,*/ənədˈentɾu/,*/ənəpˈoj/,*/ənkutɾə/,,,*/lˈunɡo̯ə/,,,,,,,,,*/tərdʲˈiw/,,*/ˈunkə/,,,,,,*/alərɡˈa/,,,*/apɾo̯ˈapjə/,,*/aɕe̯ˈadʲə/,*/kəde̯ˈa/,*/kəlkˈa/,,*/eɾədikˈa/,*/erɾətekʲˈi/,,*/fˈuɡə/,,,,,,,,*/səɾˈi/,*/səltˈa/,,,,,,,,,,,,,,,,,*/fɾekətˈuɾə/,*/ənɡənnˈa/,,,*/skərpinˈa/,,,*/ukəɕunˈa/,,,,,,*/fuɾə/,,,,,,,,,,,,,,*/astɾuəkˈa/,*/kəwtˈa/,,,,,,,,,,,*/stɾəkuɾˈa/,,,,,*/əmpərtʲˈi/,,,,,,*/ənkləjˈa/,,,,,,,,,,*/təʎˈa/,,,,,,*/məjˈestɾu/,,,*/kələɾˈetʲu/,*/kərɾˈa/,*/deskəlekˈa/,,,,,*/tɾəɡenˈa/,,*/bukʲe̯ˈawə/,,*/ənkərrkətˈuɾə/,,*/pje̯ˈadekə/,*/pəɾˈənɡə/,*/rɾo̯ˈatə/,*/sˈarkʲenə/,*/ɕe̯ˈawə/,,*/kərɾˈaɾʲə/,,,,,*/məkʲinˈa/,,,,*/mo̯ˈaɾə/,,,*/ˈaɾʲə/,,*/po̯ˈarkə/,,*/semənətˈuɾə/,*/tʲe̯ˈarɾə/,*/vˈiɲə/,,*/se̯ˈaɾə/,,,,,,,*/fəne̯ˈatʲə/,,,,*/pəɕˈune/,*/sərkʲinˈaɾʲu/,,*/stemuɾˈaɾʲə/,*/tˈuɾmə/,*/vəkəɾe̯ˈatʲə/,,*/pəstˈor/,,*/purkəɾe̯ˈatʲə/,,*/kʲe̯ˈaɾə/,,,,,*/ənkləɡˈa/,*/pəstˈuɾə/,,,,*/untˈuɾə/,,,*/vənətˈor/,*/vənəto̯ˈaɾʲə/,,,,,*/lˈuptə/,,*/rɾəpˈi/,,,*/te̯ˈakə/,,,*/pɾˈadə/,,*/kˈannuɾə/,,,*/fˈurkə/,,,,,,,*/pˈənuɾə/,,*/pˈiwə/,*/rɾəsklˈa/,*/rɾetʲe̯ˈawə/,*/spˈatə/,*/skˈamə/,*/stˈupə/,*/tende̯ˈaklə/,,,,*/ˈasklə/,*/do̯ˈaɡə/,,,,,*/skəndˈuɾə/,,,,,,,*/lˈamənə/,,*/kəldˈaɾʲə/,*/kˈupə/,*/stɾəkuɾəto̯ˈaɾʲə/,*/ɡəle̯ˈatə/,*/o̯ˈalə/,,*/ulkʲe̯ˈawə/,,,,,*/kurɾe̯ˈajə/,,*/fɾembˈiə/,,,*/lətˈuɾə/,*/leɕˈijə/,*/spˈumə/,*/sˈulə/,*/to̯ˈartə/,*/kləmˈa/,,,,,,,,,,,*/dʲe̯ˈadə/,,*/fe̯ˈatə/,,,,,*/uɾe̯ˈaklə/,,*/do̯ˈamnə/,,,,,,,,,,,,,,,,,*/pje̯ˈarsekə/,,*/ko̯ˈapsə/,,,,,,,,,,,*/fɾəsinˈetu/,,,*/pəɾʲe̯ˈate/,,*/ɡlˈatʲə/,,,,,,*/vˈənə/,*/me̯ˈasə/,,,,,*/stɾəpˈunɡʲe/,,,,,*/fˈatʲə/,*/ˈajbə/,*/skˈajbə/,,,*/dˈawnə/,,*/nˈeɡuɾə/,,,,,,,,,,,,,,,,*/je̯ˈawə/,,,,,,,*/ne̯ˈaɡɾə/,,*/se̯ˈaɾə/,,*/mo̯ˈalə/,*/ste̯ˈawə/,*/bˈunə/,,,*/pəɾˈente/,,,,,,,,*/zɡˈawɾə/,*/zɡˈaɾʲə/,*/zɡˈowɾə/,,*/fəme̯ˈaʎə/,,
R226,,,,,,,,,,,,,,,,,,,,,,,,,,,,,,,,,,,,,,,,,,,,,,,,,,,,,,,,,,,,,,,,,,,,,,,,,,,,,,,,,,,,,,,,,,,,,,,,,,,,,,,,,,,,,,,,,,,,,,,,,,,,,,,,,,,,,,,,,,,,,,,,,,,,,,,,,,,,,,,,,,,,,,,,,,,,,,,,,,,,,,,,,,,,,,,,,,,,,,,,,,,,,,,,,,,,,,,,,*/məse̯ˈaw/,,,,,,,,,,,,,,,,,,,,,,,,,,,,,,,,,,,,,,,,,,,,,,,,,,,,,,,,,,,,,,,,,,,,,,,,,,,,,,,,,,,,,,,,,,,,,,,,,,,,,,,,,,,,,,,,,,,,,,,,,,,,,,,,,,,,,,,,,,,,,,,,,,,,,,,,,,,,,,,,,,,,,,,,,,,,,,,,,,,,,,,,,,,,,,,,,,,,,,,*/puskle̯ˈaw/,,,,,,,,,,,,,,,,,,,,,*/mərɡʲe̯ˈaw/,,,,,,,,,,,,,,,,,,,,,,,,,,,,,,,,,,,,,,,,,,,,,,,,,,,,,,,,,,,,,,,,,,,,,,,,,,,,,,,,,,,,,,,,,,,,,,,,,,,,,,,,,,,,,,,,,,,,,,,,,,,,,,*/plo̯ˈaj/,,,,,,,,,,,,,,,,,,,,,,,,,,,,,,,,,,,,,,,,,,,,,,,,,,,,,,,,,,,,,,,,,,,,,,,*/nuje̯ˈaw/,,,,,,,,,,*/surkʲe̯ˈaw/,,,,,,,,,,,,,,,,,,,,,,,,,,,,,,,,,,,,,,,,,,,,,,,,,,,,,,,,,,,,,,,,,,,,,,,,,,,,,,,,,,,,,,,,,,,,,,,,,,,,,*/kətʲe̯ˈaw/,,,,,,,,,,,,*/purkʲe̯ˈaw/,,,,,,,,,,,*/vetʲe̯ˈaw/,,,,,,,,,,,,,,,,,,,,,,,,*/dɾepne̯ˈaw/,,,,,*/eɾundine̯ˈaw/,,,,,,,,,*/turtuɾe̯ˈaw/,,,,,,,,,,,,,,,,,,,,,,,,,,,,,,,,,,,,,,,,,,,,,,,,,,,,,,,,,,,,,,,,,,,,,,,,,,,,,,,,,,,,,,,,,,,,,,,,,,,,,,,,,,,,,,,,,,,,,,,,,,,,,,,,,,,,,,,,,,,,,,,,,,,,,,,,,,,,,,,,,,,,,,,,,,,,,,,,,,,,,,,,,,,,,,,,,,,,,,,,,,,,,,,,,,,,,,,,*/adine̯ˈawɾə/,,,,,,,,,,,,,,,,,,,,,,,,,,,,,,,,,,,,,,,,,,,,,,,,,,,,,,,,,,,,,,,,,,,,,,,,,,,,,,,,,,,,,,,,,,,,,,,,,,,,,,,,,,,,,,,,,,,,,,,,,,,,,,,,,,,,,,,,,,,,,,,,,,,,,*/bukʲe̯ˈaw/,,,,,,,,*/ɕe̯ˈaw/,,,,,,,,,,,,,,,,,,,,,,,,,,,,,,,,,,,,,,,,,,,,,,,,,,,,,,,,,,,,,,,,,,,,,,,,,,,,,,,,,,,,,,,*/rɾetʲe̯ˈaw/,,,,,,,,,,,,,,,,,,,,,,,,,,,,,*/ulkʲe̯ˈaw/,,,,,*/kurɾe̯ˈaj/,,,,,,,,,,,,,,,,,,,,,,,,,,,,,,,,,,,,,,,,,,,,,,,,,,,,,,,,,,,,,,,,,,,,,,,,,,,,,,,,,,,,,,,,,,,,,,,,,,,,,,,,,*/je̯ˈaw/,,,,,,,,,,,,*/ste̯ˈaw/,,,,,,,,,,,,,,,,,,
R227,,,,,,,,,,,,,,,,,,,,,,,,,,,,,,,,,,,,,,,,,,,,,,,,,,,,,,,,,,,,,,,,,,,,,,,,,,,,,,,,,,,,,,,,,,,,,,,,,,,,,,,,,,,,,,,,,,,,,,,,,,,,,,,,,,,,,,,,,,,,,,,,,,,,,,,,,,,,,,,,,,,,,,,,,,,,,,,,,,,,,,,,,,,,,,,,,,,,,,,,,,,,,,,,,,,,,,,,,*/məse̯ˈa/,,,,,,,,,,,,,,,,,,,,,,,,,,,,,,,,,,,,,,,,,,,,,,,,,,,,,,,,,,,,,,,,,,,,,,,,,,,,,,,,,,,,,,,,,,,,,,,,,,,,,,,,,,,,,,,,,,,,,,,,,,,,,,,,,,,,,,,,,,,,,,,,,,,,,,,,,,,,,,,,,,,,,,,,,,,,,,,,,,,,,,,,,,,,,,,,,,,,,,,*/puskle̯ˈa/,,,,,,,,,,,,,,,,,,,,,*/mərɡʲe̯ˈa/,,,,,,,,,,,,,,,,,,,,,,,,,,,,,,,,,,,,,,,,,,,,,,,,,,,,,,,,,,,,,,,,,,,,,,,,,,,,,,,,,,,,,,,,,,,,,,,,,,,,,,,,,,,,,,,,,,,,,,,,,,,,,,*/plo̯ˈa/,,,,,,,,,,,,,,,,,,,,,,,,,,,,,,,,,,,,,,,,,,,,,,,,,,,,,,,,,,,,,,,,,,,,,,,*/nuje̯ˈa/,,,,,,,,,,*/surkʲe̯ˈa/,,,,,,,,,,,,,,,,,,,,,,,,,,,,,,,,,,,,,,,,,,,,,,,,,,,,,,,,,,,,,,,,,,,,,,,,,,,,,,,,,,,,,,,,,,,,,,,,,,,,,*/kətʲe̯ˈa/,,,,,,,,,,,,*/purkʲe̯ˈa/,,,,,,,,,,,*/vetʲe̯ˈa/,,,,,,,,,,,,,,,,,,,,,,,,*/dɾepne̯ˈa/,,,,,*/eɾundine̯ˈa/,,,,,,,,,*/turtuɾe̯ˈa/,,,,,,,,,,,,,,,,,,,,,,,,,,,,,,,,,,,,,,,,,,,,,,,,,,,,,,,,,,,,,,,,,,,,,,,,,,,,,,,,,,,,,,,,,,,,,,,,,,,,,,,,,,,,,,,,,,,,,,,,,,,,,,,,,,,,,,,,,,,,,,,,,,,,,,,,,,,,,,,,,,,,,,,,,,,,,,,,,,,,,,,,,,,,,,,,,,,,,,,,,,,,,,,,,,,,,,,,,,,,,,,,,,,,,,,,,,,,,,,,,,,,,,,,,,,,,,,,,,,,,,,,,,,,,,,,,,,,,,,,,,,,,,,,,,,,,,,,,,,,,,,,,,,,,,,,,,,,,,,,,,,,,,,,,,,,,,,,,,,,,,,,,,,,,,,,,,,,,,,,,,,,,*/bukʲe̯ˈa/,,,,,,,,*/ɕe̯ˈa/,,,,,,,,,,,,,,,,,,,,,,,,,,,,,,,,,,,,,,,,,,,,,,,,,,,,,,,,,,,,,,,,,,,,,,,,,,,,,,,,,,,,,,,*/rɾetʲe̯ˈa/,,,,,,,,,,,,,,,,,,,,,,,,,,,,,*/ulkʲe̯ˈa/,,,,,*/kurɾe̯ˈa/,,,,,,,,,,,,,,,,,,,,,,,,,,,,,,,,,,,,,,,,,,,,,,,,,,,,,,,,,,,,,,,,,,,,,,,,,,,,,,,,,,,,,,,,,,,,,,,,,,,,,,,,,*/je̯ˈa/,,,,,,,,,,,,*/ste̯ˈa/,,,,,,,,,,,,,,,,,,
R228,,,,,,,,,,,,,,,,,,,,,,,,,,,,,,,,,,,,,,,,,,,,,,,,,,,,,,,,,,,,,,,,,,,,,,,,,,,,,,,,,,,,,,,,,,,,,,,,,,,,,,,,,,,,,,,,,,,,,,,,,,,,,,,,,,,,,,,,,,,,,,*/ɡʎˈəndə/,*/ɡʎˈənduɾə/,,,,,,,,,,,,,,,,,,,,,,,,,,*/pje̯ˈarɡʎə/,,,,,,,,,,,,,,,,,,,,,,,,,,,,,,*/mˈaskʎu/,,,,,*/ve̯ˈarɡʎə/,,,,,,,,,,,,,,,,,,,,,,,,,,,,,,,*/mˈuskʎu/,,,,,*/rɾinˈekʎu/,*/rɾenˈunkʎu/,,,,,,*/tɾˈunkʎu/,,,,,,,,,,*/ɡʲenˈukʎu/,,,,,,,*/ˈunɡʎə/,,,,,,,,,,,,,,,,,,,,,*/ənɡʎutʲˈi/,,,,,,,,*/suɡʎutʲˈa/,,,,,,,,,,,,,,,,,,,,,,,,,,,*/veɡʎˈa/,,,,,,,,,,,,,,,,,,,,,,,,,,,,,,,,,,,,,,,,,,,,,,,,,,,,,,,,,,,,,,,,,,,,,,,,,,,,,,,,,,,,,,,,,,,,,,,,*/puskʎe̯ˈa/,,,,,,,*/skʎˈopu/,*/skʎopˈa/,,,,,,,,,,,,,,,,*/kʎˈenɡə/,,,,*/ɡʎˈemu/,,,,,,,,,,,,,,,,,,,,,,,,,,,,,,,,,,,,,,,,,,,,,,,,,,,,,,,,,,,,,,,,,,,,,,,,,,,,,,,,,,,,,,,,,,,,,,,,,,,,,,,,,,,,,,,,,,,,,,,,,,,,,,,,,,,,,,,,,,,,,,,,,,,,,,,,,,,,,*/pe̯ˈakʎə/,,,,,,,,,,,,,,,,,,,,,,,,,,,,,,,,,,,,,,,,,,,,,,,,,,,,,,,,,,,,,,,,,,,,,,,,,,,,,,,,*/kuɾˈekʎu/,,,,,,,,*/rɾədʲˈikʎə/,,,,,,,,,,,,,,,*/mje̯ˈakʎə/,,,,,,,,,,,,,,,,,,,,,,,,,,,,,,,,,,,,,,,,,,,,,,,,,,,,,,,,,,,,,,,,,,,,,,,,,,,,,,,,,,,,,,,,,,,,,,,,*/petuɾnˈikʎə/,*/pɾeveɡʎəto̯ˈaɾʲə/,*/pɾeveɡʎˈa/,,,,,,,,,,,,,,,,,,,,,,,,,*/stɾe̯ˈakʎə/,*/pedˈukʎu/,,,,,,,,,,,,,,,,,,,,,,*/pəɾe̯ˈakʎə/,,,,,,,,,,,,,,,,,,,,,,,,*/ˈənɡʎu/,,,*/kʎˈeku/,,,,,,,,,,,,,,,,*/mˈukʎə/,,,,,,,,,,,,,,,,,,,,,,,,,,,,,,,,,,,,,,,,*/skʎˈaw/,,,,,,,,,,,,,,,,,,,,,,,,,,,,,,,,,,,,,,,,,,,,,,,,,,,,,,,,,,,,,,,,,,,,,,,,,,,,,,,,,,,,,,,,,,,,,,,,,,,,,,,,,,,,,,,,,,,,,,*/vjˈekʎu/,,,,,,,,,,,,,,,,,,,,,,,,,,,,,,,,,,,,,,,,*/skʎukˈa/,,,,,,,,,,,,,,,,,,,,,,,,,,,,,,,,,,,,,,,,,,,,,,,,,,,,*/ənkʎəjˈa/,,,,,,,,,,,,,,,,,,,,,,,,,,,,,,,,,,,,,,,,,,,,,,,,,,,,,,,,,*/mənˈukʎu/,,,,,,,,,,,,,,,,,,,,,,,,*/kʎˈaɡu/,,,,*/ənkʎəɡˈa/,,,,,,,,,,,,,,,,,,,,,,,,,,,,,,,,,,,,,*/rɾəskʎˈa/,,,,,*/tende̯ˈakʎə/,,,,*/ˈaskʎə/,,,,,,,,,*/kʎˈaje/,,,,,,,,,,,,,,,,,,,,,,,,,,,*/kʎəmˈa/,,,,,,,,,,,,,,,,,,*/uɾe̯ˈakʎə/,*/ˈokʎu/,,,,,,,,,,,,,,,,,,,,,,,,,,,,,,,,,,,,*/ɡʎˈatʲə/,,,,,,,,,,,,,,,,,,,,,,,,,,,*/ˈunkʎu/,,,,,,,,,,,,,,,,,,,,,,,,,,,,,,,,,,,,,,,,,,,
R229,,,,,,,,,,,,,,,,,,,,,,,,,,,,,,,,,,,,,,,,,,,,,,,,,,,,,,,,,,,,,,,,,,,,,,,,,,,,,,,,,,,,,,,*/bətˈaʎe/,,,,,,,,,,,,,,,,,,,*/kʲiko̯ˈaɾʲe/,,,,,,,,,,,,,,,,,,,,,,,,,,,,,,,,,,,,,,,,,,,,,,,,,,,,,,,,,,,,,,,*/pje̯ˈarɡʎe/,*/pestˈaʎe/,,,,,,,,,,,,,,,*/skənte̯ˈaʎe/,,,,,,,,,,,,,,,,,,,*/ve̯ˈarɡʎe/,,,,,,,,,,,,,,,,,,,,,,,,,,,,*/je̯ˈaʎe/,,*/mənutˈaʎe/,,,,,,,,,,,,,,,,,,,,,,,,,,,,,,*/ˈunɡʎe/,,,,,,,,,,,,,,,,,,,,,,,,,,,,,,,,,,,,,,,,,,,,,,,,,,,,,,,,,,,,,,,,,,,,,,,,,,,,,,,,,,,,,,,,,,,,,,,,,,,,,,,,,,,,,,,,,,,,,,,,,,,,,,,,,*/rɾˈəɲe/,,,,,,,,,,,,,,,,,,,,*/pje̯ˈaɾʲe/,,,,,,,,,,,,,,*/ʎˈiɲe/,,,,,,,,,,,,,,,,,,,,,,,,,,,,,,,,,,,,,,,,*/mo̯ˈaɾʲe/,,,,,,,,,,,,,,,,,,,,,,,,,,,,,,,,,,,,,,,,,,,*/fˈiʎe/,,,,,,,,,,,,,,,,,,,,,,,,,,,,,,,,,,,,,,,,,,,,,,,,,,,,,,,,,,,,,,,,,,,,,,,,,,,,,,,,,,,,,,,,,,,*/pe̯ˈakʎe/,,,,,,,,,,,,,,,,,,,,,,,,,,,,,,*/fo̯ˈaʎe/,,,,*/pˈaʎe/,,,,,,,,,,,,,,,,,,,,,,*/ɡutˈuɲe/,,,,,,,,,,,,,,,,,,,,,,,,,,,,,,,,*/rɾədʲˈikʎe/,,,,,,,,,,,,,,,*/mje̯ˈakʎe/,,,,,,,,*/nemˈaʎe/,,,,,,,,,,,,,,,,,,,,,,,,,,,,,,,,,,,,,,,,,,,,,,,,,,,,,,,,,,,*/vetˈuʎe/,,,,,,,,,,,,,,,,,,,,,,,,,,,,,*/petuɾnˈikʎe/,*/pɾeveɡʎeto̯ˈaɾʲe/,,,,,,,,,,,,,,,,,,,,,,,,,,*/stɾe̯ˈakʎe/,,,,,,,,,,,,,,,,,,,,,,,*/pəɾe̯ˈakʎe/,,,,,,,,,,,,,,,,*/mˈiʎe/,,,,,,,,,,,,,,,,,,,,,,,,,,,*/mˈukʎe/,,,,,,,,,,,,,,,,,,,,,,,,,,,,,,,,,,,,,,,,,,,,,,,,,,,,,,,,,,,,,,,,,,,,,,,,,,,,,,,,,,,,,,,,,,,,,,,,,,,,,,,,,,,,,,,,,,,,,,,,,,,,,,,,,,,,,,,,,,,,,,,,,,,,,,,,,,,,,,,,,,,,,,,,,,,,,,,,,,,,,,,,,,,,,,,,,,,,,,,,,,,,,,,,,,,,,,,,,,,,,,,,,,,,,,,,,,,,,,,,,,,,,,,,,,*/ənkʎejˈa/,,,,,,,,,,,,,,,,,,,,,,,,,,,,,,,,,,,,,,*/kərɾˈaɾʲe/,,,,,,,,,,,,*/ˈaɾʲe/,,,,,,*/vˈiɲe/,,,,,,,,,,,,,,,,*/stemuɾˈaɾʲe/,,,,,,,,,,,,,*/ənkʎeɡˈa/,,,,,,,,,*/vənəto̯ˈaɾʲe/,,,,,,,,,,,,,,,,,,,,,,,,,,,,,,,,,*/tende̯ˈakʎe/,,,,*/ˈaskʎe/,,,,,,,,,,,,,,,*/kəldˈaɾʲe/,,*/stɾəkuɾəto̯ˈaɾʲe/,,,,,,,,,,,,,,,,,,,*/kʎemˈa/,,,,,,,,,,,,,,,,,,*/uɾe̯ˈakʎe/,,,,,,,,,,,,,,,,,,,,,,,,,,,,,,,,,,,,,,,,,,,,,,,,,,,,,,,,,,,,,,,,,,,,,,,,,,,,,,,,,,,,,,,,,,,,,,,,,,,,,,*/zɡˈaɾʲe/,,,*/fəme̯ˈaʎe/,,
R230,,,,,,,,,,,,,,,,,,,,,,,,,*/apɾjˈende/,,,,,,,,,,,,,,,,,,,,,,,,,,,,,,,,,,,,,,,,,,,,,,,,,,,,,,,,,,,,,,,,,,,,,,,,,,,,,,,*/kʲeɾje̯ˈaɕə/,,,,,,,,,,,,,,,,,,,,,,,,,,,,,,,,,,,,,,,,,,,,,,,,,,,,,,,,,,,,,,,,,,,,,,,,,,,,,,,,,,,,,,,,,,,,,,,,,,,,,,,,,,,,,,,,,,,,,,,,,,,,,,,,,,,,,,,,,,,,,,,,,,,,,,,,,,,,,,,,,,,,,,,,,,,,,,,,,,,,,,,,,,,,,,,,,,,,,,,,,,,,,,,,,,,,,,,,,,,,,,,,,,,,,,,,,,,,,,,,,,,,,,,,,,,,,,,,,,,,,,,,,,,,,,,,,,,,,,,,,,,,,,,,,,,,,,,,,,,,,,,,,,,,,,,,,,,,,,,,,,,,,,,,,,,,,,,,,,,,,,,,,,,,,,,,,,,,,,,,,,,,,,,,,,,,,,,,,,,,,*/kəpɾjˈoɾu/,,,,,,*/feɾje̯ˈastɾə/,,,,,,,,,,,,,,,,,,,,,,,,,,,,,,,,,,,,,,,,,,,,,,,,,,,,,,,,,,,,,,,,,,,,,,,,,,,,,,,,,,,,,,,,,,,,,,,,,,,,,,,,,,,,,,,,,,,,,,,,,,,,,,,,,,,,,,,,,,,,,,,,,,,,,,,,,,,,,,,,,,,,,*/kʲeɾjˈeɕu/,,,,,,,,,,,,,,,,,,,,,,,,,,,,,,,,,,,,,,,,*/aɾjˈoɾu/,,,,,,,,,,,,,,,,,,,,,,,,,,,,,,,,,,,,,,,,,,*/aɾje̯ˈate/,,,,,,,,,,,,,,,,,,,,,,,,,,,,,,,,,,,,,,,,,,,,,,,,,,,,,,,,,,,,,,,,,,,,,,,,,,,,,,,,,,,,,,,,,,,,,,,,,,,,,,,,,,,,,,,,,,,,,,,,,,,,,,,,,,,,,,,,,,,,,,,,,,,,,,,,,,,,,,,,,,,,,,,,,,,,,,,,,,,,,,,,,,,,,,,,,,,,,,,,,,,,,,,,,,,,,,,,,,,,,,,,,,,,,,,,,,,,,,,,,,,,,,,,,,,,,,,,,,,,,,,,,,,,,,,,,,,,,,,,,,,,,,,,,,,,,,,,,,,,,,,,,,,,,,,,,,,,,,,,,,,,,,,,,,,,,,,,,,,,,,,,,,,,,,,,,,,,,,,,,,,,,,,,,,,,,,,,,,,,,,,,,,,,,,,,,,,,,,,,,,,,,,,,,,,,,,,,,,,,,,,,,,,,,,,,,,,,,,,,,,,,,,,,,,,,,,,*/ˈaɾje/,,,,,,,,,,,,,,,,,,,,,,,,,,,,,,,,,,,,,,,,,,,,,,,,,,,,,,,,,,,,,,,,,,,,,,,,,,,,,,,,,,,,,,,,,,,,,,,,,,,,,,,,,,,,,,,,,,,,,,,,,,,,,,,,,,,,,,,,,,,,,,,,,,,,,,,,,,,,,,,,,,,,,,,,,,*/pəɾje̯ˈate/,,,,,,,,,,,,,,,,,,,,,,,,,,,,,,,,,,,,,,,,,,,,,,,,,,,,,,,,,,,,,,,,,,,*/zɡˈaɾje/,,,,,
R231,,,,,,,,,,,,*/aɡʲutˈojɾu/,,,,,,,,,,,,,,,,,,,,,,,,,,,,,,,,,,*/apˈajɾu/,,,,,,,,*/altˈajɾu/,,,*/albjˈajɾu/,,,,,,,,,,,,,,,*/aɾətˈojɾu/,,,,,,,*/arɡʲentˈajɾu/,,*/arkˈajɾu/,,,,,,,,,,,,,,,,,,,,,,*/kʲeɾəɕˈajɾu/,,,*/kʲiko̯ˈajɾe/,,*/kuptˈojɾu/,,,,,,,,,,,,,,,,,,,,,,,,,,*/fewɾˈajɾu/,,,,,,,,,,,,,,,,,,,,,,,,,,,,*/amnˈajɾu/,*/mənnˈajɾu/,,,,,,,,,,,,,,,,,,,,,,,,,,,,,,,,,,,,,,,,,,,,,,,,,,,,,,,,,,,,,,,,,,,,,,,,,,,,,,,,,,,,,,,,,,,,,,,,*/medulˈajɾu/,,,,,,,,,,,,,,,,,,,,,,,,,,,,,,,,,,,,,,,,,,,,,,,,,,,,,,,,,,,,,,,,,,,,,,,,,,,,,,,,,,,,,,,,,,,,,,,,,,,,,,,,,,,,,,,,,,,,,,,,,,,,,,,,,,,,,,,,,,,,,,,,,,,,,,,,,*/pjˈejɾu/,*/pje̯ˈajɾe/,,,,,,,,,,,,,,,,,,,,,,,,,,,,,,,,,,,,,,,,,,,,,,,,,,,,,,*/mo̯ˈajɾe/,,,,,,,,,,,,,,,*/ɡɾətˈajɾu/,,,,,*/kəsˈajɾu/,*/kʲelˈajɾu/,,,,,,,,,,,,,,*/aɾmˈajɾu/,,,,,,,,,,,,,,,,,,,,,,,,,,,,,,,,,,,,,,,,,,,,,,,,,,,,,,,,,,,,,,,,,,,,,,,,,,,,,,,,,,,,*/kəɾendˈajɾu/,,,,,,,,,,,,,,,,,,,,,,,,,,,,,,,,,,,,,,,,,,,,,,,,,,,,,,,,,,,,,,,,,,,,,,,,,,,,,,,,,,,,,,,,,,,,,,,,,,,,,,,,,,,,,,,,,,,,,,,,,,,,,,,,,,,,,,,,,,,,,,,,,,,,,*/aɾmesˈajɾu/,,,,,,,,,,,,,,,,,,,,,,,,,,,,,,,,,,,,,,,,,,,,,,,,,,,,,,,,,,,,,,,,,,*/pɾeveɡʎeto̯ˈajɾe/,,,,,,,,,*/peskˈajɾu/,,,,,,*/kˈajɾu/,,,,,,,,,,,,,,,,,,,,,,,,,,,,,,,,,,,,,,,,,,,,,,,,,,,,,,,,,,,,,,,,,,,,,,,,,,,,,,,,,,,,,,,,,,,,,,,,,,,,,,,,,,,,,,,,,,,,,,,,,,,,,,,,,,,,,,,,,,,,,,,,,,,,,,,,,,,,,,,,,,,,,,,,,,,,,,,,,,,,,,,,,,,,,,,,,,,,,,,,,,,,,,,,,,,,,,,,,,,,,,,,,,,,,,,,,,,,,,,,,,,,,,,,,,,,,,,,,,,,,,,,,,,,,,,,,,,,,,,,,,,,,,,,,,,,,,,,,,,,,,,,,,,,,,,,,,,,,,,,,,,,,,,,,,,,,,,,,,,,,,,,,,,,,,,,,,,,,,,,,,,,,*/kərɾˈajɾe/,,,,,,,,,,,,,,,,,,,,,,,,,,,,,,,,*/sərkʲinˈajɾu/,,*/stemuɾˈajɾe/,,,*/bowˈajɾu/,,*/purkˈajɾu/,,,,,,,,,,,,,,,,,*/vənəto̯ˈajɾe/,,,,,,,,,,,,,,,,,,,,,,,,,,,,,,,,,,,,,,,*/duɡˈajɾu/,,*/lemnˈajɾu/,,,,*/awɾˈajɾu/,,,*/ferɾˈajɾu/,,,,*/kəldˈajɾe/,,*/stɾəkuɾəto̯ˈajɾe/,,,*/ulˈajɾu/,,,,,,,,,,,,,,,,,,,,,,,,*/pjɾˈende/,,,,,,,,,,,,,,,,,,,,,,,,,,,,,,,,,,,,,,,,,,,,,,,,,,,,,,,,,,,,,,,,,,,,,,,,,,,,,,,,,,,,,,,,,,,,,,,,,,,,,,,,,,,,,,,,,,,,,
R232,,,,,,,,,,,,,,,,,,,,,,,,,,,,,,,,,,,,,,,,,,,,,,,,,,,,,,,,,,,,,,,,,,,,,,,,,,,,,,,,,,,,,,,,,,,,,,,,,,,,,,,,,,,,,,,,,,,,,,,,,,,,,,,,,,,,,,,,,,,,,,,,,,,,,,,,,,,,,,,,,,,,,,,,,,,,,,,,,,,,,,,,,,,,,,,,,,,,,,,,,,,,,,,,,,,,,,,,,,,,,,,,,,,,,,,,,,,,,*/pe̯ˈaʃte/,,,,,,,,,,,,,,,,,,,,,,,,,,,,,,,,,,,,,,,,,,,,,,,,,,,,,,,,,,,,,,,,,,,*/nˈaʃte/,,,,*/kəʃtiɡˈa/,*/kɾe̯ˈaʃte/,,,,,,,,,,,,,,,,,,,,,,,,,,,,,,,,,,,,,,,,,,,,,,,,,,,,,,,,,,,,,,,,*/kuno̯ˈaʃte/,,,,,,,,,,,,,*/ʃtˈiw̥/,*/ʃtˈi/,,,,,,,,,,,,,,,,,,,,,,,,,,,,,,,,,,,,,,,,,,,,*/beʃtimˈentu/,,,,,,,,,,,,,,,,,,,,,,,,,*/ənveʃtˈi/,,,,,,,,,,,,,,,,,,,,,,,,,,,,,,,,,,,,,,,,,,,,,,,,,,,,,,,,,,,,,,,,,,,,,,,,,,,,,,,,,,,,,,,,,,,,,,,,,,,,,,,,,,,,,,,,,,,,,,,,,,,,,,,,,,,,,,,,,,,,,,,,,,,,,,,,,,,,,,,,,,,,,,,,,,,,,,,,,,,,,,,,,,,,,,,,,,,,,,,,,,,,,,,,,,,,,,,,,,,,,,,,,,,,,,,,,,,,,,,,,,,,,,,,,,,,,,,,,,,,,,,,,,,,,,,,,,,,,,,,,,,,,,,,,,,,,,,,,,,,,,,,,,,,,,,,,,,,,,,,*/meʃtˈitʲu/,,,,,,,,,,,,,,,,,,,,,,,,,,,,,,,,,,,,,,,,,,,,,,,,,,,,,,,,,,,,,,,,,,,,,,,,,,,,,,,,,,,,,,,,,,,,,,,,,,,,,,,,,,,,,,,,,,,,,,,,,,,,,,,,,,,,,,,,,*/aʃteptˈa/,,,,,,,,,,,,,,,,,,,,,,,,,,,,,,,,,,,,,,*/kɾeʃtˈenu/,,,,,,,,,,,,,,,*/pˈaʃte/,,,,,,,,,,,,,,,,,,,,,,,,,,,,,,,,,,,,,,,,,,,,,,,,,,,,,,,,,,,,,,,,,,,,,,,,,,,,,,,,,,,,,,,,,,,,,,,,,,,,,,,,,,,,,,,,,,,,,,,,,,,,,,,,,,,,,,,,,,,,,,,,,,,,,,,,*/aʃte̯ˈaɾne/,,,,,,,,,,,,*/ʃte̯ˈarɡʲe/,,,,,,,,,,,,,,,,,,,,,,,,,,,,,,,,,,,,,,,,,,,,,,,,,,,,,,,,,,,,,,,,,,,,,,,,,,*/pˈaʃte/,,,,,,,,,,,,,,,,,,,,,,,,,,,,,,,,,,,,,,,,,,,,,,,,,,,,*/fuʃtˈelu/,,,,,,,,,,,,,,,,,,,,,,,,,,,,,,,,,,,,,,,,,,,,,,,,,,,,,,,,,,,,,,,,,,,,,,,,,,,,,,,,,,,,,,,,,,,,,,,,,,,,,,,,,,,,,,,,,,,,,,,,,,,,,,,,,,,,,,,,,,,,*/ʃtˈij/,,,,,,,,,,,,,,,,,,,,,,,,,,,,,,*/kɾˈeʃti/,,,,,,,,,
R233,,,,,,,,,,*/aɟ͡ʑˈunɟ͡ʑe/,*/aɟ͡ʑˈutu/,*/aɟ͡ʑutˈojɾu/,,*/ale̯ˈaɟ͡ʑe/,,,*/aməɟ͡ʑˈi/,*/aminət͡sʲˈa/,,,,,,,,,*/adˈuc͡ɕe/,,,,,,,*/aɟ͡ʑˈestu/,*/ˈaɟ͡ʑeɾe/,,,,*/aɟ͡ʑˈunu/,*/aɟ͡ʑunˈa/,*/ˈat͡sʲə/,*/akət͡sʲˈa/,,,,,,*/ˈac͡ɕeɾə/,,,,,,,,*/altjˈit͡sʲə/,,,,,*/aməɾe̯ˈat͡sʲə/,,*/amət͡sʲˈi/,*/amurt͡sʲˈi/,*/amut͡sʲˈi/,*/annut͡sʲˈert͡sʲu/,,,,,,,,,,,,*/arɟ͡ʑˈentu/,*/arɟ͡ʑentˈajɾu/,*/arɟ͡ʑentˈosu/,,,,*/buteɟ͡ʑˈune/,*/buted͡zʲˈa/,,,*/bɾˈac͡ɕe/,,,,,*/d͡zʲˈənə/,,,,,*/c͡ɕˈeɾu/,*/kəntec͡ɕˈelu/,,,*/c͡ɕe̯ˈapə/,*/c͡ɕeɾəɕˈajɾu/,*/c͡ɕeɾje̯ˈaɕə/,*/c͡ɕertˈa/,*/c͡ɕiko̯ˈajɾe/,,,,,*/kuted͡zʲˈa/,,,*/kurt͡sʲˈa/,,*/c͡ɕe̯ˈaɾe/,*/c͡ɕˈeɾu/,*/ac͡ɕˈi/,,*/ac͡ɕˈelu/,*/ac͡ɕˈestu/,,,,,,*/smˈulɟ͡ʑe/,,,*/aɾˈet͡sʲu/,,*/fˈalc͡ɕi/,,,,,,,,*/fɾˈiɟ͡ʑe/,*/ɡəʎinˈat͡sʲu/,,,,*/ɟ͡ʑˈuɾu/,*/ənpɾeɟ͡ʑˈuɾu/,,,,,,*/ənəlt͡sʲˈa/,*/ənkəlt͡sʲˈa/,*/ənkˈalt͡sʲu/,,*/ənkunɟ͡ʑuɾˈa/,,,,*/ənvet͡sʲˈa/,*/ɟ͡ʑudekˈatə/,,,,,,,,,,,,,,,,,*/səɟ͡ʑe̯ˈatə/,*/səɟ͡ʑetˈa/,,,,,,,,,,,,,,,,,*/fec͡ɕˈoɾu/,*/fec͡ɕo̯ˈaɾə/,*/ɟ͡ʑˈuəne/,,,,*/t͡sʲˈeneɾu/,,,,,,,*/kəpet͡sʲˈinə/,,,,,*/ɟ͡ʑˈenə/,*/ɟ͡ʑenɟ͡ʑˈiə/,,,*/mustˈat͡sʲə/,,,*/pəɾˈat͡sʲu/,,*/t͡sʲe̯ˈastə/,*/c͡ɕerbˈic͡ɕe/,,,,,,,,,*/mˈat͡sʲu/,,,,,,,,,,,,,*/t͡sʲˈit͡sʲə/,,,,,,*/bɾˈat͡sʲu/,,,*/de̯ˈaɟ͡ʑetu/,,*/ɟ͡ʑenˈukʎu/,,,,*/pec͡ɕˈoɾu/,,,,,,,,*/awd͡zʲˈi/,,*/c͡ɕerkˈa/,,,*/semt͡sʲˈi/,,,,,,,,,,,*/ənɡʎut͡sʲˈi/,*/əntˈenɟ͡ʑe/,,,*/sˈat͡sʲu/,,,,*/suɡʎut͡sʲˈa/,,,*/sˈuɟ͡ʑe/,,,,,,,,,*/viˈat͡sʲə/,,,,,,,,,,,,,,,,,,,,,,,,*/blənde̯ˈat͡sʲe/,,,,,,,,,*/feɾˈic͡ɕe/,,,,,,,,,,,,*/pət͡sʲˈi/,,,*/pɾeɟ͡ʑetˈa/,*/pləc͡ɕe̯ˈa/,*/plˈənɟ͡ʑe/,,,,,,,,,,,,,,,,*/c͡ɕerc͡ɕetˈa/,*/kuɟ͡ʑetˈa/,,,,*/ənt͡sʲelepc͡ɕˈune/,,*/ənt͡sʲele̯ˈaɟ͡ʑe/,*/ɟ͡ʑudekˈa/,,*/menc͡ɕˈune/,*/ment͡sʲˈi/,,,*/pɾec͡ɕe̯ˈape/,,,,,,,,,*/c͡ɕe̯ˈat͡sʲə/,*/kət͡sʲˈelu/,,*/c͡ɕˈumə/,,,*/ɟ͡ʑe̯ˈame/,*/ɟ͡ʑe̯ˈametu/,,*/d͡zʲəc͡ɕe̯ˈa/,,*/lənɟ͡ʑˈesku/,*/lˈənɟ͡ʑedu/,,,,,*/uc͡ɕˈide/,,,*/pet͡sʲˈiɟ͡ʑene/,,,,,,,,,,,,,,,,,,*/kəlt͡sʲəmˈentu/,,*/bɾət͡sʲˈaɾə/,*/c͡ɕerc͡ɕˈelu/,,*/mərɟ͡ʑe̯ˈa/,*/bˈalt͡sʲu/,*/bɾəc͡ɕˈiɾe/,,,,,,,,*/kəlt͡sʲˈa/,*/ənc͡ɕˈenɟ͡ʑe/,,*/deskˈult͡sʲu/,*/deskəlt͡sʲˈa/,*/deskult͡sʲˈa/,,,,,,,*/c͡ɕˈenə/,*/pɾˈənd͡zʲu/,,*/kəɾnˈat͡sʲu/,*/c͡ɕˈiɾu/,,,,,,,,*/pləc͡ɕˈentə/,,,,,,,,*/vinˈat͡sʲu/,,,,,,,,,*/c͡ɕelˈajɾu/,,,,,,,,*/pˈut͡sʲu/,,,,*/t͡sʲit͡sʲˈinə/,,,,,*/sko̯ˈart͡sʲə/,,*/ɟ͡ʑˈentu/,,,,,*/ɟ͡ʑe̯ˈamənu/,,,,,,,,,,,*/ɟ͡ʑˈeneɾe/,,,,,,*/so̯ˈat͡sʲə/,*/sˈot͡sʲu/,,,,,,,*/kɾedˈent͡sʲə/,*/d͡zʲe̯ˈastɾe/,*/ospˈet͡sʲu/,,,,,*/pet͡sʲˈi/,,*/c͡ɕe̯ˈarkənu/,,*/luc͡ɕe̯ˈafeɾu/,,,,,,,,,*/ɟ͡ʑˈeɾu/,,,*/nˈinɟ͡ʑe/,,,,,,*/se̯ˈac͡ɕetə/,,,,,,*/d͡zʲˈi/,,,*/demine̯ˈat͡sʲə/,*/mje̯ˈad͡zʲə/,*/meɾˈid͡zʲe/,,,*/mˈart͡sʲi/,,,,,,,,*/mˈart͡sʲu/,,,,,,,,,,,,,,*/puc͡ɕo̯ˈasə/,*/aɾuɟ͡ʑˈinə/,,,,,*/munc͡ɕˈelu/,,,,,,,,,,,,,*/mˈarɟ͡ʑene/,,,*/t͡sʲe̯ˈaɾme/,*/t͡sʲˈeɾmuɾe/,,,,*/c͡ɕˈepu/,,,,*/fɾˈund͡zʲə/,,,,*/rɾədec͡ɕˈinə/,,,*/semˈent͡sʲə/,,,*/surc͡ɕˈelu/,*/surc͡ɕe̯ˈa/,,,,,*/ɟ͡ʑune̯ˈapeɾu/,,,,,,,*/c͡ɕeɾjˈeɕu/,,,,,,,,,,,*/peduc͡ɕˈelu/,,*/vˈit͡sʲə/,,,,,,,*/ˈord͡zʲu/,,,,,,,,,,,,,*/rɾəd͡zʲˈikʎe/,*/ve̯ˈard͡zʲə/,,,,,,,*/kˈalc͡ɕe/,*/fe̯ˈaɾec͡ɕe/,,,,,,,,*/pətlˈaɟ͡ʑenə/,*/urt͡sʲˈikə/,,,,,,,,,,,,,,,,,,,*/pˈəntec͡ɕe/,,,,,*/muɟ͡ʑˈi/,*/rɾˈaɟ͡ʑe/,*/rɾunked͡zʲˈa/,,,,,,,,,,,,*/kət͡sʲe̯ˈa/,*/ko̯ˈac͡ɕenu/,,,*/ɟ͡ʑunˈic͡ɕe/,*/ɟ͡ʑˈuənku/,*/ɟ͡ʑˈuənkə/,,,,,*/purc͡ɕˈelu/,*/purc͡ɕe̯ˈa/,*/purc͡ɕˈinə/,,,,*/tert͡sʲˈənu/,*/tert͡sʲˈiw/,,,,*/berbe̯ˈac͡ɕe/,*/vet͡sʲe̯ˈa/,*/vet͡sʲˈelu/,,,,*/c͡ɕˈerbu/,,,*/meʃtˈit͡sʲu/,*/ɕo̯ˈaɾec͡ɕe/,,,,,,,,,,,,,,,,,,,,,,,,,,,*/stˈurd͡zʲu/,,,,,*/lˈapt͡sʲi/,,,,*/ɕerpˈent͡sʲə/,,,,,*/c͡ɕˈinc͡ɕe/,,,,,,,,,,,*/pˈuɾec͡ɕe/,,,,,,*/ɟ͡ʑˈosu/,,,*/fˈalc͡ɕe/,,,,,,,,,,,,,,,*/pje̯ˈat͡sʲə/,,,,,,,,,,*/c͡ɕˈinc͡ɕe/,,,,,,,,,,*/veɟ͡ʑˈent͡sʲi/,,,,,*/c͡ɕˈerku/,,,*/fɾˈaɟ͡ʑedu/,,,,,,,,*/mˈarc͡ɕedu/,*/mjˈed͡zʲu/,,*/mˈuc͡ɕedu/,,,*/c͡ɕˈetu/,*/c͡ɕe̯ˈatə/,*/rɾˈənc͡ɕedu/,,,,,,,,,*/subt͡sʲˈiɾe/,*/təc͡ɕe̯ˈa/,,,,,,,,*/kuviɲˈent͡sʲə/,,,,,,,,*/ɟ͡ʑˈude/,*/ɟ͡ʑudˈet͡sʲu/,*/ɟ͡ʑuɾəmˈentu/,*/ɟ͡ʑuɾˈa/,,,*/le̯ˈaɟ͡ʑe/,,*/putˈent͡sʲə/,,,*/vec͡ɕinetˈate/,,,,,,,,,,,*/neɡut͡sʲətˈor/,*/neɡˈot͡sʲu/,,*/pɾˈet͡sʲu/,,*/ˈənɟ͡ʑeɾu/,,*/kɾˈuc͡ɕe/,*/d͡zʲˈew̥/,,,*/ənkʎinəc͡ɕˈune/,,,*/uɾəc͡ɕˈune/,,,,,*/rɾuɡəc͡ɕˈune/,,,,,,,,,,,,*/buc͡ɕinˈa/,*/bˈuc͡ɕenu/,,,*/c͡ɕe̯ˈatəɾə/,,,,,,*/ɟ͡ʑukˈa/,*/ɟ͡ʑˈoku/,*/petɾe̯ˈac͡ɕe/,,,,,,,,*/dˈulc͡ɕe/,,,,,,,*/rɾe̯ˈac͡ɕe/,,,*/c͡ɕenˈuɕə/,,,*/fuɾˈiɟ͡ʑene/,,*/ənc͡ɕˈende/,*/stˈenɟ͡ʑe/,*/tec͡ɕˈune/,,*/aˈic͡ɕe/,,,,,,*/dec͡ɕˈende/,,,,*/ac͡ɕˈic͡ɕe/,*/ako̯ˈac͡ɕe/,,,*/ˈad͡zʲe/,,,,,,,,,,,,,,,,,,*/tərd͡zʲˈiw/,,,,,*/vec͡ɕˈinu/,,*/ac͡ɕelˈa/,,,,,*/aɕˈed͡zʲu/,*/aɕe̯ˈad͡zʲə/,,,,,*/erɾətec͡ɕˈi/,,,*/fuɟ͡ʑˈi/,,,*/mje̯ˈarɟ͡ʑe/,,,*/pɾuc͡ɕe̯ˈade/,,,,,,*/t͡sʲine̯ˈa/,*/tɾe̯ˈac͡ɕe/,,,*/atˈenɟ͡ʑe/,,,,,,,,,,,,,,*/spˈarɟ͡ʑe/,*/stɾˈenɟ͡ʑe/,,,,,,,,*/ənc͡ɕe̯ˈape/,,,,,,,,,,,,,,,,,,,*/dɾˈiɟ͡ʑe/,,,,*/ʃte̯ˈarɟ͡ʑe/,*/sto̯ˈarc͡ɕe/,,,*/fˈac͡ɕe/,*/fɾˈənɟ͡ʑe/,,*/əmpərt͡sʲˈi/,*/əmpˈenɟ͡ʑe/,,,*/əmpˈunɟ͡ʑe/,*/ənc͡ɕerkˈa/,,,*/ənto̯ˈarc͡ɕe/,,,,,,,*/subt͡sʲiʎˈa/,,*/tɾˈaɟ͡ʑe/,*/ˈunɟ͡ʑe/,,,,,*/ənc͡ɕˈetu/,,*/kələɾˈet͡sʲu/,,,*/dˈuc͡ɕe/,,,,,,*/buc͡ɕe̯ˈa/,,,,,,,*/sˈarc͡ɕenə/,,,,,,*/c͡ɕe̯ˈaɾne/,*/kule̯ˈaɟ͡ʑe/,*/məc͡ɕinˈa/,,,,,,*/se̯ˈac͡ɕeɾe/,,,,,,*/t͡sʲe̯ˈarɾə/,,,,,*/mˈulɟ͡ʑe/,,,,*/fənˈat͡sʲu/,*/fəne̯ˈat͡sʲə/,,*/ɟ͡ʑˈuɡu/,*/nutɾˈet͡sʲu/,,*/sərc͡ɕinˈajɾu/,,,,*/vəkəɾe̯ˈat͡sʲə/,,,,*/purkəɾe̯ˈat͡sʲə/,,*/c͡ɕe̯ˈaɾə/,,,,,,,,,,,,,,,,*/ənfɾˈənɟ͡ʑe/,,*/ənvˈenc͡ɕe/,,,,,,,,*/pˈac͡ɕe/,,,,,,,,,,,,*/urd͡zʲˈi/,,,,,*/rɾet͡sʲe̯ˈa/,,,,,*/t͡sʲe̯ˈase/,*/to̯ˈarc͡ɕe/,,,,,,,,,,,,,,,,,,,,,,,*/ulc͡ɕe̯ˈa/,,*/t͡sʲˈestu/,*/urc͡ɕˈoɾu/,,,*/kut͡sʲˈitu/,,*/fo̯ˈarfec͡ɕe/,,,,,,,,,*/d͡zʲˈic͡ɕe/,,,,,,,,,*/d͡zʲe̯ˈadə/,,,*/c͡ɕˈene/,,,,,,,,,*/t͡sʲˈene/,,,,*/sˈənɟ͡ʑe/,,,,,,,*/ɟ͡ʑˈoj/,,,,,,,,,,,,,,,,,,,,*/lˈat͡sʲu/,*/ɡʎˈat͡sʲə/,,,*/fˈac͡ɕet͡sʲi/,,,,,,,,,*/stɾəpˈunɟ͡ʑe/,*/c͡ɕˈerɾu/,,*/ko̯ˈac͡ɕe/,*/aɟ͡ʑutˈa/,*/fˈat͡sʲə/,,,*/c͡ɕˈuɾu/,,,*/ˈuɟ͡ʑer/,,,,,,,,,,,*/ˈawd͡zʲi/,,,,,,,,,,,,,,,,*/d͡zʲe̯ˈac͡ɕe/,,,,,,,,,*/c͡ɕetˈate/,*/d͡zʲˈiku/,,,,,,,,,,
R234,,,,,,,,,,*/ad͡ʒˈund͡ʒe/,*/ad͡ʒˈutu/,*/ad͡ʒutˈojɾu/,,*/ale̯ˈad͡ʒe/,,,*/aməd͡ʒˈi/,*/aminət͡sˈa/,,,,,,,,,*/adˈut͡ʃe/,,,,,,,*/ad͡ʒˈestu/,*/ˈad͡ʒeɾe/,,,,*/ad͡ʒˈunu/,*/ad͡ʒunˈa/,*/ˈat͡sə/,*/akət͡sˈa/,,,,,,*/ˈat͡ʃeɾə/,,,,,,,,*/altjˈit͡sə/,,,,,*/aməɾe̯ˈat͡sə/,,*/amət͡sˈi/,*/amurt͡sˈi/,*/amut͡sˈi/,*/annut͡sˈert͡su/,,,,,,,,,,,,*/ard͡ʒˈentu/,*/ard͡ʒentˈajɾu/,*/ard͡ʒentˈosu/,,,,*/buted͡ʒˈune/,*/buted͡zˈa/,,,*/bɾˈat͡ʃe/,,,,*/deʃideɾˈa/,*/d͡zˈənə/,,,,,*/t͡ʃˈeɾu/,*/kəntet͡ʃˈelu/,,,*/t͡ʃe̯ˈapə/,*/t͡ʃeɾəʃˈajɾu/,*/t͡ʃeɾje̯ˈaʃə/,*/t͡ʃertˈa/,*/t͡ʃiko̯ˈajɾe/,,,,,*/kuted͡zˈa/,,,*/kurt͡sˈa/,,*/t͡ʃe̯ˈaɾe/,*/t͡ʃˈeɾu/,*/at͡ʃˈi/,,*/at͡ʃˈelu/,*/at͡ʃˈestu/,,,,,,*/smˈuld͡ʒe/,,,*/aɾˈet͡su/,,*/fˈalt͡ʃi/,,,,,,,,*/fɾˈid͡ʒe/,*/ɡəʎinˈat͡su/,,,,*/d͡ʒˈuɾu/,*/ənpɾed͡ʒˈuɾu/,,,,,,*/ənəlt͡sˈa/,*/ənkəlt͡sˈa/,*/ənkˈalt͡su/,,*/ənkund͡ʒuɾˈa/,,*/ənfəʃˈa/,,*/ənvet͡sˈa/,*/d͡ʒudekˈatə/,,,*/meʃunˈa/,,,,,,,,,,,,,,*/səd͡ʒe̯ˈatə/,*/səd͡ʒetˈa/,,,,,*/ʃe̯ˈarɾə/,,,,,,*/tuʃinˈa/,,*/beʃˈikə/,,,,*/fet͡ʃˈoɾu/,*/fet͡ʃo̯ˈaɾə/,*/d͡ʒˈuəne/,,,,*/t͡sˈeneɾu/,,,,,,,*/kəpet͡sˈinə/,,,,,*/d͡ʒˈenə/,*/d͡ʒend͡ʒˈiə/,,,*/mustˈat͡sə/,,,*/pəɾˈat͡su/,,*/t͡se̯ˈastə/,*/t͡ʃerbˈit͡ʃe/,,,,,,,,,*/mˈat͡su/,,,,,,,,,,,,,*/t͡sˈit͡sə/,,,,,,*/bɾˈat͡su/,,,*/de̯ˈad͡ʒetu/,,*/d͡ʒenˈukʎu/,,,,*/pet͡ʃˈoɾu/,,,,,,,,*/awd͡zˈi/,,*/t͡ʃerkˈa/,,,*/semt͡sˈi/,,,,,,,,,,,*/ənɡʎut͡sˈi/,*/əntˈend͡ʒe/,,,*/sˈat͡su/,,,,*/suɡʎut͡sˈa/,,,*/sˈud͡ʒe/,,,,,,,,,*/viˈat͡sə/,,,,,,,,,,,,,,,,,,,,,,,,*/blənde̯ˈat͡se/,,,,,,,,,*/feɾˈit͡ʃe/,,,,,,,,,,,,*/pət͡sˈi/,,,*/pɾed͡ʒetˈa/,*/plət͡ʃe̯ˈa/,*/plˈənd͡ʒe/,,,*/rɾuʃˈine/,,,,,,,,,,,,,*/t͡ʃert͡ʃetˈa/,*/kud͡ʒetˈa/,,,,*/ənt͡selept͡ʃˈune/,,*/ənt͡sele̯ˈad͡ʒe/,*/d͡ʒudekˈa/,,*/ment͡ʃˈune/,*/ment͡sˈi/,,,*/pɾet͡ʃe̯ˈape/,,,,,,,,,*/t͡ʃe̯ˈat͡sə/,*/kət͡sˈelu/,*/kˈoʃi/,*/t͡ʃˈumə/,,,*/d͡ʒe̯ˈame/,*/d͡ʒe̯ˈametu/,,*/d͡zət͡ʃe̯ˈa/,*/leʃinˈa/,*/lənd͡ʒˈesku/,*/lˈənd͡ʒedu/,,,,,*/ut͡ʃˈide/,,,*/pet͡sˈid͡ʒene/,,,,*/tuʃˈi/,,,,,,,,*/kəme̯ˈaʃə/,,,,,,*/kəlt͡səmˈentu/,,*/bɾət͡sˈaɾə/,*/t͡ʃert͡ʃˈelu/,,*/mərd͡ʒe̯ˈa/,*/bˈalt͡su/,*/bɾət͡ʃˈiɾe/,,*/fˈaʃə/,*/fəʃo̯ˈaɾə/,,,,,*/kəlt͡sˈa/,*/ənt͡ʃˈend͡ʒe/,,*/deskˈult͡su/,*/deskəlt͡sˈa/,*/deskult͡sˈa/,,,*/ənfəʃuɾˈa/,,,,*/t͡ʃˈenə/,*/pɾˈənd͡zu/,,*/kəɾnˈat͡su/,*/t͡ʃˈiɾu/,,,,,,,,*/plət͡ʃˈentə/,,,,,*/d͡ze̯ˈamə/,,,*/vinˈat͡su/,,,,,,,,,*/t͡ʃelˈajɾu/,,,,,*/uʃˈoɾu/,*/o̯ˈaʃə/,,*/pˈut͡su/,,,,*/t͡sit͡sˈinə/,,,,,*/sko̯ˈart͡sə/,,*/d͡ʒˈentu/,*/metˈuʃə/,,,,*/d͡ʒe̯ˈamənu/,,,,,,,,,,,*/d͡ʒˈeneɾe/,,,,,,*/so̯ˈat͡sə/,*/sˈot͡su/,,,,,,,*/kɾedˈent͡sə/,*/d͡ze̯ˈastɾe/,*/ospˈet͡su/,,,,,*/pet͡sˈi/,,*/t͡ʃe̯ˈarkənu/,,*/lut͡ʃe̯ˈafeɾu/,,,,,,,,,*/d͡ʒˈeɾu/,,,*/nˈind͡ʒe/,,,,,,*/se̯ˈat͡ʃetə/,,,,,,*/d͡zˈi/,,,*/demine̯ˈat͡sə/,*/mje̯ˈad͡zə/,*/meɾˈid͡ze/,,,*/mˈart͡si/,,,,,,,,*/mˈart͡su/,,,,,,,,,,*/ʃˈesu/,,,,*/put͡ʃo̯ˈasə/,*/aɾud͡ʒˈinə/,,,,,*/munt͡ʃˈelu/,,,,,,,,,,,,,*/mˈard͡ʒene/,,,*/t͡se̯ˈaɾme/,*/t͡sˈeɾmuɾe/,,,,*/t͡ʃˈepu/,,,,*/fɾˈund͡zə/,,,,*/rɾədet͡ʃˈinə/,,*/rɾeʃˈinə/,*/semˈent͡sə/,,,*/surt͡ʃˈelu/,*/surt͡ʃe̯ˈa/,,,,,*/d͡ʒune̯ˈapeɾu/,,,,,,,*/t͡ʃeɾjˈeʃu/,,,,,,,,,,,*/pedut͡ʃˈelu/,,*/vˈit͡sə/,,,,,,,*/ˈord͡zu/,,,,,,,,,,,,,*/rɾəd͡zˈikʎe/,*/ve̯ˈard͡zə/,,,,,,,*/kˈalt͡ʃe/,*/fe̯ˈaɾet͡ʃe/,,,,,,,,*/pətlˈad͡ʒenə/,*/urt͡sˈikə/,,,,,,,,,,,,,,,,,,,*/pˈəntet͡ʃe/,,,,,*/mud͡ʒˈi/,*/rɾˈad͡ʒe/,*/rɾunked͡zˈa/,,,,,,,,,,,,*/kət͡se̯ˈa/,*/ko̯ˈat͡ʃenu/,,,*/d͡ʒunˈit͡ʃe/,*/d͡ʒˈuənku/,*/d͡ʒˈuənkə/,,,,,*/purt͡ʃˈelu/,*/purt͡ʃe̯ˈa/,*/purt͡ʃˈinə/,,,,*/tert͡sˈənu/,*/tert͡sˈiw/,,,,*/berbe̯ˈat͡ʃe/,*/vet͡se̯ˈa/,*/vet͡sˈelu/,,,,*/t͡ʃˈerbu/,,,*/meʃtˈit͡su/,*/ʃo̯ˈaɾet͡ʃe/,,,,,,,,,,,,,,,,,,,,,,,,,,,*/stˈurd͡zu/,,,,,*/lˈapt͡si/,,,*/ʃe̯ˈarpe/,*/ʃerpˈent͡sə/,,,,,*/t͡ʃˈint͡ʃe/,,,,,,,,,,,*/pˈuɾet͡ʃe/,,,,,,*/d͡ʒˈosu/,*/deʃˈertu/,,*/fˈalt͡ʃe/,,,,,,,,,,,,,,,*/pje̯ˈat͡sə/,,,,,,,,,,*/t͡ʃˈint͡ʃe/,,,,,,,*/ʃe̯ˈase/,,,*/ved͡ʒˈent͡si/,,,,,*/t͡ʃˈerku/,,,*/fɾˈad͡ʒedu/,,,,,,,,*/mˈart͡ʃedu/,*/mjˈed͡zu/,,*/mˈut͡ʃedu/,,,*/t͡ʃˈetu/,*/t͡ʃe̯ˈatə/,*/rɾˈənt͡ʃedu/,,,,,,,,,*/subt͡sˈiɾe/,*/tət͡ʃe̯ˈa/,,,,,,,,*/kuviɲˈent͡sə/,,,,,,,,*/d͡ʒˈude/,*/d͡ʒudˈet͡su/,*/d͡ʒuɾəmˈentu/,*/d͡ʒuɾˈa/,,,*/le̯ˈad͡ʒe/,,*/putˈent͡sə/,,,*/vet͡ʃinetˈate/,,,,,,,,,,,*/neɡut͡sətˈor/,*/neɡˈot͡su/,,*/pɾˈet͡su/,,*/ˈənd͡ʒeɾu/,,*/kɾˈut͡ʃe/,*/d͡zˈew̥/,,,*/ənkʎinət͡ʃˈune/,,,*/uɾət͡ʃˈune/,,,,,*/rɾuɡət͡ʃˈune/,,,,,,,,,,,,*/but͡ʃinˈa/,*/bˈut͡ʃenu/,,,*/t͡ʃe̯ˈatəɾə/,*/ʃijeɾˈa/,,,,,*/d͡ʒukˈa/,*/d͡ʒˈoku/,*/petɾe̯ˈat͡ʃe/,,,,*/rɾˈoʃu/,,,,*/dˈult͡ʃe/,,,,,,,*/rɾe̯ˈat͡ʃe/,,,*/t͡ʃenˈuʃə/,,,*/fuɾˈid͡ʒene/,,*/ənt͡ʃˈende/,*/stˈend͡ʒe/,*/tet͡ʃˈune/,,*/aˈit͡ʃe/,,,,,,*/det͡ʃˈende/,,,,*/at͡ʃˈit͡ʃe/,*/ako̯ˈat͡ʃe/,,,*/ˈad͡ze/,,,,,,,,,,,,,,,,,,*/tərd͡zˈiw/,,,,,*/vet͡ʃˈinu/,,*/at͡ʃelˈa/,,,,,*/aʃˈed͡zu/,*/aʃe̯ˈad͡zə/,,,,,*/erɾətet͡ʃˈi/,,,*/fud͡ʒˈi/,,,*/mje̯ˈard͡ʒe/,,,*/pɾut͡ʃe̯ˈade/,,,*/ʃe̯ˈade/,,,*/t͡sine̯ˈa/,*/tɾe̯ˈat͡ʃe/,,,*/atˈend͡ʒe/,,,,,,,,,,,,,,*/spˈard͡ʒe/,*/stɾˈend͡ʒe/,*/ukəʃunˈa/,,,,,,,*/ənt͡ʃe̯ˈape/,,,,,,*/ʃˈi/,,,,,,,,,,,,,*/dɾˈid͡ʒe/,,,,*/ʃte̯ˈard͡ʒe/,*/sto̯ˈart͡ʃe/,,,*/fˈat͡ʃe/,*/fɾˈənd͡ʒe/,,*/əmpərt͡sˈi/,*/əmpˈend͡ʒe/,,,*/əmpˈund͡ʒe/,*/ənt͡ʃerkˈa/,,,*/ənto̯ˈart͡ʃe/,,,,,,,*/subt͡siʎˈa/,,*/tɾˈad͡ʒe/,*/ˈund͡ʒe/,,,,,*/ənt͡ʃˈetu/,,*/kələɾˈet͡su/,,,*/dˈut͡ʃe/,,,,,,*/but͡ʃe̯ˈa/,,,,,,,*/sˈart͡ʃenə/,*/ʃe̯ˈa/,,,,,*/t͡ʃe̯ˈaɾne/,*/kule̯ˈad͡ʒe/,*/mət͡ʃinˈa/,,,,,,*/se̯ˈat͡ʃeɾe/,,,,,,*/t͡se̯ˈarɾə/,,,,,*/mˈuld͡ʒe/,,,,*/fənˈat͡su/,*/fəne̯ˈat͡sə/,,*/d͡ʒˈuɡu/,*/nutɾˈet͡su/,*/pəʃˈune/,*/sərt͡ʃinˈajɾu/,,,,*/vəkəɾe̯ˈat͡sə/,,,,*/purkəɾe̯ˈat͡sə/,*/kˈaʃu/,*/t͡ʃe̯ˈaɾə/,,,,,,,,,,,,,,,,*/ənfɾˈənd͡ʒe/,,*/ənvˈent͡ʃe/,,,,,,,,*/pˈat͡ʃe/,,,,,,,,,,,,*/urd͡zˈi/,,,,,*/rɾet͡se̯ˈa/,,,,,*/t͡se̯ˈase/,*/to̯ˈart͡ʃe/,,,,,,,,,,,,,,,,,,,,,,,*/ult͡ʃe̯ˈa/,,*/t͡sˈestu/,*/urt͡ʃˈoɾu/,,,*/kut͡sˈitu/,,*/fo̯ˈarfet͡ʃe/,,,*/leʃˈijə/,,,,,,*/d͡zˈit͡ʃe/,,,,,,,,,*/d͡ze̯ˈadə/,,,*/t͡ʃˈene/,,,,,,,,,*/t͡sˈene/,,,,*/sˈənd͡ʒe/,,,,,,,*/d͡ʒˈoj/,,,,*/ʃe̯ˈapte/,,,,,,,,,,,*/jeʃˈi/,,,,,*/lˈat͡su/,*/ɡʎˈat͡sə/,,,*/fˈat͡ʃet͡si/,,,,,,,,,*/stɾəpˈund͡ʒe/,*/t͡ʃˈerɾu/,,*/ko̯ˈat͡ʃe/,*/ad͡ʒutˈa/,*/fˈat͡sə/,,,*/t͡ʃˈuɾu/,,,*/ˈud͡ʒer/,,,,,,,,,,,*/ˈawd͡zi/,,,,,,,,,,,,,,,,*/d͡ze̯ˈat͡ʃe/,,,,,,,,,*/t͡ʃetˈate/,*/d͡zˈiku/,,,,,,,,,,
R235,,,,,,,,,,,,,,,,,,,,,,,,,,,,,*/adɨnkˈa/,,,,,,,,,,,,,,,,,,,,,,,,,,,,,,,,,,,,,,,,,,,,,,,,,,,,,,,,,,,,,,,,,,,,,,,,,,,,,,,,,,,,,,,,,,,,,,,,,,,,,,,,,,,,,,,,,,,,,,,,,,,,,,,,,,,,,,,,,,,,,,,,,,,,,,,,,,,,,,,,,,,,,,,,,,,,,,,,,,,,,,,,,,,,,,,,,,,,,,,,,,,,,,,,,,,,,,,,,,,,,,,,,,,,,,,,,,,,,,,,,,,,,,,,,,,,,,,,,,,,,,,,,,,,,,,,,,,,,,,,,,,,,,,,,,,,,,,,,,,,,,,,,,,,,,,,,,,,,,,,,,,,,,,,,,,,,,,,,,,,,,,,,,,,,,,,,,,,,,,,,,,,,,,,,,,,,,,,,,,,,,,,,,,,,,,,,,,,,,,,,,,,,,,,,,,,,,,,,,,,,,,,,,,,,,,,,,,,,,,,,,,,,,,,,,,,,,,,,,,,,,,*/fɨntˈənə/,,,,,,,,,,,,,,,,,,,,,,,,,,,,,,,,,,,,,,,,,,,,,,,,,,,,,,,,,,,,,,,,,,,,,,,,,,,,,,,,,,,,,,,,,,,,,,,,,,,,,,,,,,,,,,,,,,,,,,,,,,,,,,,,,,,,,,,,,,,,,,,,,,,,,,,,,,,,,,,,,,,,,,,,,,,,,,,,,,,,,,,,,,,,,,,,,,,,,,,,,,,,,,,,,,,,,,,,,,,,,,,,,,,,,,,,,,,,,,,,,,,,,,,,,,,,,,,,,,,,,,,,,,,,,,,,,,,,,,,,,,,,,,,,,,,,,,,,,,,,,,,,,,,,,,,,,,,,,,,,,,,,,,,,,,,,,,,,,,,,,,,,,,,,,,,,,,,,,,,,,,,,,,,,,,,,,,,,,,,,,,,,,,,,,,,,,,,,,,,,,,,,,,,,,,,,,,,,,,,,,,,,,,,,,,,,,,,,,,,,,,,,,,,,,,,,,,,,,,,,,,,,,,,,,,,,,,,,,,,,,,,,,,,,,,,,,,,,,,,,,,,,,,,,,,,,,,,,,,,,,,,,,,,,,,,,,,,,,,,,,,,,,,,,,,,,,,,,,,,,,,,,,,,,,,,,,,,,,,,,,,,,,,,,,,,,,,,,,,,,,,,,,,,,,,,,,,,,,,,,,,,,,,,,,,,,,,,,,,,,,,,,,,,,,,,,,,,,,,,,,,,,,,,,,,,,,,,,,,,,,,,,,,,,,,,,,,,,,,,,,,,,,,,,,,,,,,,,,,,,,,,,,,,,,,,,,,,,,,,,,,,,,,,,,,,,,,,,,,,,,,,,,,,,,,,,,,,,,,,,,,,,,,,,,,,,,,,,,,,,,,,,,,,,,,,,,,,,,,,,,,,,,,,,,,,,,,,,,,,,,,,,,,,,,,,,,,,,,,,,,,,,,,,,,,,,,,,,,,,,,,,,,,,,,,,,,,,,,,,,,,,,,,,,,,,,,,,,,,,,,,,,,,,,,,,,,,,,,,,,,,,
R236,,,,,,,,,,,,,,,,,,,,,,,,,,,,,,,,,,,,,,,,,,,,,,,,,,,,,,,,,,,,,,,,,,,,,,,,,,,,,,,,,,,,,,,,,,,,,,,,,,,,,,,,,,,,,,,,,,,,,,,,,,,,,,,,,,,,,,,,,,,,,,,,,,,,,,,,,,,,,,,,,,,,,,,*/pəˈun/,,,,,,,,,,,,,,,,,,,,,,,,,,,,,,,,,,,,,,,,,,,,,,,,,,,,,,,,,,,,,,,,,,,,,,,,,,,,,,,,,,,,,,,,,,,,,,,,,,,,,,,,,,,,,,,,,,,,,,,,,,,,,,,,,,,,,,,,,,,,,,,,,,,,,,,,,,,,,,,,,,,,,,,,,,,,,,,,,,,,,,,,,,,,,,,,,,,,,,,,,,,,,,,,,,,,,,,,,,,,,,,,,,,,,,,,,,,,,,,,,,,,,,,,,,,,,,,,,,,,,,,,,,,,,,,,,,,,,,,,,,,,,,,,,,,,,,,,,,,,,,,,,,,,,,,,,,,,,,,,,,,,,,,,,,,,,,,,,,,,,,,,,,,,,,,,,,,,,,,,,,,,,,,,,,,,,,,,,,,,,,,,,,,,,,,,,,,,,,,,,,,,,,,,,,,,,,,,,,,,,,,,,,,,,,,,,,,,,,,,,,,,,,,,,,,,,,,,,,,,,,,,,,,,,,,,,,,,,,,,,,,,,,,,,,,,,,,,,,,,,,,,,,,,,,,,,,,,,,,,,,,,,,,,,,,,,,,,,,,,,,,,,,,,,,,,,,,,,,,,,,,,,,,,,,,,,,,,,,,,,,,,,,,,,,,,,,,,,,,,,,,,,,,,,,,,,,,,,,,,,,,,,,,,,,,,,,,,,,,,,,,,,,,,,,*/ɡəˈun/,,,,,,,,,,,,,*/təˈun/,,,,,,,,,,,,,,,,,,,,,,,,,,,,,,,,,,,,,,,,,,,,,,,,,,,,,,,,,,,,,,,,,,,,,,,,,,,,,,,,,,,,,,,,,,,,,,,,,,,,,,,,,,,,,,,,,,,,,,,,,,,,,,,,,,,,,,,,,,,,,,,,,,,,,,,,,,,,,,,,,,,,,,,,,,,,,,,,,,,,,,,,,*/aˈit͡ʃ/,,,,,,,,,,,,,,,,,,,,,,,,,,,,,,,,,,,,,,,,,,,,,,,,,,,,,,,,,,,,,,,,,,,,,,,,,,,,,,,,,,,,,,,,,,,,,,,,,,,,,,,,,,,,,,,,,,,,,,,,,,,,,,,,,,,,,,,,,,,,,,,,,,,,,,,,,,,,,,,,,,,,,,,,,,,,,,,,,,,,,,,,,,,,,,,,,,,,,,,,,,,,,,,,,,,,,,,,,,,,,,,,,,,,,,,,,,,,,,,,,,,,,,,,,,,,,,,,,,,,,,,,,,,,,,,,,,,,,,,,,,,,,,,,,,,,,,,,,,,,,,,,,,,,,,,,,,,,,,,,,,,,,,,,,,,,,,,,,,,,,,,,,,,,,,,,,,,,,,,,,,,,,,,,,,,,,,,,,,,,,,,,,,,,,,,,,,,,,,,,,,,,,,,,,,,,,,,,,,,,
R237,,,,,,,,,,,,,,,,,,,,,,,,,,,,,,,,,,,,,,,,,,,,,,,,,,,,,,,,,,,,,,*/amendˈoj/,,,,,,,,,,,,,,,,,,,,,,,,,,,,,,,,,,,,,,,,,,,,,,,,,,,,,,,,,,,,,,,,,,,,,,,,,,,,,,,,,,,,,,,,,,,,,,,,,,,,,,,,,,,,,,,,,,,,,,,,,,,,,,,,,,,,,,,,,,,,,,,,,,,,,,,,,,,,,,,,,,,,,,,,,,,,,,,,,,,,,,,,,,,,,,,,,,,,,,,,,,,,,,,,,,,,,,,,,,,,,,,,,,,,,,,,,,,,,,,,,,,,,,,,,,,,,,,,,,,,,,,,,,,,,,,,,,,,,,,,,,,,,,,,,,,,,,,,,,,,,,,,,,,,,,,,,,,,,,,,,,,,,,,,,,,,,,,,,,,,,,,,,,,,,,,,,*/puɾˈoɲu/,,,,,,,,,,,,,,,,,,,,,,,,,,,,,,,,,,,,,,,,,,,,,,,,,,,,,,,,,,,,,,,,,,,,,,,,,,,,,,,,,,,,,,,,,,,,,,,,,,,,,,,,,,,,,,,,,,,,,,,,,,,,,,,,,,,,,,,,,,,,,,,,,,,,,,,,,,,,,,,,,,,,,,,,,,,,,,,,,,,,,,,,,,,,,,,,,,,,,,,,,,,,,,,,,,,,,,,,,,,,,,,,,,,,,,,,,,,,,,,,,,,,,,,,,,,,,,,,,,,,,,,,,,,,,,,,,,,,,,,,,,,,,,,,,,,,,,,,,,,,,,,,,,,,,,,,,,,,,,,,,,,,,,,,,,,,,,,,,,,,,,,,*/rɾˈojbu/,,,,,,,,,,,,,,,,,,,,,,,,,,,,,,,,,,,,,,,,,,,,,,,,,,,,,,,,,,,,,,,,,,,,,,,,,,,,,,,,,,,,,,,,,,,,,,,,,,,,,,,,,,,,,,,,,,,,,,,,,,,,,,,,,,,,,,,,,,,,,,,,,,,,,,,,,,,,,,,,,,,,,,,,,,,,,,,,,,,,,,,,,,,,,,,,,,,,,,,,,,,,,,,,,,,,,,,,,,,,,,,,,,,,,,,,,,,,,,,,,,,,,,,,,,,,,,,,,,,,,,,,,,,,,,,,,,,,,,,,,,,,,,,,,,,,,,,,,,,,,,,,,,,,,,,,,,,,,,,,,,,,,,,,,,,,,,,,,,,,,,,,,,,,,,,,,,,,,,,,,,,,,,,,,,,,,,,,,,,,,,,,,,,,,,,,,,,,,,,,,,,,,,,,,,,,,,,,,,,,,,,,,,,,,,,,,,,,,,,,,,,,,,,,,,,,,,,,,,,,,,,,,,,,,,,,,,,,,,,,,,,,,,,,,,,,,,,,,,,,,,,,,,,,,,,,,,,,,,,,,,,,,,,,,,,,,,,,,,,,,,,,,,,,,,,,,,,,,,,,,,,,,,,,,,,,,,,,,,,,,,,,,,,,,,,,,,,,,,,,,,,,,,,,,,,,,,,,,,,,,,,,,,,,,,,,,,,,,,,,,,,,,,,,,,,,,,,,,,,,,,,,,,,,,,,,,,,,
~Common Romanian,null*/ˈa/,null*/alˈunə/,null*/ˈa/,null*/adəpˈa/,null*/adəpˈostu/,null*/adəstˈa/,null*/adəwɡˈa/,null*/adevˈeɾu/,null*/adidˈensu/,null*/ad͡ʒˈund͡ʒe/,null*/ad͡ʒˈutu/,null*/ad͡ʒutˈojɾu/,null*/alˈateɾə/,null*/ale̯ˈad͡ʒe/,null*/alentˈa/,null*/alunɡˈa/,null*/aməd͡ʒˈi/,null*/aminət͡sˈa/,null*/anninˈa/,null{ABSENT},null*/adoɾmˈi/,null*/aplekˈa/,null*/apˈune/,null*/apˈoj/,null*/apɾjˈende/,null*/apɾo̯ˈape/,null*/adˈut͡ʃe/,null*/adumbɾˈi/,null*/adɨnkˈa/,null*/adˈunku/,null*/ˈajeɾu/,null*/aɾˈamə/,null*/aflˈa/,null*/ad͡ʒˈestu/,null*/ˈad͡ʒeɾe/,null*/aɡuɾˈa/,null*/aɡˈustu/,null*/ajeptˈa/,null*/ad͡ʒˈunu/,null*/ad͡ʒunˈa/,null*/ˈat͡sə/,null*/akət͡sˈa/,null*/ˈakɾu/,null*/ˈaku/,null*/ˈapə/,null*/apˈajɾu/,null*/apətˈosu/,null*/ˈat͡ʃeɾə/,null*/albˈastɾu/,null*/albˈi/,null*/albo̯ˈaɾe/,null*/ˈalbu/,null*/aluˈatu/,null*/altˈajɾu/,null*/ˈalteɾu/,null*/altjˈit͡sə/,null*/albjˈajɾu/,null*/albjo̯ˈaɾə/,null*/albˈinə/,null*/amˈaɾu/,null*/aməɾe̯ˈat͡sə/,null*/amendˈoj/,null*/amət͡sˈi/,null*/amurt͡sˈi/,null*/amut͡sˈi/,null*/annut͡sˈert͡su/,null*/apəɾˈa/,null*/apesˈa/,null*/pɾˈiku/,null*/aɾˈa/,null*/aɾətˈor/,null*/aɾətˈojɾu/,null*/aɾˈat/,null*/aɾˈatu/,null*/aɾətˈuɾə/,null*/ˈarbuɾe/,null*/arbuɾˈetu/,null*/ard͡ʒˈentu/,null*/ard͡ʒentˈajɾu/,null*/ard͡ʒentˈosu/,null*/arkˈajɾu/,null*/ˈarku/,null*/arsˈuɾə/,null*/buted͡ʒˈune/,null*/buted͡zˈa/,null*/bəse̯ˈaɾekə/,null*/bətˈaʎe/,null*/bɾˈat͡ʃe/,null*/bɾo̯ˈatəku/,null*/dəwnˈa/,null*/deɾəmˈa/,null*/deʃideɾˈa/,null*/d͡zˈənə/,null*/deskərrkˈa/,null*/duɾo̯ˈaɾe/,null*/duplekˈa/,null*/kəlˈaɾe/,null*/t͡ʃˈeɾu/,null*/kəntet͡ʃˈelu/,null*/kəpˈestɾu/,null*/ɡˈawɾə/,null*/t͡ʃe̯ˈapə/,null*/t͡ʃeɾəʃˈajɾu/,null*/t͡ʃeɾje̯ˈaʃə/,null*/t͡ʃertˈa/,null*/t͡ʃiko̯ˈajɾe/,null*/kumnˈatu/,null*/kuptˈojɾu/,null*/kumenekˈa/,null*/kˈorbu/,null*/kuted͡zˈa/,null*/kɾe̯ˈastə/,null*/kukˈutə/,null*/kurt͡sˈa/,null*/kˈodɾu/,null*/t͡ʃe̯ˈaɾe/,null*/t͡ʃˈeɾu/,null*/at͡ʃˈi/,null*/akˈo/,null*/at͡ʃˈelu/,null*/at͡ʃˈestu/,null*/sˈalbedu/,null*/skəde̯ˈa/,null*/skəmbjˈa/,null*/skəpˈa/,null*/skəɾmənˈa/,null*/smˈuld͡ʒe/,null*/smˈultu/,null*/spelˈa/,null*/aɾˈet͡su/,null*/fəɾekˈa/,null*/fˈalt͡ʃi/,null*/fˈaɾməku/,null*/fewɾˈajɾu/,null*/flˈakuɾə/,null*/fˈakuɾə/,null*/furtˈunə/,null*/fusˈatu/,null*/fɾˈənu/,null*/fɾˈid͡ʒe/,null*/ɡəʎinˈat͡su/,null*/ɡʎˈəndə/,null*/ɡʎˈənduɾə/,null*/ɡˈuɾə/,null*/d͡ʒˈuɾu/,null*/ənpɾed͡ʒˈuɾu/,null*/jˈedu/,null*/urɾˈi/,null*/urɾˈesku/,null*/əmpeɾˈatu/,null*/ənˈaltu/,null*/ənəlt͡sˈa/,null*/ənkəlt͡sˈa/,null*/ənkˈalt͡su/,null*/ənkərrkˈa/,null*/ənkund͡ʒuɾˈa/,null*/əndɾeptˈa/,null*/ənfəʃˈa/,null*/ənɡənnˈa/,null*/ənvet͡sˈa/,null*/d͡ʒudekˈatə/,null*/amnˈajɾu/,null*/mənnˈajɾu/,null*/meʃunˈa/,null*/məstekˈa/,null*/mestekˈa/,null*/pəˈun/,null*/pekˈuʎu/,null*/pje̯ˈarɡʎe/,null*/pestˈaʎe/,null*/pˈetuɾə/,null*/plˈaɡə/,null*/plˈopu/,null*/pɾədˈa/,null*/pɾeˈotu/,null*/pɾiməve̯ˈaɾə/,null*/pˈunɡə/,null*/səd͡ʒe̯ˈatə/,null*/səd͡ʒetˈa/,null*/sˈəntu/,null*/sˈapə/,null*/səpˈa/,null*/sekɾˈetu/,null*/ʃe̯ˈarɾə/,null*/skənte̯ˈaʎe/,null*/spˈesu/,null*/stɾˈəmbu/,null*/astupˈa/,null*/stˈuɾə/,null*/tuʃinˈa/,null*/urlˈa/,null*/beʃˈikə/,null*/vˈesku/,null*/vˈitɾeku/,null*/fe̯ˈamənu/,null*/fet͡ʃˈoɾu/,null*/fet͡ʃo̯ˈaɾə/,null*/d͡ʒˈuəne/,null*/mˈaskʎu/,null*/nˈatu/,null*/pˈupə/,null*/t͡sˈeneɾu/,null*/betɾˈənu/,null*/ve̯ˈarɡʎe/,null*/kˈorpu/,null*/stˈatu/,null*/bˈarbə/,null*/bˈukə/,null*/kəpet͡sˈinə/,null*/kɾe̯ˈajeɾu/,null*/dˈente/,null*/flˈoku/,null*/fɾˈunte/,null*/d͡ʒˈenə/,null*/d͡ʒend͡ʒˈiə/,null*/lˈenbə/,null*/məse̯ˈa/,null*/mustˈat͡sə/,null*/nˈaɾi/,null*/nˈasu/,null*/pəɾˈat͡su/,null*/rɾˈostɾu/,null*/t͡se̯ˈastə/,null*/t͡ʃerbˈit͡ʃe/,null*/ˈinemə/,null*/kətˈenə/,null*/kˈoʎu/,null*/ko̯ˈastə/,null*/kˈuɾu/,null*/fikˈatu/,null*/ˈumeɾu/,null*/je̯ˈaʎe/,null*/mˈat͡su/,null*/mənutˈaʎe/,null*/mˈuskʎu/,null*/no̯ˈadə/,null*/pe̯ˈaʃte/,null*/pulmˈune/,null*/rɾˈenə/,null*/rɾinˈekʎu/,null*/rɾenˈunkʎu/,null*/sˈenu/,null*/spinˈaɾe/,null*/splˈenə/,null*/suˈaɾə/,null*/t͡sˈit͡sə/,null*/tɾˈunkʎu/,null*/umbeɾˈiku/,null*/vənˈenu/,null*/vˈentɾe/,null*/ˈaɾmu/,null*/bɾˈat͡su/,null*/kəlkˈəɲu/,null*/kˈubtu/,null*/de̯ˈad͡ʒetu/,null*/dɾˈeptu/,null*/d͡ʒenˈukʎu/,null*/mˈənə/,null*/medulˈajɾu/,null*/pˈalmə/,null*/pet͡ʃˈoɾu/,null*/pˈulpə/,null*/tˈalpə/,null*/ˈunɡʎe/,null*/kˈaɾne/,null*/medˈuvə/,null*/ˈosu/,null*/pje̯ˈale/,null*/awd͡zˈi/,null*/askultˈa/,null*/t͡ʃerkˈa/,null*/ɡustˈa/,null*/ɡˈustu/,null*/semt͡sˈi/,null*/vede̯ˈa/,null*/kəskˈa/,null*/rɾesuflˈa/,null*/steɾnutˈa/,null*/suflˈa/,null*/asudˈa/,null*/kəkˈa/,null*/skɾe̯ˈame/,null*/fo̯ˈame/,null*/əmbukˈa/,null*/ənɡʎut͡sˈi/,null*/əntˈend͡ʒe/,null*/lˈakɾemə/,null*/mˈuku/,null*/sˈat͡su/,null*/sətˈulu/,null*/sətuɾˈa/,null*/skupjˈa/,null*/suɡʎut͡sˈa/,null*/sorbˈi/,null*/sudo̯ˈaɾe/,null*/sˈud͡ʒe/,null*/kustˈa/,null*/fəptˈuɾə/,null*/fˈi/,null*/fˈute/,null*/ənɡɾekˈa/,null*/ənɡɾe̯ˈakə/,null*/ləpedˈa/,null*/nˈaʃte/,null*/viˈat͡sə/,null*/vˈiw/,null*/vˈie/,null*/kəʃtiɡˈa/,null*/kɾe̯ˈaʃte/,null*/desmerdˈa/,null*/leɡenˈa/,null*/atepˈi/,null*/doɾmˈi/,null*/doɾmitˈa/,null*/skulˈa/,null*/məne̯ˈa/,null*/mənekˈa/,null*/rɾepusˈa/,null*/sˈomnu/,null*/veɡʎˈa/,null*/vˈisu/,null*/skəldˈa/,null*/lˈa/,null*/pəɡˈənu/,null*/pje̯ˈaptenu/,null*/pje̯ˈaptenə/,null*/spurkˈa/,null*/blˈəndu/,null*/blənde̯ˈat͡se/,null*/ənkume̯ˈate/,null*/kˈumpetu/,null*/duɾe̯ˈa/,null*/duʎˈosu/,null*/dˈoɾu/,null*/spˈajemə/,null*/spəmentˈa/,null*/stempeɾˈa/,null*/feɾˈit͡ʃe/,null*/ənduɾˈa/,null*/ənterɾetˈa/,null*/ənvitˈa/,null*/mˈaɾu/,null*/mənɡəɲˈa/,null*/mənˈiə/,null*/miɾˈa/,null*/meseɾe̯ˈaɾe/,null*/mustɾˈa/,null*/pəkˈa/,null*/pənetˈa/,null*/pət͡sˈi/,null*/pesˈa/,null*/pˈesu/,null*/pɾed͡ʒetˈa/,null*/plət͡ʃe̯ˈa/,null*/plˈənd͡ʒe/,null*/rɾˈide/,null*/rɾˈesu/,null*/rɾuʃˈine/,null*/sufeɾˈi/,null*/sˈufletu/,null*/supeɾˈa/,null*/suspiɾˈa/,null*/te̯ˈamə/,null*/te̯ˈame/,null*/temo̯ˈaɾe/,null*/tɾemuɾˈa/,null*/tɾˈistu/,null*/turbˈa/,null*/turbuɾˈa/,null*/vertˈute/,null*/t͡ʃert͡ʃetˈa/,null*/kud͡ʒetˈa/,null*/kuno̯ˈaʃte/,null*/kɾe̯ˈade/,null*/kətˈa/,null*/ənt͡selept͡ʃˈune/,null*/əntelˈeptu/,null*/ənt͡sele̯ˈad͡ʒe/,null*/d͡ʒudekˈa/,null*/mˈente/,null*/ment͡ʃˈune/,null*/ment͡sˈi/,null*/uʎitˈa/,null*/pəɾe̯ˈa/,null*/pɾet͡ʃe̯ˈape/,null*/ʃtˈiw̥/,null*/ʃtˈi/,null*/sənˈa/,null*/sənetˈosu/,null*/sˈənu/,null*/vendekˈa/,null*/vertˈosu/,null*/rɾˈəɲe/,null*/t͡ʃe̯ˈat͡sə/,null*/kət͡sˈelu/,null*/kˈoʃi/,null*/t͡ʃˈumə/,null*/duɾuɾˈosu/,null*/fjˈoɾi/,null*/d͡ʒe̯ˈame/,null*/d͡ʒe̯ˈametu/,null*/ɡˈutə/,null*/d͡zət͡ʃe̯ˈa/,null*/leʃinˈa/,null*/lənd͡ʒˈesku/,null*/lˈənd͡ʒedu/,null*/lənɡo̯ˈaɾe/,null*/muɾˈi/,null*/mo̯ˈarte/,null*/mˈortu/,null*/ut͡ʃˈide/,null*/pjˈejɾu/,null*/pje̯ˈajɾe/,null*/pet͡sˈid͡ʒene/,null*/puɾˈoɲu/,null*/puskʎe̯ˈa/,null*/rɾepˈune/,null*/tuʃˈi/,null*/tˈuse/,null*/mˈənku/,null*/mˈutu/,null*/ˈorbu/,null*/skʎˈopu/,null*/skʎopˈa/,null*/sˈurdu/,null*/kəme̯ˈaʃə/,null*/ʎˈiɲe/,null*/mˈənekə/,null*/pəʎo̯ˈaɾə/,null*/sˈaɾekə/,null*/beʃtimˈentu/,null*/kəlt͡səmˈentu/,null*/inˈelu/,null*/bɾət͡sˈaɾə/,null*/t͡ʃert͡ʃˈelu/,null*/kuɾˈunə/,null*/mərd͡ʒe̯ˈa/,null*/bˈalt͡su/,null*/bɾət͡ʃˈiɾe/,null*/kʎˈenɡə/,null*/fˈaʃə/,null*/fəʃo̯ˈaɾə/,null*/fˈiɾu/,null*/ɡʎˈemu/,null*/leɡətˈuɾə/,null*/be̯ˈatə/,null*/kəlt͡sˈa/,null*/ənt͡ʃˈend͡ʒe/,null*/ko̯ˈase/,null*/deskˈult͡su/,null*/deskəlt͡sˈa/,null*/deskult͡sˈa/,null*/əmbɾəkˈa/,null*/ənsuɾˈa/,null*/ənfəʃuɾˈa/,null*/ənveʃtˈi/,null*/sume̯ˈate/,null*/suflekˈa/,null*/t͡ʃˈenə/,null*/pɾˈənd͡zu/,null*/bukˈatə/,null*/kəɾnˈat͡su/,null*/t͡ʃˈiɾu/,null*/fəɾˈinə/,null*/fɾeptˈuɾə/,null*/lˈardu/,null*/mo̯ˈajɾe/,null*/meɾˈende/,null*/pˈəne/,null*/pisˈatu/,null*/plət͡ʃˈentə/,null*/sˈaɾe/,null*/sˈew/,null*/tˈurtə/,null*/vˈiptu/,null*/d͡ze̯ˈamə/,null*/mˈustu/,null*/po̯ˈaskə/,null*/vinˈat͡su/,null*/kˈawku/,null*/fˈuɾnu/,null*/ɡɾətˈajɾu/,null*/vˈasu/,null*/kˈaɾəmi/,null*/kəpɾjˈoɾu/,null*/kˈasə/,null*/kəsˈajɾu/,null*/t͡ʃelˈajɾu/,null*/kopeɾimˈentu/,null*/kˈulme/,null*/feɾje̯ˈastɾə/,null*/fɨntˈənə/,null*/uʃˈoɾu/,null*/o̯ˈaʃə/,null*/po̯ˈartə/,null*/pˈut͡su/,null*/skˈaɾə/,null*/stˈuɾu/,null*/tˈendə/,null*/t͡sit͡sˈinə/,null*/tɾəje̯ˈaptə/,null*/aɾmˈajɾu/,null*/kəpetˈəɲu/,null*/pˈatu/,null*/sko̯ˈart͡sə/,null*/stɾˈatu/,null*/d͡ʒˈentu/,null*/metˈuʃə/,null*/fˈiʎu/,null*/fˈiʎe/,null*/fɾˈate/,null*/d͡ʒe̯ˈamənu/,null*/mˈumə/,null*/nepˈotu/,null*/nepo̯ˈatə/,null*/pˈapu/,null*/sˈoɾu/,null*/tˈatə/,null*/vˈeɾu/,null*/bərbˈatu/,null*/kˈosukɾu/,null*/fiʎˈastɾu/,null*/d͡ʒˈeneɾe/,null*/ˈomu/,null*/məɾˈitu/,null*/nuje̯ˈarkə/,null*/nˈoɾu/,null*/sˈokɾu/,null*/so̯ˈat͡sə/,null*/sˈot͡su/,null*/spˈuɾu/,null*/fiʎˈənu/,null*/nˈunnu/,null*/o̯ˈarfənu/,null*/vˈeduv/,null*/kuɾunˈa/,null*/kɾedˈent͡sə/,null*/d͡ze̯ˈastɾe/,null*/ospˈet͡su/,null*/ənsuɾˈa/,null*/ləsˈa/,null*/məɾitˈa/,null*/nˈuntə/,null*/pet͡sˈi/,null*/lˈume/,null*/t͡ʃe̯ˈarkənu/,null*/skəpetˈa/,null*/lut͡ʃe̯ˈafeɾu/,null*/lˈunə/,null*/rɾesəɾˈi/,null*/so̯ˈaɾe/,null*/ˈawɾə/,null*/ˈawstɾu/,null*/bɾˈumə/,null*/kəɾo̯ˈaɾe/,null*/fɾˈiɡu/,null*/d͡ʒˈeɾu/,null*/ɡɾˈindenə/,null*/nˈuəɾu/,null*/nˈind͡ʒe/,null*/ne̯ˈa/,null*/plowˈa/,null*/plo̯ˈa/,null*/rɾˈowə/,null*/seɾˈenu/,null*/se̯ˈat͡ʃetə/,null*/tunˈa/,null*/vˈentu/,null*/dˈatə/,null*/o̯ˈaɾə/,null*/ˈalbə/,null*/d͡zˈi/,null*/jˈeɾi/,null*/mˈəne/,null*/demine̯ˈat͡sə/,null*/mje̯ˈad͡zə/,null*/meɾˈid͡ze/,null*/no̯ˈapte/,null*/dumˈenekə/,null*/mˈart͡si/,null*/mjˈerkuɾi/,null*/sˈəmbətə/,null*/septemˈənə/,null*/vˈəneɾi/,null*/pɾˈiʎe/,null*/kəɾendˈajɾu/,null*/mˈaju/,null*/mˈart͡su/,null*/atˈumnə/,null*/eje̯ˈaɾnə/,null*/ve̯ˈaɾə/,null*/pəmˈentu/,null*/aɾˈenə/,null*/ʎˈimu/,null*/lˈutu/,null*/pje̯ˈatɾə/,null*/pˈulbeɾe/,null*/ʃˈesu/,null*/terɾˈinə/,null*/kərbˈune/,null*/pe̯ˈakʎe/,null*/put͡ʃo̯ˈasə/,null*/aɾud͡ʒˈinə/,null*/ˈawɾu/,null*/plˈumbu/,null*/kutɾemuɾˈa/,null*/ɡɾˈumu/,null*/munt͡ʃˈelu/,null*/plˈaju/,null*/rɾˈipə/,null*/skəwnˈelu/,null*/suɾˈinu/,null*/vˈale/,null*/ˈalbjə/,null*/kˈurɾe/,null*/sukˈa/,null*/sˈuku/,null*/fˈundu/,null*/lˈaku/,null*/mˈaɾe/,null*/mˈard͡ʒene/,null*/sekˈa/,null*/sˈeku/,null*/t͡se̯ˈaɾme/,null*/t͡sˈeɾmuɾe/,null*/tˈurbuɾe/,null*/ˈundə/,null*/vˈadu/,null*/t͡ʃˈepu/,null*/flo̯ˈaɾe/,null*/fo̯ˈaʎe/,null*/fˈoʎu/,null*/fɾˈund͡zə/,null*/nuje̯ˈa/,null*/pˈaʎe/,null*/po̯ˈamə/,null*/rɾədet͡ʃˈinə/,null*/rɾˈamu/,null*/rɾeʃˈinə/,null*/semˈent͡sə/,null*/spˈiku/,null*/spˈinu/,null*/surt͡ʃˈelu/,null*/surt͡ʃe̯ˈa/,null*/vˈesdu/,null*/ve̯ˈarɡə/,null*/kˈarpenu/,null*/fɾˈasenu/,null*/d͡ʒune̯ˈapeɾu/,null*/məste̯ˈakənu/,null*/pədˈuɾe/,null*/pˈinu/,null*/pˈaltənu/,null*/tˈeʎu/,null*/ˈulmu/,null*/t͡ʃeɾjˈeʃu/,null*/ɡutˈuɲe/,null*/ɡutˈuɲu/,null*/mˈeɾu/,null*/nˈuku/,null*/pje̯ˈarseku/,null*/pˈomu/,null*/pɾˈunu/,null*/kˈoɾnu/,null*/mˈoɾu/,null*/pəɾˈumbə/,null*/pedut͡ʃˈelu/,null*/aˈuə/,null*/vˈit͡sə/,null*/je̯ˈadeɾə/,null*/ləwɾˈuskə/,null*/səˈuku/,null*/sˈorbu/,null*/tˈufə/,null*/ɡɾˈənu/,null*/ˈord͡zu/,null*/mˈeʎu/,null*/pənˈiku/,null*/sekˈaɾə/,null*/ˈaʎu/,null*/kuɾˈekʎu/,null*/kukˈurbetə/,null*/ləptˈukə/,null*/leɡˈumə/,null*/lˈente/,null*/nˈapu/,null*/pje̯ˈapene/,null*/pˈorɾu/,null*/rɾəd͡zˈikʎe/,null*/ve̯ˈard͡zə/,null*/fˈənu/,null*/je̯ˈarbə/,null*/tɾefˈoʎu/,null*/kˈənəpə/,null*/ʎˈinu/,null*/aɾjˈoɾu/,null*/kˈalt͡ʃe/,null*/fe̯ˈaɾet͡ʃe/,null*/fɾˈaɡə/,null*/fɾˈaɡu/,null*/lˈawɾu/,null*/mˈalbə/,null*/mˈentə/,null*/mje̯ˈakʎe/,null*/pˈapuɾə/,null*/pətlˈad͡ʒenə/,null*/urt͡sˈikə/,null*/vjo̯ˈaɾə/,null*/vˈolbuɾə/,null*/buɾe̯ˈate/,null*/je̯ˈaskə/,null*/nemˈaʎe/,null*/dumje̯ˈasteku/,null*/selbˈateku/,null*/vˈitə/,null*/bɾˈənkə/,null*/ko̯ˈadə/,null*/ko̯ˈamə/,null*/depˈune/,null*/sterpˈi/,null*/stˈerpu/,null*/fetˈa/,null*/ənkəlekˈa/,null*/mˈuɾə/,null*/pˈaʎu/,null*/pˈəntet͡ʃe/,null*/rɾumeɡˈa/,null*/ɡərɾˈesku/,null*/lətɾˈa/,null*/mursekˈa/,null*/mud͡ʒˈi/,null*/rɾˈad͡ʒe/,null*/rɾunked͡zˈa/,null*/rɾimˈa/,null*/aɾmesˈajɾu/,null*/mɲˈelu/,null*/nno̯ˈatenu/,null*/aɾje̯ˈate/,null*/ˈasenu/,null*/bˈow/,null*/kˈalu/,null*/kˈəne/,null*/kˈapɾə/,null*/kəpɾˈinə/,null*/kət͡se̯ˈa/,null*/ko̯ˈat͡ʃenu/,null*/kuɾnˈutu/,null*/je̯ˈapə/,null*/d͡ʒunˈit͡ʃe/,null*/d͡ʒˈuənku/,null*/d͡ʒˈuənkə/,null*/oˈinə/,null*/o̯ˈaje/,null*/pekˈujnə/,null*/pˈorku/,null*/purt͡ʃˈelu/,null*/purt͡ʃe̯ˈa/,null*/purt͡ʃˈinə/,null*/rɾˈojbu/,null*/skɾo̯ˈafə/,null*/tˈawɾu/,null*/tert͡sˈənu/,null*/tert͡sˈiw/,null*/vˈakə/,null*/vjˈerɾu/,null*/berbˈeku/,null*/berbe̯ˈat͡ʃe/,null*/vet͡se̯ˈa/,null*/vet͡sˈelu/,null*/vetˈuʎu/,null*/vetˈuʎe/,null*/bˈuəɾu/,null*/t͡ʃˈerbu/,null*/ʎˈepuɾe/,null*/lˈupu/,null*/meʃtˈit͡su/,null*/ʃo̯ˈaɾet͡ʃe/,null*/ˈursu/,null*/vˈulpe/,null*/ˈaɾəpə/,null*/kɾestˈatu/,null*/kˈujbu/,null*/zbuɾˈa/,null*/ˈow/,null*/pˈaseɾe/,null*/pe̯ˈannə/,null*/pˈennuɾə/,null*/pˈulə/,null*/pˈuʎu/,null*/ɡəʎˈinə/,null*/kˈuku/,null*/dɾepne̯ˈa/,null*/ɡˈajə/,null*/ɡˈalɡuɾu/,null*/ɡɾˈawɾu/,null*/ɡɾˈuj/,null*/eɾundine̯ˈa/,null*/mjˈerlə/,null*/pəɾˈumbu/,null*/petuɾnˈikʎe/,null*/pɾeveɡʎeto̯ˈajɾe/,null*/pɾeveɡʎˈa/,null*/stɾˈiɡə/,null*/stˈurd͡zu/,null*/tˈurtuɾə/,null*/turtuɾe̯ˈa/,null*/upˈupəd͡zə/,null*/vultˈuɾu/,null*/lˈapt͡si/,null*/peskˈajɾu/,null*/bɾo̯ˈaskə/,null*/ʃe̯ˈarpe/,null*/ʃerpˈent͡sə/,null*/vˈipeɾə/,null*/vˈipeɾe/,null*/kˈajɾu/,null*/ɡəˈun/,null*/t͡ʃˈint͡ʃe/,null*/flˈutuɾe/,null*/flutuɾˈa/,null*/foɾmˈikə/,null*/ɡɾe̯ˈaʎjeɾu/,null*/ləkˈustə/,null*/lˈendenə/,null*/lumbɾˈiku/,null*/mˈuskə/,null*/stɾe̯ˈakʎe/,null*/pedˈukʎu/,null*/pˈuɾet͡ʃe/,null*/təˈun/,null*/vje̯ˈaɾme/,null*/vje̯ˈaspə/,null*/skˈurtu/,null*/kˈurtu/,null*/d͡ʒˈosu/,null*/deʃˈertu/,null*/sˈame/,null*/fˈalt͡ʃe/,null*/ɡɾe̯ˈa/,null*/əmputˈa/,null*/əntɾˈeɡu/,null*/lˈunɡu/,null*/mesˈuɾə/,null*/mesuɾˈa/,null*/mˈikə/,null*/mənˈutu/,null*/mˈultu/,null*/numeɾˈa/,null*/nˈumeɾu/,null*/pəɾe̯ˈakʎe/,null*/pˈarte/,null*/pˈasu/,null*/pje̯ˈat͡sə/,null*/plˈenu/,null*/pəntu/,null*/sˈenɡuɾu/,null*/sˈumə/,null*/akutəntu/,null*/tˈotu/,null*/to̯ˈatə/,null*/ˈəmbi/,null*/əntˈəɲu/,null*/t͡ʃˈint͡ʃe/,null*/dˈoj/,null*/dˈuə/,null*/mˈiʎe/,null*/nˈowə/,null*/ˈoptu/,null*/pˈatɾu/,null*/ʃe̯ˈase/,null*/tɾˈej/,null*/ˈunu/,null*/ved͡ʒˈent͡si/,null*/ˈənɡʎu/,null*/ənɡˈustu/,null*/ˈaspeɾu/,null*/kʎˈeku/,null*/t͡ʃˈerku/,null*/dˈesu/,null*/foɾmˈosu/,null*/fɾˈad͡ʒedu/,null*/ɡɾˈasu/,null*/ɡɾˈosu/,null*/ˈumedu/,null*/lˈarɡu/,null*/lˈatu/,null*/lˈenu/,null*/mˈakɾu/,null*/mˈart͡ʃedu/,null*/mjˈed͡zu/,null*/mo̯ˈale/,null*/mˈut͡ʃedu/,null*/mˈukʎe/,null*/ne̯ˈatedu/,null*/t͡ʃˈetu/,null*/t͡ʃe̯ˈatə/,null*/rɾˈənt͡ʃedu/,null*/rɾˈaɾu/,null*/rɾetˈundu/,null*/rɾˈudu/,null*/skˈorbuɾə/,null*/skˈorbu/,null*/sˈemnu/,null*/semeɾˈa/,null*/stɾˈemtu/,null*/subt͡sˈiɾe/,null*/tət͡ʃe̯ˈa/,null*/tˈaɾe/,null*/ˈudu/,null*/udˈa/,null*/veskˈosu/,null*/kuɾo̯ˈastɾə/,null*/aʃteptˈa/,null*/ko̯ˈarte/,null*/kuviɲˈent͡sə/,null*/kuvenˈi/,null*/kuventˈa/,null*/dˈomnu/,null*/fɾˈənku/,null*/ɡɾˈeku/,null*/o̯ˈaspete/,null*/ospetˈa/,null*/d͡ʒˈude/,null*/d͡ʒudˈet͡su/,null*/d͡ʒuɾəmˈentu/,null*/d͡ʒuɾˈa/,null*/ləwdˈa/,null*/lˈawdə/,null*/le̯ˈad͡ʒe/,null*/leɡəmˈentu/,null*/putˈent͡sə/,null*/səɾutˈa/,null*/skʎˈaw/,null*/vet͡ʃinetˈate/,null*/vetemˈa/,null*/nestemˈatu/,null*/kumpəɾˈa/,null*/kˈumpəɾu/,null*/fuɾˈa/,null*/fˈuɾu/,null*/əmpɾumutˈa/,null*/luˈa/,null*/ʎˈew/,null*/ʎe̯ˈa/,null*/neɡut͡sətˈor/,null*/neɡˈot͡su/,null*/pje̯ˈarde/,null*/pɾˈet͡su/,null*/vˈende/,null*/ˈənd͡ʒeɾu/,null*/kɾeʃtˈenu/,null*/kɾˈut͡ʃe/,null*/d͡zˈew̥/,null*/dɾˈaku/,null*/ənkʎinˈa/,null*/ənkʎinət͡ʃˈune/,null*/ʎertˈa/,null*/miɾˈune/,null*/uɾət͡ʃˈune/,null*/pəɡənetˈate/,null*/pekˈatu/,null*/pərɾəje̯ˈasemi/,null*/rɾuɡˈa/,null*/rɾuɡət͡ʃˈune/,null*/pˈaskə/,null*/pˈaʃte/,null*/serbˈa/,null*/kuməndˈa/,null*/monmˈentu/,null*/ənkəntˈa/,null*/tˈemplə/,null*/kəntˈa/,null*/kˈartə/,null*/skɾˈie/,null*/skɾiptˈuɾə/,null*/but͡ʃinˈa/,null*/bˈut͡ʃenu/,null*/kˈənteku/,null*/ko̯ˈardə/,null*/t͡ʃe̯ˈatəɾə/,null*/ʃijeɾˈa/,null*/sunˈa/,null*/sˈunu/,null*/sˈunetu/,null*/vjˈersu/,null*/d͡ʒukˈa/,null*/d͡ʒˈoku/,null*/petɾe̯ˈat͡ʃe/,null*/kənˈutu/,null*/ɡˈalbenu/,null*/mjˈeɾu/,null*/rɾˈoʃu/,null*/rɾˈusu/,null*/vˈənetu/,null*/verɡˈatu/,null*/dˈult͡ʃe/,null*/dulko̯ˈaɾe/,null*/puto̯ˈaɾe/,null*/pˈutɾedu/,null*/kəldˈuɾə/,null*/kˈaldu/,null*/fje̯ˈarbe/,null*/rɾe̯ˈat͡ʃe/,null*/rɾeko̯ˈaɾe/,null*/ˈarde/,null*/t͡ʃenˈuʃə/,null*/flˈamə/,null*/fˈoku/,null*/fuɾˈid͡ʒene/,null*/fˈumu/,null*/ənt͡ʃˈende/,null*/stˈend͡ʒe/,null*/tet͡ʃˈune/,null*/adˈente/,null*/aˈit͡ʃ/,null*/amu/,null*/afo̯ˈaɾə/,null*/aʎjeɾˈej/,null*/kutɾə/,null*/kurɾˈendu/,null*/det͡ʃˈende/,null*/adine̯ˈawɾə/,null*/depˈarte/,null*/dˈepu/,null*/at͡ʃˈit͡ʃe/,null*/ako̯ˈat͡ʃe/,null*/akoelˈo/,null*/akˈumu/,null*/ˈad͡ze/,null*/elˈa/,null*/ˈən/,null*/ənəjˈente/,null*/ənədˈentɾu/,null*/ənəpˈoj/,null*/ənkutɾə/,null*/inde̯ˈaɾet/,null*/ˈəntɾu/,null*/lˈunɡo̯ə/,null*/nˈow/,null*/pɾˈentɾe/,null*/pɾˈentɾu/,null*/pˈoj/,null*/stˈənku/,null*/sˈubtu/,null*/spɾˈe/,null*/sˈusu/,null*/tərd͡zˈiw/,null*/tempuɾˈiw/,null*/ˈunkə/,null*/ˈunde/,null*/vjˈekʎu/,null*/vet͡ʃˈinu/,null*/abˈate/,null*/at͡ʃelˈa/,null*/alərɡˈa/,null*/apɾopjˈa/,null*/apɾˈopju/,null*/apɾo̯ˈapjə/,null*/aʃˈed͡zu/,null*/aʃe̯ˈad͡zə/,null*/kəde̯ˈa/,null*/kəlkˈa/,null*/kulukˈa/,null*/eɾədikˈa/,null*/erɾətet͡ʃˈi/,null*/aɾunkˈa/,null*/fˈuɡə/,null*/fud͡ʒˈi/,null*/əntɾˈa/,null*/luɾekˈa/,null*/mje̯ˈard͡ʒe/,null*/pɾəmbuɾˈa/,null*/plekˈa/,null*/pɾut͡ʃe̯ˈade/,null*/səɾˈi/,null*/səltˈa/,null*/ʃe̯ˈade/,null*/stˈa/,null*/suˈi/,null*/t͡sine̯ˈa/,null*/tɾe̯ˈat͡ʃe/,null*/venˈi/,null*/arɾeptˈa/,null*/atˈend͡ʒe/,null*/bˈate/,null*/apukˈa/,null*/kupɾˈende/,null*/dˈa/,null*/zbˈate/,null*/sko̯ˈate/,null*/skʎukˈa/,null*/fɾekˈa/,null*/fɾekətˈuɾə/,null*/ənɡənnˈa/,null*/pˈune/,null*/rɾˈumpe/,null*/skərpinˈa/,null*/spˈard͡ʒe/,null*/stɾˈend͡ʒe/,null*/ukəʃunˈa/,null*/so̯ˈarte/,null*/abˈij/,null*/bˈunu/,null*/kˈate/,null*/kˈu/,null*/fuɾə/,null*/ənt͡ʃe̯ˈape/,null*/pute̯ˈa/,null*/kˈaɾe/,null*/kˈa/,null*/kˈomudu/,null*/rɾˈew̥/,null*/ʃˈi/,null*/semənˈa/,null*/se̯ˈameɾe/,null*/askˈunde/,null*/amestekˈa/,null*/aʃte̯ˈaɾne/,null*/aleɡˈa/,null*/astɾuəkˈa/,null*/kəwtˈa/,null*/kopeɾˈi/,null*/kɾepˈa/,null*/kuɾˈa/,null*/despekˈa/,null*/dɾˈid͡ʒe/,null*/deskopeɾˈi/,null*/skurtˈa/,null*/spulbeɾˈa/,null*/ʃte̯ˈard͡ʒe/,null*/sto̯ˈart͡ʃe/,null*/stɾəkuɾˈa/,null*/stɾekˈa/,null*/fˈat͡ʃe/,null*/fɾˈənd͡ʒe/,null*/əmbinˈa/,null*/əmpərt͡sˈi/,null*/əmpˈend͡ʒe/,null*/əmpləntˈa/,null*/ˈumple/,null*/əmpˈund͡ʒe/,null*/ənt͡ʃerkˈa/,null*/ənkʎejˈa/,null*/ənflˈa/,null*/ənto̯ˈart͡ʃe/,null*/əmbjˈa/,null*/leɡˈa/,null*/muʎˈa/,null*/pertˈunde/,null*/rɾˈade/,null*/rɾo̯ˈade/,null*/subt͡siʎˈa/,null*/təʎˈa/,null*/tɾˈad͡ʒe/,null*/ˈund͡ʒe/,null*/versˈa/,null*/lukɾˈa/,null*/lˈukɾu/,null*/məjˈestɾu/,null*/ənt͡ʃˈetu/,null*/rɾˈapedu/,null*/kələɾˈet͡su/,null*/kərɾˈa/,null*/deskəlekˈa/,null*/dˈut͡ʃe/,null*/ənfɾənˈa/,null*/mutˈa/,null*/purtˈa/,null*/tɾəɡenˈa/,null*/tɾime̯ˈate/,null*/but͡ʃe̯ˈa/,null*/kˈarɾu/,null*/ənkərrkətˈuɾə/,null*/lˈuntɾe/,null*/pje̯ˈadekə/,null*/pəɾˈənɡə/,null*/rɾo̯ˈatə/,null*/sˈart͡ʃenə/,null*/ʃe̯ˈa/,null*/kˈale/,null*/kərɾˈajɾe/,null*/pˈunte/,null*/ˈaɾu/,null*/t͡ʃe̯ˈaɾne/,null*/kule̯ˈad͡ʒe/,null*/mət͡ʃinˈa/,null*/pisˈa/,null*/tɾijeɾˈa/,null*/ventuɾˈa/,null*/mo̯ˈaɾə/,null*/pˈaɾu/,null*/se̯ˈat͡ʃeɾe/,null*/ˈaɾje/,null*/kˈəmpu/,null*/po̯ˈarkə/,null*/rɾˈunku/,null*/semənətˈuɾə/,null*/t͡se̯ˈarɾə/,null*/vˈiɲe/,null*/mənˈukʎu/,null*/se̯ˈaɾə/,null*/mənˈa/,null*/mˈuld͡ʒe/,null*/pˈaʃte/,null*/ənsemnˈa/,null*/tˈunde/,null*/fənˈat͡su/,null*/fəne̯ˈat͡sə/,null*/jeɾnˈa/,null*/d͡ʒˈuɡu/,null*/nutɾˈet͡su/,null*/pəʃˈune/,null*/sərt͡ʃinˈajɾu/,null*/stˈawlu/,null*/stemuɾˈajɾe/,null*/tˈuɾmə/,null*/vəkəɾe̯ˈat͡sə/,null*/bowˈajɾu/,null*/pəstˈor/,null*/purkˈajɾu/,null*/purkəɾe̯ˈat͡sə/,null*/kˈaʃu/,null*/t͡ʃe̯ˈaɾə/,null*/kʎˈaɡu/,null*/fˈaɡuɾu/,null*/fˈaɡu/,null*/fɾˈuptu/,null*/ənkʎeɡˈa/,null*/pəstˈuɾə/,null*/stˈupu/,null*/sˈuku/,null*/ˈuntu/,null*/untˈuɾə/,null*/spəntekˈa/,null*/vənˈa/,null*/vənətˈor/,null*/vənəto̯ˈajɾe/,null*/despuʎˈa/,null*/ənfɾˈənd͡ʒe/,null*/ənfɾuntˈa/,null*/ənvˈent͡ʃe/,null*/lˈuptə/,null*/luptˈa/,null*/rɾəpˈi/,null*/supˈune/,null*/skˈutu/,null*/te̯ˈakə/,null*/zˈa/,null*/pˈat͡ʃe/,null*/pɾˈadə/,null*/kˈajjeɾu/,null*/kˈannuɾə/,null*/depənˈa/,null*/fuʎˈoɾu/,null*/fˈurkə/,null*/fuʃtˈelu/,null*/fˈusu/,null*/ənkurrkˈa/,null*/sˈulu/,null*/nˈodu/,null*/urd͡zˈi/,null*/pˈənuɾə/,null*/pje̯ˈadenu/,null*/pˈiwə/,null*/rɾəskʎˈa/,null*/rɾet͡se̯ˈa/,null*/spˈatə/,null*/skˈamə/,null*/stˈupə/,null*/tende̯ˈakʎe/,null*/t͡se̯ˈase/,null*/to̯ˈart͡ʃe/,null*/tˈortu/,null*/ˈaskʎe/,null*/do̯ˈaɡə/,null*/duɡˈajɾu/,null*/duɾˈa/,null*/lemnˈajɾu/,null*/mˈaʎu/,null*/skəndˈuɾə/,null*/sekˈuɾe/,null*/awɾˈajɾu/,null*/kʎˈaje/,null*/fˈawɾu/,null*/ferɾˈajɾu/,null*/fo̯ˈale/,null*/lˈamənə/,null*/bˈute/,null*/kəldˈajɾe/,null*/kˈupə/,null*/stɾəkuɾəto̯ˈajɾe/,null*/ɡəle̯ˈatə/,null*/o̯ˈalə/,null*/ulˈajɾu/,null*/ult͡ʃe̯ˈa/,null*/sˈaku/,null*/t͡sˈestu/,null*/urt͡ʃˈoɾu/,null*/bˈajjeɾu/,null*/kurɾe̯ˈa/,null*/kut͡sˈitu/,null*/fɾembˈiə/,null*/fo̯ˈarfet͡ʃe/,null*/fˈune/,null*/lətˈuɾə/,null*/leʃˈijə/,null*/spˈumə/,null*/sˈulə/,null*/to̯ˈartə/,null*/kʎemˈa/,null*/kuvˈentu/,null*/d͡zˈit͡ʃe/,null*/spˈune/,null*/nˈume/,null*/uɾˈa/,null*/rɾespˈunde/,null*/stɾeɡˈa/,null*/pjɾˈende/,null*/ave̯ˈa/,null*/ave̯ˈa/,null*/d͡ze̯ˈadə/,null*/fˈetu/,null*/fe̯ˈatə/,null*/t͡ʃˈene/,null*/pˈesu/,null*/pɾˈensu/,null*/rɾespˈunsu/,null*/uɾe̯ˈakʎe/,null*/ˈokʎu/,null*/do̯ˈamnə/,null*/ve̯ˈarde/,null*/kˈapu/,null*/t͡sˈene/,null*/ve̯ˈade/,null*/rɾˈide/,null*/dˈu/,null*/sˈənd͡ʒe/,null*/nˈo/,null*/mje̯ˈaɾe/,null*/fje̯ˈaɾe/,null*/ˈəntɾe/,null*/pjˈe/,null*/ˈow/,null*/d͡ʒˈoj/,null*/fɾˈəntu/,null*/dˈosu/,null*/pje̯ˈarsekə/,null*/ʃe̯ˈapte/,null*/ko̯ˈapsə/,null*/fɾˈipse/,null*/lˈapte/,null*/fˈaptu/,null*/lˈuptu/,null*/pje̯ˈaptene/,null*/pjˈeptu/,null*/dˈemnu/,null*/lˈemnu/,null*/pˈumnu/,null*/jeʃˈi/,null*/fɾəsinˈetu/,null*/əntɾe̯ˈa/,null*/muʎe̯ˈaɾe/,null*/pəɾje̯ˈate/,null*/lˈat͡su/,null*/ɡʎˈat͡sə/,null*/bjˈene/,null*/fjˈerɾu/,null*/fˈat͡ʃet͡si/,null*/pˈeɾu/,null*/pˈeɾu/,null*/vˈənə/,null*/me̯ˈasə/,null*/kˈuɲu/,null*/vˈinu/,null*/spˈeɾu/,null*/speɾˈa/,null*/stɾəpˈund͡ʒe/,null*/t͡ʃˈerɾu/,null*/rɾˈiw/,null*/ko̯ˈat͡ʃe/,null*/ad͡ʒutˈa/,null*/fˈat͡sə/,null*/ˈajbə/,null*/skˈajbə/,null*/t͡ʃˈuɾu/,null*/skˈawnu/,null*/dˈawnə/,null*/ˈud͡ʒer/,null*/nˈeɡuɾə/,null*/rɾˈuɡu/,null*/nˈeɡu/,null*/ˈunkʎu/,null*/be̯ˈa/,null*/adˈuku/,null*/ˈannu/,null*/ʃtˈij/,null*/nˈoj/,null*/vˈoj/,null*/ˈawd͡zi/,null*/kˈase/,null*/lˈupi/,null*/kˈəndu/,null*/je̯ˈaste/,null*/jˈelu/,null*/je̯ˈa/,null*/jˈeʎi/,null*/je̯ˈale/,null*/jˈew̥/,null*/jˈe/,null*/eɾˈa/,null*/nˈeɡɾu/,null*/ne̯ˈaɡɾə/,null*/ne̯ˈaɡɾe/,null*/se̯ˈaɾə/,null*/d͡ze̯ˈat͡ʃe/,null*/mo̯ˈalə/,null*/ste̯ˈa/,null*/bˈunə/,null*/mje̯ˈa/,null*/mˈunte/,null*/pəɾˈente/,null*/sənetˈate/,null*/purtˈa/,null*/t͡ʃetˈate/,null*/d͡zˈiku/,null*/kɾˈeʃti/,null*/zɡˈaw/,null*/zɡˈawɾu/,null*/zɡˈawɾə/,null*/zɡˈaɾje/,null*/zɡˈowɾə/,null*/tˈempu/,null*/fəme̯ˈaʎe/,null*/ˈənsu/,null*/mˈaj/
R238,,,,,,,,,,,,,,,,,,,,,,,,,,,,,,,,,,,,,,,,,,,,,,,,,,,,,,,,,,,,,,,,,,,,,,,,,,,,,,,,,,,,,,,,,,,,,,,,,,,,,,,,,,,,,,,,,,,,,,,,,,,,,,,,,,,,,,,,,,,,,,,,,,,,,,,,,,,,,,,,,,,,,,,,,,,,,,,,,,,,,,,,,,,,,,,,,,,,,,,,,,,,,,,,,,,,,,,,,,,,,,,,,,,,,,,,,,,,,,,,,,,,,,,,,,,,,,,,,,,,,,,,,,,,,,,,,,,,,,,,,,,,,,,,,,,,,,,,,,,,,,,,,,,,,,,,,,,,,,,,,,,,,,,,,,,,,,,,,,,,,,,,,,,,,,,,,,,,,,,,,,,,,,,,,,,,,,,,,,,,,,,,,,,,,,,,,,,,,,,,,,,,,,,,,,,,,,,,,,,,,,,,,,,,,,,,,,,,,,,,,,,,,,,,,,,,,,,,,,,,,,,,,,,,,,,,,,,,,,,,,,,,,,,,,,,,,,,,,,,,,,,,,,,,,*/fˈiu/,*/fˈie/,,,,,,,,,,,,,,,,,,,,,,,,,,,,,,,,,,,,,,,,,,,,,,,,,,,,,,,,,,,,,,,,,,,,,,,,,,,,,,,,,,,,,,,,,,,,,,,,,,,,,,,,,,,,,,,,,,,,,,,,,,,,,,,,,,,,,,,,,,,,,,,,,,,,,,,,,,,,,,,,,,,,,,,,,,,,,,,,,,,,,,,,,,,,,,,,,,,,,,,,,,,,,,,,,,,,,,,,,,,,,,,,,,,,,,,,,,,,,,,,,,,,,,,,,,,,,,,,,,,,,,,,,,,,,,,,,,,,,,,,,,,,,,,,,,,,,,,,,,,,,,,,,,,,,,,,,,,,,,,,,,,,,,,,,,,,,,,,,,,,,,,,,,,,,,,,,,,,*/mˈie/,,,,,,,,,,,,,,,,,,,,,,,,,,,,,,,,,,,,,,,,,,,,,,,,,*/kuviˈent͡sə/,,,,,,,,,,,,,,,,,,,,,,,,,,,,,,,,,,,,,,,,,,,,,,,,,,,,,,,,,,,,,,,,,,,,,,,,,,,,,,,,,,,,,,,,,,,,,,,,,,,,,,,,,,,,,,,,,,,,,,,,,,,,,,,,,,,,,,,,,,,,,,*/apɾˈopu/,,,,,,,,,,,,,,,,,,,,,,,,,,,,,,,,,,,,,,,,,,,,,*/abˈi/,,,,,,,,,,,,,,,,,,,,,,,,,,,,,,,,,,,,,,,,,,,,,,,,,,,,,,,,,,,,,,,,,,,,,,,,,,,,,,,,,,,,,,,,,,,,,,,,,*/vˈie/,,,,,,,,,,,,,,,,,,,,,,,,,,,,,,,,,,,,,,,,,,,,,,,,,,,,,,,,,,,,,,,,,,,,,,,,,,,,,,,,,,,,,,,,,,,,,,,,,,,,,,,,,,,,,,,,,,,,,,,,,,,,,,,,,,,,,,,,,,,,,,,*/pˈe/,,,,,,,,,,,,,,,,,,,,,,,,*/bˈene/,,,,,,,,,,,,,,,,,,,,,,,,,,,,,,,,,,,,,,,,,,,,,,,,,,,,,,,,,,,,,,,,,,,,,
R239,,,,,,,,,,,,,,,,,,,,,,,,,,,,,,,,,,,,,,,,,,,,,,,,,,,,,,,,,,,,,,,,,,,,,,,,,,,,,,,,,,,,,,,,,,,,,,,,,,,,,,,,,,,,,,,,,,,,,,,,,,,,,,,,,,,,,,,,,,,,,,,,,,,,,,,,,,,,,,,,,,,,,,,,,,,,,,,,,,,,,,,,,,,,,,,,,,,,,,,,,,,,,,,,,,,,,,,,,,,,,,,,,,,,,,,,,,*/mənuntˈaʎe/,,,,,,,,,,,,,,,,,,,,,,,*/d͡ʒenˈunkʎu/,,,,,,,,,,,,,,,,,,,,,,,,,,,,,,,,,,,,,,,,,,,,,,,,,,,,,,,,,,,,,,,,,,,,,,,,,,,,,,,,,,,,,,,,,,,,,,,,,,,,,,,,,,,,,,,,,,,,,,,,,,,,,,,,,,,,,,,,,,,,,,,,,,,,,,,,,,,,,,,,,,,,,,,,,,,,,,,,,,,,,,,,,,,,,,,,,,,,,,,,,,,,,,,,,,,,,,,,,,,,,,,,,,,,,,,,,,,,,,,,,,,,,,,,,,,,,,,,,,,,,,,,,,,,,,,,,,,,,,,,,,,,,,,,,,,,,,,,,,,,,,,,,,,,,,,,,,,,,,,,,,,,,,,,,,,,,,,,,,,,,,,,,,,,,,,,,,,,,,,,,,,,,,,,,,,,,,,,,,,,,,,,,,,,,,,,,,,,,,,,,,,,,,,,,,,,,,,,,,,,,*/pənˈinku/,,,,,,,,,,,,,,,,,,,,,,,,,,,,,,,,,,,,,,,,,,,,,,,,,,,,,,,,,,,,,,,,,,,,,,,*/d͡ʒunˈint͡ʃe/,,,,,,,,,,,,,,,,,,,,,,,,,,,,,,,,,,,,,,,,,,,,,,,,,,,,,,,,,,,,,,,,,,,,,,,,,,,,,,,,,,,,,,,,,,,,,,,,,*/mənˈuntu/,,,,,,,,,,,,,,,,,,,,,,,,,,,,,,,,,,,,,,,,,,,,,,,,,,,,,,,,,,,,,,,,,,,,,,,,,,,,,,,,,,,,,,,,,,,,,,,,,,,,,,,,,,,,,,,,,,,,,,,,,,,,,,,,,,,,,,,,,,,,,,,*/kənˈuntu/,,,,,,,,,,,,,,,,,,,,,,,,,,,,,,,,,,,,,,,,,,,,,,,,,,,,,,,,,,,,,,,,,,,,,,,,,,,,,,,,,,,,,,,,,,,,,,,,,,,,,,,,,,,,,,,,,,,,,,,,,,,,,,,,,,,,,,,,,,,,,,,,,,,,,,,,,,,,,,,,,,,,,,,,,,,,,,,,,,,,,,,,,,,,,,,,,,,,,,,,,,,,,,,,,,,*/mənˈunkʎu/,,,,,,,,,,,,,,,,,,,,,,,,,,,,,,,,,,,,,,,,,,,,,,,,,,,,,,,,,,,,,,,,,,,,,,,,,,,,,,,,,,,,,,,,,,,,,,,,,,,,,,,,,,,,,,,,,,,,,,,,,,,,,,,,,,,,,,,,,,,,,,,,,,,,,,,,,,,,,,,,,,,,,,,,,,,,,,,,,,,,,,,,,,,,,,,,,,,,,,,,,,,,,,,,,,,,,,,,,,,,,,,,,,,,,,,,,,,
R240,,,,,,,,*/adevˈəɾu/,,,,,,,,,,,,,,,,,,,,,,,,,,,,,,,,,,,,,,,,,,,,,,,,,,,,,,*/aməndˈoj/,,,,,,*/apəsˈa/,,,,,,,,,,,,,,,,,,,,,,,,,,,,,,,,*/kəpˈəstɾu/,,,,,,,,,,,,,,,,,,,,,,*/sˈalbədu/,,,,,,,*/spəlˈa/,,,,,*/fəwɾˈajɾu/,,,,,,,,,,,,,,,,*/əmpəɾˈatu/,,,,,,,,,,*/ənvət͡sˈa/,,,,,,,,*/pəkˈuʎu/,,*/pəstˈaʎe/,*/pˈətuɾə/,,,,,*/pɾiməvə̯ˈaɾə/,,,,,,,,,,*/spˈəsu/,,,,,,,*/vˈəsku/,,*/fə̯ˈamənu/,,,,,,,,*/bətɾˈənu/,,,,,,,,,,,,,,,,,,,,,,,,,,,,*/ˈuməɾu/,,,,,,,,,,,,,,,,,,,,,,,,,,,,*/mədulˈajɾu/,,,,,,,*/mədˈuvə/,,,,,,,,,,,,,,,,,,,,,,,,,,,,,,,,,,,,,*/ləpədˈa/,,,,,,,*/desmərdˈa/,,,,,,,,,,,,,,,,,,,,,*/kˈumpətu/,,,,,*/spəməntˈa/,*/stempəɾˈa/,,,,,,,,,,,,,,*/pəsˈa/,*/pˈəsu/,,,,,,,,,*/supəɾˈa/,,,,,,,,,*/vərtˈute/,,,,,,,,,,,,,,,,,,,,,,*/vərtˈosu/,,,,,,,,,*/d͡ʒe̯ˈamətu/,,,,,,,,,,,,,,,,,,,,,,,,,,,,,,*/beʃtimˈəntu/,*/kəlt͡səmˈəntu/,,,,,,,,,,,,,,*/bə̯ˈatə/,,,,,,,,,,,,,,,,,,,,,,,,,,,,,,,,,,,,,,,,,,,*/kopeɾimˈəntu/,,,,,,,,,,,,,,*/kəpətˈəɲu/,,,,,*/mətˈuʃə/,,,,,,,,,,,*/vˈəɾu/,,,,,,,,,,,,,,,,*/vˈəduv/,,,,*/ospˈət͡su/,,,,,,,,*/skəpətˈa/,*/lut͡ʃe̯ˈafəɾu/,,,,,,,,,,,,,,,,,,,,*/vˈəntu/,,,,,,,,,,,,,,,,,,,,,,,*/və̯ˈaɾə/,*/pəmˈəntu/,,,,,,,,,,,,,,,,,,,,,,,,,,,,,,,,,,,,,,,,,,,,,,,,*/semˈənt͡sə/,,,,,*/vˈəsdu/,*/və̯ˈarɡə/,*/kˈarpənu/,,*/d͡ʒune̯ˈapəɾu/,,,,,,,,,,*/mˈəɾu/,,,,,,,,*/pədut͡ʃˈelu/,,,,,,,,,,,,,,,*/kukˈurbətə/,,,,,,,,*/və̯ˈard͡zə/,,,,,,,,,,,,,*/mˈəntə/,,,,,,,,,,,,,,,,,,,*/fətˈa/,,,,,*/rɾuməɡˈa/,,,,,,,,*/aɾməsˈajɾu/,,,,,,,,,,,,,,,,,,,*/pəkˈujnə/,,,,,,,,,,,,*/berbˈəku/,,,,*/vətˈuʎu/,*/vətˈuʎe/,,,,,,,,,,,,,,,*/pə̯ˈannə/,*/pˈənnuɾə/,,,,,,,,,,,,,*/pətuɾnˈikʎe/,,,,,,,,,,*/pəskˈajɾu/,,,*/ʃerpˈənt͡sə/,*/vˈipəɾə/,,,,,,,,,,,,,,*/pədˈukʎu/,,,,,,,,,,,,,,,*/məsˈuɾə/,*/məsuɾˈa/,,,,*/numəɾˈa/,*/nˈuməɾu/,,,,,,,,,,,,,,,,,,,,,,,,,,,*/ˈaspəɾu/,,,,,,,,*/ˈumədu/,,,,,,,,,,,,,,,,,,,,*/seməɾˈa/,,,,,,,*/vəskˈosu/,,,,,,*/kuvəntˈa/,,,,,*/ospətˈa/,,,*/d͡ʒuɾəmˈəntu/,,,,,*/leɡəmˈəntu/,,,,,,,,,,,,,,,,,,,,,,,,,,,,,,,*/pəkˈatu/,,,,,,,,*/monmˈəntu/,,,,,,,,,,,,,,,,,,,,,*/ɡˈalbənu/,,,,,*/vərɡˈatu/,,,,,,,,,,,,,,,,,,,,,,,,,,,,,,,,,,,,,,,,,,,,,,,,,,,,,,,,,,,,,,,,,,,,,,,,,,,,,,,,,,,,,,,,,,,,,,,,,,,,,,,,,,,,,,,,,,,,,,,,,,,,,,,,,,*/despəkˈa/,,,,*/spulbəɾˈa/,,,,,,,,,,,,,,,,,,,,*/pərtˈunde/,,,,,,,*/vərsˈa/,,,,,*/rɾˈapədu/,,,,,,,,,,,,,,,,,,,,,,,,,,,,*/vəntuɾˈa/,,,,,,,,,,,,,,,,,,,,,,,,,,,,,,,,,,,,,,,,,,,,,,,,,,,,,,,,,,,,,,,,,,,,,,,,,,,,,,,,,,,,,,,,,,,,,,,,*/fərɾˈajɾu/,,,,,,,,,,,,,,,,,,,,,,,,,,*/kuvˈəntu/,,,,,,,,,,,*/fˈətu/,*/fə̯ˈatə/,,*/pˈəsu/,,,,,,,,,,,,,,,,,,,,,,,,,,,,,,,,,,,,,,,,,,,,*/pˈəɾu/,*/pˈəɾu/,,*/mə̯ˈasə/,,,*/spˈəɾu/,*/spəɾˈa/,,,,,,,,,,,,,,,,,,,,,,,,,,,,,,,,,,,,,,,,,,,,,,,,,,,,,,,,,,,
R241,,,,,,,,,,,,,,,,,,,,,,,,,,,,,,,,,,,,,,,,,,,,,,,,,,,,,,,,,,,,,,,,,,,,,,,,,,,,,,,,,,,,,,,,,,,,,,,,,,,,,,,,,,,,,,,,,,,,,,,,,,,,,,,,,,,,,,,,,,,,,,,,,,,,,,,,,,,,,,,,,,,,,,,,,,,,,,,,,,,,,,,,,,,,,,,,,,,,,,,,,,,,,,,,,,,,,,,,,,,,,,,,,,,,,,,,,,,,,,,,,,,,,,,,,,,,,,,,,,,,,,,,,,,,,,,,,,,,,,,,,,,,,,,,,,,,,,,,,,,,,,,,,,,,,,,,,,,,,,,,,,,,,,,,,,,,,,,,,,,,,,,,,,,,,,,,,,,,,,,,,,,,,,,,,,,,,,,,,,,,,,,,,,,,,,,,,,,,,,,,,,,,,,,,,,,,,,,,,,,,,,,,,,,,,,,,,,,,,,,,,,,,,,,,,,,,,,,,,,,,,,,,,,,,,,,,,,,,,,,,,,,,,,,,,,,,,,,,,,,,,,,,,,,,,,,,,,,,,,,,,,,,,,,,,,,,,,,,,,,,,,,,,,,,,,,,,,,,,,,,,,,,,,,,,,,,,,,,,,,,,,,,,,,,,,,,,,,,,,,,,,,,,,,,,,,,,,,,,,,,,,,,,,,,,,,,,,,,,,,,,,,,,,,,,,,,,,,,,,,,,,,,,,,,,,,,,,,,,,,,,,,,,,,,,,,,,,,,,,,,,,,,,,,,,,,,,,,,,,,,,,,,,,,,,,,,,,,,,,,,,,,,,,,,,,,,,,,,,,,,,,,,,,,,,,,,,,,,,,,,,,,,,,,,,,,,,,,,,,,,,,,,,,,,,,,,,,*/vˈipeɾə/,,,,,,,,,,,,,,,,,,,,,,,,,,,,,,,,,,,,,,,,,,,,,,,,,,,,,,,,,,,,,,,,,,,,,,,,,,,,,,,,,,,,,,,,,,,,,,,,,,,,,,,,,,,,,,,,,,,,,,,,,,,,,,,,,,,,,,,,,,,,,,,,,,,,,,,,,,,,,,,,,,,,,,,,,,,,,,,,,,,,,,,,,,,,,,,,,,,,,,,,,,,,,,,,,,,,,,,,,,,,,,,,,,,,,,,,,,,,,,,,,,,,,,,,,,,,,,,,,,,,,,,,,,,,,,,,,,,,,,,,,,,,,,,,,,,,,,,,,,,,,,,,,,,,,,,,,,,,,,,,,,,,,,,,,,,,,,,,,,,,,,,,,,,,,,,,,,,,,,,,,,,,,,,,,,,,,,,,,,,,,,,,,,,,,,,,,,,,,,,,,,,,,,,,,,,,,,,,,,,,,,,,,,,,,,,,,,,,,,,,,,,,,,,,,,,,,,,,,,,,,,,,,,,,,,,,,,,,,,,,,,,,,,,,,,,,,,,,,,,,,,,,,,,,,,,,,,,,,,,,,,,,,,,,,,,,,,,,,,,,,,,,,,,,,,,,,,,,,,,,,,,,,,,,,,,,,,,,,,,,,,,,,,,,,,,,,,,,,,,,,,,,,,,,,,,,,,,,,,,,,
R242,,,,,,,,,,,,,,,,,,,,,,,,,,,,,,,,,,,,,,,,,,,,,,,,,,,,,,,,,,,,,,,,,,,,,,,,,,,,,,,,,,,,,,,,,,,,,,,,,,,,,,,,,,,,,,,,,,,,,,,,,,,,,,,,,,,,,,,,,,,,,,,,,,,,,,,,,,,,,,,,,,,,,,,,,,,,,,,,*/pɾiməvˈaɾə/,,,,,,,,,,,,,,,,,,,*/fˈamənu/,,,,,,,,,,,,,,,,,,,,,,,,,,,,,,,,,,,,,,,,,,,,,,,,,,,,,,,,,,,,,,,,,,,,,,,,,,,,,,,,,,,,,,,,,,,,,,,,,,,,,,,,,,,,,,,,,,,,,,,,,,,,,,,,,,,,,,,,,,,,,,,,,,,,,,,,,,,,,,,,,,,,,,,,,,,,,,,,,,,,,,,,,,,,,,,,,,,,,,,,,,,,,,,,,,,,,,,,,,,,,,,,,,,,,,,,,,,,,,,,,,,,,,,,,,,*/bˈatə/,,,,,,,,,,,,,,,,,,,,,,,,,,,,,,,,,,,,,,,,,,,,,,,,,,,,,,,,,,,,,,,,,,,,,,,,,,,,,,,,,,,,,,,,,,,,,,,,,,,,,,,,,,,,,,,,,,,,,,,,,,,,,,,,,,,,,,,,,,,,,,,,,*/vˈaɾə/,,,,,,,,,,,,,,,,,,,,,,,,,,,,,,,,,,,,,,,,,,,,,,,,,,,,,,,*/vˈarɡə/,,,,,,,,,,,,,,,,,,,,,,,,,,,,,,,,,,,,,,,,,,,,*/vˈard͡zə/,,,,,,,,,,,,,,,,,,,,,,,,,,,,,,,,,,,,,,,,,,,,,,,,,,,,,,,,,,,,,,,,,,,,,,,,,,,,,,,,,,,,,,,,,,,,,,,,*/pˈannə/,,,,,,,,,,,,,,,,,,,,,,,,,,,,,,,,,,,,,,,,,,,,,,,,,,,,,,,,,,,,,,,,,,,,,,,,,,,,,,,,,,,,,,,,,,,,,,,,,,,,,,,,,,,,,,,,,,,,,,,,,,,,,,,,,,,,,,,,,,,,,,,,,,,,,,,,,,,,,,,,,,,,,,,,,,,,,,,,,,,,,,,,,,,,,,,,,,,,,,,,,,,,,,,,,,,,,,,,,,,,,,,,,,,,,,,,,,,,,,,,,,,,,,,,,,,,,,,,,,,,,,,,,,,,,,,,,,,,,,,,,,,,,,,,,,,,,,,,,,,,,,,,,,,,,,,,,,,,,,,,,,,,,,,,,,,,,,,,,,,,,,,,,,,,,,,,,,,,,,,,,,,,,,,,,,,,,,,,,,,,,,,,,,,,,,,,,,,,,,,,,,,,,,,,,,,,,,,,,,,,,,,,,,,,,,,,,,,,,,,,,,,,,,,,,,,,,,,,,,,,,,,,,,,,,,,,,,,,,,,,,,,,,,,,,,,,,,,,,,,,,,,,,,,,,,,,,,,,,,,,,,,,,,,,,,,,,,,,,*/fˈatə/,,,,,,,,,,,,,,,,,,,,,,,,,,,,,,,,,,,,,,,,,,,,,,,,,*/mˈasə/,,,,,,,,,,,,,,,,,,,,,,,,,,,,,,,,,,,,,,,,,,,,,,,,,,,,,,,,,,,,,,,
R243,,,,,,,,,,,,,,,,,,,,,,,,,,,,,,,,,,,,,,,,,,,,,,,,,,,,,,,,,,,,,,,,,,,,,,,,,,,,,,,,,,,,,,,,,,,,,,*/deskərkˈa/,,,,,,,,,,,,,,,,,,,,,,,,,,,,,,,,,,,,,,,,,,,,,,,,,,,,,,*/urˈi/,*/urˈesku/,,,,,,*/ənkərkˈa/,,,,,,,,,,,,,,,,,,,,,,,,,,,,,*/ʃe̯ˈarə/,,,,,,,,,,,,,,,,,,,,,,,,,,,,,,,,,,,,,,*/rˈostɾu/,,,,,,,,,,,,,,,,,*/rˈenə/,*/rinˈekʎu/,*/renˈunkʎu/,,,,,,,,,,,,,,,,,,,,,,,,,,,,,,,,,,,,*/resuflˈa/,,,,,,,,,,,,,,,,,,,,,,,,,,,,,,,,,,,,,,,,,*/repusˈa/,,,,,,,,,,,,,,,,,,,,,,*/ənteretˈa/,,,,,,,,,,,,,,,,*/rˈide/,*/rˈesu/,*/ruʃˈine/,,,,,,,,,,,,,,,,,,,,,,,,,,,,,,,,,,,*/rˈəɲe/,,,,,,,,,,,,,,,,,,,,,,,,*/repˈune/,,,,,,,,,,,,,,,,,,,,,,,,,,,,,,,,,,,,,,,,,,,,,,,,,,,,,,,,,,,,,,,,,,,,,,,,,,,,,,,,,,,,,,,,,,,,,,,,,,,,,,,,,,,,,,,,,,,,,,,,,,,,,,,,,,,,,*/resəɾˈi/,,,,,,,,,,,,,,*/rˈowə/,,,,,,,,,,,,,,,,,,,,,,,,,,,,,,,,,,,*/terˈinə/,,,,,,,,,,,*/rˈipə/,,,,,*/kˈure/,,,,,,,,,,,,,,,,,,,,,,*/rədet͡ʃˈinə/,*/rˈamu/,*/reʃˈinə/,,,,,,,,,,,,,,,,,,,,,,,,,,,,,,,,,,,,,,,,,,,,,,,,,*/pˈoru/,*/rəd͡zˈikʎe/,,,,,,,,,,,,,,,,,,,,,,,,,,,,,,,,,,,,,,*/ruməɡˈa/,*/ɡərˈesku/,,,,*/rˈad͡ʒe/,*/runked͡zˈa/,*/rimˈa/,,,,,,,,,,,,,,,,,,,,,,,,,*/rˈojbu/,,,,,,*/vjˈeru/,,,,,,,,,,,,,,,,,,,,,,,,,,,,,,,,,,,,,,,,,,,,,,,,,,,,,,,,,,,,,,,,,,,,,,,,,,,,,,,,,,,,,,,,,,,,,,,,,,,,,,,,,,,,,,,,,,,,,,,,,,,,,,,,,,,,*/rˈənt͡ʃedu/,*/rˈaɾu/,*/retˈundu/,*/rˈudu/,,,,,,,,,,,,,,,,,,,,,,,,,,,,,,,,,,,,,,,,,,,,,,,,,,,,,,,,,,,,,,*/pərəje̯ˈasemi/,*/ruɡˈa/,*/ruɡət͡ʃˈune/,,,,,,,,,,,,,,,,,,,,,,,,,,,,*/rˈoʃu/,*/rˈusu/,,,,,,,,,,*/re̯ˈat͡ʃe/,*/reko̯ˈaɾe/,,,,,,,,,,,,,,,,*/kurˈendu/,,,,,,,,,,,,,,,,,,,,,,,,,,,,,,,,,,,,,,,,,,,,,*/erətet͡ʃˈi/,,,,,,,,,,,,,,,,,,*/areptˈa/,,,,,,,,,,,,,*/rˈumpe/,,,,,,,,,,,,,,,,*/rˈew̥/,,,,,,,,,,,,,,,,,,,,,,,,,,,,,,,,,,,,,,*/rˈade/,*/ro̯ˈade/,,,,,,,,,,*/rˈapədu/,,*/kərˈa/,,,,,,,,,*/kˈaru/,*/ənkərkətˈuɾə/,,,,*/ro̯ˈatə/,,,,*/kərˈajɾe/,,,,,,,,,,,,,,,*/rˈunku/,,*/t͡se̯ˈarə/,,,,,,,,,,,,,,,,,,,,,,,,,,,,,,,,,,,,,,,,,,,,,,*/rəpˈi/,,,,,,,,,,,,,,*/ənkurkˈa/,,,,,,,*/rəskʎˈa/,*/ret͡se̯ˈa/,,,,,,,,,,,,,,,,,,,*/fərˈajɾu/,,,,,,,,,,,,,,,*/kure̯ˈa/,,,,,,,,,,,,,,,,*/respˈunde/,,,,,,,,,,,*/respˈunsu/,,,,,,,,*/rˈide/,,,,,,,,,,,,,,,,,,,,,,,,,,,,,,,,*/fjˈeru/,,,,,,,,,,,*/t͡ʃˈeru/,*/rˈiw/,,,,,,,,,,,*/rˈuɡu/,,,,,,,,,,,,,,,,,,,,,,,,,,,,,,,,,,,,,,,,,,,,,
R244,,,,,,,,,,,,,,,,,,,,,,,,,,,,,,,,,,,,,,,,,,,,,,,,,,,,,,,,,,,,,,,,,,,,,,,,,,,,,,,,,,,,,,,,,,,,,,,,,,,,,,,,,,,,,,,,,,,,,,,,,,,,,,,,,,,,,,,,,,,,,,,,,,,,*/urˈɨ/,*/urˈəsku/,,,,,,,,,,,,,,,,,,,,,,,,,,,,,,,,,,,,,,,,,,,,,,,,,,,,,,,,,,,,,,,,,,,,,,,,,,,,,,,,,,,,,,,,,,*/rˈənə/,*/rɨnˈekʎu/,*/rənˈunkʎu/,,,,,,,,,,,,,,,,,,,,,,,,,,,,,,,,,,,,*/rəsuflˈa/,,,,,,,,,,,,,,,,,,,,,,,,,,,,,,,,,,,,,,,,,*/rəpusˈa/,,,,,,,,,,,,,,,,,,,,,,*/ənterətˈa/,,,,,,,,,,,,,,,,*/rˈɨde/,*/rˈəsu/,,,,,,,,,,,,,,,,,,,,,,,,,,,,,,,,,,,,,,,,,,,,,,,,,,,,,,,,,,,,*/rəpˈune/,,,,,,,,,,,,,,,,,,,,,,,,,,,,,,,,,,,,,,,,,,,,,,,,,,,,,,,,,,,,,,,,,,,,,,,,,,,,,,,,,,,,,,,,,,,,,,,,,,,,,,,,,,,,,,,,,,,,,,,,,,,,,,,,,,,,,*/rəsəɾˈi/,,,,,,,,,,,,,,,,,,,,,,,,,,,,,,,,,,,,,,,,,,,,,,,,,*/terˈɨnə/,,,,,,,,,,,*/rˈɨpə/,,,,,*/kˈurə/,,,,,,,,,,,,,,,,,,,,,,,,*/rəʃˈinə/,,,,,,,,,,,,,,,,,,,,,,,,,,,,,,,,,,,,,,,,,,,,,,,,,,,,,,,,,,,,,,,,,,,,,,,,,,,,,,,,,,,,,,,,,*/ɡərˈəsku/,,,,,,*/rɨmˈa/,,,,,,,,,,,,,,,,,,,,,,,,,,,,,,,,,,,,,,,,,,,,,,,,,,,,,,,,,,,,,,,,,,,,,,,,,,,,,,,,,,,,,,,,,,,,,,,,,,,,,,,,,,,,,,,,,,,,,,,,,,,,,,,,,,,,,,,,,,,,,,,,,,,,,,,,,,,,,,,,,,,,,*/rətˈundu/,,,,,,,,,,,,,,,,,,,,,,,,,,,,,,,,,,,,,,,,,,,,,,,,,,,,,,,,,,,,,,,,,,,,,,,,,,,,,,,,,,,,,,,,,,,,,,,,,,,,,,,,,*/rəko̯ˈaɾe/,,,,,,,,,,,,,,,,*/kurˈəndu/,,,,,,,,,,,,,,,,,,,,,,,,,,,,,,,,,,,,,,,,,,,,,,,,,,,,,,,,,,,,,,,*/arəptˈa/,,,,,,,,,,,,,,,,,,,,,,,,,,,,,*/rˈəw̥/,,,,,,,,,,,,,,,,,,,,,,,,,,,,,,,,,,,,,,,,,,,,,,,,,,,,,,,,,,,,,,,,,,,,,,,,,,,,,,,,,,,,,,,,,,,,,,,,,,,,,,,,,,,,,,,,,,,,,,,,,,,,,,,,,,,,,,,,,,,,,,,,,,,,,,,,,,*/rət͡se̯ˈa/,,,,,,,,,,,,,,,,,,,,,,,,,,,,,,,,,,,,,,,,,,,,,,,,,,*/rəspˈunde/,,,,,,,,,,,*/rəspˈunsu/,,,,,,,,*/rˈɨde/,,,,,,,,,,,,,,,,,,,,,,,,,,,,,,,,,,,,,,,,,,,,*/rˈɨw/,,,,,,,,,,,,,,,,,,,,,,,,,,,,,,,,,,,,,,,,,,,,,,,,,,,,,,,,
R245,,,,,,,,,,,,,,,,,,,,,,,,,,,,,,,,,,,,,,,,,,,,,,,,,,,,,,,,,,,,,,,,,,,,,,,,,,,,,,,,,,,,,,,,,,,,,,,,,,,,,,,,,,,,,,,,,,,,,,,,,,,,,,,,,,,,,,,,,,,,,,,,,,,,,,,,,,,,,,,,,,,,,,,,,,,,,,,,,,,,,,,,,,,,,,,,,,,,,,,,,,,,,,,,,,,,,,,,,,,,,,,,,,,,,,,,,,*/məruntˈaʎe/,,,,,,,*/rərˈunkʎu/,,,,,,,,,,,,,,,,,,,,,,,,,,,,,,,,,,,,,,,,,,,,,,,,,,,,,,,,,,,,,,,,,,,,,,,,,,,,,,,,,,,,,,,,,,,,,,,,,,,,,,,,,,,,,,,,,,,,,,,,,,,,,,,,,,,,,,,,,,,,,,,,,,,,,,,,,,,,,,,,,,,,,,,,,,,,,,,,,,,,,,,,,,,,,,,,,,,,,,,,,,,,,,,,,,,,,,,,,,,,,,,,,,,,,,,,,,,,,,,,,,,,,,,,,,,,,,,,,,,,,,,,,,,,,,,,,,,,,,,,,,,,,,,,,,,,,,,,,,,,,,,,,,,,,,,,,,,,,,,,,,,,,,,,,,,,,,,,,,,,,,,,,,,,,,,,,,,,,,,,,,,,,,,,,,,,,,,,,,,,,,,,,,,,,,,,,,,,,,,,,,,,,,,,,,,,,,,,,,,,,,,,,,,,,,,,,,,,,,,,,,,,,,,,,,,,,,,,,,,,,,,,,,,,,,,,,,,,,,,,,,,,,,,,,,,,,,,,,,,,,,,,,,,,,,,,,,,,,,,,,,,,,,,,,,,,,,,,,,,,,,,,,,,,,,,,,,,,,,,,,,,,,,,,,,,,,,,,,,,,,,,,,,,,,,,,,,,,,,,,,,,,,*/mərˈuntu/,,,,,,,,,,,,,,,,,,,,,,,,,,,,,,,,,,,,,,,,,,,,,,,,,,,,,,,,,,,,,,,,,,,,,,,,,,,,,,,,,,,,,,,,,,,,,,,,,,,,,,,,,,,,,,,,,,,,,,,,,,,,,,,,,,,,,,,,,,,,,,,*/kərˈuntu/,,,,,,,,,,,,,,,,,,,,,,,,,,,,,,,,,,,,,,,,,,,,,,,,,,,,,,,,,,,,,,,,,,,,,,,,,,,,,,,,,,,,,,,,,,,,,,,,,,,,,,,,,,,,,,,,,,,,,,,,,,,,,,,,,,,,,,,,,,,,,,,,,,,,,,,,,,,,,,,,,,,,,,,,,,,,,,,,,,,,,,,,,,,,,,,,,,,,,,,,,,,,,,,,,,,*/mərˈunkʎu/,,,,,,,,,,,,,,,,,,,,,,,,,,,,,,,,,,,,,,,,,,,,,,,,,,,,,,,,,,,,,,,,,,,,,,,,,,,,,,,,,,,,,,,,,,,,,,,,,,,,,,,,,,,,,,,,,,,,,,,,,,,,,,,,,,,,,,,,,,,,,,,,,,,,,,,,,,,,,,,,,,,,,,,,,,,,,,,,,,,,,,,,,,,,,,,,,,,,,,,,,,,,,,,,,,,,,,,,,,,,,,,,,,,,,,,,,,,
R246,,,,,,,,,,,,,,,,,,,,,,,,,,,,,,,,,,,,,,,,,,,,,,,,,,,,,,,,,,,,,,,,,,,,,,,,,,,,,,,,,,,,,,,,,,,,,,,,,,,,,,,,,,,,,,,,,,,,,,,,,,,,,,,,,,,,,,,,,,,,,,,,,,,,,*/urˈɨsku/,,,,,,,,,,,,,,,,,,,,,,,,,,,,,,,,,,,,,,,,,,,,*/vˈɨsku/,,,,,,,,,,,,,,,,,,,,,,,,,,,,,,,,,,,,,,,,,,,,,,,,,,,,,,,,,,,,,,,,,,,,,,,,,,,,,,,,,,,,,,,,,,,,,,,,,,,,,,,,,,,,,,,,,,,*/kɨʃtiɡˈa/,,,,,,,,,,,,,,,,,,,,,,,,,,,,,,,,,,,,,,,,,,,,,,,,,,,,,,,,,,,,,,,,,,,,,,,,,,,,,,,,,,,,,,,,,,,,,,,,,,,,,,,,,,,,,,,,,,,,,,,,,,,,,,,,,,,,,,,,,,,,,,,,,,,,,,,,,,,,,,,,,,,,,,,,,,,,,,,,,,,,,,,,,,,,,,,,,,,,,,,,,,,,,,,,,,,,,,,,,,,,,,,,,,,,,,,,,,,,,,,,,,,,,,,,,,,,,,,,,,,,,,,,,,,,,,,,,,,,,,,,,,,,,,,,,,,,,,,,,,,,,,,,,,,,,,,,,,,,,,,,,,,,,,,,,,,,,,,,,,,,,,,,,,,,,,,,,,,,,,,,,,,,,,,,,,,,,,,,,,,,,,,,,,,,,,,,,,,,,,,,,,,,,,,,,,,,,,,,,,,,*/ɡərˈɨsku/,,,,,,,,,,,,,,,,,,,,,,,,,,,,,,,,,,,,,,,,,,,,,,,,,,,,,,,,,,,,,,,,,,,,,,,,,,,,,,,,,,,,,,,,,,,,,,,,,,,,,,,,,,,,,,,,,,,,,,,,,,,,,,,,,,,,,,,,,,,,,,,,,,,,,,,,,,,,,,,,,,,,,,,,,,,,,,,,,,,,,,,*/vɨskˈosu/,,,,,,,,,,,,,,,,,,,,,,,,,,,,,,,,,,,,,,,,,,,,,,,,,,,,,,,,,,,,,,,,,,,,,,,,,,,,,,,,,,,,,,,,,,,,,,,,,,,,,,,,,,,,,,,,,,,,,,,,,,,,,,,,,,,,,,,,,,,,,,,,,,,,,,,,,,,,,,,,,,,,,,,,,,,,,,,,,,,,,,,,,,,,,,,,,,,,,,,,,,,,,,,,,,,,,,,,,,,,,,,,,,,,,,,,,,,,,,,,,,,,,,,,,,,,,,,,,,,,,,,,,,,,,,,,,,,,,,,,,,,,,,,,,,,,,,,,,,,,,,,,,,,,,,,,,,,,,,,,,,,,,,,,,,,,,,,,,,,,,,,,,,,,,,,,,,,,,,,,,,,,,,,,,,,,,,,,,,,,,,,,,,,,,,,,,,,,,,,,,,,,,,,,,,,,,,,,,,,,,,,,,,,,,,,,,,,,,,,,,,,,,,,,,,,,,,,,,,,,,,,,,,,,,,,,,,,,,,,,,,,,,,,,,,,,,,,,,,,,,,,,,,,,,,,,,,,,,,,,,,,,
R247,,,,,,,,,*/adidˈinsu/,,,,,,*/alintˈa/,,,,,,,,,,*/apɾjˈinde/,,,,,,,,,,,,,,,,,,,,,,,,,,,,,,,,,,,,,,,,,,,,,,,,,,,,,*/ard͡ʒˈintu/,*/ard͡ʒintˈajɾu/,*/ard͡ʒintˈosu/,,,,,,,,,,,,,,,,,,,,,,,,,,,,,,,,,,,,,,,,,,,,,,,,,,,,,,,,,,,,,,,,,,,,,,,,,,,,,,,,,,,,,,,,,,,,,,,,,,,,,,,,,,,,,,,,,,,,,,,,,,,,,,,,,,,*/dˈinte/,,,,*/d͡ʒind͡ʒˈiə/,*/lˈinbə/,,,,,,,,,,,,,,,,,,,,,,,,,,,,,,,,,,*/vˈintɾe/,,,,,,,,,,,,,,,,,,,,,,,,,,,,,,,,,,,,*/əntˈind͡ʒe/,,,,,,,,,,,,,,,,,,,,,,,,,,,,,,,,,,,,,,,,,,,,,,,,,,,,,,,,,,,,,,,,,,,,,,,,,,,,,,,,,,,,,,,,,,,,,,*/mˈinte/,*/mint͡ʃˈune/,*/mint͡sˈi/,,,,,,,,,*/vindekˈa/,,,,,,,,,,,,,,,,,,,,,,,,,,,,,,,,,,,,,,,,,,,,,,,,,*/kʎˈinɡə/,,,,,,,,*/ənt͡ʃˈind͡ʒe/,,,,,,,,,,,,,,,,,,,,*/meɾˈinde/,,,*/plət͡ʃˈintə/,,,,,,,,,,,,,,,,,,,,,,,,,,,,*/tˈində/,,,,,,,,*/d͡ʒˈintu/,,,,,,,,,,,,,,,,,,,,,,,,,,,,,,*/kɾedˈint͡sə/,,,,,,,,,,,,,,,,,,,,,,,,,,,,,,,,,,,,,,,,,,,,,,,,,*/kəɾindˈajɾu/,,,,,,,,,,,,,,,,,,,,,,,,,,,,,,,,,,,,,,,,,,,,,,,,,,,,,,,,,,,,,,,,,,,,,,,,,,,,,,,,,,,,,,,,,,,,,,,,,,,*/lˈinte/,,,,,,,,,,,,,,,,,,,,,,,,,,,,,,,,,,,,,,,,,,,,,,,,,,,,,,,,,,,,,,,,,,,,,,,,,,,,,,,,,,,,,,,,,,,,,,,,,,,,,,,,,,,,,,,,,,,,,,,,,,,,,,,,,,,,,,,,,,,*/lˈindenə/,,,,,,,,,,,,,,,,,,,,,,,,,,,,,,,,*/sˈinɡuɾu/,,,,,,,,,,,,,,,,,*/ved͡ʒˈint͡si/,,,,,,,,,,,,,,,,,,,,,,,,,,,,,,,,,,,,,,,,,,*/kuviˈint͡sə/,,,,,,,,,,,,,,,,*/putˈint͡sə/,,,,,,,,,,,,,,,,,,*/vˈinde/,,,,,,,,,,,,,,,,,,,,,,,,,,,,,,,,,,,,,,,,,,,,,,,,,,,,,,,,,,,,,,*/ənt͡ʃˈinde/,*/stˈind͡ʒe/,,*/adˈinte/,,,,,,,*/det͡ʃˈinde/,,,,,,,,,,,*/ənəjˈinte/,*/ənədˈintɾu/,,,,,,,*/pɾˈintɾe/,*/pɾˈintɾu/,,,,,,,,,,,,,,,,,,,,,,,,,,,,,,,,,,,,,,,,,,,*/atˈind͡ʒe/,,,*/kupɾˈinde/,,,,,,,,,,,,*/stɾˈind͡ʒe/,,,,,,,,,,,,,,,,,,,,,,,,,,,,,,,,,,,,,,,*/əmpˈind͡ʒe/,,,,,,,,,,,,,,,,,,,,,,,,,,,,,,,,,,,,,,,,,,,,,,,,,,,,,,,,,,,,,,,,,,,,,,,,,,,,,,,,,,,,,,,,,,,,,,,,,,,,,,,*/ənvˈint͡ʃe/,,,,,,,,,,,,,,,,,,,,,,,,,,,,,*/tinde̯ˈakʎe/,,,,,,,,,,,,,,,,,,,,,,,,,,,,,,,,,,,,,,,,,,,,,,,,*/pjɾˈinde/,,,,,,,,*/pɾˈinsu/,,,,,,,,,,,,,,,,,,,,,,,,,,,,,,,,,,,,,,,,,,,,,,,,,,,,,,,,,,,,,,,,,,,,,,,,,,,,,,,,,,,,,,,,,,,,,,,*/pəɾˈinte/,,,,,,,,,,,,,,
R248,,,,,,,,,,,,,,,,,,,,,,,,,,,,,,,,,,,,,,,,,,,,,,,,,,,,,,,,,,,,,,,,,,,,,,,,,,,,,,,,,,,,*/boted͡ʒˈune/,*/boted͡zˈa/,,,,,,,,,,,,,,,,,,,,,,,,,,,,,,,,,,,,,,,,,,,,,,,,,,,,,,,,,,,,,,,,,,,,,,,,,,,,,,,,,,,,,,,,,,,,,,,,,,,,,,,,,,,,,,,,,,,,,,,,,,,,,,,,,,,,,,,,,,,,,,,,,,,,,,,,,,,,,,,,,,,,,,,,,,,,,,,,,,,,,,,,,,,,,,,,,,,,,,,,,,,,,,,,,,,,,,,,,,,,,,,,,,,,,,,,,*/rəposˈa/,,,,,,,,,,,,,,,,,,,,,,,,,,,,,,,,,,,,,,,,,,,,,,,,,,,,,,,,,,,,,,,,,,,,,,,,,,,,,,,,,,,,,,,,,,,,,,,,,,,,,,,,,,,,,,,,,,,,,,,,,,,,,,,,,,,,,,,,,,,,,,,,,,,,,,,,,,,,,,,,,,,,,,,,,,,,,,,,,,,,,,,,,,,,,,,,,,,,,,,,,,,,,,,,,,,,,,,,,,,,,,,,,,,,,,,,,,,,,,,,,,,,,,,,,,,,,,,,,,,,,,,,,,,,,,,,,,,,,,,,,,,,,,,,,,,,,,,,,,,,,,,,,,,,,,,,,,,,,,,,,,,,,,,,,,,,,,,,,,,,,,,,,,,,,,,,,,,,,,,,,,,,,,,,,,,,,,,,,,,,,,,,,,,,,,,,,,,,,,,,,,,,,,,,,,,,,,,,,,,,,,,,,,,,,,,,,,,,,,,,,,,,,,,,,,,,,,,,,,,,,,,,,,,,,,,,,,,,,,,,,,,,,,,,,,,,,,,,,,,,,,,,,,,,,,,,,,,,,,,,,,,,,,,,,,,,,,,,,,,,,,,,,,,,,,,,,,,,,,,,,,,,,,,,,,,,,,,,,,,,,,,,,,,,,,,,,,,,,,,,,,,,,,,,,,,,,,,,,,,,,,,,,,,,,,,,,,,,,,,,,,,,,,,,,,,,,,,,,,,,,,,,,,,,,,,,,,,,,,,,,,,,,,,,,,,,,,,,,,,,,,,,,,,,,,,,,,,,,,,,,,,,,,,,,,,,,,,,,,,,,,,,,,,,,,,,,,,,,,,,,,,,,,,,,,,,,,,,,,,,,,,,,,,,,,,,,,,,,,,,,,,,,,,,,,,,,,,,,,,,,,,,,,,,,,,,,,,,,,,,,,,,,,,,,,,,,,,,,,,,,,,,,,,,,,,,,,,,,,,,,,,,,,,,,,,,,,,,,,,,,,,,,,,,,,,,,,,,,,,,,,,,,,,,,,,,,,,,,,,,,,,,,,,,,,,,,,,,,,,,,,,,,,,,,,,,,,,,*/olˈajɾu/,,,,,,,,,,,,,,,,,,,,,,,,,,,,,,,,,,,,,,,,,,,,,,,,,,,,,,,,,,,,,,,,,,,,,,,,,,,,,,,,,,,,,,,,,,,,,,,,,,,,,,,,,,,,,,,,,,,,,,,,,,,,,,,,,,,,,,,,,,,,,
R249,,,,,,,,,,,,,,,,,,,,,,,,,,,,,,,,,,,,,,,,,,,,,,,,,,,,,,,,,,,,,,,,,,,,,,,,,,,,,,,,,,,,,,,,,,,,,,,,,,,,,,,,,,,,,,,,,,,,,,,,,,,,,,,,,,,,,,,,,,,,,,,,,,,,,,,,,,,,,,,,,,,,,,,,,,,,,,,,,,,,,,,,,,,,,,,,,,,,,,,,,,,,,,,,,,,,,,,,,,,,,,,,,,,,,,,,,,,,,,,,,,,,,,,,,,,,,,,,,,,,,,,,,,,,,,,,,,,,,,,,,,,,,,,,,,,,,,,,,,,,,,,,,,,,,,,,,,,,,,,,,,,,,,,,,,,,,,,,,,,,,,,,,,,,,,,,,,,,,,,,,,,,,,,,,,,,,,,,,,,,,,,,,,,,,,,,,,,,,,,,,,,,,,,,,,,,,,,,,,,,,,,,,,,,,,,,,,,,,,,,,,,,,,,,,,,,,,,,,,,,,,,,,,,,,,,,,,,,,,,,,,,,,,,,,,,,,,,,,,,,,,,,,,,,,,,,,,,,,,,,,,,,,,,,,,,,,,,,,,,,,,,,,,,,,,,,,,,,,,,,,,,,,,,,,,,,,,,,,,,,,,,,,,,,,,,,,,,,,,,,,,,,,,,,,,,,,,,,,,,,,,,,,,,,,,,,,,,,,,,,,,,,,,,,,,,,,,,,,,,,,,,,,,*/poɾˈumbə/,,,,,,,,,,,,,,,,,,,,,,,,,,,,,,,,,,,,,,,,,,,,,,,,,,,,,,,,,,,,,,,,,,,,,,,,,,,,,,,,,,,,,,,,,,,,,,,,,,,,,,,,,,,,,,,,,,,,,,,,,,,,,,,,,,,,,*/poɾˈumbu/,*/potuɾnˈikʎe/,,,,,,,,,,,,,,,,,,,,,,,,,,,,,,,,,,,,,,,,,,,,,,,,,,,,,,,,,,,,,,,,,,,,,,,,,,,,,,,,,,,,,,,,,,,,,,,,,,,,,,,,,,,,,,,,,,,,,,,,,,,,,,,,,,,,,,,,,,,,,,,,,,,,,,,,,,,,,,,,,,,,,,,,,,,,,,,,,,,,,,,,,,,,,,,,,,,,,,,,,,,,,,,,,,,,,,,,,,,,,,,,,,,,,,,,,,,,,,,,,,,,,,,,,,,,,,,,,,,,,,,,,,,,,,,,,,,,,,,,,,,,,,,,,,,,,,,,,,,,,,,,,,,,,,,,,,,,,,,,,,,,,,,,,,,,,,,,,,,,,,,,,,,,,,,,,,,,,,,,,,,,,,,,,,,,,,,,,,,,,,,,,,,,,,,,,,,,,,,,,,,,,,,,,,,,,,,,,,,,,,,,,,,,,,,,,,,,,,,,,,,,,,,,,,,,,,,,,,,,,,,,,,,,,,,,,,,,,,,,,,,,,,,,,,,,,,,,,,,,,,,,,,,,,,,,,,,,,,,,,,,,,,,,,,,,,,,,,,,,,,,,,,,,,,,,,,,,,,,,,,,,,,,,,,,,,,,,,,,,,,,,,,,,,,,,,,,,,,,,,,,,,,,,,,,,,,,,,,,,,,,,,,,,,,,,,,,
R250,,,,,,,,,,,,,,,,,,,,,,,,,,,,,,,,,,,,,,,,,,,,,,,,,,,,,,,,,,,,,,,,,,,,,,,,,,,,,,,,,,,,,,,,,,,,,,,,,,,,,,,,,,,,,,,,,,,,,,,,,,,,,,,,,,,,,,,,,,,,,,,,,,,,,,,,,,,,,,,,,,,,,,,,,,,,,,,,,,,,,,,,*/ʃˈarə/,,,,,,,,,,,,,,,,,,,,,,,,,,,,,,,,,,,,,,,,,,,,,,,,,,,,,,,,,,,,,,,,,,,,,,,,,,,,,,,,,,,,,,,,,,,,,,,,,,,,,,,,,,,,,,,,,,,,,,,,,,,,,,,,,,,,,,,,,,,,,,,,,,,,,,,,,,,,,,,,,,,,,,,,,,,,,,,,,,,,,,,,,,,,,,,,,,,,,,,,,,,,,,,,,,,,,,,,,,,,,,,,,,,,,,,,,,,,,,,,,,,,,,,,,,,,,,,,,,,,,,,,,,,,,,,,,,,,,,,,,,,,,,,,,,,,,,,,,,,,,,,,,,,,,,,,,,,,,,,,,,,,,,,,,,,,,,,,,,,,,,,,,,,,,,,,,,,,,,,,,,,,,,,,,,,,,,,,,,,,,,,,,,,,,,,,,,,,,,,,,,,,,,,,,,,,,,,,,,,,,,,,,,,,,,,,,,,,,,,,,,,,,,,,,,,,,,,,,,,,,,,,,,,,,,,,,,,,,,,,,,,,,,,,,,,,,,,,,,,,,,,,,,,,,,,,,,,,,,,,,,,,,,,,,,,,,,,,,,,,,,,,,,,,,,,,,,,,,,,,,,,,,,,,,,,,,,,,,,,,,,,,,,,,,,,,,,,,,,,,,,,,,,,,,,,,,,,,,,,,,,,,,,,,*/ʃˈarpe/,,,,,,,,,,,,,,,,,,,,,,,,,,,,,,,,,,,,,,,,,,,,,,,,,,,,,,,,,,*/ʃˈase/,,,,,,,,,,,,,,,,,,,,,,,,,,,,,,,,,,,,,,,,,,,,,,,,,,,,,,,,,,,,,,,,,,,,,,,,,,,,,,,,,,,,,,,,,,,,,,,,,,,,,,,,,,,,,,,,,,,,,,,,,,,,,,,,,,,,,,,,,,,,,,,,,,,,,,,,,,,,,,,,,,,,,,,,,,,,,,,,,,,,,,,,,,,,,,*/aʃˈad͡zə/,,,,,,,,,,,,,,,,,*/ʃˈade/,,,,,,,,,,,,,,,,,,,,,,,,,,,,,,,,,,,,,,,,,,,,,,,,,,,,,,,,,,,,,,,,,,,,,,,,,,,,,,,,,,,,,,,,,,,,,,,,,,,,,,*/ʃˈa/,,,,,,,,,,,,,,,,,,,,,,,,,,,,,,,,,,,,,,,,,,,,,,,,,,,,,,,,,,,,,,,,,,,,,,,,,,,,,,,,,,,,,,,,,,,,,,,,,,,,,,,,,,,,,,,,,,,,,,,,,,,,,,,,,,,,,,,,,,,,,,,,,,,,,,,,,,,,,,,,,,,,,,,,,*/ʃˈapte/,,,,,,,,,,,,,,,,,,,,,,,,,,,,,,,,,,,,,,,,,,,,,,,,,,,,,,,,,,,,,,,,,,,,,,,,,,,,,,,,,,,,,,,
R251,,,,,,,,,,,,,,*/alˈed͡ʒe/,,,,,,,,,,,,,,,,,,,,,,,,,,,,,,,,,,,,,,,,,,,,,,,,,,,,,,,,,,,,,,,,,,,,,,,,*/bəsˈeɾekə/,,,,,,,,,,,,,,,,,,,,,,,,,,,,,,*/t͡ʃˈeɾe/,,,,,,,,,,,,,,,,,,,,,,,,,,,,,,,,,,,,,,,,,,,,,,,,,,,,,*/pjˈerɡʎe/,,,,,,,,,,,,,,,,*/skəntˈeʎe/,,,,,,,,,,,,,,,,,,,*/vˈerɡʎe/,,,,,,*/kɾˈejeɾu/,,,,,,,,,,,,,,,,,,,,,,*/jˈeʎe/,,,,,*/pˈeʃte/,,,,,,,,,,,,,,,,,,*/dˈed͡ʒetu/,,,,,,,,,,,,,*/pjˈele/,,,,,,,,,,,,,,*/skɾˈeme/,,,,,,,,,,,,,,,,,,,,,,,,,,,*/kɾˈeʃte/,,,,,,,,,,,,,,,,*/pjˈeptenu/,*/pjˈeptenə/,,,*/bləndˈet͡se/,*/ənkumˈete/,,,,,,,,,,,,,,,,*/meseɾˈeɾe/,,,,,,,,,,,,,,,,,,*/tˈeme/,,,,,,,,,,*/kɾˈede/,,,,*/ənt͡selˈed͡ʒe/,,,,,,,*/pɾet͡ʃˈepe/,,,,,,,,,,,,,,,*/d͡ʒˈeme/,,,,,,,,,,,,,*/pjˈejɾe/,,,,,,,,,,,,,,,,,,,,,,,,,,,,,,,,,,,,,,,,,,,,*/sumˈete/,,,,,,,,,,,,,,,,,,,,,,,,,,,,,,,,,,,,,,,,,,,,,,,,,,,,,,,,,,,,,,,,,,,,,,,,,,,,,,,,,*/d͡zˈestɾe/,,,,,,,,,,,,,,,,,,,,,,,,,,,,*/sˈet͡ʃetə/,,,,,,,,,,,,,,,,,,,,,,,,,,,,,,,,,,,*/pˈekʎe/,,,,,,,,,,,,,,,,,,,,,,,*/t͡sˈeɾme/,,,,,,,,,,,,,,,,,,,,,,,,,,,,,,,,,,,,,*/pjˈerseku/,,,,,,,,,*/jˈedeɾə/,,,,,,,,,,,,,,,,,*/pjˈepene/,,,,,,,,,,,*/fˈeɾet͡ʃe/,,,,,,*/mjˈekʎe/,,,,,,*/buɾˈete/,,,*/dumjˈesteku/,,,,,,,,,,,,,,,,,,,,,,,,,*/aɾjˈete/,,,,,,,,,,,,,,,,,,,,,,,,,,,,,*/berbˈet͡ʃe/,,,,,,,,,,,,,,,,,,,,,,,,,,,,,,,,,,,,,,,,,,,,,,,,,,,,,,,*/ɡɾˈeʎjeɾu/,,,,,*/stɾˈekʎe/,,,,*/vjˈeɾme/,,,,,,,,,,,,,,,,,,,*/pəɾˈekʎe/,,,,,,,,,,,,,,,,,,,,,,,,,,,,,,,,,,,,,,,,,,,,*/nˈetedu/,,,,,,,,,,,,,,,,,,,,,,,,,,,,,,,,,,,*/lˈed͡ʒe/,,,,,,,,,,,,,,,,,,*/pjˈerde/,,,,,,,,,,,,,,,*/pərəjˈesemi/,,,,,,,,,,,,,,,,,,,,,,,,,,*/petɾˈet͡ʃe/,,,,,,,,,,,,,,*/fjˈerbe/,*/rˈet͡ʃe/,,,,,,,,,,,,,,,,,,,,,,,,,,,,,,,,,*/indˈeɾet/,,,,,,,,,,,,,,,,,,,,,,,,,,,,,,,,,,,*/mjˈerd͡ʒe/,,,*/pɾut͡ʃˈede/,,,,,,,*/tɾˈet͡ʃe/,,,,,,,,,,,,,,,,,,,,,,,,,,*/ənt͡ʃˈepe/,,,,,,,,*/sˈemeɾe/,,,*/aʃtˈeɾne/,,,,,,,,,,,,*/ʃtˈerd͡ʒe/,,,,,,,,,,,,,,,,,,,,,,,,,,,,,,,,,,,,,,,,*/tɾimˈete/,,,,,*/pjˈedekə/,,,,,,,,,*/t͡ʃˈeɾne/,*/kulˈed͡ʒe/,,,,,,,*/sˈet͡ʃeɾe/,,,,,,,,,,,,,,,,,,,,,,,,,,,,,,,,,,,,,,,,,,,,,,,,,,,,,,,,,,,,,,,,,,,,,,,*/pjˈedenu/,,,,,,,*/tindˈekʎe/,*/t͡sˈese/,,,,,,,,,,,,,,,,,,,,,,,,,,,,,,,,,,,,,,,,,,,,,,,,,,,,,,,,,*/uɾˈekʎe/,,,*/vˈerde/,,,*/vˈede/,,,,,*/mjˈeɾe/,*/fjˈeɾe/,,,,,,,*/pjˈersekə/,,,,,,,*/pjˈeptene/,,,,,,,,*/muʎˈeɾe/,*/pəɾjˈete/,,,,,,,,,,,,,,,,,,,,,,,,,,,,,,,,,,,,,,,,*/jˈeste/,,,,*/jˈele/,,,,,,*/nˈeɡɾe/,,*/d͡zˈet͡ʃe/,,,,,,,,,,,,,,,,,,*/fəmˈeʎe/,,
R252,,,,,,,,,,,,,,,,,,,,,,,,,,,,,,,,,,,,,,,,,,,,,,,,,,,,,,,,,,,,,,,,,,,,,,,,,,,,,,,,,,,,,,,,,,,,,,,,,,,,,,,,,,,,,,,,,,,,,,,,,,,,,,,,,,,,,,,,,,,,,,,,,,,,,,,,,,,,,,,,,,,,,,,,,,,,,,,,,,,,,,,,,,,,,,,,,,,,,,,*/mˈaʃkʎu/,,,,,,,,,,,,,,,,,,,,,,,,,,,,,,,,,,,,*/mˈuʃkʎu/,,,,,,,,,,,,,,,,,,,,,,,,,,,,,,,,,,,,,,,,,,,,,,,,,,,,,,,,,,,,,,,,,,,,,,,,,,,,,,,,,,,,,,,,,,,,,,,,,,,,,,,,,,,,,,,,,,,,,,,,,,,,,,,,,,,,,,,,,,,,,,,,,,,,,,,,,,,,,,,,,,,,,,,,,,,,,,,,,,,,,*/puʃkʎe̯ˈa/,,,,,,,*/ʃkʎˈopu/,*/ʃkʎopˈa/,,,,,,,,,,,,,,,,,,,,,,,,,,,,,,,,,,,,,,,,,,,,,,,,,,,,,,,,,,,,,,,,,,,,,,,,,,,,,,,,,,,,,,,,,,,,,,,,,,,,,,,,,,,,,,,,,,,,,,,,,,,,,,,,,,,,,,,,,,,,,,,,,,,,,,,,,,,,,,,,,,,,,,,,,,,,,,,,,,,,,,,,,,,,,,,,,,,,,,,,,,,,,,,,,,,,,,,,,,,,,,,,,,,,,,,,,,,,,,,,,,,,,,,,,,,,,,,,,,,,,,,,,,,,,,,,,,,,,,,,,,,,,,,,,,,,,,,,,,,,,,,,,,,,,,,,,,,,,,,,,,,,,,,,,,,,,,,,,,,,,,,,,,,,,,,,,,,,,,,,,,,,,,,,,,,,,,,,,,,,,,,,,,,,,,,,,,,,,,,,,,,,,,,,,,,,,,,,,,,,,,,,,,,,,,,,,,,,,,,,,,,,,,,,,,,,,,,,,,,,,,,,,,,,,,,,,,,,,,,,,,,,,,,,,,,,,,,,,,,,,,,,,,,,,*/ʃkʎˈaw/,,,,,,,,,,,,,,,,,,,,,,,,,,,,,,,,,,,,,,,,,,,,,,,,,,,,,,,,,,,,,,,,,,,,,,,,,,,,,,,,,,,,,,,,,,,,,,,,,,,,,,,,,,,,,,,,,,,,,,,,,,,,,,,,,,,,,,,,,,,,,,,,,,,,,,,,,,,,,,*/ʃkʎukˈa/,,,,,,,,,,,,,,,,,,,,,,,,,,,,,,,,,,,,,,,,,,,,,,,,,,,,,,,,,,,,,,,,,,,,,,,,,,,,,,,,,,,,,,,,,,,,,,,,,,,,,,,,,,,,,,,,,,,,,,,,,,,,,,,,,,,,,,,,,,,,,,,,,,,,,,,,,,,,,,,,,,,,,,,,,,,,,,*/rəʃkʎˈa/,,,,,,,,,*/ˈaʃkʎe/,,,,,,,,,,,,,,,,,,,,,,,,,,,,,,,,,,,,,,,,,,,,,,,,,,,,,,,,,,,,,,,,,,,,,,,,,,,,,,,,,,,,,,,,,,,,,,,,,,,,,,,,,,,,,,,,,,,,,,,,,,,,,,,,,,,,,,,,,,,,,,,,,,,,,,,,,,,,,,,,,
R253,,,,,,,,,,,,,,,,,,,,,,,,,,,,,,,,,,,,,,,,,,,,,,,,,,,,,,,,,,,,,,,,,,,,,,,,,,,,,,,,,,,,,,,,,,,,,,,,,,,,,,,,,,,,,,,,,,,,,,,,,,,,,,,,,,,,,,,,,,,,,,,,,,,,,,,,,,,,,,,,,,,,,,,,,,,,,,,,,,,,,,,,,,,,,,,,,,,,,,,,,,,,,,,,,,,,,,,,,,,,,,,,,,,,,,,,,,,,,,,,,,,,,,,,,,,,,,,,,,,,,,,,,,,,,,,,,,*/simt͡sˈi/,,,,,,,,,,,,,,,,,,,,,,,,,,,,,,,,,,,,,,,,,,,,,,,,,,,,,,,,,,,,,,,*/stimpəɾˈa/,,,,,,,,,,,,,,,,,,,,,,,,,,,,,,,,,,,,,,,,,,,,,,,,,,,,,,,,,,,,,,,,,,,,,,,,,,,,,,,,,,,,,,,,,,,,,,,,,,,,,,,,,,,,,,,,,,,,,,,,,,,,,,,,,,,,,,,,,,,,,,,,,,,,,,,,,,,,,,,,,,,,,,,,,,,,,,,,,,,,,,,,,,,,,,,,,,,,,,,,,,,,,,,,,,,,,,,,,,,,,,,,,,,,,,,,,,,,,,,,,,,,,,,,,,,,,,,,,,,,,,,,,,,,,,,,,,,,,,,,,,,,,,,,,,,,,,,,,,,,,,,,,,,,,,,,,,,,,,,,,,,,,,,,,,,,,,,,,,,,,,,,,,,,,,,,,,,,,,,,,,,,,,,,,,,,,,,,,,,,,,,,,,,,,,,,,,,,,,,,,,,,,,,,,,,,,,,,,,,,,,,,,,,,,,,,,,,,,,,,,,,,,,,,,,,,,,,,,,,,,,,,,,,,,,,,,,,,,,,,,,,,,,,,,,,,,,,,,,,,,,,,,,,,,,,,,,,,,,,,,,,,,,,,,,,,,,,,,,,,,,,,,,,,,,,,,,,,,,,,,,,,,,,,*/stɾˈimtu/,,,,,,,,,,,,,,,,,,,,,,,,,,,,,,,,,,,,,,,,,,,,,,,,,,,,,,,,,,,,,,,,,,*/tˈimplə/,,,,,,,,,,,,,,,,,,,,,,,,,,,,,,,,,,,,,,,,,,,,,,,,,,,,,,,,,,,,,,,,,,,,,,,,,,,,,*/timpuɾˈiw/,,,,,,,,,,,,,,,,,,,,,,,,,,,,,,,,,,,,,,,,,,,,,,,,,,,,,,,,,,,,,,,,,,,,,,,,,,,,,,,,,,,,,,,,,,,,,,,,,,,,,,,,,,,,,,,,,,,,,,,,,,,,,,,,,,,,,,,,,,,,,,,,,,,,,,,,,,,,,,,,,,,,,,,,,,,,,,,,,,,,,,,,,,,,,,,,,,,,,,,,,,,,,,,,,,,,,,,,,,,,,,,,,,,,,,,,,,,,,,,,,,,,,,,,,,,,,,*/fɾimbˈiə/,,,,,,,,,,,,,,,,,,,,,,,,,,,,,,,,,,,,,,,,,,,,,,,,,,,,,,,,,,,,,,,,,,,,,,,,,,,,,,,,,,,,,,,,,,,,,,,,,,,,,,,,,,,,,,,,,,,,,,,,,,,,,,,,,,*/tˈimpu/,,,
R254,,,,,,,,,,,,,,,,,,,,,,,,,,,,,,,,,,,,,,,,,,,,,,,,,,,,,,,,,,,,,,,,,,,,,,,,,,,,,,,,,,,,,,,,,,,,,,,,,,,,,,,,,,,,,*/kuminekˈa/,,,,,,,,,,,,,,,,,,,,,,,,,,,,,,,,,,,,,,,,,,,,,,,,,,,,,,,,,,,,,,,,,,,,,,,,,,,,,,,,,,,,,,,,,,,,,*/t͡sˈineɾu/,,,,,,,,,,,,*/d͡ʒˈinə/,,,,,,,,,,,,*/kətˈinə/,,,,,,,,,,,,,,,,*/sˈinu/,,*/splˈinə/,,,,,*/vənˈinu/,,,,,,,,,,,,,,,,,,,,,,,,,,,,,,,,,,,,,,,,,,,,,,,,,,,,,,,,,,,,,,,,,,,,,,,,,,,,*/pjˈeptinu/,*/pjˈeptinə/,,,,,,,,,,,,,,,,,,,,,,,,,,,,,,,,,,,,,,,,,,,,,,,,,,,,,,,,,,,,,,,,,,,,,,,,,,,,,,,,,,,,,,,,*/pet͡sˈid͡ʒine/,,,,,,,,,,,,,,,,,,,,,,,,,,,,,,,,,,,,,,,,,,,,,*/t͡ʃˈinə/,,,,,,,,,,,,,,,,,,,,,,,,,,,,,,,,,,,,,,,,,,,,,,,,,,,,,,,,,,,,,,,,*/d͡ʒˈineɾe/,,,,,,,,,,,,,,,,,,,,,,,,,,,,,,,,,,,*/ɡɾˈindinə/,,,,,,,*/seɾˈinu/,,,,,,,,,,,,,,*/dumˈinekə/,,,,,,,,,,,,,,*/aɾˈinə/,,,,,,,,,,,,,,,,,,,,,,,,,,,,*/mˈard͡ʒine/,,,,,,,,,,,,,,,,,,,,,,,,,,,*/fɾˈasinu/,,,,,,,,,,,,,,,,,,,,,,,,,,,,,,,,,,,,,,,*/pjˈepine/,,,,,,,,,,,,,,,,,,,*/pətlˈad͡ʒinə/,,,,,,,,,,,,,,,,,,,,,,,,,,,,,,,*/nno̯ˈatinu/,,*/ˈasinu/,,,,,,,*/ko̯ˈat͡ʃinu/,,,,,,,,,,,,,,,,,,,,,,,,,,,,,,,,,,,,,,,,,,,,,,,,,,,,,,,,,,,,,,,,,,,,,,,,,,,,,,*/lˈindinə/,,,,,,,,,,,,,,,,,,,,,,,,,,,,,,*/plˈinu/,,,,,,,,,,,,,,,,,,,,,,,,,,,,,,,,,*/lˈinu/,,,,,,,,,,,,,,,,,,,,,,,,,,,,,,,,,,,,,,,,,,,,,,,,,,,,,,,,,,,,,,,,*/kɾeʃtˈinu/,,,,,,,,,,,,,,,,,,,,,,,,,,*/bˈut͡ʃinu/,,,,,,,,,,,,,,,,,,,,,,,,,,,,,,,,*/fuɾˈid͡ʒine/,,,,,,,,,,,,,,,,,,,,,,,,,,,,,,,,,,,,,,,,,,,,,,,,,,,,,,,,,,,,,,,,,,,,,,,,,,,,,,,,,,,,,,,,,,,,,,,,,,,,,,,,,,,,,,,,,,,,,,,,,,,,,,,,,,,,,,,,,,,,,,,,,,,,,,,,,,,,,,,,,,,,,,,,,*/sˈart͡ʃinə/,,,,,,,,,,,,,,,,,,,,,,,,,,,,,,,,,,,,,,,,,,,,,,,,,,,,,,,,,,,,,,,,,,,,,,,,,,,,,,,,,,,,,*/pjˈedinu/,,,,,,,,,,,,,,,,,,,,,,,,,,,,,,,,,,,,,,,,,,,,,,,,,,,,,,,,,,,,,*/t͡ʃˈine/,,,,,,,,,*/t͡sˈine/,,,,,,,,,,,,,,,,,,,,,*/pjˈeptine/,,,,,,,,,,,,*/bˈine/,,,,,,,,,,,,,,,,,,,,,,,,,,,,,,,,,,,,,,,,,,,,,,,,,,,,,,,,,,,,,,,,,,,,,
R255,,,,,,,,,,,,,,,,,,,,,,,,,,,,,,,,,,,,,,,,,,,,,,,,,,,,,,,,,,,,,,,,,,,,,,,,,,,,,,,,,,,,,,,,,,,,,,,,,,,,,,,,,,,,,,,,,,,,,,,,,,,,,,,,,,,,,,,,,,,,,,,,,,,,,,,,,,,,,,,,,,,,,,,,,,,,,,,,,,,,,,,,,,,,,,,,,,,,,,,,,,,,,,,,,,,,,,,,,,,,,,,,,,,,,,,,,,,,,,,,,,,,,,,,,,,,,,,,,,,,,,,,,,,,,,,,,,,,,,,,,,,,,,,,,,,,,,,,,,,,,,,,,,,,,,,,,,,,,,,,,,,,,,,,,,,,,,,,,,,,,,,,,,,,,,,,,,,,,,,,,,,,,,,,,,,,,,,,,,,,,,,,,,,,,,,,,,,,,,,,,,,,,,,,,,,,,,,,,,,,,,,,,,,,,,,,,,,,,,,,,,,,,,,,,,,,,,,,,,,,,,,,,,,,,,,,,,,,,,,,,,,,,,,,,,,,,,,,,,,,,,,,,,,,,,,,,,,,,,,,,,,,,,,,,,,,,,,,,,,,,,,,,,,,,,,,,,,,,,,,,,,,,,,,,,,,,,,,,,,,,,,,,,,,,,*/je̯ˈaɾnə/,,,,,,,,,,,,,,,,,,,,,,,,,,,,,,,,,,,,,,,,,,,,,,,,,,,,,,,,,,,,,,,,,,,,,,,,,,,,,,,,,,,,,,,,,,,,,,,,,,,,,,,,,,,,,,,,,,,,,,,,,,,,,,,,,,,,,,,,,,,,,,,,,,,,,,,,,,,,,,,,,,,,,,,,,,,,,,,,,,,,,,,,,,,,,,,,,,,,,,,,,,,,,,,*/ɾundine̯ˈa/,,,,,,,,,,,,,,,,,,,,,,,,,,,,,,,,,,,,,,,,,,,,,,,,,,,,,,,,,,,,,,,,,,,,,,,,,,,,,,,,,,,,,,,,,,,,,,,,,,,,,,,,,,,,,,,,,,,,,,,,,,,,,,,,,,,,,,,,,,,,,,,,,,,,,,,,,,,,,,,,,,,,,,,,,,,,,,,,,,,,,,,,,,,,,,,,,,,,,,,,,,,,,,,,,,,,,,,,,,,,,,,,,,,,,,,,,*/lˈa/,,,,,,,,,,,,,,,,,,,,,,,,,,,,,,,,,,*/ɾədikˈa/,*/rətet͡ʃˈi/,,,,,,,,,,,,,,,,,,,,,,,,,,,,,,,,,,,,,,,,,,,,,,,,,,,,,,,,,,,,,,,,,,,,,,,,,,,,,,,,,,,,,,,,,,,,,,,,,,,,,,,,,,,,,,,,,,,,,,,,,,,,,,,,,,,,,,,,,,,,,,,,,,,,,,,,,,,,,,,,,,,,,,,,,,,,,,,,,,,,,,,,,,,,,,,,,,,,,,,,,,,,,,,,,,,,,,,,,,,,,,,,,,,,,,,,,,,,,,,,,,,,,,,,,,,,,,,,,,,,,,,,,,,,,,,,,,,,,,,,,,,,,,,,,,,,,,,,,,,,,,,,,,,,,,,,,,,,,,,,,,,,,,,,,,,,,,,,,,,,,,,,,*/ɾˈa/,,,,,,,,,,,,,,,,,,,,,,,,,
R256,,,,,,,,,,,,,,,,,,,,,,,,,,,,,,,,,,,,,,,,,,,,,,,,,,,,,,,,,,,,,,,,,,,,,,,,,,,,,,,,,,,,,,,,,,,,,,,,,,,,,,,,,,,,,,,,,,,,,,,,,,,,,,,,,,,,,,,,,,,,,,,,,,,,,,,,,,,,,,,,,,,,,,,,,,,,,,,,,,,,,,,,,,,,,,,,,,,,,,,,,,,,,,,,,,,,,,,,,,,,,,,,,,,,,,,,,,,,,,,,,,,,,,,,*/mbeɾˈiku/,,,,,,,,,,,,,,,,,,,,,,,,,,,,,,,,,,,,,,,,,,,,,,,,,,,,,,,,,,,,,,,,,,,,,,,,,,,,,,,,,,,,,,,,,,,,,,,,,,,,,,,,,,,,,,,,,,,,,,,,,,,,,,,,,,,,,,,,,,,,,,,,,,,,,,,,,,,,,,,,,,,,,,,,,,,,,,,,,,,,,,,,,,,,,,,,,,,,,,,,,,,,,,,,,,,,,,,,,,,,,,,,,,,,,,,,,,,,,,,,,,,,,,,,,,,,,,,,,,,,,,,,,,,,,,,,,,,,,,,,,,,,,,,,,,,,,,,,,,,,,,,,,,,,,,,,,,,,,,,,,,,,,,,,,,,,,,,,,,,,,,,,,,,,,,,,,,,,,,,,,,,,,,,,,,,,,,,,,,,,,,,,,,,,,,,,,,,,,,,,,,,,,,,,,,,,,,,,,,,,,,,,,,,,,,,,,,,,,,,,,,,,,,,,,,,,,,,,,,,,,,,,,,,,,,,,,,,,,,,,,,,,,,,,,,,,,,,,,,,,,,,,,,,,,,,,,,,,,,,,,,,,,,,,,,,,,,,,,,,,,,,,,,,,,,,,,,,,,,,*/pˈupəd͡zə/,,,,,,,,,,,,,,,,,,,,,,,,,,,,,,,,,,,,,,,,,,,,,,,,,,,,,,,,,,,,,,,,,,,,,,,,,,,,,,,,,,,,,,,,,,,,,,,,,,,,,,,,,,,,,,,,,,,,,,,,,,,,,,,,,,,,,,,,,,,,,,,,,,,,,,,,,,,,,,,,,,,,,,,,,,,,,,,,,,,,,,,,,,,,,,,,,,,,,,,,,,,,,,,,,,,,,,,,,,,,,,,,,,,,,,,,,,,,,,,,,,,,,,,,,,,,,,,,,,,,,,,,,,,,,,,,,,,,,,,,,,,,,,,,,,,,,*/kəʃunˈa/,,,,,,,,,,,,,,,,,,,,,,,,,,,,,,,,,,,,,,,,,,,,,,,,,,,,,,,,,,,,,,,,,,,,,,,,,,,,,,,,,,,,,,,,,,,,,,,,,,,,,,,,,,,,,,,,,,,,,,,,,,,,,,,,,,,,,,,,,,,,,,,,,,,,,,,,,,,,,,,,,,,,,,,,,,,,,,,,,,,,,,,,,,,,,,,,,,,,,,,,,,,,,,,,,,,,,,,,,,,,,,,,,,,,,,,,,,,,,,,,,,,,,,,,,,,,,,,,,,,,,,,,,,,,,,,,,,,,,,,,,,,,,,,,,,,,,,,,,,,,,,,,,,,,,,,,,,,,,,,,,,,,,,,,,,,,,,,
R257,,,,,,,,,,,,,,,,,,,,,,,,,,,,,,,,,,,,,,,,,,,,,,,,,,,,,,,,,,,,,,,,,,,,,,,,,,,,,,,,,,,,,,,,,,,,,,,,,,,,,,,,,,,,,,,,,,,,,,,,,,,,,,,,,,,,,,,,,,,,,,,,,,,,,,,,,,,,,,,,,,,,,,,,,,,,,,,,,,,,,,,,,,,,,,,,,,,,,,,,,,,,,,,,,,,,,,,,,,,,,,,,,,,,,,,,,,,,,,,,,,,,,,,,,,,,,,,,,,,,,,,,,,,,,,,,,,,,,,,,,,,,,,,,,,,,,,,,,,,,,,,,,,,,,,,,,,,,,,,,,,,,,,,,,,,,,,,,,,,,,,,,,,,,,,,,,,,,,,,,,,,,,,,,,,,,,,,,,,,,,,,,,,,,,,,,,,,,,,,,,,,,,,,,,,,,*/pˈejɾu/,*/pˈejɾe/,,,,,,,,,,,,,,,,,,,,,,,,,,,,,,,,,,,,,,,,,,,,,,,,,,,,,,,,,,,,,,,,,,,,,,,,,,,,,,,,,,,,,,,,,,,,,,,,,,,,,,,,,,,,,,,,,,,,,,,,,,,,,,,,,,,,,,,,,,,,,,,,,,,,,,,,,,,,,,,,,,,,,,,,,,,,,,,,,,,,,,,,,,,,,,,,,,,,,,,,,,,,,,,,,,,,,,,,,,,,,,,,,,,,,,,,,,,,,,,,,,,*/t͡ʃeɾˈeʃu/,,,,,,,,,,,,,,,,,,,,,,,,,,,,,,,*/pˈepine/,,,,,,,,,,,,,,,,,*/mˈekʎe/,,,,,,,,,*/dumˈesteku/,,,,,,,,,,,,,,,,,,,,,,,,,*/aɾˈete/,,,,,,,,,,,,,,,,,,,,,,,,,,,,,,,,,,,,,,,,,,,,,,,,,,,,,,,,,,,,,,,,,,,,,,,,,,,,,,,,,,,,,,,,,,,,,,,,,,,,,,,,,,,,,,,,,,,,,,,,,,,,,,,,,,,,,,,,,,,,,,,,,,,,,,,,,,,,,,,,,,,,,,,,,,,,,,,,,,,,,,,,,,,,,,,,,,,,,,,,,,,,,,,,,,,,,,,,,,,,,,,,*/pərəˈesemi/,,,,,,,,,,,,,,,,,,,,,,,,,,,,,,,,,,,,,,,,,,,,,,,,,,,,,,,,,,,,,,,,,,,,,,,,,,,,,,,,,,,,,,,,,*/vˈekʎu/,,,,,,,,,,,,,,,,,,,,*/mˈerd͡ʒe/,,,,,,,,,,,,,,,,,,,,,,,,,,,,,,,,,,,,,,,,,,,,,,,,,,,,,,,,,,,,,,,,,,,,,,,,,,,,,,,,,,,,,,,,,,,,,,,,,,,,,,,,,,,,,,,,,,,,,,,,,,,,,,,,,,,,,,,,,,,,,,,,,,,,,,,,,,,,,,,,,,,,,,,,,,,,,,,,,,,,,,,,,,,,,,,,,,,,,,,,,,,,,,,,,,,,,,,,,,,,,,,,,,,,,,,,,,,,,,,,,,,,,,,,,,,,,,,,,,,,,,,,,,,,,,,,,,,,,,,,,,,,,,,,,,,,*/pəɾˈete/,,,,,,,,,,,,,,,,,,,,,,,,,,,,,,,,,,,,,,,,,,,,,,,,,,,,,,,,,,,,,,,,,,,,,,,,
R258,,,,,,,,,,,,,,,,,,,,,,,,,,,,,,,,,,,,,,,,,,,,,,,,,,,,,,,,,,,,,,,,,,,,,,,,,,,,,,,,,,,,,,,,,,,,,,,,,,,,,,,,,,,,,,,,,,,,,,,,,,,,,,,,,,,,,,,,,,,,,,,,,,,,,,,,,,,,,,,,,,,,,,,,,,,,,,,,,,,,,,,,,,,,,,,,,,,,,,,,,,,,,,,,,,,,,,,,,,,,,,,,,,,,,,,,,,,,,,,,,,,,,,,,,,,,,,,,,,,,,,,,,,,,,,,,,,,,,,,,,,,,,,,,,,,,,,,,,,,,,,,,,,,,,,,,,,,,,,,,,,,,,,,,,,,,,,,,,,,,,,,,,,,,,,,,,,,,,,,,,,,,,,,,,,,,,,,,,,,,,,,,,,,,,,,,,,,,,,,,,,,,,,,,,,,,,,,,,,,,,,,,,,,,,,,,,,,,,,,,,,,,,,,,,,,,,,,,,,,,,,,,,,,,,,,,,,,,,,,,,,,,,,,,,,,,,,,,,,,,,,,,,,,,,,,,,,,,,,,,,,,,,,*/nujˈarkə/,,,,,,,,,,,,,,,,,,,,,,,,,,,,,,,,,,,,,,,,,,,,,,,,,,,,,,,,,,,,,,,,*/jˈaɾnə/,,,,,,,,,,,,,,,,,,,,,,,,,,,,,,,,,,,,,,,,,,,,*/nujˈa/,,,,,,,,,,,,,,,,,,,,,,,,,,,,,,,,,,,,,,,,,,,,,,,,,,,,,,,,,,*/jˈarbə/,,,,,,,,,,,,,,,,,,,*/jˈaskə/,,,,,,,,,,,,,,,,,,,,,,,,,,,,,,,,,,,,,*/jˈapə/,,,,,,,,,,,,,,,,,,,,,,,,,,,,,,,,,,,,,,,,,,,,,,,,,,,,,,,,,,,,,,,,,,,,,,,,,,,,,,,,,,,,,,,,,,,,,,,,,,,,,,,,,,,,,,,,,,,,,,,,,,,,,,,,,,,,,,,,,,,,,,,,,,,,,,,,,,,,,,,,,,,,,,,,,,,,,,,,,,,,,,,,,,,,,,,,,,,,,,,,,,,,,,,,,,,,,,,,,,,,,,,,,,,,,,,,,,,,,,,,,,,,,,,,,,,,,,,,,,,,,,,,,,,,,,,,,,,,,,,,,,,,,,,,,,,,,,,,,,,,,,,,,,,,,,,,,,,,,,,,,,,,,,,,,,,,,,,,,,,,,,,,,,,,,,,,,,,,,,,,,,,,,,,,,,,,,,,,,,,,,,,,,,,,,,,,,,,,,,,,,,,,,,,,,,,,,,,,,,,,,,,,,,,,,,,,,,,,,,,,,,,,,,,,,,,,,,,,,,,,,,,,,,,,,,,,,,,,,,,,,,,,,,,,,,,,,,,,,,,,,,,,,,,,,,,,,,,,,,,,,,,,,,,,,,,,,,,,,,,,,,,,,,,,,,,,,,,,,,,,,,,,,,,,,,,,,,,,,,,,,,,,,,,,,,,,,,,,,,,,,,,,,,,,,,,,,,,,,,,,,,,,,,,,,,,,,,,,,,,,,,,,,,,,,,,,,,,,,*/jˈa/,,,,,,,,,,,,,,,,,,,,,,,,,,,,,,
R259,,,,,,,,,,,,,,,,,,,,,,,,,,,,,,,,,,,,,,,,,,,,,,,,,,,,,,,,,,,,,,,,,,,,,,,,,,,,,,,,,,,,,,,,,,,,,,,,,,,,,,,,,,,,,,,,,,,,,,,,,,,,,,,,,,,,,,,,,,,,,,,,,,,,,,,,,,,,,,,,,,,,,,,,,,,,,,,,,,,,,,,,,,,,,,,,,,,,,,,,,,,,,,,,,,,,,,,,,,,,,,,,,,,,,,,,,,,,,,,,,,,,,,,,,,,,,,,,,,,,,,,,,,,,,,,,,,,,,,,,,,,,,,,,,,,,,,,,,,,,,,,,,,,,,,,,,,,,,,,,,,,,,,,,,,,,,,,,,,,,,,,,,,,,,,,,,,,,,,,,,,,,,,,,,,,,,,,,,,,,,,,,,,,,,,,,,,,,,,,,,,,,,,,,,,,,,,,,,,,,,,,,,,,,,,,,,,,,,,,,,,,,,,,,,,,,,,,,,,,,,,,,,,,,,,,,,,,,,,,,,,,,,,,,,,,,,,,,,,,,,,,,,,,,,,,,,,,,,,,,,,,,,,,,,,,,,,,,,,,,,,,,,,,,,,,,,,,,,,,,,,,,,,,,,,,,,,,,,,,,,,,,,,,,,,,,,,,,*/pjˈatɾə/,,,,,,,,,,,,,,,,,,,,,,,,,,,,,,,,,,,,,,,,,,,,,,,,,,,,,,,,,,,,,,,,,,,,,,,,,,,,,,,,,,,,,,,,,,,,,,,,,,,,,,,,,,,,,,,,,,,,,,,,,,,,,,,,,,,,,,,,,,,,,,,,,,,,,,,,,,,,,,,,,,,,,,,,,,,,,,,,,,,,,,,,,,,,,,,,,,,,,,,,,,,,,,,,,,,,,,,,,,,,,,,,,,,,,,,,,,,,,,,,,,,,,,,,,,,,,,,,,,,,,,,,,,,,,,,,,,,,,,,,,,,,,,,,,,,,,,,,,,,,,,,,,,,,,,,,,,,,,,,,,,,,,,,,,,,,,,,,,,,,,,,,,,,,,,,,,,,,,,,,,,,,,,,,,,,,,,,,,,,,,,,,,,,,,,,,,,,,,,,,,,,,,,,,,,,,,,,,,,,,,,,,,,,,,,,,,,,,,,,,,,,,,,,,,,,,,,,,,,,,,,,,,,,,,,,,,,,,,,,,,,,,,,,,,,,,,,,,,,,,,,,,,,,,,,,,,,,,,,,,,,,,,,,,,,,,,,,,,,,,,,,,,,,,,,,,,,,,,,,,,,,,,,,,,,,,,,,,,,,,,,,,,,,,,,,,,,,,,,,,,,,,,,,,,,,,,,,,,,,,,,,,,,,,,,,,,,,,,,,,,,,,,,,,,,,,,,,,,,,,,,,,,,,,,,,,,,,,,,,,,,,,,,,,,,,,,,,,,,,,,,,,,,,,,,,,,,,,,,,,,,,,,,,,,,,,,,,,,,,,,,,,,,,,,,,,,,,,,,,,,,,,,,,,,,,,,,,,,,,,,,,,,,,,,,,,,,,,,,,,,,,,,,,,,,,,,,,,,,,,,,,,,,,,,,,,,,,,,,,
R260,,,,,,,,,,,,,,,,,,,,,,,,,,,,,,,,,,,,,,,,,,,,,,,,,,,,,,,,,,,,,,,,,,,,,,,,,,,,,,,,,,,,,,,,,,,,,,,,,,,,,,,,*/t͡ʃeɾe̯ˈaʃə/,,,,,,,,,,,,,,,,,,,,,,,,,,,,,,,,,,,,,,,,,,,,,,,,,,,,,,,,,,,,,,,,,,,,,,,,,,,,,,,,,,,,,,,,,,,,,,,,,,,,,,,,,,,,,,,,,,,,,,,,,,,,,,,,,,,,,,,,,,,,,,,,,,,,,,,,,,,,,,,,,,,,,,,,,,,,,,,,,,,,,,,,,,,,,,,,,,,,,,,,,,,,,,,,,,,,,,,,,,,,,,,,,,,,,,,,,,,,,,,,,,,,,,,,,,,,,,,,,,,,,,,,,,,,,,,,,,,,,,,,,,,,,,,,,,,,,,,,,,,,,,,,,,,,,,,,*/puʃke̯ˈa/,,,,,,,,,,,,,,,,,,,,,,,,,,,,,,,,,,,,,,,,,,,,,,,,,,,,,,,,,,,,,,,,,,,,,,,,,,,*/feɾe̯ˈastɾə/,,,,,,,,,,*/tɾəe̯ˈaptə/,,,,,,,,,,,,,,,,,,,,,,,,,,,,,,,,,,,,,,,,,,,,,,,,,,,,,,,,,,,,,,,,,,,,,,,,,,,*/me̯ˈad͡zə/,,,,,,,,,,,,,,,,,,,,,,,,,,,,,,,,,,,,,,,,,,,,,,,,,,,,,,,,,,,,,,,,,,,,,,,,,,,,,,,,,,,,,,,,,,,,,,,,,,,,,,,,,,,,,,,,,,,,,,,,,,,,,,,,,,,,,,,,,,,,,,,,,,,,,,,,,,,,,,,,,,,,,,,,,,,,,,,,,,,,,,,,,,,,,,,,,,,,,,,,,,,,,,,,,,,,,,,,,,,,,,,,,,,,,,,,,,,,,,,,,,,,,,,,,,,,,,,,*/ve̯ˈaspə/,,,,,,,,,,,,,,,,,,,,,*/pe̯ˈat͡sə/,,,,,,,,,,,,,,,,,,,,,,,,,,,,,,,,,,,,,,,,,,,,,,,,,,,,,,,,,,,,,,,,,,,,,,,,,,,,,,,,,,,,,,,,,,,,,,,,,,,,,,,,,,,,,,,,,,,,,,,,,,,,,,,,,,,,,,,,,,,,,,,,,,,,,,,,,,,,,,,,,,,,,,,,,,,,,,,,,,,,,,,,,,,,,,,,,,,,,,,,,,,,,,,,,,,,,,,,,,,,,,,,,,,,,,,,,,,,,,,,,,,,,,,,,,,,,,,,,,,,,,,,,,,,,,,,,,,,,,,,,,,,,,,,,,,,,,,,,,,,,,,,,,,,,,,,,,,,,,,,,,,,,,,,,,,,,,,,,,,,,,,,,,,,,,,,,,,,,,,,,,,,,,,,,,,,,,,,,,,,,,,,,,,,,,,,,,,,,,,,,,,,,,,,,,,,,,,,,,,,,,,,,,,,,,,,,,,,,,,,,,,,,,,,,,,,,,,,,,,,,,,,,,,,,,,,,,,,,,,,,,,,,,,,,,,,,,,,,,,,,,,,,,,,,,,,,,,,,,,,,,,,,,,,,,,,,,,,,,,,,,,,,,,,,,,,,,,,,,,,,,,,,,*/me̯ˈa/,,,,,,,,,,,,,,,,
R261,,,,,,,,,,,,,,,,,,,*/aninˈa/,,,,,,,,,,,,,,,,,,,,,,,,,,,,,,,,,,,,,,,,,,,,,,,*/anut͡sˈert͡su/,,,,,,,,,,,,,,,,,,,,,,,,,,,,,,,,,,,,,,,,,,,,,,,,,,,,,,,,,,,,,,,,,,,,,,,,,,,,,,,,,,,,,,,,,,,,,*/ənɡənˈa/,,,,*/mənˈajɾu/,,,,,,,,,,,,,,,,,,,,,,,,,,,,,,,,,,,,,,,,,,,,,,,,,,,,,,,,,,,,,,,,,,,,,,,,,,,,,,,,,,,,,,,,,,,,,,,,,,,,,,,,,,,,,,,,,,,,,,,,,,,,,,,,,,,,,,,,,,,,,,,,,,,,,,,,,,,,,,,,,,,,,,,,,,,,,,,,,,,,,,,,,,,,,,,,,,,,,,,,,,,,,,,,,,,,,,,,,,,,,,,,,,,,,,,,,,,,,,,,,,,,,,,,,,,,,,,,,,,,,,,,,,,,,,,,,,,,,,,,,,,,,,,,,,,,,,,,,,,,,,,,,,,,,,,,,,,,,,,,,,,,,,,,,,,,,,,,,,,,,,,,,,,,,,,,,,,,,,,,,,,,,,,,,,*/nˈunu/,,,,,,,,,,,,,,,,,,,,,,,,,,,,,,,,,,,,,,,,,,,,,,,,,,,,,,,,,,,,,,,,,,,,,,,,,,,,,,,,,,,,,,,,,,,,,,,,,,,,,,,,,,,,,,,,,,,,,,,,,,,,,,,,,,,,,,,,,,,,,,,,,,,,,,,,,,,,,,,,,,,,,,,,,,,,,,,,,,,,,,,,,,,,,,,,,,,,,,,,,,,,*/no̯ˈatinu/,,,,,,,,,,,,,,,,,,,,,,,,,,,,,,,,,,,,,,,,,,,,,,,,,*/pˈanə/,*/pˈənuɾə/,,,,,,,,,,,,,,,,,,,,,,,,,,,,,,,,,,,,,,,,,,,,,,,,,,,,,,,,,,,,,,,,,,,,,,,,,,,,,,,,,,,,,,,,,,,,,,,,,,,,,,,,,,,,,,,,,,,,,,,,,,,,,,,,,,,,,,,,,,,,,,,,,,,,,,,,,,,,,,,,,,,,,,,,,,,,,,,,,,,,,,,,,,,,,,,,,,,,,,,,,,,,,,,,,,,,,,,,,,,,,,,,,,,,,,,,,,,,,,,,,,,,,,,,,,,,,,,,,,,,,,,,,,,,,,,,,,,,,,,,,,,,,,,,,,,,,,,,,,,,,,,,,,,*/ənɡənˈa/,,,,,,,,,,,,,,,,,,,,,,,,,,,,,,,,,,,,,,,,,,,,,,,,,,,,,,,,,,,,,,,,,,,,,,,,,,,,,,,,,,,,,,,,,,,,,,,,,,,,,,,,,,,,,,,,,,,,,,,,,,,,,,,,,,,,,,,,,,,,,,,,,,,,,,,,,,,,,,*/kˈanuɾə/,,,,,,,,,,,,,,,,,,,,,,,,,,,,,,,,,,,,,,,,,,,,,,,,,,,,,,,,,,,,,,,,,,,,,,,,,,,,,,,,,,,,,,,,,,,,,,,,,,,,,,,,,,,,,,,,,,,,,,,,,,,,,,,,,,,,,,,,,,,,,,,*/ˈanu/,,,,,,,,,,,,,,,,,,,,,,,,,,,,,,,,,,,,,,,,
R262,,,,,,,,,,,,,,,,,,,,,,,,,,,,,,,,,,,,,,,,,,,,,,,,,,,,,,,,,,,,,,,,,,,,,,,,,,,,,,,,,,,,,,,,,,,,,,,,,,,,,,,,,,,,,,,,,,,,,,,,,,,,,,,,,,,,,,,,,,,,,,,,,,,,,,,,,,,,,,,,,,,,,,,,,,,,,,,,,,,,,,,,,,,,,,,,,,,,,,,,,,,,,,,,,,,,,,,,,,,,,,,,,,,,,,,,,,,,,,,,,,,,,,,,,,,,,,,,,,,,,,,,,,,,,,,,,,,,,,,,,,,,,,,,,,,,,,,,,,,,,,,,,,,,,,,,,,,,,,,,,,,,,,,,,,,,,,,,,,,,,,,,,,,,,,,,,,,,,,,,,,,*/tˈamə/,,,,,,,,,,,,,,,,,,,,,,,,,,,,,,,,,,,,,,,,,,,,,,,,,,,,,,,,,,,,,,,,,,,,,,,,,,,,,,,,,,,,,,,,,,,,,,,,,,,,,,,,,,,,,,,,,,,,,,,,,,,,,,,,,,,,,,,,,,,,,,,,,,,,,,,,,,,,,,,,,,,,,,,,,,,,,,,,,,,,,,,,,,,,,,,,,,,,,,,,,,,,,,,,,,,,,*/mˈad͡zə/,,,,,,,,,,,,,,,,,,,,,,,,,,,,,,,,,,,,,,,,,,,,,,,,,,,,,,,,,,,,,,,,,,,,,,,,,,,,,,,,,,,,,,,,,,,,,,,,,,,,,,,,,,,,,,,,,,,,,,,,,,,,,,,,,,,,,,,,,,,,,,,,,,,,,,,,,,,,,,,,,,,,,,,,,,,,,,,,,,,,,,,,,,,,,,,,,,,,,,,,,,,,,,,,,,,,,,,,,,,,,,,,,,,,,,,,,,,,,,,,,,,,,,,,,,,,,,,,,,,,,,,,,,,,,,,,,,,,,,,,,,,,,,,,,,,,,,,,,,,,,,,,,,,,,,,,,,,,,,,,,,,,,,,,,,,,,,,,,,,,,,,,,,,,,,,,,,,,,,,,,,,,,,,,,,,,,,,,,,,,,,,,,,,,,,,,,,,,,,,,,,,,,,,,,,,,,,,,,,,,,,,,,,,,,,,,,,,,,,,,,,,,,,,,,,,,,,,,,,,,,,,,,,,,,,,,,,,,,,,,,,,,,,,,,,,,,,,,,,,,,,,,,,,,,,,,,,,,,,,,,,,,,,,,,,,,,,,,,,,,,,,,,,,,,,,,,,,,,,,,,,,,,,,,,,,,,,,,,,,,,,,,,,,,,,,,,,,,,,,,,,,,,,,,,,,,,,,,,,,,,,,,,,,,,,,,,,,,,,,,,,,,,,,,,,,,,,,,,,,,,,,,,,,,,,,,,,,,,,,,,,,,,,,,,,,,,,,,,,,,,,,,,,,,,,,,,,,,,,,,,,,,,,,,,,,,,,,,,,,,,,,,,,,,,,,,,,,,,,,,,,,,,,,,,,,,,,,,,,,,,,,,,,,,,,,,,,,,,,,,,,,,,,,,,,,,,,,,,,,,,,,,,,,,,,,,,,,,,,,,,,,,,,,,,,,,,,,,,,,
R263,,,,,,,,,,,,,,,,,,,,,,,,,,,,,,,,,,,,,,,,,,,,,,,,,,,,,,,,,,,,,,,,,,,,,,,,,,,,,,,,,,,,,,,,,,,,,,,,,,,,,,,,,,,,,,,,,,,,,,,,,,,,,,,,,,,,,,,,,,,,,,,,,,,,,,,,,,,,,,,,,,,,,,,,,,,,,,,,,,,,,,,,,,,,,,,,,,,,,,,,,,,,,,,,,,,,,,,,,,,,,,,,,,,,,,,,,,,,,,,,,,,,,,,,,,,,,,,,,,,,,,,,,,,,,,,,,,,,,,,,,,,,,,,,,,,,,,,,,,,,,,,,,,,,,,,,,,,,,,,,,,,,,,,,,,,,,,,,,,,,,,,,,,,,,,,,,,,,,,,,,,,,,,,,,,,,,,,,,,,,,,,,,,,,,,,,,,,,,,,,,,,,,,,,,,,,,,,,,,,,,,,,,,,,,,,,,,,,,,,,,,,,,,,,,,,,,,,,,,,,,,,,,,,,,,,,,,,,,,,,,,,,,,,,,,,,,,,,,,,,,,,,,,,,,,,,,,,,,,,,,,,,,,,,,,,,,,,,,,,,,,,,,,,,,,,,,,,,,,,,,,,,,,,,,,,,,,,,,,,,,,,,,,,,,,,,,,,,,,,,,,,,,,,,,,,,,,,,,,,,,,,,,,,,,,,,,,,,,,,,,,,,,,,,,,,,,,,,,,,,,,,,,,,,,,,,,,,,,,,,,,,,,,,,,,,,,,,,,,,,,,,,,,,,,,,,,,,,,,,,,,,,,,,,,,,,,,,,,,,,,,,,,,,,,,,,,,,,,,,,,,,,,,,,,,,,,,,,,,,,,,,,,,,,,,,,,,,,,,,,,,,,,,,,,,,,,,,,,,,,,,,,,,,,,,,,,,,,,,,,,,,,,,,,,,,,,,,,,,,,,,,,,,,,,,,,,,,,,,,,,,,,,,,,,,,,,,,,,,,,,,,,,,,,,,,,,,,,,,,,,,,,,,,,,,,,,,,,,,,,,,,,,,,,,,,,,,,,,,,,,,,,,,,,,,,,,,,,,,,,,,,,,,,,,,,,,,,,,,,,,,,,,,,,,,,,,,,,,,,,,,,,,,,,,,,,,,,,,,,,,,,,,,,,,,,,,,,,,,,,,,,,,,,,,,,,,,,,,,,,,,,,,,,,,,,,,,,,,,,,,,,,,,,,,,,,,,,,,,,,,,,,,,,,,,,,,,,,,,,,,,,,,,,,,,,,,,,,,,,,,,,,,,,,,,,,,,,,,,,,,,,,,,,,,,,,,,,,,,*/t͡sˈarə/,,,,,,,,,,,,,,,,,,,,,,,,,,,,,,,,,,,,,,,,,,,,,,,,,,,,,,,,,,,,,,,,,,,,,,,,,,,,,,,,,,,,,,,,,,,,,,,,,,,,,,,,,,,,,,,,,,,,,,,,,,,*/d͡zˈadə/,,,,,,,,,,,,,,,,,,,,,,,,,,,,,,,,,,,,,,,,,,,,,,,,,,,,,,,,,,,,,,,,,,,,,,,,,,,,,,,,,,,,,,,,,,,,,,,,,,,,,,,,,,,,,,,,,,
R264,,,,,,,,*/adevˈəru/,,,,*/ad͡ʒutˈojru/,*/alˈaterə/,,,,,,,,*/adormˈi/,,,,*/aprjˈinde/,*/apro̯ˈape/,,*/adumbrˈi/,,,*/ˈajeru/,*/arˈamə/,,,*/ˈad͡ʒere/,*/aɡurˈa/,,,,,,,*/ˈakru/,,,*/apˈajru/,,*/ˈat͡ʃerə/,*/albˈastru/,,*/albo̯ˈare/,,,*/altˈajru/,*/ˈalteru/,,*/albjˈajru/,*/albjo̯ˈarə/,,*/amˈaru/,*/aməre̯ˈat͡sə/,,,,,,*/apərˈa/,,*/prˈiku/,*/arˈa/,*/arətˈor/,*/arətˈojru/,*/arˈat/,*/arˈatu/,*/arətˈurə/,*/ˈarbure/,*/arburˈetu/,,*/ard͡ʒintˈajru/,,*/arkˈajru/,,*/arsˈurə/,,,*/bəsˈerekə/,,*/brˈat͡ʃe/,*/bro̯ˈatəku/,,*/derəmˈa/,*/deʃiderˈa/,,,*/duro̯ˈare/,,*/kəlˈare/,*/t͡ʃˈeru/,,*/kəpˈəstru/,*/ɡˈawrə/,,*/t͡ʃerəʃˈajru/,*/t͡ʃere̯ˈaʃə/,,*/t͡ʃiko̯ˈajre/,,*/kuptˈojru/,,,,*/kre̯ˈastə/,,,*/kˈodru/,*/t͡ʃˈere/,*/t͡ʃˈeru/,,,,,,,,,*/skərmənˈa/,,,,*/arˈet͡su/,*/fərekˈa/,,*/fˈarməku/,*/fəwrˈajru/,*/flˈakurə/,*/fˈakurə/,,,*/frˈənu/,*/frˈid͡ʒe/,,,*/ɡʎˈəndurə/,*/ɡˈurə/,*/d͡ʒˈuru/,*/ənpred͡ʒˈuru/,,,,*/əmpərˈatu/,,,,,,*/ənkund͡ʒurˈa/,*/əndreptˈa/,,,,,*/amnˈajru/,*/mənˈajru/,,,,,,,,*/pˈəturə/,,,*/prədˈa/,*/preˈotu/,*/priməvˈarə/,,,,,,,*/sekrˈetu/,,,,*/strˈəmbu/,,*/stˈurə/,,,,,*/vˈitreku/,,*/fet͡ʃˈoru/,*/fet͡ʃo̯ˈarə/,,,,,*/t͡sˈineru/,*/bətrˈənu/,,,,,,,*/krˈejeru/,,,*/frˈunte/,,,,,,*/nˈari/,,*/pərˈat͡su/,*/rˈostru/,,,,,,,*/kˈuru/,,*/ˈuməru/,,,,,,,,,,,,*/spinˈare/,,*/suˈarə/,,*/trˈunkʎu/,*/mberˈiku/,,*/vˈintre/,*/ˈarmu/,*/brˈat͡su/,,,,*/drˈeptu/,,,*/mədulˈajru/,,*/pet͡ʃˈoru/,,,,*/kˈarne/,,,,,,,,,,,,,*/sternutˈa/,,,,*/skrˈeme/,,,,,*/lˈakremə/,,,,*/səturˈa/,,,,*/sudo̯ˈare/,,,*/fəptˈurə/,,,*/ənɡrekˈa/,*/ənɡre̯ˈakə/,,,,,,,*/krˈeʃte/,,,,*/dormˈi/,*/dormitˈa/,,,,,,,,,,,,,,,,,,*/dure̯ˈa/,,*/dˈoru/,,,*/stimpərˈa/,*/ferˈit͡ʃe/,*/əndurˈa/,,,*/mˈaru/,,,*/mirˈa/,*/meserˈere/,*/mustrˈa/,,,,,,*/pred͡ʒetˈa/,,,,,,*/suferˈi/,,*/supərˈa/,*/suspirˈa/,,,*/temo̯ˈare/,*/tremurˈa/,*/trˈistu/,,*/turburˈa/,,,,,*/krˈede/,,,,,,,,,,*/pəre̯ˈa/,*/pret͡ʃˈepe/,,,,,,,,,,,,,*/dururˈosu/,*/fjˈori/,,,,,,,,*/lənɡo̯ˈare/,*/murˈi/,,,,*/pˈejru/,*/pˈejre/,,*/purˈoɲu/,,,,,,,,,,,,,,*/pəʎo̯ˈarə/,*/sˈarekə/,,,,*/brət͡sˈarə/,,*/kurˈunə/,,,*/brət͡ʃˈire/,,,*/fəʃo̯ˈarə/,*/fˈiru/,,*/leɡətˈurə/,,,,,,,,*/əmbrəkˈa/,*/ənsurˈa/,*/ənfəʃurˈa/,,,,,*/prˈənd͡zu/,,*/kərnˈat͡su/,*/t͡ʃˈiru/,*/fərˈinə/,*/freptˈurə/,,*/mo̯ˈajre/,*/merˈinde/,,,,*/sˈare/,,,,,,,,,*/fˈurnu/,*/ɡrətˈajru/,,*/kˈarəmi/,*/kəprjˈoru/,,*/kəsˈajru/,*/t͡ʃelˈajru/,*/koperimˈəntu/,,*/fere̯ˈastrə/,,*/uʃˈoru/,,,,*/skˈarə/,*/stˈuru/,,,*/trəe̯ˈaptə/,*/armˈajru/,,,,*/strˈatu/,,,,,*/frˈate/,,,,,,*/sˈoru/,,*/vˈəru/,,*/kˈosukru/,*/fiʎˈastru/,*/d͡ʒˈinere/,,*/mərˈitu/,,*/nˈoru/,*/sˈokru/,,,*/spˈuru/,,,,,*/kurunˈa/,*/kredˈint͡sə/,*/d͡zˈestre/,,*/ənsurˈa/,,*/məritˈa/,,,,,,*/lut͡ʃe̯ˈafəru/,,*/rəsərˈi/,*/so̯ˈare/,*/ˈawrə/,*/ˈawstru/,*/brˈumə/,*/kəro̯ˈare/,*/frˈiɡu/,*/d͡ʒˈeru/,*/ɡrˈindinə/,*/nˈuəru/,,,,,,*/serˈinu/,,,,,*/o̯ˈarə/,,,*/jˈeri/,,,,*/merˈid͡ze/,,,,*/mjˈerkuri/,,,*/vˈəneri/,*/prˈiʎe/,*/kərindˈajru/,,,,*/jˈarnə/,*/vˈarə/,,*/arˈinə/,,,*/pjˈatrə/,*/pˈulbere/,,,,,,*/arud͡ʒˈinə/,*/ˈawru/,,*/kutremurˈa/,*/ɡrˈumu/,,,,,*/surˈinu/,,,,,,,,*/mˈare/,,,,*/t͡sˈerme/,*/t͡sˈermure/,*/tˈurbure/,,,,*/flo̯ˈare/,,,*/frˈund͡zə/,,,,,,,,,,,,,,,*/frˈasinu/,*/d͡ʒune̯ˈapəru/,,*/pədˈure/,,,,,*/t͡ʃerˈeʃu/,,,*/mˈəru/,,,,*/prˈunu/,*/kˈornu/,*/mˈoru/,*/porˈumbə/,,,,*/jˈederə/,*/ləwrˈuskə/,,,,*/ɡrˈənu/,,,,*/sekˈarə/,,*/kurˈekʎu/,,,,,,,,,,,,*/trefˈoʎu/,,,*/arjˈoru/,,*/fˈeret͡ʃe/,*/frˈaɡə/,*/frˈaɡu/,*/lˈawru/,,,,*/pˈapurə/,,,*/vjo̯ˈarə/,*/vˈolburə/,*/burˈete/,,,,,,*/brˈənkə/,,,,,,,,*/mˈurə/,,,,,*/lətrˈa/,,,,,,*/arməsˈajru/,,,*/arˈete/,,,,,*/kˈaprə/,*/kəprˈinə/,,,*/kurnˈutu/,,,,,,,,,,,,,*/skro̯ˈafə/,*/tˈawru/,,,,,,,,,,,*/bˈuəru/,,*/ʎˈepure/,,,*/ʃo̯ˈaret͡ʃe/,,,*/ˈarəpə/,*/krestˈatu/,,*/zburˈa/,,*/pˈasere/,,*/pˈənurə/,,,,,*/drepne̯ˈa/,,*/ɡˈalɡuru/,*/ɡrˈawru/,*/ɡrˈuj/,*/rundine̯ˈa/,,*/porˈumbu/,*/poturnˈikʎe/,*/preveɡʎeto̯ˈajre/,*/preveɡʎˈa/,*/strˈiɡə/,,*/tˈurturə/,*/turture̯ˈa/,,*/vultˈuru/,,*/pəskˈajru/,*/bro̯ˈaskə/,,,*/vˈiperə/,*/vˈipere/,*/kˈajru/,,,*/flˈuture/,*/fluturˈa/,*/formˈikə/,*/ɡrˈeʎjeru/,,,*/lumbrˈiku/,,*/strˈekʎe/,,*/pˈuret͡ʃe/,,*/vjˈerme/,,,,,,,,*/ɡre̯ˈa/,,*/əntrˈeɡu/,,*/məsˈurə/,*/məsurˈa/,,,,*/numərˈa/,*/nˈuməru/,*/pərˈekʎe/,,,,,,*/sˈinɡuru/,,,,,,,,,,,,,*/pˈatru/,,*/trˈej/,,,,,*/ˈaspəru/,,,,*/formˈosu/,*/frˈad͡ʒedu/,*/ɡrˈasu/,*/ɡrˈosu/,,,,,*/mˈakru/,,,,,,,,,,*/rˈaru/,,,*/skˈorburə/,,,*/semərˈa/,*/strˈimtu/,*/subt͡sˈire/,,*/tˈare/,,,,*/kuro̯ˈastrə/,,,,,,,*/frˈənku/,*/ɡrˈeku/,,,,,*/d͡ʒurəmˈəntu/,*/d͡ʒurˈa/,,,,,,*/sərutˈa/,,,,,*/kumpərˈa/,*/kˈumpəru/,*/furˈa/,*/fˈuru/,*/əmprumutˈa/,,,,,,,*/prˈet͡su/,,*/ˈənd͡ʒeru/,*/kreʃtˈinu/,*/krˈut͡ʃe/,,*/drˈaku/,,,,*/mirˈune/,*/urət͡ʃˈune/,,,,,,,,,,,,,,,*/skrˈie/,*/skriptˈurə/,,,,,*/t͡ʃe̯ˈatərə/,*/ʃijerˈa/,,,,,,,*/petrˈet͡ʃe/,,,*/mjˈeru/,,,,,,*/dulko̯ˈare/,*/puto̯ˈare/,*/pˈutredu/,*/kəldˈurə/,,,,*/rəko̯ˈare/,,,,,*/furˈid͡ʒine/,,,,,,,,*/afo̯ˈarə/,*/aʎjerˈej/,*/kutrə/,,,*/adine̯ˈawrə/,,,,,,,,,,,*/ənədˈintru/,,*/ənkutrə/,*/indˈeret/,*/ˈəntru/,,,*/prˈintre/,*/prˈintru/,,,,*/sprˈe/,,,*/timpurˈiw/,,,,,,,,*/apropjˈa/,*/aprˈopu/,*/apro̯ˈapjə/,,,,,,*/rədikˈa/,,*/arunkˈa/,,,*/əntrˈa/,*/lurekˈa/,,*/prəmburˈa/,,*/prut͡ʃˈede/,*/sərˈi/,,,,,,*/trˈet͡ʃe/,,,,,,*/kuprˈinde/,,,,,*/frekˈa/,*/frekətˈurə/,,,,,,*/strˈind͡ʒe/,,,,,,,*/furə/,,,*/kˈare/,,,,,,*/sˈemere/,,,*/aʃtˈerne/,,*/astruəkˈa/,,*/koperˈi/,*/krepˈa/,*/kurˈa/,,*/drˈid͡ʒe/,*/deskoperˈi/,,*/spulbərˈa/,,,*/strəkurˈa/,*/strekˈa/,,*/frˈənd͡ʒe/,,,,,,,,,,,,,,,,,,,*/trˈad͡ʒe/,,,*/lukrˈa/,*/lˈukru/,*/məjˈestru/,,,*/kələrˈet͡su/,,,,*/ənfrənˈa/,,,*/trəɡenˈa/,*/trimˈete/,,,*/ənkərkətˈurə/,*/lˈuntre/,,*/pərˈənɡə/,,,,,*/kərˈajre/,,*/ˈaru/,*/t͡ʃˈerne/,,,,*/trijerˈa/,*/vənturˈa/,*/mo̯ˈarə/,*/pˈaru/,*/sˈet͡ʃere/,*/ˈarje/,,,,*/semənətˈurə/,,,,*/se̯ˈarə/,,,,,,,,*/jernˈa/,,*/nutrˈet͡su/,,*/sərt͡ʃinˈajru/,,*/stemurˈajre/,*/tˈurmə/,*/vəkəre̯ˈat͡sə/,*/bowˈajru/,,*/purkˈajru/,*/purkəre̯ˈat͡sə/,,*/t͡ʃe̯ˈarə/,,*/fˈaɡuru/,,*/frˈuptu/,,*/pəstˈurə/,,,,*/untˈurə/,,,,*/vənəto̯ˈajre/,,*/ənfrˈənd͡ʒe/,*/ənfruntˈa/,,,,,,,,,,*/prˈadə/,*/kˈajjeru/,*/kˈanurə/,,*/fuʎˈoru/,,,,,,,,*/pˈənurə/,,,,,,,,,,,,,,*/duɡˈajru/,*/durˈa/,*/lemnˈajru/,,*/skəndˈurə/,*/sekˈure/,*/awrˈajru/,,*/fˈawru/,*/fərˈajru/,,,,*/kəldˈajre/,,*/strəkurəto̯ˈajre/,,,*/olˈajru/,,,,*/urt͡ʃˈoru/,*/bˈajjeru/,,,*/frimbˈiə/,,,*/lətˈurə/,,,,,,,,,,*/urˈa/,,*/streɡˈa/,*/pjrˈinde/,,,,,,,,*/prˈinsu/,,*/urˈekʎe/,,,,,,,,,,,*/mjˈere/,*/fjˈere/,*/ˈəntre/,,,,*/frˈəntu/,,,,,*/frˈipse/,,,,,,,,,,*/frəsinˈetu/,*/əntre̯ˈa/,*/muʎˈere/,*/pərˈete/,,,,,,*/pˈəru/,*/pˈəru/,,,,,*/spˈəru/,*/spərˈa/,*/strəpˈund͡ʒe/,,,,,,,,*/t͡ʃˈuru/,,,,*/nˈeɡurə/,,,,,,,,,,,,,,,,,,,,,*/rˈa/,*/nˈeɡru/,*/ne̯ˈaɡrə/,*/nˈeɡre/,*/se̯ˈarə/,,,,,,,*/pərˈinte/,,,,,*/krˈeʃti/,,*/zɡˈawru/,*/zɡˈawrə/,*/zɡˈarje/,*/zɡˈowrə/,,,,
R265,,,,,,,,,,,,,,,,,,,,,,,,,,,,,,,,,,,,,,,,,,,,,,,,,,,,,,,,,,,,,,,,,,,,,,,,,,,,,,,,,,,,,,,,,,,,,,,,,,,,,,,,,,,,,,,,,,,,,,,,,,,,,,,,,,,,,*/fˈarmeku/,,,,,,,,,,,,,,,,,,,,,,,,,,,,,,,,,,,,,,,,,,,,,,,,,,,,,,,,,,,,,,,,,,,,,,,,,,,,,,,,,,,,,,,,,,,,,,,,,,,,,,,,,,,,,,,,,,,,,,,,,,,,,,,,,,,,,,,,,,,,,,,,,,,,,,,,,,,,,,,,,,,,,,,,,,,,,,,,,,,,,,,,,,,,,,,,,,,,,,,,,,,*/speməntˈa/,,,,,,,,,,,,,,,,,,,,,,,,,,,,,,,,,,,,,,,,,,,,,,,,,,,,,,,,,,,,,,,,,,,,,,,,,,,,,,,,,,,,,,,,,,,,,,,,,,,,,,,,,,,,,,,,,,,,,,,,,,,,,,,,,,,,,,,,,,,,,,,,,,,,,,,,,,,,,,,,,,,,,,,,,,,,,,,,,,,,,,,,,,,,,,,,,,,,,,,,,,,,,,,,,,,,,,,,,,,,,,,,,,,,,,,,,,,,,,,,,,,,,,,,,,,,,,,,,,,,,,,,,,,,,,,,,,,,,,,,,,,,,,,,,,,,,,,,,,,,,,,,,,,,,,,*/kˈarpenu/,,,,,,,,,,,,,,,,,,,,,,,,,,,,,,,,,,,*/kukˈurbetə/,,,,,,,,,,,,,,,,,,,,,,,,,,,,,,,,,,,,,,,,,,,,,,,,,,,,,,,,,,,,,,,,,,,,,,,,,,,,,,,,,,,,*/berbˈeku/,,,,,,,,,,,,,,,,,,,,,,,,,,,,,,,,,,,,,,,,,,,,,,,,,,,,,,,,,,,,,,,,,,,,,,,,,,,,,,,,,,,,,,,,,,,,,,,,,,,,,,,,,,,,,,*/ˈasperu/,,,,,,,,,,,,,,,,,,,,,,,,,,,,,,,,,,,,,,,,,,,,,,,,,,,,,,,,,,,,,,,,,,,,,,,,,,,,,,,,,,,,,,,,,,,,,,,,,,,,,,,,,,,,,,,,,,*/ɡˈalbenu/,,,,,,,,,,,,,,,,,,,,,,,,,,,,,,,,,,,,,,,,,,,,,,,,,,,,,,,,,,,,,,,,,,,,,,,,,,,,,,,,,,,,,,,,,,,,,,,,,,,,,,,,,,,,,,,,,,,,,,,,,,,,,,,,,,,,,,,*/despekˈa/,,,,*/spulberˈa/,,,,,,,,,,,,,,,,,,,,,,,,,,,,,,,,,,,,,,,,,,,,,,,,,,,,,,,,,,,,,,,,,,,,,,,,,,,,,,,,,,,,,,,,,,,,,,,,,,,,,,,,,,,,,,,,,,,,,,,,,,,,,,,,,,,,,,,,,,,,,,,,,,,,,,,,,,,,,,,,,,,,,,,,,,,,,,,,,,,,,,,,,,,,,,,,,,,,,,,,,,,,,,,,,,,,,,,,,,,,,,,,,,,,,,,,,,,,,,,,,,,,,,*/spˈeru/,*/sperˈa/,,,,,,,,,,,,,,,,,,,,,,,,,,,,,,,,,,,,,,,,,,,,,,,,,,,,,,,,,,,
R266,,,,,,,,,,,,,,,,,,,,,,,,,,,,,,,,,,,,,,,,,,,,,,,,,,,,,,,,,,,,,,*/amɨndˈoj/,,,,,,,,,,,,,,,,,,,,,,,,,,,,,,,*/d͡zˈɨnə/,,,,,,*/kɨntet͡ʃˈelu/,,,,,,,,,,,,,,,,,,,,,,,,,,,*/skərmɨnˈa/,,,,,,,,,,,,,*/frˈɨnu/,,,*/ɡʎˈɨndə/,*/ɡʎˈɨndurə/,,,*/ɨnpred͡ʒˈuru/,,,,,*/ɨnˈaltu/,*/ɨnəlt͡sˈa/,*/ɨnkəlt͡sˈa/,*/ɨnkˈalt͡su/,*/ɨnkərkˈa/,*/ɨnkund͡ʒurˈa/,*/ɨndreptˈa/,*/ɨnfəʃˈa/,*/ɨnɡɨnˈa/,*/ɨnvət͡sˈa/,,,*/mɨnˈajru/,,,,,,,,,,,,,,,,,*/sˈɨntu/,,,,,*/skɨntˈeʎe/,,,,,,,,,,*/fˈamɨnu/,,,,,,,,*/bətrˈɨnu/,,,,,,,,,,,,,,,,,,,,,,,,,,,,,,,,,,,,*/rˈɨnə/,,,,,,,,,,*/vɨnˈinu/,,,,*/kəlkˈɨɲu/,,,,,*/mˈɨnə/,,,,,,,,,,,,,,,,,,,,,,,,,,,*/ɨnɡʎut͡sˈi/,*/ɨntˈind͡ʒe/,,,,,,,,,,,,,,,*/ɨnɡrekˈa/,*/ɨnɡre̯ˈakə/,,,,,,,,,,,,,,*/mɨne̯ˈa/,*/mɨnekˈa/,,,,,,,*/pəɡˈɨnu/,,,,*/blˈɨndu/,*/blɨndˈet͡se/,*/ɨnkumˈete/,,,,,,*/spemɨntˈa/,,,*/ɨndurˈa/,*/ɨnterətˈa/,*/ɨnvitˈa/,,*/mɨnɡɨɲˈa/,*/mɨnˈiə/,,,,,*/pɨnetˈa/,,,,,,*/plˈɨnd͡ʒe/,,,,,,,,,,,,,,,,,,,,,*/ɨnt͡selept͡ʃˈune/,*/ɨntelˈeptu/,*/ɨnt͡selˈed͡ʒe/,,,,,,,,,,*/sɨnˈa/,*/sɨnetˈosu/,*/sˈɨnu/,,,*/rˈɨɲe/,,,,,,,,,,,,*/lɨnd͡ʒˈesku/,*/lˈɨnd͡ʒedu/,*/lɨnɡo̯ˈare/,,,,,,,,,,,,,*/mˈɨnku/,,,,,,,,*/mˈɨnekə/,,,*/beʃtimˈɨntu/,*/kəlt͡səmˈɨntu/,,,,,,,,,,,,,,,,*/ɨnt͡ʃˈind͡ʒe/,,,,,,*/ɨnsurˈa/,*/ɨnfəʃurˈa/,*/ɨnveʃtˈi/,,,,*/prˈɨnd͡zu/,,,,,,,,,*/pˈɨne/,,,,,,,,,,,,,,,,,,,,*/koperimˈɨntu/,,,*/fɨntˈɨnə/,,,,,,,,,,,*/kəpətˈɨɲu/,,,,,,,,,*/d͡ʒe̯ˈamɨnu/,,,,,,,,,,,,,,,,,,,,*/fiʎˈɨnu/,,*/o̯ˈarfɨnu/,,,,,,*/ɨnsurˈa/,,,,,,*/t͡ʃe̯ˈarkɨnu/,,,,,,,,,,,,,,,,,,,,,,*/vˈɨntu/,,,,,,*/mˈɨne/,,,,,,,,,*/septemˈɨnə/,*/vˈɨneri/,,,,,,,,*/pəmˈɨntu/,,,,,,,,,,,,,,,,,,,,,,,,,,,,,,,,,,,,,,,,,,,,,,,,*/semˈɨnt͡sə/,,,,,,,,,,*/məste̯ˈakɨnu/,,,*/pˈaltɨnu/,,,,,,,,,,,,,,,,,,,,,,*/ɡrˈɨnu/,,,*/pɨnˈinku/,,,,,,,,,,,,,*/fˈɨnu/,,,*/kˈɨnəpə/,,,,,,,,,*/mˈɨntə/,,,,,,,,,,,,,*/brˈɨnkə/,,,,,,,*/ɨnkəlekˈa/,,,*/pˈɨntet͡ʃe/,,,,,,,,,,,,,,,,*/kˈɨne/,,,,,,,,,,,,,,,,,,,,*/tert͡sˈɨnu/,,,,,,,,,,,,,,,,,,,,,,,,,*/pˈɨnurə/,,,,,,,,,,,,,,,,,,,,,,,,,,*/ʃerpˈɨnt͡sə/,,,,,,,,,,,,,,,,,,,,,,,,,,,,*/ɨntrˈeɡu/,,,,,,,,,,,,,,*/pɨntu/,,,*/akutɨntu/,,,,*/ɨntˈɨɲu/,,,,,,,,,,,,*/ˈɨnɡʎu/,*/ɨnɡˈustu/,,,,,,,,,,,,,,,,,,,,,,*/rˈɨnt͡ʃedu/,,,,,,,,,,,,,,,,,,,,*/kuvɨntˈa/,,*/frˈɨnku/,,,,,,*/d͡ʒurəmˈɨntu/,,,,,*/leɡəmˈɨntu/,,,,,,,,,,,,,,,,,,,,*/ˈɨnd͡ʒeru/,,,,,*/ɨnkʎinˈa/,*/ɨnkʎinət͡ʃˈune/,,,,*/pəɡɨnetˈate/,,,,,,,,*/kumɨndˈa/,*/monmˈɨntu/,*/ɨnkɨntˈa/,,*/kɨntˈa/,,,,,,*/kˈɨnteku/,,,,,,,,,,,,,,,,*/vˈɨnetu/,,,,,,,,,,,,,,,,,*/ɨnt͡ʃˈinde/,,,,,,,,,*/kurˈɨndu/,,,,,,,,,,,*/ˈɨn/,*/ɨnəjˈinte/,*/ɨnədˈintru/,*/ɨnəpˈoj/,*/ɨnkutrə/,,*/ˈɨntru/,,,,,,*/stˈɨnku/,,,,,,,,,,,,,,,,,,,,,,,,,,*/ɨntrˈa/,,,,,,,,,,,,,,,,,,,,,,,,,*/ɨnɡɨnˈa/,,,,,,,,,,,,,*/ɨnt͡ʃˈepe/,,,,,,,*/semɨnˈa/,,,,,,,,,,,,,,,,,,,,,*/frˈɨnd͡ʒe/,,,,*/əmplɨntˈa/,,,*/ɨnt͡ʃerkˈa/,*/ɨnkʎejˈa/,*/ɨnflˈa/,*/ɨnto̯ˈart͡ʃe/,,,,,,,,,,,,,,,*/ɨnt͡ʃˈetu/,,,,,,*/ɨnfrɨnˈa/,,,,,,,*/ɨnkərkətˈurə/,,,*/pərˈɨnɡə/,,,,,,,,,,,,,*/vɨnturˈa/,,,,,,,,*/semɨnətˈurə/,,,,,*/mɨnˈa/,,,*/ɨnsemnˈa/,,*/fɨnˈat͡su/,*/fɨne̯ˈat͡sə/,,,,,,,,,,,,,,,,,,,,*/ɨnkʎeɡˈa/,,,,,,*/spɨntekˈa/,*/vɨnˈa/,*/vɨnətˈor/,*/vɨnəto̯ˈajre/,,*/ɨnfrˈɨnd͡ʒe/,*/ɨnfruntˈa/,*/ɨnvˈint͡ʃe/,,,,,,,,,,,,*/depɨnˈa/,,,,,*/ɨnkurkˈa/,,,,*/pˈɨnurə/,,,,,,,,,,,,,,,,,,*/skɨndˈurə/,,,,,,,*/lˈamɨnə/,,,,,,,,,,,,,,,,,,,,,,,,*/kuvˈɨntu/,,,,,,,,,,,,,,,,,,,,,,,,,,*/sˈɨnd͡ʒe/,,,,*/ˈɨntre/,,,,*/frˈɨntu/,,,,,,,,,,,,,,,,*/ɨntre̯ˈa/,,,,,,,,,,*/vˈɨnə/,,,,,,,,,,,,,,,,,,,,,,,,,,,,,,,*/kˈɨndu/,,,,,,,,,,,,,,,,,,,,*/sɨnetˈate/,,,,,,,,,,,,*/ˈɨnsu/,
R267,,,,,,,,,,,,,,,,,,,,,,,,,,,,,,,,,,,,,,,,,,,,,,,,,,,,,,,,,,,,,,,,,,,,,,,,,,,,,,,,,,,,,,,,,,,,,,,,,,,,,,,,,,,,,,,,,,,,,,,,,,,,*/skɨmbjˈa/,,,,,,,,,,,,,,,,,,,,,,,,,,*/ɨmpərˈatu/,,,,,,,,,,,,,,,,,,,,,,,,,,,,,,,,,,,,,*/strˈɨmbu/,,,,,,,,,,,,,,,,,,,,,,,,,,,,,,,,,,,,,,,,,,,,,,,,,,,,,,,,,,,,,,,,,,,,,,,,,,,,,,,,,,,,,,,,,,,,,,,,,*/ɨmbukˈa/,,,,,,,,,,,,,,,,,,,,,,,,,,,,,,,,,,,,,,,,,,,,,,,,,,,,,,,,,,,,,,,,,,,,,,,,,,,,,,,,,,,,,,,,,,,,,,,,,,,,,,,,,,,,,,,,,,,,,,,,,,,,,,,,,,,,,,,,,,,,,,,,,,,,,,,,,,,,,,,,,,,,,,,,,*/ɨmbrəkˈa/,,,,,,,,,,,,,,,,,,,,,,,,,,,,,,,,,,,,,,,,,,,,,,,,,,,,,,,,,,,,,,,,,,,,,,,,,,,,,,,,,,,,,,,,,,,,,,,,,,,,,,,,,,,,,,,,,,,,,,,,,,,,,,,,,*/sˈɨmbətə/,,,,,,,,,,,,,,,,,,,,,,,,,,,,,,,,,,,,,,,,,,,,,,,,,,,,,,,,,,,,,,,,,,,,,,,,,,,,,,,,,,,,,,,,,,,,,,,,,,,,,,,,,,,,,,,,,,,,,,,,,,,,,,,,,,,,,,,,,,,,,,,,,,,,,,,,,,,,,,,,,,,,,,,,,,,,,,,,,,,,,,,,,,,,,,,,,,,,,,,,,,,,,,,,,,,,,,,,,,,,,,,,,,,,,,,,,,,,,,,,,,,,,,,,,,,,,,,,,,*/ɨmputˈa/,,,,,,,,,,,,,,,,,,,,,*/ˈɨmbi/,,,,,,,,,,,,,,,,,,,,,,,,,,,,,,,,,,,,,,,,,,,,,,,,,,,,,,,,,,,,,,,,,,,,,,,,,,,,,,,,*/ɨmprumutˈa/,,,,,,,,,,,,,,,,,,,,,,,,,,,,,,,,,,,,,,,,,,,,,,,,,,,,,,,,,,,,,,,,,,,,,,,,,,,,,,,,,,,,,,,,,,,,,,,,,,,,,,,,,,,,,,,,,,,,,,,,,,,,,,,,,,,*/prɨmburˈa/,,,,,,,,,,,,,,,,,,,,,,,,,,,,,,,,,,,,,,,,,,,,,,,,,,,,,,,,,,,,,,,,*/ɨmbinˈa/,*/ɨmpərt͡sˈi/,*/ɨmpˈind͡ʒe/,*/ɨmplɨntˈa/,,*/ɨmpˈund͡ʒe/,,,,,*/ɨmbjˈa/,,,,,,,,,,,,,,,,,,,,,,,,,,,,,,,,,,,,,,,,,,,,,,,,*/kˈɨmpu/,,,,,,,,,,,,,,,,,,,,,,,,,,,,,,,,,,,,,,,,,,,,,,,,,,,,,,,,,,,,,,,,,,,,,,,,,,,,,,,,,,,,,,,,,,,,,,,,,,,,,,,,,,,,,,,,,,,,,,,,,,,,,,,,,,,,,,,,,,,,,,,,,,,,,,,,,,,,,,,,,,,,,,,,,,,,,,,,,,,,,,,,,,,,,,,,,,,,,,,,,,,,,,,,,,,,,,,,,,,,,,,,,,,,,,,,,,,,,,,,,
R268,,,,,,,,,,,,,,,,,,,,*/adˈiju/,,,,,,,,,,,,,,,,,,,,,,,,,,,,,,,,,,,,,,,,,,,,,,,,,,,,,,,,,,,,,,,,,,,*/bətˈaje/,,,,,,,,,,,,,,,,,,,,,,,,,,,,,,,,,,,,,,,,,,,,,,,,,,,,,,*/ɡəjinˈat͡su/,*/ɡjˈɨndə/,*/ɡjˈɨndurə/,,,,,,,,,,,,,,,,,,,,,,,,,*/pəkˈuju/,*/pjˈerɡje/,*/pəstˈaje/,,,,,,,,,,,,,,,*/skɨntˈeje/,,,,,,,,,,,,,,*/mˈaʃkju/,,,,,*/vˈerɡje/,,,,,,,,,,,,,,,,,,,,,,,*/kˈoju/,,,,,*/jˈeje/,,*/məruntˈaje/,*/mˈuʃkju/,,,,,*/rɨnˈekju/,*/rərˈunkju/,,,,,,*/trˈunkju/,,,,,,*/kəlkˈɨju/,,,,*/d͡ʒenˈunkju/,,,,,,,*/ˈunɡje/,,,,,,,,,,,,,,,,,,,,,*/ɨnɡjut͡sˈi/,,,,,,,,*/suɡjut͡sˈa/,,,,,,,,,,,,,,,,,,,,,,,,,,,*/veɡjˈa/,,,,,,,,,,,,,*/dujˈosu/,,,,,,,,,,*/mɨnɡɨjˈa/,,,,,,,,,,,,,,,,,,,,,,,,,,,,,,,,,,,,,,,,*/ujitˈa/,,,,,,,,,,*/rˈɨje/,,,,,,,,,,,,,,,,,,,,,,*/purˈoju/,,,,,,,,*/ʃkjˈopu/,*/ʃkjopˈa/,,,*/jˈije/,,*/pəjo̯ˈarə/,,,,,,,,,,,*/kjˈinɡə/,,,,*/ɡjˈemu/,,,,,,,,,,,,,,,,,,,,,,,,,,,,,,,,,,,,,,,,,,,,,,,,,,,,,,,,,,,*/kəpətˈɨju/,,,,,,,,,,,,,,,,,,,*/fijˈastru/,,,,,,,,,,*/fijˈɨnu/,,,,,,,,,,,,,,,,,,,,,,,,,,,,,,,,,,,,,,,,,,,,,,,,,,,,,*/prˈije/,,,,,,,,,*/jˈimu/,,,,,,,*/pˈekje/,,,,,,,,,,,,,,,,,,,,,,,,,,,,,,*/fo̯ˈaje/,*/fˈoju/,,,*/pˈaje/,,,,,,,,,,,,,,,,,,,*/tˈeju/,,,*/ɡutˈuje/,*/ɡutˈuju/,,,,,,,,,,,,,,,,,,,*/mˈeju/,,,*/ˈaju/,*/kurˈekju/,,,,,,,,*/rəd͡zˈikje/,,,,*/trefˈoju/,,*/jˈinu/,,,,,,,,,*/mˈekje/,,,,,,,,*/nemˈaje/,,,,,,,,,,,,,*/pˈaju/,,,,,,,,,,,*/mjˈelu/,,,,,,,,,,,,,,,,,,,,,,,,,,,,,,,,,,*/vətˈuju/,*/vətˈuje/,,,*/jˈepure/,,,,,,,,,,,,,,,*/pˈuju/,*/ɡəjˈinə/,,,,,,,,,,*/poturnˈikje/,*/preveɡjeto̯ˈajre/,*/preveɡjˈa/,,,,,,,,,,,,,,,,,,,,*/ɡrˈejjeru/,,,,,*/strˈekje/,*/pədˈukju/,,,,,,,,,,,,,,,,,,,,,,*/pərˈekje/,,,,,,,,,,,,*/ɨntˈɨju/,,,,,,,,,,,,*/ˈɨnɡju/,,,*/kjˈeku/,,,,,,,,,,,,,,,,*/mˈukje/,,,,,,,,,,,,,,,,,,,,,,,,,,,,,,,,,,,,,,,,*/ʃkjˈaw/,,,,,,,,,,*/jˈew/,*/je̯ˈa/,,,,,,,,,,,*/ɨnkjinˈa/,*/ɨnkjinət͡ʃˈune/,*/jertˈa/,,,,,,,,,,,,,,,,,,,,,,,,,,,,,,,,,,,,,,,,,,,,,,,,,,,,,,,,,,,,,*/ajjerˈej/,,,,,,,,,,,,,,,,,,,,,,,,,,,,,,,,,*/vˈekju/,,,,,,,,,,,,,,,,,,,,,,,,,,,,,,,,,,,,,,,,*/ʃkjukˈa/,,,,,,,,,,,,,,,,,,,,,,,,,,,,,,,,,,,,,,,,,,,,,,,,,,,,*/ɨnkjejˈa/,,,,,*/mujˈa/,,,,*/subt͡sijˈa/,*/təjˈa/,,,,,,,,,,,,,,,,,,,,,,,,,,,,,,,,,,,,,,,,,,,,,,,*/mərˈunkju/,,,,,,,,,,,,,,,,,,,,,,,,*/kjˈaɡu/,,,,*/ɨnkjeɡˈa/,,,,,,,,,,*/despujˈa/,,,,,,,,,,,,,,,,*/fujˈoru/,,,,,,,,,,,*/rəʃkjˈa/,,,,,*/tindˈekje/,,,,*/ˈaʃkje/,,,,,*/mˈaju/,,,,*/kjˈaje/,,,,,,,,,,,,,,,,,,,,,,,,,,,*/kjemˈa/,,,,,,,,,,,,,,,,,,*/urˈekje/,*/ˈokju/,,,,,,,,,,,,,,,,,,,,,,,,,,,,,,,,,*/mujˈere/,,,*/ɡjˈat͡sə/,,,,,,,,*/kˈuju/,,,,,,,,,,,,,,,,,,,*/ˈunkju/,,,,,,,,,,,,,,*/jˈeji/,,,,,,,,,,,,,,,,,,,,,,,,,,,*/fəmˈeje/,,
R269,,,,,,,,,,,,,,,,,,,,,,,,,,,,,,,,,,,,,,,,,,,,,,,,,,,,,,,,,,,,,,,,,,,,,,,,,,,,,,,,,,,,,,,,,,,,,,,,,,,,,,,,,,,,,,,,,,,,,,,,,,,,,,,,,,,,,,,,,,,,,,,,,,,,,,,,,,,,,,,,,,,,,,,,,,,,,,,,,,,,,,,,,,,,,,,,,,,,,,,,,,,,,,,,,,,,,,,,,,,,,,,,,,,,,,,,,,,,,,,,,,,,,,,,,,,,,,,,,,,,,,,,,,,,,,,,,,,,,,,,,,,,,,,,,,,,,,,,,,,,,,,,,,,,,,,,,,,,,,,,,,,,,,,,,,,,,,,,,,,,,,,,,,,,,*/pənetˈa/,,,,,,,,,,,,,,,,,,,,,,,,,,,,,,,,,,,,,,,,,,,,,,,,,,,,,,,,,,,,,,,,,,,,,,,,,,,,,,,,,,,,,,,,,,,,,,,,,,,,,,,,,,,,,,,,,,,,,,,,,,,,,,,,,,,,,,,,,,,,,,,,,,,,,,,,,,,,,,,,,,,,,,,,,,,,,,,,,,,,,,,,,,,,,,,,,,,,,,,,,,,,,,,,,,,,,,,,,,,,,,,,,,,,,,,,,,,,,,,,,,,,,,,,,,,,,,,,,,,,,,,,,,,,,,,,,,,,,,,,,,,,,,,,,,,,,,,,,,,,,,,,,,,,,,,,,,,,,,,,,,,,,,,,,*/pənˈinku/,,,,,,,,,,,,,,,,,,,,,,,,,,,,,,,,,,,,,,,,,,,,,,,,,,,,,,,,,,,,,,,,,,,,,,,,,,,,,,,,,,,,,,,,,,,,,,,,,,,,,,,,,,,,,*/pˈənurə/,,,,,,,,,,,,,,,,,,,,,,,,,,,,,,,,,,,,,,,,,,,,,,,,,,,,,,,,,,,,,,,,,,,,,,,,,,,,,,,,,,,,,,,,,,,,,,,,,,,,,,,,,,,,,,,,,,,,,,,,,,,,,,,,,,,,,,,,,,,,,,,,,,,,,,,,,,,,,,,,,,,,,,,,,,,,,,,,,,,,,,,,,,,,,,,,,,,,,,,,,,,,,,,,,,,,,,,,,,,,,,,,,,,,,,,,,,,,,,,,,,,,,,,,,,,,,,,,,,,,,,,,,,,,,,,,,,,,,,,,,,,,,,,,,,,,,,,,,,,,,,,,,,,,,,,,,,,,,,,,,,,,,,,,,,,,,,,,,,,,,,,,,,,,,,,,,,,,,,,,,,,,,,,,,,,,,,,,,,,,,,,,,,,,,,,,,,,,,,,,,,,,,,,,,,,,,,,,,,,,,,,,,,,,,,,,,,,,,,,,,,,,,,,,,,,,,,,,,,,,,,,,,,*/depənˈa/,,,,,,,,,*/pˈənurə/,,,,,,,,,,,,,,,,,,,,,,,,,,,,,,,,,,,,,,,,,,,,,,,,,,,,,,,,,,,,,,,,,,,,,,,,,,,,,,,,,,,,,,,,,,,,,,,,,,,,,,,,,,,,,,,,,,,,,,,,,,,,,,,,,,,,,,,,,,,,,,,,,,,,,,,,,,,,,,,,,,,,,,,,,,,,,
R270,,,,,,,,,,,,,,,,,,,,,,,,,,,,,,,,,,,,,,,,,,,,,,,,,,,,,,,,,,,,,,,,,,,,,,,,,,,,,,,,,,,,,,,,,,,,,,,,,,,,,,,,,,,,,,,,,,,,,,,,,,,,,,,,,,,,,,,,,,,,,,,,,,,,,,,,,,,,,,,,,,,,,,,,,,,,,,,,,,,,,,,,,,,,,,,,,,,,,,,,,,,,,,,,,,,,,,,,,,,,,,,,,,,,,,,,,,,,,,,,,,,,,,,,,,,,,,,,,,,,,,,,,,,,,,,,,,,,,,,,,,,,,,,,,,,,,,,,,,,,,,,,,,,,,,,,,,,,,,,,,,,,,,,,,,,,,,,,,,,,,,,,,,,,,*/pənətˈa/,,,,,,,,,,,,,,,,,,,,,,,,,,,,,,,,,,,,,,,,*/sɨnətˈosu/,,,,,,,,,,,,,,,,,,,,,,,,,,,,,,,,,,,,,,,,,,,,,,,,,,,,,,,,,,,,,,,,,,,,,,,,,,,,,,,,,,,,,,,,,,,,,,,,,,,,,,,,,,,,,,,,,,,,,,,,,,,,,,,,,,,,,,,,,,,,,,,,,,,,,,,,,,,,,,,,,,,,,,,,,,,,,,,,,,,,,,,,,,,,,,,,,,,,,,,,,,,,,,,,,,,,,,,,,,,,,,,,,,,,,,,,,,,,,,,,,,,,,,,,,,,,,,,,,,,,,,,,,,,,,,,,,,,,,,,,,,,,,,,,,,,,,,,,,,,,,,,,,,,,,,,,,,,,,,,,,,,,,,,,,,,,,,,,,,,,,,,,,,,,,,,,,,,,,,,,,,,,,,,,,,,,,,,,,,,,,,,,,,,,,,,,,,,,,,,,,,,,,,,,,,,,,,,,,,,,,,,,,,,,,,,,,,,,,,,,,,,,,,,,,,,,,,,,,,,,,,,,,,,,,,,,,,,,,,,,,,,,,,,,,,,,,,,,,,,,,,,,,,,,,,,,,,,,,,,,,,,,,,,,,,,,,,,,,,,,,,,,,*/vet͡ʃinətˈate/,,,,,,,,,,,,,,,,,,,,,,,,,,*/pəɡɨnətˈate/,,,,,,,,,,,,,,,,,,,,,,,,,,,,,,,,,,*/vˈɨnətu/,,,,,,,,,,,,,,,,,,,,,,,,,,,,,,,,,,,,,,,,,,,,,,,,,,,,,,,,,,,,,,,,,,,,,,,,,,,,,,,,,,,,,,,,,,,,,,,,,,,,,,,,,,,,,,,,,,,,,,,,,,,,,,,,,,,,,,,,,,,,,,,,,,,,,,,,,,,,,,,,,,,,,,,,,,,,,,,,,,,,,,,,,,,,,,,,,,,,,,,,,,,,,,,,,,,,,,,,,,,,,,,,,,,,,,,,,,,,,,,,,,,,,,,,,,,,,,,,,,,,,,,,,,,,,,,,,,,,,,,,,,,,,,,,,,,,,,,,,,,,,,,,,,,,,,,,,,,,,,,,,,,,,,,,,,,,,,,,,,,,,,,,,,,,,,,,,,,,,,,,,,,,,,,,,,,,,,,,,,,,,,,,,,,,,,,,,,,,,,,,,,,,,,,,,,,,,,,,,,,,,,,,,,,,*/sɨnətˈate/,,,,,,,,,,,,,
R271,,,,,,,,,,,,,,,,,,,,,,,,,,,,,,,,,,,,,,,,,,,,,,,,,,,,,,,,,,,,,,,,,,,,,,,,,,,,,,,,,,,,,,,,,,,,,,,,,,,,,,,,,,,,,,,,,,,,,,,,,,,,,,,,,,,,,,,,,,,,,,,,,,,,,,,,,,,,,,,,,,,,,,,,,,,,,,,,,,,,,,,*/səkrˈetu/,,,,,,,,,,,,,,,,,,,,,,,,,,,,,,,,,,,,,,,,,,,,,,,,,,,,,,,,,,,,,,,,,,,,,,,,,,,,,,,,,,,,,,,,,,,,,,,,,,,,,,,,,,,,,,,,,,,,,,,,,,,,,,,,,,,,,,,,,,,,,,,,,,,,,,,,,,,,,,,,,,,,,,,,,,,,,,,,,,,,,,,,,,,,,,,,,,,,,,,,,,,,,,,,,,,,,,,,,,,,,,,,,,,,,,,,,,,,,,,,,,,,,,,,,,,,,,,,,,,,,,,,,,,,,,,,,,,,,,,,,,,,,,,,,,,,,,,,,,,,,,,,,,,,,,,,,,,,,,,,,,,,,,,,,,,,,,,,,,,,,,,,,,,,,,,,,,,,,,,,,,,,,,,,,,,,,,,,,,,,,,,,,,,,,,,,,,,,,,,,*/səptemˈɨnə/,,,,,,,,,,,,,,,,,,,,,,,,,,,,,,,,,,,,,,,,,,,,,,,,,,,,,,,,,,,,,,,,,,,,,,,,,,,,,,,,,,,,,,,,,,,,,,,,,,,,,,,,,,,,,,,,,,,,,,,,,,,,,,,,,,,*/səlbˈateku/,,,,,,,,,,,,,,,,,,,,,,,,,,,,,,,,,,,,,,,,,,,,,,,,,,,,,,,,,,,,,,,,,,,,,,,,,,,,,,,,,,,,,,,,,,,,,,,,,,,,,,,,,,,,,,,,,,,,,,,,,,,,,,,,,,,,,,,,,,,,,,,,,,,,,,,,,,,,,,,,,,,,,,,,,,,,,,,,,,,,,,,,,,,,,,,,,,,,,,,,,,,,,,,,,,,,,,,,,,,,,,,,,,,,,,,,,,,,,,,,,,,,,,,,,,,,,,,,,,,,,,,,,,,,,,,,,,,,,,,,,,,,,,,,,,,,,,,,,,,,,,,,,,,,,,,,,,,,,,,,,,,,,,,,,,,,,,,,,,,,,,,,,,,,,,,,,,,,,,,,,,,,,,,,,,,,,,,,,,,,,,,,,,,,,,,,,,,,,,,,,,,,,,,,,,,,,,,,,,,,,,,,,,,,,,,,,,,,,,,,,,,,,,,,,,,,,,,,,,,,,,,,,,,,,,,,,,,,,,,,,,,,,,,,,,,,,,,,,,,,,,,,,,,,,,,,,,,,,,,,,,,,,,,,,,,,,,,,,,,,,,,,,,,,,,,,,,,,,,,,,,,,,,,,,,,,,,,,,,,,,,,,,,,,,,,,,,,,,,,,,,,,,,,,,,,,,,,,,,,,,,,,,,,,,,,,,,,,,,,,,,,,,,,,,,,,,,,,,,,,,,,,,,,,,,,,,,,,,,,,,,,,,,,,,,,,,,,,,,,,,,,,,,,,,,,,,,,,,,,,,
R272,,,,,,,,,,,,,,,,,,,,,,,,,,,,,,,,,,,,,,,,,,,,,,,,,,,,,,,,,,,,,,,,,,,,,,,,,,,,,,,,,,,,,,,,,,,,,,,,,,,,,,,,,,,,,,,,,,,,,,,,,,,,,,,,,,,,,,,,,,,,,,,,,,,,,,,,,,,,,,,,,,,,,,,,,,,,,,,,,,,,,,,,,,,,,,,,,,,,,,,,,,,,,,,,,,,,,,,,,,,,,,,,,,,,,,,,,,,,,,,,,,,,,,,,,,,,,,,,,,,,,,,,,,,,,,,,,,,,,,,,,,,,,,,,,,,,,,,,,,,,,,,,,,,,,,*/desmɨrdˈa/,,,,,,,,,,,,,,,,,,,,,,,,,,,,,,,,,,,,,,,,,,,,,,,,,,,,,,,,,,,,*/vɨrtˈute/,,,,,,,,,,,,,,,,,,,,,,*/vɨrtˈosu/,,,,,,,,,,,,,,,,,,,,,,,,,,,,,,,,,,,,,,,,,,,,,,,,,,,,,,,,,,,,,,,,,,,,,,,,,,,,,,,,,,,,,,,,,,,,,,,,,,,,,,,,,,,,,,,,,,,,,,,,,,,,,,,,,,,,,,,,,,,,,,,,,,,,,,,,,,,,,,,,,,,,,,,,,,,,,,,,,,,,,,,,,,,,,,,,,,,,,,,,,,,,,,,,,,,,,,,,,,,,,,,,,,,,,,,,,,,,,,,,,,,,,,,,,,,,,,,,,,,,,,,,,,,,,,,,,,,,,,,,,,,,,,,,,,,,,,,,,,,,,,,,,,,,,,,,,,,,,,,,,,,,,,,,,,,,,,,,,,,,,,,,,,,,,,,,,,,,,,,,,,,,,,,,,,,,,,,,,,,,,,,,,,,,,,,,,,,,,,,,,,,,,,,,,,,,,,,,,,,,,,,,,,,,,,,,,,,,,,,,,,,,,,,,,,,,,,,,,,,,,,,,,,,,,,,,,,,,,,,,,,,,,,,,,,,,,,,,,,,,,,,,,,,,,,,,,,,,,,,,,,,,,,,,,,,,,,,,,,,,,,,,,,,,,,,,,,,,,,,,,,,,,,,,,,,,,,,,,,,,,,,,,,,,,,,,,,,,,,,,,,,,,,,,,,,,,,,,,,,,,,,,,,,,,,,,,,,,,,,,,,,,,,,,,,,,,,,*/tɨrd͡zˈiw/,,,,,,,,,,,,,,,,,,,,,,,,,,,,,,,,,,,,,,,,,,,,,,,,,,,,,,,,,,,,,,,,,,,,,,,,,,,,,,,,,,,,,,,,,,*/ɨmpɨrt͡sˈi/,,,,,,,,,,,,*/pɨrtˈunde/,,,,,,,,,,,,,,,,,,,,,,,,,,,,,,,,,,,,,,,,,,,,,,,,,,,,,,,,,,,,,,,,,,,,,,,,,,,,,,,,,,,,,,,,,,,,,,,,,,,,,,,,,,,,,,,,,,,,,,,,,,,,,,,,,,,,,,,,,,,,,,,,,,,,,,,,,,,,,,,,,,,,,,,,,,,,,,,,,,,,,,,,,,,,,,,,,,,,,,,,,,,,,,,,,,,,,,,,,,,,,,,,,,,,,,,,,,,,,,,,,,,,,,,,,,,,,,,,,,,,,,,,,,,,,,,,,,,,,,,,,,,,,,
R273,,,,,,,,,,,,,,,,,,,,,,,,,,,,,,,,,,,,,,,,,,,,,,,,,,,,,,,,,,,,,,,,,,,,,,,,,,,,,,,,,,,,,*/botezˈa/,,,,,,,,*/zˈɨnə/,,,,,,,,,,,,,,,,,,*/kutezˈa/,,,,,,,,,,,,,,,,,,,,,,,,,,,,,,,,,,,,,,,,,,,,,,,,,,,,,,,,,,,,,,,,,,,,,,,,,,,,,,,,,,,,,,,,,,,,,,,,,,,,,,,,,,,,,,,,,,,,,,,,,,,,,,,,,,,,,,,,,,,,,,,,,,,,,,,,,,,,,,*/awzˈi/,,,,,,,,,,,,,,,,,,,,,,,,,,,,,,,,,,,,,,,,,,,,,,,,,,,,,,,,,,,,,,,,,,,,,,,,,,,,,,,,,,,,,,,,,,,,,,,,,,,,,,,,,,,,,,,,,,,,,,,,,,,,,,,,,,,,,,*/zət͡ʃe̯ˈa/,,,,,,,,,,,,,,,,,,,,,,,,,,,,,,,,,,,,,,,,,,,,,,,,,,,,,,,,,*/prˈɨnzu/,,,,,,,,,,,,,,,,*/ze̯ˈamə/,,,,,,,,,,,,,,,,,,,,,,,,,,,,,,,,,,,,,,,,,,,,,,,,,,,,,,,,,,,,,,*/zˈestre/,,,,,,,,,,,,,,,,,,,,,,,,,,,,,,,,,,*/zˈi/,,,,*/mˈazə/,*/merˈize/,,,,,,,,,,,,,,,,,,,,,,,,,,,,,,,,,,,,,,,,,,,,,,,,,,,,,,,,*/frˈunzə/,,,,,,,,,,,,,,,,,,,,,,,,,,,,,,,,,,,,,,,,,,,*/ˈorzu/,,,,,,,,,,,,,*/rəzˈikje/,*/vˈarzə/,,,,,,,,,,,,,,,,,,,,,,,,,,,,,,,,,,,,,,,,,,,*/runkezˈa/,,,,,,,,,,,,,,,,,,,,,,,,,,,,,,,,,,,,,,,,,,,,,,,,,,,,,,,,,,,,,,,,,,,,,,,*/stˈurzu/,,,*/pˈupəzə/,,,,,,,,,,,,,,,,,,,,,,,,,,,,,,,,,,,,,,,,,,,,,,,,,,,,,,,,,,,,,,,,,,,,,,,,,,,,,,,,,,,*/mjˈezu/,,,,,,,,,,,,,,,,,,,,,,,,,,,,,,,,,,,,,,,,,,,,,,,,,,,,,,,,,,,,,,,*/zˈew̥/,,,,,,,,,,,,,,,,,,,,,,,,,,,,,,,,,,,,,,,,,,,,,,,,,,,,,,,,,,,,,,,,,,,,,,,,,,,,*/ˈaze/,,,,,,,,,,,,,,,,,,*/tɨrzˈiw/,,,,,,,,,,,,*/aʃˈezu/,*/aʃˈazə/,,,,,,,,,,,,,,,,,,,,,,,,,,,,,,,,,,,,,,,,,,,,,,,,,,,,,,,,,,,,,,,,,,,,,,,,,,,,,,,,,,,,,,,,,,,,,,,,,,,,,,,,,,,,,,,,,,,,,,,,,,,,,,,,,,,,,,,,,,,,,,,,,,,,,,,,,,,,,,,,,,,,,,,,,,,,,,,,,,,,,,,,,,,,,,,,,,,,,,,,,*/urzˈi/,,,,,,,,,,,,,,,,,,,,,,,,,,,,,,,,,,,,,,,,,,,,,,,,,,,*/zˈit͡ʃe/,,,,,,,,,*/zˈadə/,,,,,,,,,,,,,,,,,,,,,,,,,,,,,,,,,,,,,,,,,,,,,,,,,,,,,,,,,,,,,,,,,,,,,,,,,,,,,,*/ˈawzi/,,,,,,,,,,,,,,,,*/zˈet͡ʃe/,,,,,,,,,,*/zˈiku/,,,,,,,,,,
R274,,,,,,,,,,*/aʒˈund͡ʒe/,*/aʒˈutu/,*/aʒutˈojru/,,,,,,,,,,,,,,,,,,,,,,,,,,,*/aʒˈunu/,*/aʒunˈa/,,,,,,,,,,,,,,,,,,,,,,,,,,,,,,,,,,,,,,,,,,,,*/boteʒˈune/,,,,,,,,,,,,,,,,,,,,,,,,,,,,,,,,,,,,,,,,,,,,,,,,,,,,,,,,,,,,,*/ʒˈuru/,*/ɨnpreʒˈuru/,,,,,,,,,,*/ɨnkunʒurˈa/,,,,,*/ʒudekˈatə/,,,,,,,,,,,,,,,,,,,,,,,,,,,,,,,,,,,,,*/ʒˈuəne/,,,,,,,,,,,,,,,,,,,,,,,,,,,,,,,,,,,,,,,,,,,,,,,,,,,,,,,,,,,,,,,,,,,,,,,,,,,,,,,,,,,,,,,,,,,,,,,,,,,,,,,,,,,,,,,,,,,,,,,,,,,,,,,,,,,,,,,,,,,,,,,,,,,,,,,,,,,,,,,,,,,,,,,,,,,,,,,,,,,,,*/ʒudekˈa/,,,,,,,,,,,,,,,,,,,,,,,,,,,,,,,,,,,,,,,,,,,,,,,,,,,,,,,,,,,,,,,,,,,,,,,,,,,,,,,,,,,,,,,,,,,,,,,,,,,,,,,,,,,,,,,,,,,,,,,,,,,,,,,,,,,,,,,,,,,,,,,,,,,,,,,,,,,,,,,,,,,,,,,,,,,,,,,,,,,,,,,,,,,,,,,,,,,,,,,,,,,,,,,,,,,,,,,,,,,,,,,,,,,,,,,,,,,,,,,,,,,,,,,,,,,,,,,,,,,,,,,,,,,,,,*/ʒune̯ˈapəru/,,,,,,,,,,,,,,,,,,,,,,,,,,,,,,,,,,,,,,,,,,,,,,,,,,,,,,,,,,,,,,,,,,,,,,,,,,,,,,,,,,,,,,,,,,,,,,,,,,,,*/ʒunˈint͡ʃe/,*/ʒˈuənku/,*/ʒˈuənkə/,,,,,,,,,,,,,,,,,,,,,,,,,,,,,,,,,,,,,,,,,,,,,,,,,,,,,,,,,,,,,,,,,,,,,,,,,,,,,,,,,,,,*/ʒˈosu/,,,,,,,,,,,,,,,,,,,,,,,,,,,,,,,,,,,,,,,,,,,,,,,,,,,,,,,,,,,,,,,,,,,,,,,,,,,,,,,,,,,,,,,,*/ʒˈude/,*/ʒudˈet͡su/,*/ʒurəmˈɨntu/,*/ʒurˈa/,,,,,,,,,,,,,,,,,,,,,,,,,,,,,,,,,,,,,,,,,,,,,,,,,,,,,,,,,,,,*/ʒukˈa/,*/ʒˈoku/,,,,,,,,,,,,,,,,,,,,,,,,,,,,,,,,,,,,,,,,,,,,,,,,,,,,,,,,,,,,,,,,,,,,,,,,,,,,,,,,,,,,,,,,,,,,,,,,,,,,,,,,,,,,,,,,,,,,,,,,,,,,,,,,,,,,,,,,,,,,,,,,,,,,,,,,,,,,,,,,,,,,,,,,,,,,,,,,,,,,,,,,,,,,,,,,,,,,,,,,,,,,,,,,,,,,,,,,,,,,,,,*/ʒˈuɡu/,,,,,,,,,,,,,,,,,,,,,,,,,,,,,,,,,,,,,,,,,,,,,,,,,,,,,,,,,,,,,,,,,,,,,,,,,,,,,,,,,,,,,,,,,,,,,,,,,,,,,,,,,,,,,,,,,,,,,,,,,,,,,,,,,,,,,,*/ʒˈoj/,,,,,,,,,,,,,,,,,,,,,,,,,,,,,,,,,,,,,*/aʒutˈa/,,,,,,,,,,,,,,,,,,,,,,,,,,,,,,,,,,,,,,,,,,,,,,,,,,,,,,
R275,,,,,,,,,,,,,,,,,,,,,,,,,,,,,,,,,,,,,,,,,,,,,,,,,,,,,,,,,,,,,,,,,,,,,,,,,,,,,,,,,,,,,,,,,,,,,,,,,,,,,,,,,,,,,,,,,,,,,,,,,,,,,,,,,,,,,,,,,,,,,,,,,,,,,,,,,,,,,,,,,,,,,,,,,,,,,,,,,,,,,,,,,,,,,,,,,,,,,,,,,,,,,,,,,,,,,,,*/d͡ʒind͡ʒˈie/,,,,,,,,,,,,,,,,,,,,,,,,,,,,,,,,,,,,,,,,,,,,,,,,,,,,,,,,,,,,,,,,,,,,,,,,,,,,,,,,,,,,,,,,,,,,,,,,,,,,,,,,,,,,,,,,,,,,,,,,,,,,,,,,,*/mɨnˈie/,,,,,,,,,,,,,,,,,,,,,,,,,,,,,,,,,,,,,,,,,,,,,,,,,,,,,,,,,,,,,,,,,,,,,,,,,,,,,,,,,,,,,,,,,,,,,,,,,,,,,,,,,,,,,,,,,,,,,,,,,,,,,,,,,,,,,,,,,,,,,,,,,,,,,,,,,,,,,,,,,,,,,,,,,,,,,,,,,,,,,,,,,,,,,,,,,,,,,,,,,,,,,,,,,,,,,,,,,,,,,,,,,,,,,,,,,,,,,,,,,,,,,,,,,,,,,,,,,,,,,,,,,,,,,,*/ˈalbje/,,,,,,,,,,,,,,,,,,,,,,,,,,,,,,,,,,,,,,,,,,,,,,,,,,,,,,,,,,,,,,,,,,,,,,,,,,,,,,,,,,,,,,,,,,,,,,,,,,,,,,,,,,,,,,,,,,,,,,,,,,,,,,,,,,,,,,,,,,,,,,,,,,,,,,,,,,,,,,,,,,,,,,,,,,,,,,,,,,,*/ɡˈaje/,,,,,,,,,,,,,,,,,,,,,,,,,,,,,,,,,,,,,,,,,,,,,,,,,,,,,,,,,,,,,,,,,,,,,,,,,,,,,,,,,,,,,,,,,,,,,,,,,,,,,,,,,,,,,,,,,,,,,,,,,,,,,,,,,,,,,,,,,,,,,,,,,,,,,,,,,,,,,,,,,,,,,,,,,,,,,,,,,,,,,,,,,,,,,,,,,,,,,,,,,,,,,,,,,,,,,,,,,,,,,,,,,,,,,,,,,,,,,,,,,,,,,,,,,,,,,,,,,,,,,,,,,*/apro̯ˈapje/,,,,,,,,,,,,,,,,,,,,,,,,,,,,,,,,,,,,,,,,,,,,,,,,,,,,,,,,,,,,,,,,,,,,,,,,,,,,,,,,,,,,,,,,,,,,,,,,,,,,,,,,,,,,,,,,,,,,,,,,,,,,,,,,,,,,,,,,,,,,,,,,,,,,,,,,,,,,,,,,,,,,,,,,,,,,,,,,,,,,,,,,,,,,,,,,,,,,,,,,,,,,,,,,,,,,,,,,,,,,,,,,,,,,,,,,,,,,,,,,,,,,*/frimbˈie/,,,,*/leʃˈije/,,,,,,,,,,,,,,,,,,,,,,,,,,,,,,,,,,,,,,,,,,,,,,,,,,,,,,,,,,,,,,,,,,,,,,,,,,,,,,,,,,,,,,,,,,,,,,,,,,,,,,,,,,,,,,,,,,,,,,,,,,,,,,,,,
R276,,,,,,,,,,,,,,,,,,,,,,,,,,,,,,,,,,,,,,,,,,,,,,,,,,,,,,,,,,,,,,,,,,,,,*/prˈiɡu/,,,,,,,,,,,,,,,,,,,,,,,,,,,,,,,,,,,,,,,,,,,,,,,,,,,,,,,,,,,,,,,,,,,,,,,,,,,,,,,,,,,,,,,,,,,,,,,,,,,,,,,,,,,,,,,,,,,,,,,,,,,,,*/vˈitreɡu/,,,,,,,,,,,,,,,,,,,,,,,,,,,,,,,,,,,,,,,,,,,,,,,,,,,,,,,,,,,,,,,,,,,,,,,,,,,,,,,,,,,,,,,,,,,,,,,,,,,,,,,,,,,,,,,,,,,,,,,,,,,,,,,,,,,,,,,,,,,,,,,,,,,,,,,,,,,,,,,,,,,,,,,,,,,,,,,,,,,,,,,,,,,,,,,,,,,,,,,,,,,,,,,,,,,,,,,,,,,,,,,,,,,,,,,,,,,,,,,,,,,,,,,,,,,,,,,,,,,,,,,,,,,,,,,,,,,,,,,,,,,,,,,,,,,,,,,,,,,,,,,,,,,,,,,,,,,,,,,,,,,,,,,,,,,,,,,,,,,,,,,,,,,,,,,,,,,,,,,,,,,,,,,,,,,,,,,,,,,,,,,,,,,,,,,,,,,,,,,,,,,,,,,,,,,,,,,,,,,,,,,,,,,,,,,,,,,,,,,,,,,,,,,,,,,,,,,,,,,,,,,,,,,,,,,,,,,,,,,,,,,,,,,,,,,,,,,,,,,,,,,,,,,,,,,,,,,,,,,,,,,,,,,,,,,,,,,,,,,,,,,,,,,,,,,,,,,,,,,,,,,,,,,,,,,,,,,,,,,,,,,,,,,,,,,,,,,,,,,,,,,,,,,,,,,,,,,,,,,,,,,,,,,,,,,,,,,,,,,,,,,,,,,,,,,,,,,,,,,,,,,,,,,,,,,,,,,,,,,,,,,,,,,,,,,,,,,,,,,,,,,,,,,,,,,,,,,,,,,,,,,,,,,,,,,,,,,,,,,,,,,,,,,,,,,,,,,,,,,,,,,,,,,,,,,,,,,,,,,,,,,,,,,,,,,,,,,,,,,,,,,,,,,,,,,,,,,,,,,,,,,,,,,,,,,,,,,,,,,,,,,,,,,,,,,,,,,,,,,,,,,,,,,,,,,,,,,,,,,,,,,,,,,,,,,,,,,,,,,,,,,,,,,,,,,,,,,,,,,,,,,,,,,,,,,,,,,,,,,,,,,,,,,,,,,,,,,,,,,,,,,,,,,,,,,,,,,,,,,,,,,,,,,,,,,,,,,,,,,,,,,,,,,,,,,,,,,,,,,,,,,,,,,,,,,,,,,,,,,,,,,,,,,,,,,,,,,,,,,,,,,,,,,,,,,,,,,,,,,,,,,,,,,,,,,,,,,,,,,,,,,,,,,,,,,,,,,,,,,,,,,,,,,,,,,,,,,,,,,,,,,,,,,,,,,,,,,,,,,,,,,,,,,,,,,,,,,,,,,,,,,,,,,,,,,,,,,,,,,,,,,,,,,,,,,,,,,,,,,,,,,,,,,,,,,,,,,,,,,,,
R277,,,,,,,,,,,,,,,,,,,,,,,,,,,,,,,,,,,,,,,,,,,,,,,,,,,,,,,,,,,,,,,,,,,,,,,,,,,,,,,,,,,,,,,,,,,,,,,,,,,,,,,,,,,,,,,,,,,,,,,,,,,,,,,,,,,,,,,,,,,*/frˈɨu/,,,,,,,,,,,,,,,,,,,,,,,,,,,,,,,,,,,,,,,,,,,,,,,,,,,,,,,,,,,,,,,,,,,,,,,,,,,,,,,,,,,,,,,,,,,,,,,,,,,,,,,,,,,,,,,,,,,,,,,,,,,,,,,,,,,,,,,,,,,,,,,,,,,,,,,,,,,,,,,,,,,,,,,,,,,,,,,,,,,,,,,,,,,,,,,,,,,,,,,,,,,,,,,,,,,,,,,,,,,,,,,,,,,,,,,,,,,,,,,,,,,,,,,,,,,,,,,,,,,,,,,,,,,,,,,,,,,,,,,,,,,,,,,,,,,,,,,,,,,,,,,,,,,,,,,,,,,,,,,,,,,,,,,,,,,,,,,,,,,,,,,,,,,,,,,,,,,,,,,,,,,,,,,,,,,,,,,,,,,,,,,,,,,,,,,,,,,,,,,,,,,,,,,,,,,,,,,,,,,,,,,,,,,,,,,,,,,,,,,,,,,,,,,,,,,,,,,,,,,,,,,,,,,,,,,,,,,,,,,,,,,,,,,,,,,,,,,,,,,,,,,,,,,,,,,,,,,,,,,,,,,,,,,,,,,,,,,,*/ɡrˈɨu/,,,,,,,,,,,,,,,,,,,,,,,,,,,,,,,,,,,,,,,,,,,,,,,,,,,,,,,,,,,,,,,,,,,,,,,,,,,,,,,,,,,,,,,,,,,,,,,,,,,,,,,,,,,,,,,,,,,,,,,,,,,,,,,,,,,,,,,,,,,,,,,,,,,,,,,,,,,,,,,,,,,,,,,,,,,,,,,,,,,,,,,,,,,,,,,,,,,,,,,,,,,,,,,,,,,,,,,,,,,,,,,,,,,,,,,,,,,,,,,,,,,,,,,,,,,,,,,,,,,,,,,,,,,,,,,,,,,,,,,,,,,,,,,,,,,,,,,,,,,,,,,,,,,,,,,,,,,,,,,,,,,,,,,,,,,,,,,,,,,,,,,,,,,,,,,,,,,,,,,,,,,,,,,,,,,,,,,,,,,,,,,,,,,,,,,,,,,,,,,,,,,,,,,,,,,,,,,,,,,,,,,,,,,,,,,,,,,,,,,,,,,,,,,,,,,,,,,,,,,,,,,,,,,,,,,,,,,,,,,,,,,,,,,,,,,,,,,,,,,,,,,,,,,,,,,,,,,,,,,,,,,,,,,,,,,,,,,,,,,,,,,,,,,,,,,,,,,,,,,,,,,,,,,,,,,,,,,,,,,,,,,,,,,,,,,,,,,,,,,,,,,,,,,,,,,,,,,,,,,,,,,,,,,,,,,,,,,,,,,,,,,,,,,,,,,,,,,,,,,,,,,,,,,,,,,,,,,,,,,,,,,,,,,,,,,,,,,,,,,,,,,,,,,,,,,,,,,,,,,,,,,,,,,,,,,,,,,,,,,,,,,,,,,,,,,,,,,,,,,,
R278,,,,,,,,,,,,,,,,,,,,,,,,,,,,,,,,,,,,,,,,,,,*/ˈakrw/,,,,,,*/albˈastrw/,,,,,,,,,,,,,,,,,,,,,,,,,,,,,,,,,,,,,,,,,,,,,,,,,,,*/kəpˈəstrw/,,,,,,,,,,,,,,,*/kˈodrw/,,,,,,,,,,,,,,,,,,,,,,,,,,,,,,,,,,,,,,,,,,,,,,,,,,,,,,,,,,,,,,,,,,,,,,,,,,,,,,,,,,,,,,,,,,,,,,,,,,,,,,,,,,,*/rˈostrw/,,,,,,,,,,,,,,,,,,,,,,,,,,,,,,,,,,,,,,,,,,,,,,,,,,,,,,,,,,,,,,,,,,,,,,,,,,,,,,,,,,,,,,,,,,,,,,,,,,,,,,,,,,,,,,,,,,,,,,,,,,,,,,,,,,,,,,,,,,,,,,,,,,,,,,,,,,,,,,,,,,,,,,,,,,,,,,,,,,,,,,,,,,,,,,,,,,,,,,,,,,,,,,,,,,,,,,,,,,,,,,,,,,,,,,,,,,,,,,,,,,,,,,,,,,,,,,,,,,,,,,,,,,,,,,,,,,,,,,,,,,,,,,,,,,,,,,,,,,,*/kˈosukrw/,*/fijˈastrw/,,,,,,*/sˈokrw/,,,,,,,,,,,,,,,,,,,,,,,,,*/ˈawstrw/,,,,,,,,,,,,,,,,,,,,,,,,,,,,,,,,,,,,,,,,,,,,,,,,,,,,,,,,,,,,,,,,,,,,,,,,,,,,,,,,,,,,,,,,,,,,,,,,,,,,,,,,,,,,,,,,,,,,,,,,,,,,,,,,,,,,,,,,,,,,,,,,,,,,,,,,,,,,,,,,,,,,,,,,,,,,,,,,,,,,,,,,,,,,,,,,,,,,,,,,,,,,,,,,,,,,,,,,,,,,,,,,,,,,,,,,,,,,,,,,,,,,,,,,,,,,,,,,,,,,,,,,,,,,,,,,,,,,,,,,,,,,,,,,,,,,,,,,,,,,,,,,,,,,,,,,,,,,*/pˈatrw/,,,,,,,,,,,,,,,,,,,*/mˈakrw/,,,,,,,,,,,,,,,,,,,,,,,,,,,,,,,,,,,,,,,,,,,,,,,,,,,,,,,,,,,,,,,,,,,,,,,,,,,,,,,,,,,,,,,,,,,,,,,,,,,,,,,,,,,,,,,,,,,,,,,,,,,,,,,,,,,,,,,,,,,,,,,,,*/ɨnədˈintrw/,,,,*/ˈɨntrw/,,,,*/prˈintrw/,,,,,,,,,,,,,,,,,,,,,,,,,,,,,,,,,,,,,,,,,,,,,,,,,,,,,,,,,,,,,,,,,,,,,,,,,,,,,,,,,,,,,,,,,,,,,,,,,,,,,,,,,,,,,,,,,,,,,*/lˈukrw/,*/məjˈestrw/,,,,,,,,,,,,,,,,,,,,,,,,,,,,,,,,,,,,,,,,,,,,,,,,,,,,,,,,,,,,,,,,,,,,,,,,,,,,,,,,,,,,,,,,,,,,,,,,,,,,,,,,,,,,,,,,,,,,,,,,,,,,,,,,,,,,,,,,,,,,,,,,,,,,,,,,,,,,,,,,,,,,,,,,,,,,,,,,,,,,,,,,,,,,,,,,,,,,,,,,,,,,,,,,,,,,,,,,,,,,,,,,,,,,,,,,,,,,,,,,,,,,,,,,,,,,*/nˈeɡrw/,,,,,,,,,,,,,,,,,,,,,,,,
R279,,,,,*/adəpˈostw̥/,,,*/adevˈərw̥/,*/adidˈinsw̥/,,*/aʒˈutw̥/,*/aʒutˈojrw̥/,,,,,,,,*/adˈijw̥/,,,,,,,,,,*/adˈunkw̥/,*/ˈajerw̥/,,,*/ad͡ʒˈestw̥/,,,*/aɡˈustw̥/,,*/aʒˈunw̥/,,,,,*/ˈakw̥/,,*/apˈajrw̥/,*/apətˈosw̥/,,,,,*/ˈalbw̥/,*/aluˈatw̥/,*/altˈajrw̥/,*/ˈalterw̥/,,*/albjˈajrw̥/,,,*/amˈarw̥/,,,,,,*/anut͡sˈert͡sw̥/,,,*/prˈiɡw̥/,,,*/arətˈojrw̥/,,*/arˈatw̥/,,,*/arburˈetw̥/,*/ard͡ʒˈintw̥/,*/ard͡ʒintˈajrw̥/,*/ard͡ʒintˈosw̥/,*/arkˈajrw̥/,*/ˈarkw̥/,,,,,,,*/bro̯ˈatəkw̥/,,,,,,,,,*/t͡ʃˈerw̥/,*/kɨntet͡ʃˈelw̥/,,,,*/t͡ʃerəʃˈajrw̥/,,,,*/kumnˈatw̥/,*/kuptˈojrw̥/,,*/kˈorbw̥/,,,,,,,*/t͡ʃˈerw̥/,,,*/at͡ʃˈelw̥/,*/at͡ʃˈestw̥/,*/sˈalbədw̥/,,,,,,*/smˈultw̥/,,*/arˈet͡sw̥/,,*/fˈalt͡ʃj̊/,*/fˈarmekw̥/,*/fəwrˈajrw̥/,,,,*/fusˈatw̥/,*/frˈɨw̥/,,*/ɡəjinˈat͡sw̥/,,,,*/ʒˈurw̥/,*/ɨnpreʒˈurw̥/,*/jˈedw̥/,,*/urˈɨskw̥/,*/ɨmpərˈatw̥/,*/ɨnˈaltw̥/,,,*/ɨnkˈalt͡sw̥/,,,,,,,,*/amnˈajrw̥/,*/mɨnˈajrw̥/,,,,,*/pəkˈujw̥/,,,,,*/plˈopw̥/,,*/preˈotw̥/,,,,,*/sˈɨntw̥/,,,*/səkrˈetw̥/,,,*/spˈəsw̥/,*/strˈɨmbw̥/,,,,,,*/vˈɨskw̥/,*/vˈitreɡw̥/,*/fˈamɨnw̥/,*/fet͡ʃˈorw̥/,,,*/mˈaʃkjw̥/,*/nˈatw̥/,,*/t͡sˈinerw̥/,*/bətrˈɨnw̥/,,*/kˈorpw̥/,*/stˈatw̥/,,,,*/krˈejerw̥/,,*/flˈokw̥/,,,,,,,*/nˈarj̊/,*/nˈasw̥/,*/pərˈat͡sw̥/,,,,,,*/kˈojw̥/,,*/kˈurw̥/,*/fikˈatw̥/,*/ˈumərw̥/,,*/mˈat͡sw̥/,,*/mˈuʃkjw̥/,,,,,*/rɨnˈekjw̥/,*/rərˈunkjw̥/,*/sˈinw̥/,,,,,*/trˈunkjw̥/,*/mberˈikw̥/,*/vɨnˈinw̥/,,*/ˈarmw̥/,*/brˈat͡sw̥/,*/kəlkˈɨjw̥/,*/kˈubtw̥/,*/dˈed͡ʒetw̥/,*/drˈeptw̥/,*/d͡ʒenˈunkjw̥/,,*/mədulˈajrw̥/,,*/pet͡ʃˈorw̥/,,,,,,*/ˈosw̥/,,,,,,*/ɡˈustw̥/,,,,,,,,,,,,,,,*/mˈukw̥/,*/sˈat͡sw̥/,*/sətˈulw̥/,,,,,,,,,,,,,,,,,,,,,,,,,,,,,*/sˈomnw̥/,,*/vˈisw̥/,,,*/pəɡˈɨnw̥/,*/pjˈeptinw̥/,,,*/blˈɨndw̥/,,,*/kˈumpətw̥/,,*/dujˈosw̥/,*/dˈorw̥/,,,,,,,,*/mˈarw̥/,,,,,,,,,,*/pˈəsw̥/,,,,,*/rˈəsw̥/,,,*/sˈufletw̥/,,,,,,,*/trˈistw̥/,,,,,,,,,,*/ɨntelˈeptw̥/,,,,,,,,,,,,*/sɨnətˈosw̥/,*/sˈɨnw̥/,,*/vɨrtˈosw̥/,,,*/kət͡sˈelw̥/,*/kˈoʃj̊/,,*/dururˈosw̥/,*/fjˈorj̊/,,*/d͡ʒe̯ˈamətw̥/,,,,*/lɨnd͡ʒˈeskw̥/,*/lˈɨnd͡ʒedw̥/,,,,*/mˈortw̥/,,*/pˈejrw̥/,,,*/purˈojw̥/,,,,,*/mˈɨnkw̥/,*/mˈutw̥/,*/ˈorbw̥/,*/ʃkjˈopw̥/,,*/sˈurdw̥/,,,,,,*/beʃtimˈɨntw̥/,*/kəlt͡səmˈɨntw̥/,*/inˈelw̥/,,*/t͡ʃert͡ʃˈelw̥/,,,*/bˈalt͡sw̥/,,,,,*/fˈirw̥/,*/ɡjˈemw̥/,,,,,,*/deskˈult͡sw̥/,,,,,,,,,,*/prˈɨnzw̥/,,*/kərnˈat͡sw̥/,*/t͡ʃˈirw̥/,,,*/lˈardw̥/,,,,*/pisˈatw̥/,,,,,*/vˈiptw̥/,,*/mˈustw̥/,,*/vinˈat͡sw̥/,*/kˈawkw̥/,*/fˈurnw̥/,*/ɡrətˈajrw̥/,*/vˈasw̥/,*/kˈarəmj̊/,*/kəprjˈorw̥/,,*/kəsˈajrw̥/,*/t͡ʃelˈajrw̥/,*/koperimˈɨntw̥/,,,,*/uʃˈorw̥/,,,*/pˈut͡sw̥/,,*/stˈurw̥/,,,,*/armˈajrw̥/,*/kəpətˈɨjw̥/,*/pˈatw̥/,,*/strˈatw̥/,*/d͡ʒˈintw̥/,,*/fˈiw̥/,,,*/d͡ʒe̯ˈamɨnw̥/,,*/nepˈotw̥/,,*/pˈapw̥/,*/sˈorw̥/,,*/vˈərw̥/,*/bərbˈatw̥/,,,,*/ˈomw̥/,*/mərˈitw̥/,,*/nˈorw̥/,,,*/sˈot͡sw̥/,*/spˈurw̥/,*/fijˈɨnw̥/,*/nˈunw̥/,*/o̯ˈarfɨnw̥/,,,,,*/ospˈət͡sw̥/,,,,,,,*/t͡ʃe̯ˈarkɨnw̥/,,*/lut͡ʃe̯ˈafərw̥/,,,,,,,,*/frˈiɡw̥/,*/d͡ʒˈerw̥/,,*/nˈuərw̥/,,,,,,*/serˈinw̥/,,,*/vˈɨntw̥/,,,,,*/jˈerj̊/,,,,,,,*/mˈart͡sj̊/,*/mjˈerkurj̊/,,,*/vˈɨnerj̊/,,*/kərindˈajrw̥/,*/mˈajw̥/,*/mˈart͡sw̥/,,,,*/pəmˈɨntw̥/,,*/jˈimw̥/,*/lˈutw̥/,,,*/ʃˈesw̥/,,,,,,*/ˈawrw̥/,*/plˈumbw̥/,,*/ɡrˈumw̥/,*/munt͡ʃˈelw̥/,*/plˈajw̥/,,*/skəwnˈelw̥/,*/surˈinw̥/,,,,,*/sˈukw̥/,*/fˈundw̥/,*/lˈakw̥/,,,,*/sˈekw̥/,,,,,*/vˈadw̥/,*/t͡ʃˈepw̥/,,,*/fˈojw̥/,,,,,,*/rˈamw̥/,,,*/spˈikw̥/,*/spˈinw̥/,*/surt͡ʃˈelw̥/,,*/vˈəsdw̥/,,*/kˈarpenw̥/,*/frˈasinw̥/,*/ʒune̯ˈapərw̥/,*/məste̯ˈakɨnw̥/,,*/pˈinw̥/,*/pˈaltɨnw̥/,*/tˈejw̥/,*/ˈulmw̥/,*/t͡ʃerˈeʃw̥/,,*/ɡutˈujw̥/,*/mˈərw̥/,*/nˈukw̥/,*/pjˈersekw̥/,*/pˈomw̥/,*/prˈunw̥/,*/kˈornw̥/,*/mˈorw̥/,,*/pədut͡ʃˈelw̥/,,,,,*/səˈukw̥/,*/sˈorbw̥/,,*/ɡrˈɨw̥/,*/ˈorzw̥/,*/mˈejw̥/,*/pənˈinkw̥/,,*/ˈajw̥/,*/kurˈekjw̥/,,,,,*/nˈapw̥/,,*/pˈorw̥/,,,*/fˈɨnw̥/,,*/trefˈojw̥/,,*/jˈinw̥/,*/arjˈorw̥/,,,,*/frˈaɡw̥/,*/lˈawrw̥/,,,,,,,,,,,,*/dumˈestekw̥/,*/səlbˈatekw̥/,,,,,,,*/stˈerpw̥/,,,,*/pˈajw̥/,,,*/ɡərˈɨskw̥/,,,,,,,*/arməsˈajrw̥/,*/mjˈelw̥/,*/no̯ˈatinw̥/,,*/ˈasinw̥/,,*/kˈalw̥/,,,,,*/ko̯ˈat͡ʃinw̥/,*/kurnˈutw̥/,,,*/ʒˈuənkw̥/,,,,,*/pˈorkw̥/,*/purt͡ʃˈelw̥/,,,*/rˈojbw̥/,,*/tˈawrw̥/,*/tert͡sˈɨnw̥/,,,*/vjˈerw̥/,*/berbˈekw̥/,,,*/vet͡sˈelw̥/,*/vətˈujw̥/,,*/bˈuərw̥/,*/t͡ʃˈerbw̥/,,*/lˈupw̥/,*/meʃtˈit͡sw̥/,,*/ˈursw̥/,,,*/krestˈatw̥/,*/kˈujbw̥/,,,,,,,*/pˈujw̥/,,*/kˈukw̥/,,,*/ɡˈalɡurw̥/,*/ɡrˈawrw̥/,,,,*/porˈumbw̥/,,,,,*/stˈurzw̥/,,,,*/vultˈurw̥/,*/lˈapt͡sj̊/,*/pəskˈajrw̥/,,,,,,*/kˈajrw̥/,,,,,,*/ɡrˈejjerw̥/,,,*/lumbrˈikw̥/,,,*/pədˈukjw̥/,,,,,*/skˈurtw̥/,*/kˈurtw̥/,*/ʒˈosw̥/,*/deʃˈertw̥/,,,,,*/ɨntrˈeɡw̥/,*/lˈunɡw̥/,,,,*/mərˈuntw̥/,*/mˈultw̥/,,*/nˈumərw̥/,,,*/pˈasw̥/,,*/plˈinw̥/,*/pɨntw̥/,*/sˈinɡurw̥/,,*/akutɨntw̥/,*/tˈotw̥/,,*/ˈɨmbj̊/,*/ɨntˈɨjw̥/,,,,,,*/ˈoptw̥/,,,,*/ˈunw̥/,*/ved͡ʒˈint͡sj̊/,*/ˈɨnɡjw̥/,*/ɨnɡˈustw̥/,*/ˈasperw̥/,*/kjˈekw̥/,*/t͡ʃˈerkw̥/,*/dˈesw̥/,*/formˈosw̥/,*/frˈad͡ʒedw̥/,*/ɡrˈasw̥/,*/ɡrˈosw̥/,*/ˈumədw̥/,*/lˈarɡw̥/,*/lˈatw̥/,*/lˈinw̥/,,*/mˈart͡ʃedw̥/,*/mjˈezw̥/,,*/mˈut͡ʃedw̥/,,*/nˈetedw̥/,*/t͡ʃˈetw̥/,,*/rˈɨnt͡ʃedw̥/,*/rˈarw̥/,*/rətˈundw̥/,*/rˈudw̥/,,*/skˈorbw̥/,*/sˈemnw̥/,,*/strˈimtw̥/,,,,*/ˈudw̥/,,*/vɨskˈosw̥/,,,,,,,*/dˈomnw̥/,*/frˈɨnkw̥/,*/ɡrˈekw̥/,,,,*/ʒudˈet͡sw̥/,*/ʒurəmˈɨntw̥/,,,,,*/leɡəmˈɨntw̥/,,,,,,*/nestemˈatw̥/,,*/kˈumpərw̥/,,*/fˈurw̥/,,,,,,*/neɡˈot͡sw̥/,,*/prˈet͡sw̥/,,*/ˈɨnd͡ʒerw̥/,*/kreʃtˈinw̥/,,,*/drˈakw̥/,,,,,,,*/pəkˈatw̥/,*/pərəˈesemj̊/,,,,,,,*/monmˈɨntw̥/,,,,,,,,*/bˈut͡ʃinw̥/,*/kˈɨntekw̥/,,,,,*/sˈunw̥/,*/sˈunetw̥/,*/vjˈersw̥/,,*/ʒˈokw̥/,,*/kərˈuntw̥/,*/ɡˈalbenw̥/,*/mjˈerw̥/,*/rˈoʃw̥/,*/rˈusw̥/,*/vˈɨnətw̥/,*/vərɡˈatw̥/,,,,*/pˈutredw̥/,,*/kˈaldw̥/,,,,,,,*/fˈokw̥/,,*/fˈumw̥/,,,,,,*/amw̥/,,,,*/kurˈɨndw̥/,,,,*/dˈepw̥/,,,,*/akˈumw̥/,,,,,,,,,,,,,,,*/stˈɨnkw̥/,*/sˈubtw̥/,,*/sˈusw̥/,,,,,*/vˈekjw̥/,*/vet͡ʃˈinw̥/,,,,,*/aprˈopw̥/,,*/aʃˈezw̥/,,,,,,,,,,,,,,,,,,,,,,,,,,,,,,,,,,,,,,,,,,,,*/bˈunw̥/,,,,,,,,*/kˈomudw̥/,,,,,,,,,,,,,,,,,,,,,,,,,,,,,,,,,,,,,,,,,,,,,,,,,*/ɨnt͡ʃˈetw̥/,*/rˈapədw̥/,*/kələrˈet͡sw̥/,,,,,,,,,,*/kˈarw̥/,,,,,,,,,,,*/ˈarw̥/,,,,,,,,*/pˈarw̥/,,,*/kˈɨmpw̥/,,*/rˈunkw̥/,,,,*/mərˈunkjw̥/,,,,,,,*/fɨnˈat͡sw̥/,,,*/ʒˈuɡw̥/,*/nutrˈet͡sw̥/,,*/sərt͡ʃinˈajrw̥/,*/stˈawlw̥/,,,,*/bowˈajrw̥/,,*/purkˈajrw̥/,,*/kˈaʃw̥/,,*/kjˈaɡw̥/,*/fˈaɡurw̥/,*/fˈaɡw̥/,*/frˈuptw̥/,,,*/stˈupw̥/,*/sˈukw̥/,*/ˈuntw̥/,,,,,,,,,,,,,,*/skˈutw̥/,,,,,*/kˈajjerw̥/,,,*/fujˈorw̥/,,*/fuʃtˈelw̥/,*/fˈusw̥/,,*/sˈulw̥/,*/nˈodw̥/,,,*/pjˈedinw̥/,,,,,,,,,,*/tˈortw̥/,,,*/duɡˈajrw̥/,,*/lemnˈajrw̥/,*/mˈajw̥/,,,*/awrˈajrw̥/,,*/fˈawrw̥/,*/fərˈajrw̥/,,,,,,,,,*/olˈajrw̥/,,*/sˈakw̥/,*/t͡sˈestw̥/,*/urt͡ʃˈorw̥/,*/bˈajjerw̥/,,*/kut͡sˈitw̥/,,,,,,,,,,*/kuvˈɨntw̥/,,,,,,,,,,,*/fˈətw̥/,,,*/pˈəsw̥/,*/prˈinsw̥/,*/rəspˈunsw̥/,,*/ˈokjw̥/,,,*/kˈapw̥/,,,,,,,,,,,,,*/frˈɨntw̥/,*/dˈosw̥/,,,,,,*/fˈaptw̥/,*/lˈuptw̥/,,*/pjˈeptw̥/,*/dˈemnw̥/,*/lˈemnw̥/,*/pˈumnw̥/,,*/frəsinˈetw̥/,,,,*/lˈat͡sw̥/,,,*/fjˈerw̥/,*/fˈat͡ʃet͡sj̊/,*/pˈərw̥/,*/pˈərw̥/,,,*/kˈujw̥/,*/vˈinw̥/,*/spˈerw̥/,,,*/t͡ʃˈerw̥/,,,,,,,*/t͡ʃˈurw̥/,*/skˈawnw̥/,,,,*/rˈuɡw̥/,*/nˈeɡw̥/,*/ˈunkjw̥/,,*/adˈukw̥/,*/ˈanw̥/,,,,*/ˈawzj̊/,,*/lˈupj̊/,*/kˈɨndw̥/,,*/jˈelw̥/,,*/jˈejj̊/,,,,,,,,,,,,,,,,,,,*/zˈikw̥/,*/krˈeʃtj̊/,,*/zɡˈawrw̥/,,,,*/tˈimpw̥/,,*/ˈɨnsw̥/,
R280,,,,,*/adəpˈost/,,,*/adevˈər/,*/adidˈins/,,*/aʒˈut/,*/aʒutˈojr/,,,,,,,,*/adˈij/,,,,,,,,,,*/adˈunk/,*/ˈajer/,,,*/ad͡ʒˈest/,,,*/aɡˈust/,,*/aʒˈun/,,,,,*/ˈak/,,*/apˈajr/,*/apətˈos/,,,,,*/ˈalb/,*/aluˈat/,*/altˈajr/,*/ˈalter/,,*/albjˈajr/,,,*/amˈar/,,,,,,*/anut͡sˈert͡s/,,,*/prˈiɡ/,,,*/arətˈojr/,,*/arˈat/,,,*/arburˈet/,*/ard͡ʒˈint/,*/ard͡ʒintˈajr/,*/ard͡ʒintˈos/,*/arkˈajr/,*/ˈark/,,,,,,,*/bro̯ˈatək/,,,,,,,,,*/t͡ʃˈer/,*/kɨntet͡ʃˈel/,,,,*/t͡ʃerəʃˈajr/,,,,*/kumnˈat/,*/kuptˈojr/,,*/kˈorb/,,,,,,,*/t͡ʃˈer/,,,*/at͡ʃˈel/,*/at͡ʃˈest/,*/sˈalbəd/,,,,,,*/smˈult/,,*/arˈet͡s/,,,*/fˈarmek/,*/fəwrˈajr/,,,,*/fusˈat/,,,*/ɡəjinˈat͡s/,,,,*/ʒˈur/,*/ɨnpreʒˈur/,*/jˈed/,,*/urˈɨsk/,*/ɨmpərˈat/,*/ɨnˈalt/,,,*/ɨnkˈalt͡s/,,,,,,,,*/amnˈajr/,*/mɨnˈajr/,,,,,*/pəkˈuj/,,,,,*/plˈop/,,*/preˈot/,,,,,*/sˈɨnt/,,,*/səkrˈet/,,,*/spˈəs/,*/strˈɨmb/,,,,,,*/vˈɨsk/,*/vˈitreɡ/,*/fˈamɨn/,*/fet͡ʃˈor/,,,*/mˈaʃkj/,*/nˈat/,,*/t͡sˈiner/,*/bətrˈɨn/,,*/kˈorp/,*/stˈat/,,,,*/krˈejer/,,*/flˈok/,,,,,,,,*/nˈas/,*/pərˈat͡s/,,,,,,*/kˈoj/,,*/kˈur/,*/fikˈat/,*/ˈumər/,,*/mˈat͡s/,,*/mˈuʃkj/,,,,,*/rɨnˈekj/,*/rərˈunkj/,*/sˈin/,,,,,*/trˈunkj/,*/mberˈik/,*/vɨnˈin/,,*/ˈarm/,*/brˈat͡s/,*/kəlkˈɨj/,*/kˈubt/,*/dˈed͡ʒet/,*/drˈept/,*/d͡ʒenˈunkj/,,*/mədulˈajr/,,*/pet͡ʃˈor/,,,,,,*/ˈos/,,,,,,*/ɡˈust/,,,,,,,,,,,,,,,*/mˈuk/,*/sˈat͡s/,*/sətˈul/,,,,,,,,,,,,,,,,,,,,,,,,,,,,,*/sˈomn/,,*/vˈis/,,,*/pəɡˈɨn/,*/pjˈeptin/,,,*/blˈɨnd/,,,*/kˈumpət/,,*/dujˈos/,*/dˈor/,,,,,,,,*/mˈar/,,,,,,,,,,*/pˈəs/,,,,,*/rˈəs/,,,*/sˈuflet/,,,,,,,*/trˈist/,,,,,,,,,,*/ɨntelˈept/,,,,,,,,,,,,*/sɨnətˈos/,*/sˈɨn/,,*/vɨrtˈos/,,,*/kət͡sˈel/,,,*/dururˈos/,,,*/d͡ʒe̯ˈamət/,,,,*/lɨnd͡ʒˈesk/,*/lˈɨnd͡ʒed/,,,,*/mˈort/,,*/pˈejr/,,,*/purˈoj/,,,,,*/mˈɨnk/,*/mˈut/,*/ˈorb/,*/ʃkjˈop/,,*/sˈurd/,,,,,,*/beʃtimˈɨnt/,*/kəlt͡səmˈɨnt/,*/inˈel/,,*/t͡ʃert͡ʃˈel/,,,*/bˈalt͡s/,,,,,*/fˈir/,*/ɡjˈem/,,,,,,*/deskˈult͡s/,,,,,,,,,,*/prˈɨnz/,,*/kərnˈat͡s/,*/t͡ʃˈir/,,,*/lˈard/,,,,*/pisˈat/,,,,,*/vˈipt/,,*/mˈust/,,*/vinˈat͡s/,*/kˈawk/,*/fˈurn/,*/ɡrətˈajr/,*/vˈas/,,*/kəprjˈor/,,*/kəsˈajr/,*/t͡ʃelˈajr/,*/koperimˈɨnt/,,,,*/uʃˈor/,,,*/pˈut͡s/,,*/stˈur/,,,,*/armˈajr/,*/kəpətˈɨj/,*/pˈat/,,*/strˈat/,*/d͡ʒˈint/,,,,,*/d͡ʒe̯ˈamɨn/,,*/nepˈot/,,*/pˈap/,*/sˈor/,,*/vˈər/,*/bərbˈat/,,,,*/ˈom/,*/mərˈit/,,*/nˈor/,,,*/sˈot͡s/,*/spˈur/,*/fijˈɨn/,*/nˈun/,*/o̯ˈarfɨn/,,,,,*/ospˈət͡s/,,,,,,,*/t͡ʃe̯ˈarkɨn/,,*/lut͡ʃe̯ˈafər/,,,,,,,,*/frˈiɡ/,*/d͡ʒˈer/,,*/nˈuər/,,,,,,*/serˈin/,,,*/vˈɨnt/,,,,,,,,,,,,,,,,,,*/kərindˈajr/,*/mˈaj/,*/mˈart͡s/,,,,*/pəmˈɨnt/,,*/jˈim/,*/lˈut/,,,*/ʃˈes/,,,,,,*/ˈawr/,*/plˈumb/,,*/ɡrˈum/,*/munt͡ʃˈel/,*/plˈaj/,,*/skəwnˈel/,*/surˈin/,,,,,*/sˈuk/,*/fˈund/,*/lˈak/,,,,*/sˈek/,,,,,*/vˈad/,*/t͡ʃˈep/,,,*/fˈoj/,,,,,,*/rˈam/,,,*/spˈik/,*/spˈin/,*/surt͡ʃˈel/,,*/vˈəsd/,,*/kˈarpen/,*/frˈasin/,*/ʒune̯ˈapər/,*/məste̯ˈakɨn/,,*/pˈin/,*/pˈaltɨn/,*/tˈej/,*/ˈulm/,*/t͡ʃerˈeʃ/,,*/ɡutˈuj/,*/mˈər/,*/nˈuk/,*/pjˈersek/,*/pˈom/,*/prˈun/,*/kˈorn/,*/mˈor/,,*/pədut͡ʃˈel/,,,,,*/səˈuk/,*/sˈorb/,,,*/ˈorz/,*/mˈej/,*/pənˈink/,,*/ˈaj/,*/kurˈekj/,,,,,*/nˈap/,,*/pˈor/,,,*/fˈɨn/,,*/trefˈoj/,,*/jˈin/,*/arjˈor/,,,,*/frˈaɡ/,*/lˈawr/,,,,,,,,,,,,*/dumˈestek/,*/səlbˈatek/,,,,,,,*/stˈerp/,,,,*/pˈaj/,,,*/ɡərˈɨsk/,,,,,,,*/arməsˈajr/,*/mjˈel/,*/no̯ˈatin/,,*/ˈasin/,,*/kˈal/,,,,,*/ko̯ˈat͡ʃin/,*/kurnˈut/,,,*/ʒˈuənk/,,,,,*/pˈork/,*/purt͡ʃˈel/,,,*/rˈojb/,,*/tˈawr/,*/tert͡sˈɨn/,,,*/vjˈer/,*/berbˈek/,,,*/vet͡sˈel/,*/vətˈuj/,,*/bˈuər/,*/t͡ʃˈerb/,,*/lˈup/,*/meʃtˈit͡s/,,*/ˈurs/,,,*/krestˈat/,*/kˈujb/,,,,,,,*/pˈuj/,,*/kˈuk/,,,*/ɡˈalɡur/,*/ɡrˈawr/,,,,*/porˈumb/,,,,,*/stˈurz/,,,,*/vultˈur/,,*/pəskˈajr/,,,,,,*/kˈajr/,,,,,,*/ɡrˈejjer/,,,*/lumbrˈik/,,,*/pədˈukj/,,,,,*/skˈurt/,*/kˈurt/,*/ʒˈos/,*/deʃˈert/,,,,,*/ɨntrˈeɡ/,*/lˈunɡ/,,,,*/mərˈunt/,*/mˈult/,,*/nˈumər/,,,*/pˈas/,,*/plˈin/,*/pɨnt/,*/sˈinɡur/,,*/akutɨnt/,*/tˈot/,,,*/ɨntˈɨj/,,,,,,*/ˈopt/,,,,*/ˈun/,,*/ˈɨnɡj/,*/ɨnɡˈust/,*/ˈasper/,*/kjˈek/,*/t͡ʃˈerk/,*/dˈes/,*/formˈos/,*/frˈad͡ʒed/,*/ɡrˈas/,*/ɡrˈos/,*/ˈuməd/,*/lˈarɡ/,*/lˈat/,*/lˈin/,,*/mˈart͡ʃed/,*/mjˈez/,,*/mˈut͡ʃed/,,*/nˈeted/,*/t͡ʃˈet/,,*/rˈɨnt͡ʃed/,*/rˈar/,*/rətˈund/,*/rˈud/,,*/skˈorb/,*/sˈemn/,,*/strˈimt/,,,,*/ˈud/,,*/vɨskˈos/,,,,,,,*/dˈomn/,*/frˈɨnk/,*/ɡrˈek/,,,,*/ʒudˈet͡s/,*/ʒurəmˈɨnt/,,,,,*/leɡəmˈɨnt/,,,,,,*/nestemˈat/,,*/kˈumpər/,,*/fˈur/,,,,,,*/neɡˈot͡s/,,*/prˈet͡s/,,*/ˈɨnd͡ʒer/,*/kreʃtˈin/,,,*/drˈak/,,,,,,,*/pəkˈat/,,,,,,,,*/monmˈɨnt/,,,,,,,,*/bˈut͡ʃin/,*/kˈɨntek/,,,,,*/sˈun/,*/sˈunet/,*/vjˈers/,,*/ʒˈok/,,*/kərˈunt/,*/ɡˈalben/,*/mjˈer/,*/rˈoʃ/,*/rˈus/,*/vˈɨnət/,*/vərɡˈat/,,,,*/pˈutred/,,*/kˈald/,,,,,,,*/fˈok/,,*/fˈum/,,,,,,*/am/,,,,*/kurˈɨnd/,,,,*/dˈep/,,,,*/akˈum/,,,,,,,,,,,,,,,*/stˈɨnk/,*/sˈubt/,,*/sˈus/,,,,,*/vˈekj/,*/vet͡ʃˈin/,,,,,*/aprˈop/,,*/aʃˈez/,,,,,,,,,,,,,,,,,,,,,,,,,,,,,,,,,,,,,,,,,,,,*/bˈun/,,,,,,,,*/kˈomud/,,,,,,,,,,,,,,,,,,,,,,,,,,,,,,,,,,,,,,,,,,,,,,,,,*/ɨnt͡ʃˈet/,*/rˈapəd/,*/kələrˈet͡s/,,,,,,,,,,*/kˈar/,,,,,,,,,,,*/ˈar/,,,,,,,,*/pˈar/,,,*/kˈɨmp/,,*/rˈunk/,,,,*/mərˈunkj/,,,,,,,*/fɨnˈat͡s/,,,*/ʒˈuɡ/,*/nutrˈet͡s/,,*/sərt͡ʃinˈajr/,*/stˈawl/,,,,*/bowˈajr/,,*/purkˈajr/,,*/kˈaʃ/,,*/kjˈaɡ/,*/fˈaɡur/,*/fˈaɡ/,*/frˈupt/,,,*/stˈup/,*/sˈuk/,*/ˈunt/,,,,,,,,,,,,,,*/skˈut/,,,,,*/kˈajjer/,,,*/fujˈor/,,*/fuʃtˈel/,*/fˈus/,,*/sˈul/,*/nˈod/,,,*/pjˈedin/,,,,,,,,,,*/tˈort/,,,*/duɡˈajr/,,*/lemnˈajr/,*/mˈaj/,,,*/awrˈajr/,,*/fˈawr/,*/fərˈajr/,,,,,,,,,*/olˈajr/,,*/sˈak/,*/t͡sˈest/,*/urt͡ʃˈor/,*/bˈajjer/,,*/kut͡sˈit/,,,,,,,,,,*/kuvˈɨnt/,,,,,,,,,,,*/fˈət/,,,*/pˈəs/,*/prˈins/,*/rəspˈuns/,,*/ˈokj/,,,*/kˈap/,,,,,,,,,,,,,*/frˈɨnt/,*/dˈos/,,,,,,*/fˈapt/,*/lˈupt/,,*/pjˈept/,*/dˈemn/,*/lˈemn/,*/pˈumn/,,*/frəsinˈet/,,,,*/lˈat͡s/,,,*/fjˈer/,,*/pˈər/,*/pˈər/,,,*/kˈuj/,*/vˈin/,*/spˈer/,,,*/t͡ʃˈer/,,,,,,,*/t͡ʃˈur/,*/skˈawn/,,,,*/rˈuɡ/,*/nˈeɡ/,*/ˈunkj/,,*/adˈuk/,*/ˈan/,,,,,,,*/kˈɨnd/,,*/jˈel/,,,,,,,,,,,,,,,,,,,,,*/zˈik/,,,*/zɡˈawr/,,,,*/tˈimp/,,*/ˈɨns/,
R281,,,,,,,,,,,,,,,,,,,,,,,,,,,,,,,,,,,,,,,,,,,,,,,,,,,,,,,,,,,,,,,,,,,,,,,,,,,,,,,,,,,,,,,,,,,,,,,,,,,,,,,,,,,,,,,,,,,,,,,,,,,,,,,,,,,,*/fˈalt͡ʃj/,,,,,,,*/frˈɨw/,,,,,,,,,,,,,,,,,,,,,,,,,,,,,,,,,,,,,,,,,,,,,,,,,,,,,,,,,,,,,,,,,,,,,,,,,,,,,,,,*/nˈarj/,,,,,,,,,,,,,,,,,,,,,,,,,,,,,,,,,,,,,,,,,,,,,,,,,,,,,,,,,,,,,,,,,,,,,,,,,,,,,,,,,,,,,,,,,,,,,,,,,,,,,,,,,,,,,,,,,,,,,,,,,,,,,,,,,,,,,,,,,,,,,,,,,,,,,,,,,,,,,,,,,,,,,,,*/ʃtˈiw/,,,,,,,,,,*/kˈoʃj/,,,*/fjˈorj/,,,,,,,,,,,,,,,,,,,,,,,,,,,,,,,,,,,,,,,,,,,,,,,,,,,,,,,,,,,,,,,,,,,,,,,,,,,,,,,,,,,,,*/kˈarəmj/,,,,,,,,,,,,,,,,,,,,,,,,,*/fˈiw/,,,,,,,,,,,,,,,,,,,,,,,,,,,,,,,,,,,,,,,,,,,,,,,,,,,,,,,,,,,,,,,,*/jˈerj/,,,,,,,*/mˈart͡sj/,*/mjˈerkurj/,,,*/vˈɨnerj/,,,,,,,,,,,,,,,,,,,,,,,,,,,,,,,,,,,,,,,,,,,,,,,,,,,,,,,,,,,,,,,,,,,,,,,,,,,,,,,,,,,,,,,,,,,*/ɡrˈɨw/,,,,,,,,,,,,,,,,,,,,,,,,,,,,,,,,,,,,,,,,,,,,,,,,,,,,,,,,,,,,,,,,,,,,,,,,,,,,,,,,,,,,,,,,,,,,,,,,,,,,,,,,,,,,,,,,,,,,,,,,,,,,,,,,,,,,,,*/lˈapt͡sj/,,,,,,,,,,,,,,,,,,,,,,,,,,,,,,,,,,,,,,,,,,,,,,,,,,,,*/ˈɨmbj/,,,,,,,,,,,,*/ved͡ʒˈint͡sj/,,,,,,,,,,,,,,,,,,,,,,,,,,,,,,,,,,,,,,,,,,,,,,,,,,,,,,,,,,,,,,,,,,,,,,,,,,,,,,,,*/zˈew/,,,,,,,,,*/pərəˈesemj/,,,,,,,,,,,,,,,,,,,,,,,,,,,,,,,,,,,,,,,,,,,,,,,,,,,,,,,,,,,,,,,,,,,,,,,,,,,,,,,,,,,,,,,,,,,,,,,,,,,,,,,,,,,,,,,,,,,,,,,,,,,,,,,,,,,,,,,,,,,,,,,,,,,,,,*/rˈəw/,,,,,,,,,,,,,,,,,,,,,,,,,,,,,,,,,,,,,,,,,,,,,,,,,,,,,,,,,,,,,,,,,,,,,,,,,,,,,,,,,,,,,,,,,,,,,,,,,,,,,,,,,,,,,,,,,,,,,,,,,,,,,,,,,,,,,,,,,,,,,,,,,,,,,,,,,,,,,,,,,,,,,,,,,,,,,,,,,,,,,,,,,,,,,,,,,,,,,,,,,,,,,,,,,,,,,,,,,,,,,,,,,,,,,,,,,,,,,,,,,,,,,,,,,,,,,,,,*/fˈat͡ʃet͡sj/,,,,,,,,,,,,,,,,,,,,,,,,,,,,,,,*/ˈawzj/,,*/lˈupj/,,,,,*/jˈejj/,,*/jˈew/,,,,,,,,,,,,,,,,,,*/krˈeʃtj/,,,,,,,,,
R282,,,,,,,,,,,,,,,,,,,,,,,,,,,,,,,,,,,,,,,,,,,*/ˈakru/,,,,,,*/albˈastru/,,,,,,,,,,,,,,,,,,,,,,,,,,,,,,,,,,,,,,,,,,,,,,,,,,,*/kəpˈəstru/,,,,,,,,,,,,,,,*/kˈodru/,,,,,,,,,,,,,,,,,,,,,,,,,,,,,,,,,,,,,,,,,,,,,,,,,,,,,,,,,,,,,,,,,,,,,,,,,,,,,,,,,,,,,,,,,,,,,,,,,,,,,,,,,,,*/rˈostru/,,,,,,,,,,,,,,,,,,,,,,,,,,,,,,,,,,,,,,,,,,,,,,,,,,,,,,,,,,,,,,,,,,,,,,,,,,,,,,,,,,,,,,,,,,,,,,,,,,,,,,,,,,,,,,,,,,,,,,,,,,,,,,,,,,,,,,,,,,,,,,,,,,,,,,,,,,,,,,,,,,,,,,,,,,,,,,,,,,,,,,,,,,,,,,,,,,,,,,,,,,,,,,,,,,,,,,,,,,,,,,,,,,,,,,,,,,,,,,,,,,,,,,,,,,,,,,,,,,,,,,,,,,,,,,,,,,,,,,,,,,,,,,,,,,,,,,,,,,,*/kˈosukru/,*/fijˈastru/,,,,,,*/sˈokru/,,,,,,,,,,,,,,,,,,,,,,,,,*/ˈawstru/,,,,,,,,,,,,,,,,,,,,,,,,,,,,,,,,,,,,,,,,,,,,,,,,,,,,,,,,,,,,,,,,,,,,,,,,,,,,,,,,,,,,,,,,,,,,,,,,,,,,,,,,,,,,,,,,,,,,,,,,,,,,,,,,,,,,,,,,,,,,,,,,,,,,,,,,,,,,,,,,,,,,,,,,,,,,,,,,,,,,,,,,,,,,,,,,,,,,,,,,,,,,,,,,,,,,,,,,,,,,,,,,,,,,,,,,,,,,,,,,,,,,,,,,,,,,,,,,,,,,,,,,,,,,,,,,,,,,,,,,,,,,,,,,,,,,,,,,,,,,,,,,,,,,,,,,,,,,*/pˈatru/,,,,,,,,,,,,,,,,,,,*/mˈakru/,,,,,,,,,,,,,,,,,,,,,,,,,,,,,,,,,,,,,,,,,,,,,,,,,,,,,,,,,,,,,,,,,,,,,,,,,,,,,,,,,,,,,,,,,,,,,,,,,,,,,,,,,,,,,,,,,,,,,,,,,,,,,,,,,,,,,,,,,,,,,,,,,*/ɨnədˈintru/,,,,*/ˈɨntru/,,,,*/prˈintru/,,,,,,,,,,,,,,,,,,,,,,,,,,,,,,,,,,,,,,,,,,,,,,,,,,,,,,,,,,,,,,,,,,,,,,,,,,,,,,,,,,,,,,,,,,,,,,,,,,,,,,,,,,,,,,,,,,,,,*/lˈukru/,*/məjˈestru/,,,,,,,,,,,,,,,,,,,,,,,,,,,,,,,,,,,,,,,,,,,,,,,,,,,,,,,,,,,,,,,,,,,,,,,,,,,,,,,,,,,,,,,,,,,,,,,,,,,,,,,,,,,,,,,,,,,,,,,,,,,,,,,,,,,,,,,,,,,,,,,,,,,,,,,,,,,,,,,,,,,,,,,,,,,,,,,,,,,,,,,,,,,,,,,,,,,,,,,,,,,,,,,,,,,,,,,,,,,,,,,,,,,,,,,,,,,,,,,,,,,,,,,,,,,,*/nˈeɡru/,,,,,,,,,,,,,,,,,,,,,,,,
R283,,,,,,,,,,,,,,,,,,,,,,,,,,,,,,,,,,,,,,,,,,,,,,,,,,,,,,,,,,,,,,,,,,,,,,,,,,,,,,,,,,,,,,,,,,,,,,,,,,,,,,,,,,,,,,,,,,,,,,,,,,,,,,,,,,,,,,,,,,,,,,,,,,,,,,,,,,,,,,,,,,,,,,,,,,,,,,,,,,,,,,,,,,,,,,,,,,,,,,,,,,,,,,,,,,,,,,,,,,,,,,,,,,,,,,,,,,,,,,,,,,,,,,,,,,,,,,,,,,,,,,,,,,,,,,,,,,,,,,,,,,,,,,,,,,,,,,,,,,,,,,,,,,,,,,,,,,,,,,,,,,,,,,,,,,,,,,,,,,,,,,,,,,,,,,,,,,,,,,,,,,,,,,,,,,,,,,,,,,,,,,,,,,,,,,,,,,,,,,,,,,,,,,,,,,,,,,,,,,,,,,,,,,,,,,,,,,,,,,,,,,,,,,,,,,,,,,,,,,,,,,,,,,,,,,,,,,,,,,,,,,,,,,,,,,,,,,,,,,,,,,,,,,,,,,,,,,,,,,,,,,,,,,,,,,,,,,,,,,,,,,,,,,,,,,,,,,,,,,,,,,,,,,,,,,,,,,,,,,,,,,,,,,,,,,,,,,,,,,,,,,,,,,,,,,,,,,,,,,,,,,,,,,,,,,,,,,,,,,,,,,,,,,,,,,,,,,,,,,,,,,,,,,,,,,,,,,,,,,,,,,,,,,,,,,,,,,,,,,,,,,,,,,,,,,,,,,,,,,,,,,,,,,,,,,,,,,,,,,,,,,,,,,,,,,,,,,,,,,,,,,,,,,,,,,,,,,,,,,,,,,,,,,,,,,,,,,,,,,,,,,,,,,,,,,,,,,,,,,,,,,,,,,,,,,,,,,,,,,,,,,,,,,,,,,,,,,,,,,,,,,,,,,,,,,,,,,,,,,,,,,,,,,,,,,,,,,,,,,,,,,,,,,,,,,,,,,,,,,,,,,,,,,,,,,,,,,,,,,,,,,,,,,,,,,,,,,,,,,,,,,,,,,,,,,,,,,,,,,,,,,,,,,,,,,,,,,,,,,,,,,,,,,,,,,,,,,,,,,,,,,,,,,,,,,,,,,,,,,,,,,,,,,,,,,,,,,,,,,,,,,,,,,,,,,,,,,,,,,,,,,,,,,,,,,,,,,,,,,,,,,,,,,,,,,,,,,,,,,,,,,,,,,,,,,,,,,,,,,,,,,,,,,,,,,,,,,,,,,,,,,,,,,,,,,,,,,,,,,,,,,,,,,,,,,,,,,,,,,,,,,,,,,,,,,,,,,,,,,,,,,,,,,,,,,,,,,,,,,,,,,,,,,,,,,,,,,,,,,,,,,,,,,,,,,,,,,,,,,,,,,,,,,,,,,,,,,,,,,,,,,,,,,,,,,,,,,,,,,,,,,,,,,,,,,,,,,,,,,,,,,,,,,,,,,,,,,,,,,,,,,,,,,,,,,,,,,,,,,,,,,,,,,,,,,,,,,,,,,,,,,,,,,,,,,,,,,,,,,,,,,,,,,,,,,,,,,,
R284,,,,,,,,,,,,,,,,,,,,,,,,,,,,,,,,,,,,,,,,,,,,,,,,,,,,,,,,,,,,,,,,,,,,,,,,,,,,,,,,,,,,,,,,,,,,,,,,,,,,,,,,,,,,,,,,,,,,,,,,,,,,,,,,,,,,,,,,,,,,,,*/ɡjˈində/,*/ɡjˈindurə/,,,,,,,,,,,,,,,,,,,,,,,,,,,,,,,,,,,,,,,,,,,,,,,,,,,,,,,,,,,,,,,,,,,,,,,,,,,,,,,,,,,,,,,,,,,,,,,,,,,,,,,,,,,,,,,,,,,,,,,,,,,,,,,,,,,,,,,,,,,,,,*/ɨnɡjit͡sˈi/,,,,,,,,*/suɡjit͡sˈa/,,,,,,,,,,,,,,,,,,,,,,,,,,,,,,,,,,,,,,,,,,,,,,,,,,,,,,,,,,,,,,,,,,,,,,,,,,,,,,,,,,,,,,,,,,,,,,,,,,,,,,,,,,,,,,,,,,,,,,,,,,,,,,,,,,,,,,,,,,,,,,,,,,,,,,,,,,,,,,,,,,,,,,,,,,,,,,,,,,,,,,,,,,,,,,,,,,,,,,,,,,,,,,,,,,,,,,,,,,,,,,,,,,,,,,,,,,,,,,,*/fijˈin/,,,,,,,,,,,,,,,,,,,,,,,,,,,,,,,,,,,,,,,,,,,,,,,,,,,,,,,,,,,,,,,,,,,,,,,,,,,,,,,,,,,,,,,,,,,,,,,,,,,,,,,,,,,,,,,,,,,,,,,,,,,,,,,,,,,,,,,,,,,,,,,,,,,,,,,,,,,,,,,,,,,,,,,,,,,,,,,,,,,,,,,,,,,,,,,,,,,,,,,,,,,,,,,,,,,,,,,,,,,,,,,,,,,,,,,,,,,,,,,,,,,,,,,,,,,,,,,,,,,,,,,,,,,,,,,,,,,,,,,,,,,,,,,,,,,,,,,,,,,,,,,,,,,,,,,,,,,,,,,,,,,,,,,,,,,,,,,,,,,,,,,,,,,,,,,,,,,,,,,,,,,,,,,,,,,,,,,,,,,,,,,,,,,,,,,,,,,,,,,,,,,,,,,,,,,,,,,,,,,,,,,,,,,,,,,,,,,,,,,,,,,,,,,,,,,,,,,,,,,,,,,,,,,,,,,,,,,,,,,,,,,,,,,,,,,,,,,,,,,,,,,,,,,,,,,,,,,,,,,,,,,,,,,,,,,,,,,,,,,,,,,,,,,,,,,,,,,,,,,*/ʃkjikˈa/,,,,,,,,,,,,,,,,,,,,,,,,,,,,,,,,,,,,,,,,,,,,,,,,,,,,,,,,,,,,,,,,,,,,,,,,,,,,,,,,,,,,,,,,,,,,,,,,,,,,,,,,,,,,,,,,,,,,,,,,,,,,,,,,,,,,,,,,,,,,,,,,,,,,,,,,,,,,,,,,,,,,,,,,,,,,,,,,,,,,,,,,,,,,,,,,,,,,,,,,,,,,,,,,,,,,,,,,,,,,,,,,,,,,,,,,,,,,,,,,,,,,,,,,,,,,,,,,,,,,,,,,,,,,,,,,,,,,,,,,,,,,,,,,,,,,,,,,,,,,,,,,,,,,,,,,,,,,,,,,,,,,,,,,,,,,,,,,,,,,,,,,
R285,,,,,,,,,,,,,,,,,,,,,,,,,*/aprˈinde/,,,,,,,,,,,,,,,,,,,,,,,,,,,,,,,*/altˈit͡sə/,,,,,,,,,,,,,,,,,,,,,,,,,,,,,,,,,,,,,,,,,,,,,,,,,,,,,,,,,,,,,,,,,,,,,,,,,,,,,,,,,,,,,*/ɡəinˈat͡s/,*/ɡˈində/,*/ɡˈindurə/,,,,,,,,,,,,,,,,,,,,,,,,,,,,,,,,,,,,,,,,,,,,,,,,,,,,,,,,,,,,,,,,,,,,,,,,,,,,,,,,,,,,,,,,,,,,,,,,,,,,,,,,,,,,,,,,,,,,,,,,,,,,,,,,,,,,,,,,,,,,,,*/ɨnɡit͡sˈi/,,,,,,,,*/suɡit͡sˈa/,,,,,,,,,,,,,,,,,,,,,,,,,,,,,,,,,,,,,,,,,,,,,,,,,,,,,,,,,,,,,,,,,,,,,,,,,,,,,,,,,,,,,,,,,,*/uitˈa/,,,,,,,,,,,,,,,,,,,,,,,,,,,,,,,,,,,,,,,,,,,,*/ˈije/,,,,,,,,,,,,,*/kˈinɡə/,,,,,,,,,,,,,,,,,,,,,,,,,,,,,,,,,,,,,,,,,,,,,,,,,,,,,,,,,,,,,,,,,,,,,,,,,,,,,,,,,,,,,,,,,,,,*/fiˈin/,,,,,,,,,,,,,,,,,,,,,,,,,,,,,,,,,,,,,,,,,,,,,,,,,,,,,,,,,,,,,,*/ˈim/,,,,,,,,,,,,,,,,,,,,,,,,,,,,,,,,,,,,,,,,,,,,,,,,,,,,,,,,,,,,,,,,,,,,,,,,,,,,,,,,,,,,,,,,,,,,,,,,,,,,,*/ˈin/,,,,,,,,,,,,,,,,,,,,,,,,,,,,,,,,,,,,,,,,,,,,,,,,,,,,,,,,,,,,,,,,,,,,,,,,,,,,,,,,,,,,,,,,,,,,,,,*/ɡəˈinə/,,,,,,,,,,,,,,,,,,,,,,,,,,,,,,,,*/ɡrˈejer/,,,,,,,,,,,,,,,,,,,,,,,,,,,,,,,,,,,,,,,,,,,,,,,,,,,,,,,,,,,,,,,,,,,,,,,,,,,,,,,,,,,,,,,,,,,,,,,,,,,,,,,,,,,,,,,,,,,,,,,,,,,,,,,,,,,,,*/ɨnkinˈa/,*/ɨnkinət͡ʃˈune/,,,,,,,,,,,,,,,,,,,,,,,,,,,,,,,,,,,,,,,,,,,,,,,,,,,,,,,,,,,,,,*/ajerˈej/,,,,,,,,,,,,,,*/ɨnəˈinte/,,,,,,,,,,,,,,,,,,,,,,,,,,,,,,,,,,,,,,,,,,,,,,,,,,,,,,,,,,,*/ʃkikˈa/,,,,,,,,,,,,,,,,,,,,,,,,,,,,,,,,,,,,,,,,,,,,,,,,,,,,,,,,,,,,,,,,,,,,,,,,,,,,,,,,,,,,,,,,,,,,,,,,,,,,,,,,,,,,,,,,,,,,,,,,,,,,,,,,,,,,,,,,,,,,,,,,,,,,,,,,,,,,,,,,*/kˈajer/,,,,,,,,,,,,,,,,,,,,,,,,,,,,,,,,,,,,,,,,,,,,,,,,*/bˈajer/,,,,,,,,,,,,,,,,,,,,,,,,,,,,,,,,,,,,,,,,,,,,,,,,,,,,,,,,,,,,,,,,,,,,,,,,,,,,,,,,,,,,,,,,,,,,,,,,,,,,,,,,,,,*/jˈej/,,,,,,,,,,,,,,,,,,,,,,,,,,,,,
R286,,,,,,,,,,,,,,,,,,,,,,,,,,,,,,,,,,,,,,,,,,,,,,,,,,,,,,,,,,,,,,,,,,,,,,,,,,,,,,,,,,,,,,,,,,,,,,,,,,,,,,,,,,,,,,,,,,,,,,,,,,,,,,,,,,,,,,,,,,,,,,,,,,,,,,,,,,,,,,,,,,,,,,,,,,,,,,,,,,,,,,,,,,,,,,,,,,,,,,,,,,,,,,,,,,,,,,,,,,,,,,,,,,,,,,,,,,,,,,,,,,,,,,,,,,,,,,*/kˈub/,,,,,,,,,,,,,,,,,,,,,,,,,,,,,,,,,,,,,,,,,,,,,,,,,,,,,,,,,,,,,,,,,,,,,,,,,,,,,,,,,,,,,,,,,,,,,,,,,,,,,,,,,,,,,,,,,,,,,,,,,,,,,,,,,,,,,,,,,,,,,,,,,,,,,,,,,,,,,,,,,,,,,,,,,,,,,,,,,,,,,,,,,,,,,,,,,,,,,,,,,,,,,,,,,,,,,,,,,,,,,,,,,,,,,,,,,,,,,,,,,,,,,,,,,,,,,,,,,,,,,,,,,,,,,,,,,,,,,,,,,,,,,,,,,,,,,,,,,,,,,,,,,,,,,,,,,,,,,,,,,,,,,,,,,,,,,,,,,,,,,,,,,,,,,,,,,,,,,,,,,,,,,,,,,,,,,,,,,,,,,,,,,,,,,,,,,,,,,,,,,,,,,,,,,,,,,,,,,,,,,,,,,,,,,,,,,,,,,,,,,,,,,,,,,,,,,,,,,,,,,,,,,,,,,,,,,,,,,,,,,,,,,,,,,,,,,,,,,,,,,,,,,,,,,,,,,,,,,,,,,,,,,,,,,,,,,,,,,,,,,,,,,,,,,,,,,,,,,,,,,,,,,,,,,,,,,,,,,,,,,,,,,,,,,,,,,,,,,,,,,,,,,,,,,,,,,,,,,,,,,,,,,,,,,,,,,,,,,,,,,,,,,,,,,,,,,,,,,,,,,,,,,,,,,,,,,,,,,,,,,,,,,,,,,,,,,,,,,,,,,,,,,,,,,,,,,,,,,,,,,,,,,,,,,,,,,,,,,,,,,,,,,,,,,,,,,,,,,,,,,,,,,,,,,,,,,,,,,,,,,,,,,,,,,,*/sˈub/,,,,,,,,,,,,,,,,,,,,,,,,,,,,,,,,,,,,,,,,,,,,,,,,,,,,,,,,,,,,,,,,,,,,,,,,,,,,,,,,,,,,,,,,,,,,,,,,,,,,,,,,,,,,,,,,,,,,,,,,,,,,,,,,,,,,,,,,,,,,,,,,,,,,,,,,,,,,,,,,,,,,,,,,,,,,,,,,,,,,,,,,,,,,,,,,,,,,,,,,,,,,,,,,,,,,,,,,,,,,,,,,,,,,,,,,,,,,,,,,,,,,,,,,,,,,,,,,,,,,,,,,,,,,,,,,,,,,,,,,,,,,,,,,,,,,,,,,,,,,,,,,,,,,,,,,,,,,,,,,,,,,,,,,,,,,,,,,,,,,,,,,,,,,,,,,,,,,,,,,,,,,,,,,,,,,,,,,,,,,,,,,,,,,,,,
R287,,,,,,,,,,,,,,,,,,,,,,,,,,,,,,,,,,,,,,,,,,,,,,,,,,,,,,,,,*/albjˈejr/,,,,,,,,,,,,,,,,,,,,,,,,,,,,,,,,,,,,,,,,,,,,,,,,,,,,,,,,,,,,,,,,,,,,,,,,,,,,,,,,,,,,,,,,,,,,,,,,,,,,,,,,,,,,,,,,,,,,,,,,,,,,,,,,,,,,,,,,,,,,,,,,,,,,,,,,,,,,,,,,,,,,,,,,,,,,,,,,,,,,,,,,,,,,,,,,,,,,,,,,,,,,,,,,,,,,,,,,,,,,,,,,,,,,,,,,,,,,,,,,,,,,,,,,,,,,,,,,,,,,,,,,,,,,,,,,,,,,,,,,,,,,,,,,,,,,,,,,,,,,,,,,,,,,,,,,,,,,,,,,,,,,,,,,,,,,,,,,,,,,,,,,,,,,,,,,,,,,,,,,,,,,,,,,,,,,,,,,,,,,,,,,,,,,,,,,,,,,,,,,,,,,,,,,,,,,,,,,,,,,,,,,,,,,,,,,,,,,,,,,,,,,,,,,,,,,,,,,,,,,,,,,,,,,,,,,,,,,,,,,,,,,,,,,,,,,,,,,,,,,,,,,,,,,,,,,,,,,,,,,,,,,,,,,,,,,,,,,,,,,,,,,,,,,,,,,,,,,,,,,,,,,,,,,,,,,,,,,,,,,,,,,,,,,,,,,,,,,,,,,,,,,,,,,,,,,,,,,,,,,,,,,,,,,,,,,,,,,,,,,,,,,,,,,,,,,,,,,,,,,,,,,,,,,,,,,,,,,,,,,,,,,,,,,,,,,,,,,,,,,,,,,,,,,,,,,,,,,,,,,,,,,,,,,,,,,,,,,,,,,,,,,,,,,,,,,,,,,,,,,,,,,,,,,,,,,,,,,,,,,,,,,,,,,,,,,,,,,,,,,,,,,,,,,,,,,,,,,,,,,,,,,,,,,,,,,,,,,,,,,,,,,,,,,,,,,,,,,,,,,,,,,,,,,,,,,,,,,,,,,,,,,,,,,,,,,,,,,,,,,,,,,,,,,,,,,,,,,,,,,,,,,,,,,,,,,,,,,,,,,,,,,,,,,,,,,,,,,,,,,,,,,,,,,,,,,,,,,,,,,,,,,,,,,,,,,,,,,,,,,,,,,,,,,,,,,,,,,,,,,,,,,,,,,,,,,,,,,,,,,,,,,,,,,,,,,,,,,,,,,,,,,,,,,,,,,,,,,,,,,,,,,,,,,,,,,,,,,,,,,,,,,,,,,,,,,,,,,,,,,,,,,,,,,,,,,,,,,,,,,,,,,,,,,,,,,,,,,,,,,,,,,,,,,,,,,,,,,,,,,,,,,,,,,,,,,,,,,,,,,,,,,,,,,,,,,,,,,,,,,,,,,,,*/kjˈeje/,,,,,,,,,,,,,,,,,,,,,,,,,,,,,,,,,,,,,,,,,,,,,,,,,,,,,,,,,,,,,,,,,,,,,,,,,,,,,,,,,,,,,,,,,,,,,,,,,,,,,,,,,,,,,,,,,,,,,,,,,,,,,,,,,,,,,,,,,,,,,,,,,,,,,,,,
R288,,,,,,,,,,,,*/aʒutˈor/,,,,,,,,,,,,,,,,,,,,,,,,,,,,,,,,,,*/apˈar/,,,,,,,,*/altˈar/,,,*/albjˈer/,,,,,,,,,,,,,,,*/arətˈor/,,,,,,,*/ard͡ʒintˈar/,,*/arkˈar/,,,,,,,,,,,,,,,,,,,,,,*/t͡ʃerəʃˈar/,,,*/t͡ʃiko̯ˈare/,,*/kuptˈor/,,,,,,,,,,,,,,,,,,,,,,,,,,*/fəwrˈar/,,,,,,,,,,,,,,,,,,,,,,,,,,,,*/amnˈar/,*/mɨnˈar/,,,,,,,,,,,,,,,,,,,,,,,,,,,,,,,,,,,,,,,,,,,,,,,,,,,,,,,,,,,,,,,,,,,,,,,,,,,,,,,,,,,,,,,,,,,,,,,,*/mədulˈar/,,,,,,,,,,,,,,,,,,,,,,,,,,,,,,,,,,,,,,,,,,,,,,,,,,,,,,,,,,,,,,,,,,,,,,,,,,,,,,,,,,,,,,,,,,,,,,,,,,,,,,,,,,,,,,,,,,,,,,,,,,,,,,,,,,,,,,,,,,,,,,,,,,,,,,,,,*/pˈer/,*/pˈere/,,,,,,,,,,,,,,,,,,,,,,,,,,,,,,,,,,,,,,,,,,,,,,,,,,,,,,*/mo̯ˈare/,,,,,,,,,,,,,,,*/ɡrətˈar/,,,,,*/kəsˈar/,*/t͡ʃelˈar/,,,,,,,,,,,,,,*/armˈar/,,,,,,,,,,,,,,,,,,,,,,,,,,,,,,,,,,,,,,,,,,,,,,,,,,,,,,,,,,,,,,,,,,,,,,,,,,,,,,,,,,,,*/kərindˈar/,,,,,,,,,,,,,,,,,,,,,,,,,,,,,,,,,,,,,,,,,,,,,,,,,,,,,,,,,,,,,,,,,,,,,,,,,,,,,,,,,,,,,,,,,,,,,,,,,,,,,,,,,,,,,,,,,,,,,,,,,,,,,,,,,,,,,,,,,,,,,,,,,,,,,*/arməsˈar/,,,,,,,,,,,,,,,,,,,,,,,,,,,,,,,,,,,,,,,,,,,,,,,,,,,,,,,,,,,,,,,,,,*/preveɡjeto̯ˈare/,,,,,,,,,*/pəskˈar/,,,,,,*/kˈar/,,,,,,,,,,,,,,,,,,,,,,,,,,,,,,,,,,,,,,,,,,,,,,,,,,,,,,,,,,,,,,,,,,,,,,,,,,,,,,,,,,,,,,,,,,,,,,,,,,,,,,,,,,,,,,,,,,,,,,,,,,,,,,,,,,,,,,,,,,,,,,,,,,,,,,,,,,,,,,,,,,,,,,,,,,,,,,,,,,,,,,,,,,,,,,,,,,,,,,,,,,,,,,,,,,,,,,,,,,,,,,,,,,,,,,,,,,,,,,,,,,,,,,,,,,,,,,,,,,,,,,,,,,,,,,,,,,,,,,,,,,,,,,,,,,,,,,,,,,,,,,,,,,,,,,,,,,,,,,,,,,,,,,,,,,,,,,,,,,,,,,,,,,,,,,,,,,,,,,,,,,,,,*/kərˈare/,,,,,,,,,,,,,,,,,,,,,,,,,,,,,,,,*/sərt͡ʃinˈar/,,*/stemurˈare/,,,*/bowˈar/,,*/purkˈar/,,,,,,,,,,,,,,,,,*/vɨnəto̯ˈare/,,,,,,,,,,,,,,,,,,,,,,,,,,,,,,,,,,,,,,,*/duɡˈar/,,*/lemnˈar/,,,,*/awrˈar/,,,*/fərˈar/,,,,*/kəldˈare/,,*/strəkurəto̯ˈare/,,,*/olˈar/,,,,,,,,,,,,,,,,,,,,,,,,*/prˈinde/,,,,,,,,,,,,,,,,,,,,,,,,,,,,,,,,,,,,,,,,,,,,,,,,,,,,,,,,,,,,,,,,,,,,,,,,,,,,,,,,,,,,,,,,,,,,,,,,,,,,,,,,,,,,,,,,,,,,,
R289,,,,,,,,,,,,,,,,,,,,,,,,,,,,,,,,,,,,,,,,,,,,,,,,,,,,,,,,,,,,,,,,,,,,,,,,,,,,,,,,,,,,,,*/bəsˈerikə/,,,,,,,,,,,,,,,,,,,,,,,,,,,,,,,,,,,,,,,,,,,,,,,,,,,,,,,,,,,,,,,,,,,,,,,,,,,,,,,,,,,,,,,,,,,,,,,,,,,,,,,,,,,,,,,,,,,,,,,,,,,,,,,,,,,,,,,,,,,*/ˈinimə/,,,,,,,,,,,,,,,,,,,,,,,,,,,,,,,,,,,,,,,,,,,,,,,,,,,,,,,,,,,,,,*/lˈakrimə/,,,,,,,,,,,,,,,,,,,,,,,,,,,,,,,,,,,,,,,,,,,,,,,,*/spˈajimə/,,,,,,,,,,,,,,,,,,,,,,,,,,,,,,,,,,,,,,,,,,,,,,,,,,,,,,,,,,,,,,,,,,,,,,,,,,,,,,,,,,,,,,,,,,,,,*/mˈɨnikə/,,*/sˈarikə/,,,,,,,,,,,,,,,,,,,,,,,,,,,,,,,,,,,,,,,,,,,,,,,,,,,,,,,,,,,,,,,,,,,,,,,,,,,,,,,,,,,,,,,,,,,,,,,,,,,,,,,,,,,,,,,,,,,,,,,,,,,,,,,,,,,,,,,,,,,,,,,,,,,,,*/dumˈinikə/,,,,,,,,,,,,,,,,,,,,,,,,,,,,,,,,,,,,,,,,,,,,,,,,,,,,,,,,,,,,,,,,,,,,,,,,,,,,,,,,,,,,,,,,,,,,,,,,,,,,,,,,,,,,,,,,,,,,,,,,,,,,,,,,,,,,,,,,,,,,,,,,,,,,,,,,,,,,,,,,,,,,,,,,,,,,,,,,,,,,,,,,,,,,,,,,,,,,,,,,,,,,,,,,,,,,,,,,,,,,,,,,,,,,,,,,,,,,,,,,,,,,,,,,,,,,,,,,,,,,,,,,,,,,,,,,,,,,,,,,,,,,,,,,,,,,,,,,,,,,,,,,,,,,,,,,,,,,,,,,,,,,,,,,,,,,,,,,,,,,,,,,,,,,,,,,,,,,,,,,,,,,,,,,,,,,,,,,,,,,,,,*/pərəˈesimj/,,,,,,,,,,,,,,,,,,,,,,,,,,,,,,,,,,,,,,,,,,,,,,,,,,,,,,,,,,,,,,,,,,,,,,,,,,,,,,,,,,,,,,,,,,,,,,,,,,,,,,,,,,,,,,,,,,,,,,,,,,,,,,,,,,,,,,,,,,,,,,,,,,,,,,,,,,,,,,,,,,,,,,,,,,,,,,,,,,,,,,,,,,,,,,,,,,,,,,,,,,,,,,,,,,,,,*/pjˈedikə/,,,,,,,,,,,,,,,,,,,,,,,,,,,,,,,,,,,,,,,,,,,,,,,,,,,,,,,,,,,,,,,,,,,,,,,,,,,,,,,,,,,,,,,,,,,,,,,,,,,,,,,,,,,,,,,,,,,,,,,,,,,,,,,,,,,,,,,,,,,,,,,,,,,,,,,,,,,,,,,,,,,,,,,,,,,,*/pjˈersikə/,,,,,,,,,,,,,,,,,,,,,,,,,,,,,,,,,,,,,,,,,,,,,,,,,,,,,,,,,,,,,,,,,,,,,,,,,,,,,,,,,,,,,,,,
R290,,,,,,,,,,,,,,,,,,,,,,,,,,,,,,,,,,,,,,,,,,,,,,,,,,,,,,,,,,,,,,,,,,,,,,,,,,,,,,,,,,,,,,,,,,,,,,,,,,,,,,,,,,,,,,,,,,,,,,,,,,,,,,,,,,,,,,,,,,,,,,,,,,,,,,,,,,,,,,,,,,,,,,,,,,,,,,,,,,,,,,,,,,,,,,,,,,,,,,,,,,,,,,,,,*/kəpət͡sˈinə/,,,,,,,,,,,,,,,,,,,,,,,,,,,,,,,,,,,,,,,,,,,,,,,,,,,,,,,,,,,,,,,,,,,,,,,,,,,,,,,,,,,,,,,,,,,,,,,,,,,,,,,,,,,,,,,,,,,,,,,,,,,,,,,,,,,,,,,,,,,,,,,,,,,,,,,,,,,,,,,,,,,,,,,,,,,,,,,,,,,,,,,,,,,,,,,,,,,,,,,,,,,,,,,,,,,,,,,,,,,,,,,,,,,,,,,,,,,,,,,,,,,,,,,,,,,,,,,,,,,,,,,,,,,,,,,,,,,,,,,,,,,,,,,,,,,,,,,,,,,,,,,,,,,,,,,,,,,,,,,,,,,,,,,,,,,,,,,,,,,,,,,,,,,,,,,,,,,,,,,,,,,,,,,,,,,,,,*/səptəmˈɨnə/,,,,,,,,,,,,,,,,,,,,,,,,,,,,,,,,,,,,,,,,,,,,,,,,,,,,,,*/rədət͡ʃˈinə/,,,,,,,,,,,,,,,,,,,,,,,,,,,,,,,,,,,,,,,,,,,,,,,,,,,,,,,,,,,,,,,,,,,,,,,,,,,,,,,,,,,,,,,,,,,,,,,,,,,,,,,,,,,,,,,,,,,,,,,,,,,,,,,,,,,,,,,,,,,,,,,,,,,,,,,,,,,,,,,,,,,,,,,,,,,,,,,,,,,,,,,,,,,,,,,,,,,,,,,,,,,,,,,,,,,,,,,,,,,,,,,,,,,,,,,,,,,,,,,,,,,,,,,,,,,,,,,,,,,,,,,,,,,,,,,,,,,,,,,,,,,,,,,,,,,,,,,,,,,,,,,,,,,,,,,,,,,,,,,,,,,,,,,,,,,,,,,,,,,,,,,,,,,,,,,,,,,,,,,,,,,,,,,,,,,,,,,,,,,,,,,,,,,,,,,,,,,,,,,,,,,,,,,,,,,,,,,,,,,,,,,,,,,,*/rətət͡ʃˈi/,,,,,,,,,,,,,,,,,,,,,,,,,,,,,,,,,,,,,,,,,,,,,,,,,,,,,,,,,,,,,,,,,,,,,,,,,,,,,,,,,,,,,,,,,,,,,,,,,,,,,,,,,,,,,,,,,,,,,,,,,,,,,,,,,,,,,,,,,,,,,,,,,,,,,,,,,,,,,,,,,,,,,,,,,,,,,,,,,,,,,,,,,,,,,,,,,,,,,,,,,,,,,,,,,,,,,,,,,,,,,,,,,,,,,,,,,,,,,,,,,,,,,,,,,,,,,,,,,,,,,,,,,,,,,,,,,,,,,,,,,,,,,,,,,,,,,,,,,,,,,,,,,,,,,,,,,,,,,,,,,,,,,,,,,,,,,,,,,,,,,,,,,,,,,,,,,,,,,,,,,,,,,,,,,,
R291,,,,,,,,,,,,,,,,,,,,,,,,,,,,,,,,,,,,,,,,,,,,,,,,,,,,,,,,,,,,,,,,,,,,,,,,,,,,,,,,,,,,,,,,,,,,,,,,,,,,,,,,,,,,,,,,,,,,,,,,,,,,,,,,,,,,,,,,,,,,,,,,,,,,,,,,,,,,,,,,,,,,,,,,,,,,,,,,,,,,,,,,,,,,,,,,,,*/vˈitriɡ/,,,,,,,,,,,,,,,,,,,,,,,,,,,,,,,,,,,,,,,,,,,,,,,,,,,,,,,,,,,,,,,,,,,,,,,,,,,,,,,,,,,,,,,,,,,,,,,,,,,,,,,,,,,*/ɨnɡrikˈa/,,,,,,,,,,,,,,,,,,,,,,,,,,,,,,,,,,,,,,,,,,,,,,,,,,,,,,,,,,,,,,,,,,,,,,,,,,,,,,,,,,,,,,,,,,,,,,,,,,,,,,,,,,,,,,,,,,,,,,,,,,,,,,,,,,,,,,,,,,,,,,,,,,,,,,,,,,,,,,,,,,,,*/friptˈurə/,,,,,,,,,,,,,,,,,,,,,,,,,,,,,,,,,,,,,,,,,,,,,,,,,,,,,,,,,,,,,,,,,,,,,,,,,,,,,,,,,,,,,,,,,,,,,,,,,,,,,,,,,,,,,,,,,,,,,,,,,,,,,,,,,,,,,,,,,,,,,,,,,,,,,,,,,,,,,,,,,,,,,,,,,,,,,,,,,,,,,,,,,,,,,,,,,,,,,,,,,,,,,,,,,,,,,,,,,,,,,,,,,,,,,,,,,,,,,,,,,,,,,,,,,,,,,,,,,,,,,,,,,,,,,,,,,,,,,,,,,,,,,,,,,,,,,,,,,,,,,,,,,,,,,,,,,,,,,,,,,,,,,,,,,,,,,,,,*/priveɡjeto̯ˈare/,*/priveɡjˈa/,,,,,,,,,,,,,,,,,,,,,,,,,,,,,,,,,,,,,,,,,,,,,,,,,,,,,,,,,,,,,,,,,,,,,,,,,,,,,,,,,,,,,,,,,,,,,,,,,,,,,,,,,,,,,,,,,,,,,,,,,,,,,,,,,,,,,,,,,,,,,,,,,,,,,,,,,,,,,,,,,,,,,,,,,,,,,,,,,,,,,,,,,,,,,,,,,,,,,,,,,,,,,,,,,,,,,,,,,,,,,,,,,,,,,,,,,,,,,,,,,,,,,,,,,,,,,,,,,,,,,,,,,,,,,,,,,,,,,,,,,,,,,,,,,,,,,,,,,,,,,,,,,,,,,,,,,,,,,,,,,,,,,,,,,,,*/strikˈa/,,,,,,,,,,,,,,,,,,,,,,,,,,,,,,,,,,,,,,,,,,,,,,,,,,,,,,,,,,,,,,,,,,,,,,,,,,,,,,,,,,,,,,,,,,,,,,,,,,,,,,,,,,,,,,,,,,,,,,,,,,,,,,,,,,,,,,,,,,,,,,,,,,,,,,,,,,,,,,,,,,,,,,,,,,,,,,,,,,,,,,,,*/striɡˈa/,,,,,,,,,,,,,,,,,,,,,,,,,,,,,,,,,,,,,,,,,,,,,,,,,,,,,,,,,,,,,,,,,,,,,,,,,,,,,,,,,,,,,,,,,,,,,,,,,,,,,,,,,,,,,,,,,,,,,,
R292,,,,,,,,,,,,,,,,,,,,,,,,,,,,,,,,,,,,,,,,,,,,,,,,,,,,,,,,,,,,,,,,,,,,,,,,,,,,,,,,,,,,,,*/besˈerikə/,,,,,,,,,,,,,,,,,,,,,,,,,,,,,,,,,,,,,,,,,,,,,*/ferekˈa/,,,,,,,,,,,,,,,,,,,,,,,,,,,,,,,,,,*/mestekˈa/,,,,,,,,,,,,,,,,,,,,,,,,,,,,,,,,,,,,,,,,,,,,,,,,,,,,,,,,,,,,,,,,,,,,,,,,,,,,,,,,,,,,,,,,,,,,,,,,,,,,,,,,,,,,,,,,,,,,,,,,,,,,,,,,,,,,,,,,,,,,,,,,,,,,,,,,,,,,,,,,,,,,,,,,,,,,,,,,,,,,,,,,,,,,,,,,,,,,,,,,,,,,,,,,,,,,,,,,,,,,,,,,,,,,,,,,,,,,,,,,,,,,,,,,,,,,,,,,,,,,,,,,,,,,,,,,,,,,,,,,,,,,,,,,,,,,,,,,,,,,,,,,,,,,,,,,,,,,,,,,,,,,,,,,,,,,,,,,,,,,,,,,,,,,,,,,,,,,,,,,,,,,,,,,,,,,,,,,,,,,,,,,,,,,,,,,,,,,,,,,,,,,,,,,,,,,,,,,,,,,,,,,,,,,,,,,,,,,,,,,,,,,,,,,,,,,,,,,,,,,,,,,,,,,,,,,,,,,,,,,,,,,,,,,,,,,,,,,,,,,,,,,,,,,,,,,,,,,,,,,,,,,,,,,,,,,,,,,,,,,,,,,,,,,,,,,,,,,,,,,,,,,,,,,,,,,,,,,,,,,,,,,,,,,,,,,,,,,,,,,,,,,,,,,,,,,,,,,,,,,,,,,,,,,,,,,,,,,,,,,,,,,,,,,,,,,,,,,,,,,,,,,,,,,,,,,,,,,,,,,,,,,,*/perˈekje/,,,,,,,,,,,,,,,,,,,,,,,,,,,,,,,,,,,,,,,,,,,,,,,,,,,,,,,,,,,,,,,,,,,,,,,,,,,,,,,,,,,,,,,,,,,,,,,,,,,,,,,,,,,,,,,,,,,,,,,,,,,,,,,,,,,,,,,,,,,,,,,,,,,,,,,,,,,,,,,,,,,,,,,,,,,,,,,,,,,,,,,,,,,,,,,,,,,,,,,,,,,,,,,,,,,,,,,,,,,,,,,,,,,,,,,,,,,,,,,,,,,,,,,,,,,,,,,,,,,,,,,,,,,,,,,,,,,,,,,,,,,,,,,,,,,,,,,,,,,,,,,,,,,,,,,,,,,,,,,,,,,,,,,,,,,,,,,,,,,,,,,,,,,,,,,,,,,,,,,,,,,,,,,,,,,,,,,,,,,,,,,,,,,,,,,,,,,,,,,,,,,,,,,,,,,,,,,,,,,,,,,,,,,,,,,,,,,,,,,,,,,,,,,,,,,,,,,,,,,,,,,,,,,,,,,,,,,,,,,,,,,,,,,,,,,,,,,,,,,,,,,,,,,,,,,,,*/perˈete/,,,,,,,,,,,,,,,,,,,,,,,,,,,,,,,,,,,,,,,,,,,,,,,,,,,,,,,,,,,,,,,,,,,,,,*/femˈeje/,,
R293,,,,,,,,,,,,,,,,,,,,,,,,,,,,,,,,,,,,,,,,,,,,,,,,,,,,,,,,,,,,,,,,,,,,,,,,,,,,,,,,,,,,,,,,,,,,,,,,,,,,,,,,,,,,,,,,,,,,,,,,,,,,,,,,,,,,,,,,,,,,,,,,,,,,,,,,,,,,,,,,,,,,,,,,,,,,,,,,,,,,,,,,,,,,,,,,,,,,,,,,,,,,,,,,,,,,,,,,,,,,,,,,,,,,,,,,,,,,,,,,,,,,,,,,,,,,,,,,,,,,,,,,,,,,,,,,,,,,,,,,,,,,,,,,,,,,,,,,,,,,,,,,,,,,,,,*/leɡənˈa/,,,,,,,,,,,,,,,,,,,,,,,,,,,,,,,,,,,,,,,,,,,,,,,,,,,,,,,,,,,,,,,,,,,,,,,,,,,,,,,,,,,,,,,,,,,,,,,,,,,,,,,,,,,,,,,,,,,,,,,,,,,,,,,,,,,,,,,,,,,,,,,,,,,,,,,,,,,,,,,,,,,,,,,,,,,,,,,,,,,,,,,,,,,,,,,,,,,,,,,,,,,,,,,,,,,,,,,,,,,,,,,,,,,,,,,,,,,,,,,,,,,,,,,,,,,,,,,,,,,,,,,,,,,,,,,,,,,,,,,,,,,,,,,,,,,,,,,,,,,,,,,,,,,,,,,,,,,,,,,,,,,,,,,,,,,,,,,,,,,,,,,,,,,,,,,,,,,,,,,,,,,,,,,,,,,,,,,,,,,,,,,,,,,,,,,,,,,,,,,,,,,,,,,,,,,,,,,,,,,,,,,,,,,,,,,,,,,,,,,,,,,,,,,,,,,,,,,,,,,,,,,,,,,,,,,,,,,,,,,,,,,,,,,,,,,,,,,,,,,,,,,,,,,,,,,,,,,,,,,,,,,,,,,,,,,,,,,,,,,,,,,,,,,,,,,,,,,,,,,,,,,,,,,,,,,,,,,,,,,,,,,,,,,,,,,,,,,,,,,,,,,,,,,,,,,,,,,,,,,,,,,,,,,,,,,,,,,,,,,,,,,,,,,,,,,,,,,,,,,,,,,,,,,,,,,,,,,,,,,,,,,,,,,,,,,,,,,,,,,,,,,,,,,,,,,,,,,,,,,,,,,,,,,,,,,,,,,,,,,,,,,,,,,,,,,,,,,,,,,,,,,,,,,,,,,,,,,,,,,,,,,,,,,,,,,,,,,,,,,,,,,,,,,,,,,,,,,,,,,,,,,,,,,,,,,,,,,,,,,,,,,,,,,,,,,,,,,,,,*/trəɡənˈa/,,,,,,,,,,,,,,,,,,,,,,,,,,,,,,,,,,,,,,,,,,,,,,,,,,,,,,,,,,,,,,,,,,,,,,,,,,,,,,,,,,,,,,,,,,,,,,,,,,,,,,,,,,,,,,,,,,,,,,,,,,,,,,,,,,,,,,,,,,,,,,,,,,,,,,,,,,,,,,,,,,,,,,,,,,,,,,,,,,,,,,,,,,,,,,,,,,,,,,,,,,,,,,,,,,,,,,,,,,,,,,,,,,,,,,,,,,,,,,,,,,,,,,,,,,,,,,,,,,,,,,,,,,
R294,,,,,,,,,,,,,,,,,,,,,,,,,,,,,,,,,,,,,,,,,,,,,,,,,,,,,,,,,,,,,,,,,,,,,,,,,,,,,,,,,,,,,,*/bisˈerikə/,,,,,,,,,,,,,,,,,,,,,,,,,,,,,,,,,,,,,,,,,,,,,,,,,,,,,,,,,,,,,,,,,,,,,,,,,,,,,,,,,,,,,,,,,,,,,,,,,,,,,,,,,,,,,,,,,,,,,,,,,,,,,,,,,,,,,,,,,,,,,,,,,,,,,,,,,,,,,,,,,,,,,,,,,,,,,,,,,,,,,,,,,,,,,,,,,,,,,,,,,,,,,,,,,,,,,,,,,,,,,,,,,,,,,,,,,,,,,,,,,,,,,,,,,,,,,,,,,,,,*/miserˈere/,,,,,,,,,,,,,,,,,,,,,,,,,,,,,,,,,,,,,,,,,,,,,,,,,,,,,,,,,,,,,,,,,,,,,,,,,,,,,,,,,,,,,,,,,,,,,,,,,,,,,,,,,,,,,,,,,,,,,,,,,,,,,,,,,,,,,,,,,,,,,,,,,,,,,,,,,,,,,,,,,,,,,,,,,,,,,,,,,,,,,,,,,,,,,,,,,,,,,,,,,,,,,,,,,,,,,,,,,,,,,,,,,,,,,,,,,,,,,,,,,,,,,,,,,,,,,,,,,,,,,,,,,,,,,,,,,,,,,,,,,,,,,,,,,,,,,,,,,,,,,,,,,,,,,,,,,,,,,,,,,,,,,,,,,,,,,,,,*/kukˈurbitə/,,,,,,,,,,,,,,,,,,,,,,,,,,,,,,,,,,,,,,,,,,,,,,,,,,,,,,,,,,,,,,,,,,,,,,,,,,,,,,,,,,,,,,,*/vit͡sˈel/,,,,,,,,,,,,,,,,,,,,,,,,,,,,,,,,,,,,,,,,,,,,,,,,,,,,,,,,,,,,,,,,,,,,,,,,,,,,,,,,,,,,,,,,,,,,,,,,,,,,,,,,,,,,,,,,,,,,,,,,,,,,,,,,,,,,,,,,,,,,,,,,,,,,,,,,,,,,,,,,,,,,,,*/vitemˈa/,,,,,,,,,,,,,,,,,,,,,,,,,,,,,,,,,,,,,,,,,,,,,,,,,,,,,,,,,,,,,,,,,,,,,,,,,,,,,,,,,,,,,,,,,,,,,,,,,,,,,,,,,,,,,,,,,,,,,,,,,,,,,,,,,,,,,,,,,,,,,,,,,,,,,,,,,,,,,,,,,,,,,,,,,,,,,,,,,,,,,,,,,,,,,,,,,,,,,,,,,,,,,,,,,,,,,,,,,,,,,,,,,,,,,,,,,,,,,,,,,,,,,,,,,,,,,,,,,,,,,,,,,,,,,,,,,,,,,,,,,,,,,,,,,,,,,,,,,,,,,,,,,,,,,,,,,,,,,,,,,,,,,,,,,,,,,,,,,,,,,,,,,,,,,,,,,,,,,,,,,,,,,,,,,,,,,,,,,,,,,,,,,,,,,,,,,,,,,,,,,,,,,,,,,,,,,,,,,,,,,,,,,,,,,,,,,,,,,,,,,,,,,,,,,,,,,,,,,,,,,,,,,,,,,,,,,,,,,,,,,,,,,,,,,,,,,,,,,,,,
R295,,,,,,,,,,,,,,,,,,,,,,,,,,,,,,,,,,,,,,,,,,,,,,,,,,,,,,,,,,,,,,,,,,,,,,,,,,,,,,,,,,,,,,,,,,,,,,,,,,,,,,,,,,,,,,,,,,,,,,,,,,,,,,,,,,,,,,,,,,,,,,,,,,,,,,,,,,,,,,,,,,,,,,,,,,,,,,,,,,,,,,,,,,,,,,,,,,,,,,,,,,,,,,,,,,,,,,,,,,,,,,,,,,,,,,,,,,,,,,,,,,,,,,,,,,,,,,,,,,,,,,,,,,,,,,,,,,,,,,,,,,,,,,,,,,,,,,,,,,,,,,,,,,,,,,,,,,,,,,,,,,,,,,,,,,,,,,,,,,,,,,,,,,,,,,,,,,,,,,,,,,,,,,,,,,,,,,,,,,,,,,,,,*/prit͡ʃˈepe/,,,,,,,,,,,,,,,,,,,,,,,,,,,,,,,,,,,,,,,,,,,,,,,,,,,,,,,,,,,,,,,,,,,,,,,,,,,,,,,,,,,,,,,,,,,,,,,,,,,,,,,,,,,,,,,,,,,,,,,,,,,,,,,,,,,,,,,,,,,,,,,,,,,,,,,,,,,,,,,,,,,,,,,,,,,,,,,,,,,,,,,,,,,,,,,,,,,,,,,,,,,,,,,,,,,,,,,,,,,,,,,,,,,,,,,,,,,,,,,,,,,,,,,,,,,,,,,,,,,,,,,,,,,,,,,,,,,,,,,,,,,,,,,,,,,,,,,,,,,,,,,,,,,,,,,,,,,,,,,,,,,,,,,,,,,,,,,,,,,,,,,,,,,,,,,,,,,,,,,,,,,,,,,,,,,,,,,,,,,,,,,,,,,,,,,,,,,,,,,,,,,,,,,,,,,,,,,,,,,,,,,,,,,,,,,,,,,,,,,,,,,,*/pˈurit͡ʃe/,,,,,,,,,,,,,,,,,,,,,,,,,,,,,,,,,,,,,,,,,,,,,,,,,,,,,,,,,,,,,,,,,,,,,,,,,,,,,,,,,,,,,,,,,,,,,,,,,,,,,,,,,,,,,,,,,,,,,,,,,,,,,,,,,,,,,,,,,,,,,,,,,,,,,,,,,,,,,,,,,,,,,,,,,,,,,,,,,,,,,,,,,,,,,,,,,,,,,,,,,,,,,,,,,,,,,,,,,,,,,,,,,,,,,,,,,,,,,,,,,,,,,,,,,,,,,,,,,,,,,,,,,,,,,,,,,,,,,,,,,,,,,,,,,,,,,,,,,,,,,,,,,,,,,,,,,,,,,,,,,,,,,,,,,,,,,,,,,,,,,,,,,,,,,,,,,,,,,,,,,,,,,,,,,,,,,,,,,,,,,,,,,,,,,,,,,,,,,,,,,,,,,,,,,,,,,,,,,,,,,,,,,,,,,,,,,,,,,,,,,,,,,,,,,,,,,,,,,,,,,,,,,,,,,,,,,,,,,,,,,,,,,,,,,,,,,,,,,,,,,,,,,,,,,,,,,,,,,,,,,,,,,,,,,,,,,,,,,,,,,,,,,,,,,,,,,,,,,,,,,,,,,,,,,,,,,,,,,,,,,,,,,,,,,,,,,,,,,,,,,,,,,,
R296,,,,,,,,,,,,,,,,,,,,,,,,,,,,,,,,,,,,,,,,,,,,,,,,,,,,,,,,,,,,,,,,,,,,,,,,,,,,,,,,,,,,,,,,,,,,,,,,,,,,,,,,,,,,,,,,,,,,,,,,,,,,,,,,,,,,,,,,,,,,,,,,,,,,,,,,,,,,,,,,,,,,,,,,,,,,,,,,,,,,,,,,,,,,,,,,,,,,,,,,,,,,,,,,,,,,,,,,,,,,,,,,,,,,,,,,,,,,,,,,,,,,,,,,,,,,,,,,,,,,,,,,,,,,,,,,,,,,,,,,,,,,,,,,,,,,,,,,,,,,,,,,,,,,,,,,,,,,,,,,*/veɡe̯ˈa/,,,,,,,,,,,,,,,,,,,,,,,,,,,,,,,,,,,,,,,,,,,,,,,,,,,,,,,,,,,,,,,,,,,,,,,,,,,,,,,,,,,,,,,,,,,,,,,,,,,,,,,,,,,,,,,,,,,,,,,,,,,,,,,,,,,,,,,,,,,,,,,,,,,,,,,,,,,,,,,,,,,,,,,,,,,,,,,,,,,,,,,,,,,,,,,,,,,,,,,,,,,,,,,,,,,,,,,,,,,,,,,,,,,,,,,,,,,,,,,,,,,,,,,,,,,,,,,,,,,,,,,,,,,,,,,,,,,,,,,,,,,,,,,,,,,,,,,,,,,,,,,,,,,,,,,,,,,,,,,,,,,,,,,,,,,,,,,,,,,,,,,,,,,,,,,,,,,,,,,,,,,,,,,,,,,,,,,,,,,,,,,,,,,,,,,,,,,,,,,,,,,,,,,,,,,,,,,,,,,,,,,,,,,,,,,,,,,,,,,,,,,,,,,,,,,,,,,,,,,,,,,,,,,,,,,,,,,,,,,,,,*/priveɡe̯ˈa/,,,,,,,,,,,,,,,,,,,,,,,,,,,,,,,,,,,,,,,,,,,,,,,,,,,,,,,,,,,,,,,,,,,,,,,,,,,,,,,,,,,,,,,,,,,,,,,,,,,,,,,,,,,,,,,,,,,,,,,,,,,,,,,,,,,,,,,,,,,,,,,,,,,,,,,,,,,,,,,,,,,,,,,,,,,,,,,,,,,,,,,,,,,,,,,,,,,,,,,,,,,,,,,,,,,,,,,,,,,,,,,,,,,,,,,,,,,,,,,,,,,,,,,,,,,,,,,,,,,,,,,,,,,,,,,,,,,,,,,,,,,,,,,,,,,,,,,,,,,,,,,,,,,,,,,,,,,,,,,,,,,,,,,,,,,,,,,,,,,,,,,,,,,,,,,,,,,,,,,,,,,,,,,,,,,,,,,,,,,,,,,,,,,,,,,,,,,,,,,,,,,,,,,,,,,,,,,,,,,,,,*/ke̯ˈaɡ/,,,,,,,,,,,,,,,,,,,,,,,,,,,,,,,,,,,,,,,,,,,,,,,,,,,,,,,,,,,,,,,,,,,,,,,,,,,,,,,,,,,,,,,,,,,,,,,,,,,,,,,,,,,,,,,,,,,,,,,,,,,,,,,,,,,,,,,,,,,,,*/ɡe̯ˈat͡sə/,,,,,,,,,,,,,,,,,,,,,,,,,,,,,,,,,,,,,,,,,,,,,,,,,,,,,,,,,,,,,,,,,,,,,,
R297,,,,,,,,,,,,,,,,,,,,,,,,,,,,,,,,,,,,,,,,,,,,,,,,,,,,,,,,,,,,,,,,,,,,,,,,,,,,,,,,,,,,,,,,,,,,,,,,,,,,,,,,,,,,,,,,,,,,,,,,,,,,,,,,,,,,,,,,,,,,,,,,,,,,,,,,,,,,,,,,,,,,,,,,,,,,,,,,,,,,,,,,,,,,,,,,,,,,,,,,,,,,,,,,,,,,,,,,,,,,,,,,,,,,,,,,,,,,,,,,,,,,,,,,,,,,,,,,,,,,,,,,,,,,,,,,,,,,,,,,,,,,,,,,,,,,,,,,,,,,,,,,,,,,,,,,,,,,,,,,,,,,,,,,,,,,,,,,,,,,,,,,,,,,,,,,,,,,,,,,,,,,,,,,,,,,,,,,,,,,,,,,,,,,,,,,,,,,,,,,,,,,,,,,,,,,,,,,,,,,,,,,,,,,,,,,,,,,,,,,,,,,,,,,,,,,,,,,,,,,,,,,,,,,,,,,,,,,,,,,,,,,,,,,,,,,,,,,,,,,,,,,,,,,,,,,,,,,,,,,,,*/fjˈastru/,,,,,,,,,,,,,,,,,,,,,,,,,,,,,,,,,,,,,,,,,,,,,,,,,,,,,,,,,,,,,,,,,,,,,,,,,,,,,,,,,,,,,,,,,,,,,,,,,,,,,,,,,,,,,,,,,,,,,,,,,,,,,,,,,,,,,,,,,,,,,,,,,,,,,,,,,,,,,,,,,,,,,,,,,,,,,,,,,,,,,,,,,,,,,,,,,,,,,,,,,,,,,,,,,,,,,,,,,,,,,,,,,,,,,,,,,,,,,,,,,,,,,,,,,,,,,,,,,,,,,,,,,,,,,,,,,,,,,,,,,,,,,,,,,,,,,,,,,,,,,,,,,,,,,,,,,,,,,,,,,,,,,,,,,,,,,,,,,,,,,,,,,,,,,,,,,,,,,,,,,,,,,,,,,,,,,,,,,,,,,,,,,,,,,,,,,,,,,,,,,,,,,,,,,,,,,,,,,,,,,,,,,,,,,,,,,,,,,,,,,,,,,,,,,,,,,,,,,,,*/ʃjerˈa/,,,,,,,,,,,,,,,,,,,,,,,,,,,,,,,,,,,,,,,,,,,,,,,,,,,,,,,,,,,,,,,,,,,,,,,,,,,,,,,,,,,,,,,,,,,,,,,,,,,,,,,,,,,,,,,,,,,,,,,,,,,,,,,,,,,,,,,,,,,,,,,,,,,,,,,,,,,,,,,,,,,,,,,,,,,*/subt͡sjˈa/,,,,,,,,,,,,,,,,,,,,,,,,,,,,,,,,,,,,*/trjerˈa/,,,,,,,,,,,,,,,,,,,,,,,,,,,,,,,,,,,,,,,,,,,,,,,,,,,,,,,,,,,,,,,,,,,,,,,,,,,,,,,,,,,,,,,,,,,,,,,,,,,,,,,,,,,,,,,,,,,,,,,,,,,,,,,,,,,,,,,,,,,,,,,,,,,,,,,,,,,,,,,,,,,,,,,,,,,,,,,,,,,,,,,,,,,,,,,,,,,,,,,,,,,,,,,,,,,,,,,,,,,,,,,,,,,,,,,,,,,,,,,,,,,,,,,
R298,,,,,,,,,,,,,,,,,,,,,,,,,,,,,,,,,,,,,,,,,,,,,,,,,,,,,,,,,,,,,,,,,,,,,,,,,,,,,,,,,,,,,,,,,,,,,,,,,,,,,,,,,,,,,,,,,,,,,,,,,,,,,,,,,,,,,,,,,,,,,*/ɡəjnˈat͡s/,,,,,,,,,,,,,,,,,,,,,,,,,,,,,,,,,,,,,,,,,,,,,,,,,,,,,,,,,,,,,,,,,,,,,,,,,,,,,,,,,,,,,,,,,,,,,,,,,,,,,,,,,,,,,,,,,,,,,,,,,,,,,,,,,,,,,,,,,,,,,,,,,,,,,,,,,,,,,,,,,,,,,,,,,,,,,,,,,,,,,,,,,,,,,,,,,,,,,,,,,,,,,,,,,,,,,,,,,,,,,,,,,,,,,,,,,,,,,,,,,,*/ujtˈa/,,,,,,,,,,,,,,,,,,,,,,,,,,,,,,,,,,,,,,,,,,,,,,,,,,,,,,,,,,,,,,,,,,,,,,,,,,,,,,,,,,,,,,,,,,,,,,,,,,,,,,,,,,,,,,,,,,,,,,,,,,,,,,,,,,,,,,,,,,,,,,,,,,,,,,,,,,,,,,,,,,,,,,,,,,,,,,,,,,,,,,,,,,,,,,,,,,,,,,,,,,,,,,,,,,,,,,,,,,,,,,,,,,,,,,,,,,,,,,,,,,,,,,,,,,,,,,,,,,,,,,,,,,,,,,,,,,,,,,,,,,,,,,,,,,,,,,,,,,,,,,,,,,,,,,,,,,,,,,,,,,,,,,,,,,,,,,,,,,,,,,,,,,,,,,,,,,,,,,,,,,,,,,,,,,,,,,,,,,,,,,,,,,,,,,,,,,,,,,,,,,,,,,,,,,,,,,,,,,,,,,,,,,,,,,,,,,,,,,,,,,,,,,,,,,,,,,,,,,,,,,,,,,,,,,,,,,,,,,,,,,,,,,,,,,,,,,,,,,,,,,,,,,,,,,,,,,,,,,,,,,,,,,,,,,,,,,,,,,,,,,,,,,,,,,,,,,,,,,,,,,,,,,,,,,,,,,,,,,,,,,,,,,,,,,,,,,,,,,,,,,,,,,,,,,,,,,,,,,,,,,,,,,,,,,,,,,,,,,,,,,,,,,,,,,,,,,,,,,,,,,,,,,,,,,,,,,,,,,,,,,,,,,,,,,,,,,,,,,,,,,,,,,,,,,,,,,,,,,,,,,,,,,,,,,,,,,,,,,,,,,,,,,,,,,,,,,,,,,,,,,,,,,,,,,,,,,,,,,,,,,,,,,,,,,,,,,,,,,,,,,,,,,,,,,,,,,,,,,,,,,,,,,,,,,,,,,,,,,,,,,,,,,,,,,,,,,,,,,,,,,,,,,,,,,,,,,,,,,,,,,,,,,,,,,,,,,,,,,,,,,,,,,,,,,,,,,,,,,,,,,,,,,,,,,,,,,,,,,,,,,,,,,,,,,,,,,,,,,,,,,,,,,,,,,,,,,,,,,,,,,,,,,,,,,,,,,,,,,,,,,,,,,,,,,,,,,,,,,,,,,,,,,,,,,,,,,,,,,,,,,,,,,,,,,,,
R299,,,,,,,,,,,,,,,,,,,,,,,,,,,,,,,,,,,,,,,,,,,,,,,,,,,,,,,,,,,,,,,,,,,,,,,,,,,,,,,,,,,,,,,,,,,,,,,,,,,,,,,,,,,,,,,,,,,,,,,,,,,,,,,,,,,,,,,,,,,,,,,,,,*/ɨmpreʒˈur/,,,,,,,,,,,,,,,,,,,,,,,,,,,,,,,,,,,,,,,,,,,,,,,,,,,,,,,,,,,,,,,,,,,,,,*/lˈimbə/,,,,,,,,,,,,,,,,,,,,,,,,,,,,,,,,,,,,,,,,,,,,,,,,,,,,,,,,,,,,,,,,,,,,,,,,,,,,,,,,,,,,,,,,,,,,,,,,,,,,,,,,,,,,,,,,,,,,,,,,,,,,,,,,,,,,,,,,,,,,,,,,,,,,,,,,,,,,,,,,,,,,,,,,,,,,,,,,,,,,,,,,,,,,,,,,,,,,,,,,,,,,,,,,,,,,,,,,,,,,,,,,,,,,,,,,,,,,,,,,,,,,,,,,,,,,,,,,,,,,,,,,,,,,,,,,,,,,,,,,,,,,,,,,,,,,,,,,,,,,,,,,,,,,,,,,,,,,,,,,,,,,,,,,,,,,,,,,,,,,,,,,,,,,,,,,,,,,,,,,,,,,,,,,,,,,,,,,,,,,,,,,,,,,,,,,,,,,,,,,,,,,,,,,,,,,,,,,,,,,,,,,,,,,,,,,,,,,,,,,,,,,,,,,,,,,,,,,,,,,,,,,,,,,,,,,,,,,,,,,,,,,,,,,,,,,,,,,,,,,,,,,,,,,,,,,,,,,,,,,,,,,,,,,,,,,,,,,,,,,,,,,,,,,,,,,,,,,,,,,,,,,,,,,,,,,,,,,,,,,,,,,,,,,,,,,,,,,,,,,,,,,,,,,,,,,,,,,,,,,,,,,,,,,,,,,,,,,,,,,,,,,,,,,,,,,,,,,,,,,,,,,,,,,,,,,,,,,,,,,,,,,,,,,,,,,,,,,,,,,,,,,,,,,,,,,,,,,,,,,,,,,,,,,,,,,,,,,,,,,,,,,,,,,,,,,,,,,,,,,,,,,,,,,,,,,,,,,,,,,,,,,,,,,,,,,,,,,,,,,,,,,,,,,,,,,,,,,,,,,,,,,,,,,,,,,,,,,,,,,,,,,,,,,,,,,,,,,,,,,,,,,,,,,,,,,,,,,,,,,,,,,,,,,,,,,,,,,,,,,,,,,,,,,,,,,,,,,,,,,,,,,,,,,,,,,,,,,,,,,,,,,,,,,,,,,,,,,,,,,,,,,,,,,,,,,,,,,,,,,,,,,,,,,,,,,,,,,,,,,,,,,,,,,,,,,,,,,,,,,,,,,,,,,,,,,,,,,,,,,,,,,,,,,,,,,,,,,,,,,,,,,,,,,,,,,,,,,,,,,,,,,,,,,,,,,,,,,,,,,,,,,,,,,,,,,,,,,,,,,,,,,,,,,,,,,,,,,,,,,,,,,,,,,,,,,,,,,,,,,,,,,,,,,,,,,,,,,,,,,,,,,,,,,,,,,,,,,,,,,,,,,,,,,,,,,,,,,,,,
R300,,,,,,,,,,,,,,,,,,,,,,,,,,,,,,,,,,,,,,,,,,,,,,,,,,,,,,,,,,,,,,,,,,,,,,,,,,,,,,,,,,,,,,,,,,,,,,,,,,,,,,,,,,,,,,,,,,,,,,,,,,,,,,,,,,,,,,,,,,,,,,,,,,,,,,,,,,,,,,,,,,,,,,,,,,,,,,,,,,,,,,,,,,,,,,,,,,,,,,,,,,,,,,,,,,,,,,,,,,,,,,,,,,,,,,,,,,,,,,,,,,,,,,,,,,,,,,,,,,,,,,,,,,,,,,,,,,,,,,,,,,,,,,,,,,,,,,,,,,,,,,,,,,,,,,,,,,,,,,,,,,,,,,,,,,,,,,,,,,,,,,,,,,,,,,,,,,,,,,,,,,,,,,,,,,,,,,,,,,,,,,,,,,,,,,,,,,,,,,,,,,,,,,,,,,,,,,,,,,,,,,,,,,,,,,,,,,,,,,,,,,,,,,,,,,,,,,,,,,,,,,,,,,,,,*/pˈɨjne/,,,,,,,,,,,,,,,,,,,,,,,,,,,,,,,,,,,,,,,,,,,,,,,,,,,,,,,,,,,,,,,,,,,,,,,,,,,,,,,,,,,,,,,,,,,,,,,,,,,,,,,,,*/mˈɨjne/,,,,,,,,,,,,,,,,,,,,,,,,,,,,,,,,,,,,,,,,,,,,,,,,,,,,,,,,,,,,,,,,,,,,,,,,,,,,,,,,,,,,,,,,,,,,,,,,,,,,,,,,,,,,,,,,,,,,,,,,,,,,,,,,,,,,,,,,,,,,,,,,,,,,,,,,,,,,,,,,,,,,,,,,*/kˈɨjne/,,,,,,,,,,,,,,,,,,,,,,,,,,,,,,,,,,,,,,,,,,,,,,,,,,,,,,,,,,,,,,,,,,,,,,,,,,,,,,,,,,,,,,,,,,,,,,,,,,,,,,,,,,,,,,,,,,,,,,,,,,,,,,,,,,,,,,,,,,,,,,,,,,,,,,,,,,,,,,,,,,,,,,,,,,,,,,,,,,,,,,,,,,,,,,,,,,,,,,,,,,,,,,,,,,,,,,,,,,,,,,,,,,,,,,,,,,,,,,,,,,,,,,,,,,,,,,,,,,,,,,,,,,,,,,,,,,,,,,,,,,,,,,,,,,,,,,,,,,,,,,,,,,,,,,,,,,,,,,,,,,,,,,,,,,,,,,,,,,,,,,,,,,,,,,,,,,,,,,,,,,,,,,,,,,,,,,,,,,,,,,,,,,,,,,,,,,,,,,,,,,,,,,,,,,,,,,,,,,,,,,,,,,,,,,,,,,,,,,,,,,,,,,,,,,,,,,,,,,,,,,,,,,,,,,,,,,,,,,,,,,,,,,,,,,,,,,,,,,,,,,,,,,,,,,,,,,,,,,,,,,,,,,,,,,,,,,,,,,,,,,,,,,,,,,,,,,,,,,,,,,,,,,,,,,,,,,,,,,,,,,,,,,,,,,,,,,,,,,,,,,,,,,,,,,,,,,,,,,,,,,,,,,,,,,,,,,,,,,,,,,,,,,,,,,,,,,,,,,,,,,,,,,,,,,,,,,,,,,,,,,,,,,,,,,,,,
R301,,,,,,,,,,,,,,,,,,,,,,,,,,,,,,,,,,,,,,,,,,,,,,,,,,,,,,,,,,*/albio̯ˈarə/,,,,,,,,,,,,,,,,,,,,,,,,,,,,,,,,,,,,,,,,,,,,,,,,,,,,,,,,,,,,,,,,,,,,,,,,,,,,,,,,,,,,,,,,,,,,,,,,,,,,,,,,,,,,,,,,,,,,,,,,,,,,,,,,,,,,,,,,,,,,,,,,,,,,,,,,,,,,,,,,,,,,,,,,,,,,,,,,,,,,,,,,,,,,,,,,,,,,,,,,,,,,,,,,,,,,,,,,,,,,,,,,,,,,,,,,,,,,,,,,,,,,,,,,,,,,,,,,,,,,,,,,,,,,,,,,,,,,,,,,,,,,,,,,,,,,,,,,,,,,,,,,,,,,,,,,,,,,,,,,,,,,,,,,,,,,,,,,,,,,,,,,,,,,,,,,,,,,,,,,,,,,,,,,,,,,,,,,,,,,,,,,,,,,,,,,,,,,,,,,,,,,,,,,,,,,,,,,,,,,,,,,,,,,,,,,,,,,,,,,,,,,,,,,,,,,,,,,,,,,,,,,,,,,,,,,,,,,,,,,,,,,,,,,,,,,,,,,,,,,,,,,,,,,,,,,,,,,,,,,,,,,,,,,,,,,,,,,,,,,,,,,,,,,,,,,,,,,,,,,,,,,,,,,,,,,,,,,,,,,,,,,,,,,,,,,,,,,,,,,,,,,,,,,,,,,,,,,,,,,,,,,,,,,,,,,,,,,,,,,,,,,,,,,,,*/vio̯ˈarə/,,,,,,,,,,,,,,,,,,,,,,,,,,,,,,,,,,,,,,,,,,,,,,,,,,,,,,,,,,,,,,,,,,,,,,,,,,,,,,,,,,,,,,,,,,,,,,,,,,,,,,,,,,,,,,,,,,,,,,,,,,,,,,,,,,,,,,,,,,,,,,,,,,,,,,,,,,,,,,,,,,,,,,,,,,,,,,,,,,,,,,,,,,,,,,,,,,,,,,,,,,,,,,,,,,,,,,,,,,,,,,,,,,,,,,,,,,,,,,,,,,,,,,,,,,,,,,,,,,,,,,,,,,,,,,,,,,,,,,,,,,,,,,,,,,,,,,,,,,,,,,,,,,,,,,,,,,,,,,,,,,,,,,,,,,,,,,,,,,,,,,,,,,,,,,,,,,,,,,,,,,,,,,,,,,,,,,,,,,,,,,,,,,,,,,,,,,,,,,,,,,,,,,,,,,,,,,,,,,,,,,,,,,,,,,,,,,,,,,,,,,,,,,,,,,,,,,,,,,,,,,,,,,,,,,,,,,,,,,,,,,,,,,,,,,,,,,,,,,,,,,,,,,,,,,,,,,,,,,,,,,,,,,,,,,,,,,,,,,,,,,,,,,,,,,,,,,,,,,,,,,,,,,,,,,,,,,,,,,,,,,,,,,,,,,,,,,,,,,,,,,,,,,,,,,,,,,,,,,,,,,,,,,,,,,,,,,,,,,,,,,,,,,,,,,,,,,,,,,,,,,,,,,,,,,,,,,,,,,,,,,,,,,,,,,,,,,,,,,,,,,,,,,,,,,,,,,,,,,,,,,,,,,,
R302,,,,,,,,,,,,,,,,,,,,,,,,,,,,,,,,,,,,,,,,,,,,,,,,,,,,,,,,,,,,,,,,,,,,,,,,,,,,,,,,,,,,,,,,,,,,,,,,,,,,,,,,,,,,,,,,,,,,,,,,,,,,,,,,,,,,,,,,,,,,,,,,,,,,,,,,,,,,,,,,,,,,,,,,,,,,,,,,,,,,,,,,,,,,,,,,,,,,,,,,,,,,,,,,,,,,,,,,,,,,,,,,,,,,,,,,,,,,,,,,,,,,,,,,,,,,,,,,,,,,,,,,,,,,,,,,,,,,,,,,,,,,,,,,,,,,,,,,,,,,,,,,,,,,,,,,,,,,,,,,,,,,,,,,,,,,,,,,,,,,,,,,,,,,,,,,,,,,,,,,,,,,,,,,,,,,,,,,,,,,,,,,,,,,,,,,,,,,,,,,,,,,,,,,,,,,,,*/pet͡sˈind͡ʒine/,,,,,,,,,,,,,,,,,,,,,,,,,,,,,,,,,,,,,,,,,,,,,,,,,,,,,,,,,,,,,,,,,,,,,,,,,,,,,,,,,,,,,,,,,,,,,,,,,,,,,,,,,,,,,,,,,,,,,,,,,,,,,,,,,,,,,,,,,,,,,,,,,,,,,,,,,,,,,,,,,,,,,,,,,,,,,,,,,,,,,,,,,,,,,,,,,,,,,,,,,,,,,,,,,,,,,,,,,,,,,,,,,,,,,,,,,,,,,,,,,,,,,,,,,,,,,,,,,,,,,,,,,,,,,,,,,,,,,,,,,,,,,,,,,,,,,,,,,,,,,,,,,,,,,,,,,,,,,,,,,,,,,,,,,,,,,,,,,,,,,,,,,,,,,,,,,,,,,,,,,,,,,,,,,,,,,,,,,,,,,,,,,,,,,,,,,,,,,,,,,,,,,,,,,,,,,,,,,,,,,,,,,,,,,,,,,,,,,,,,,,,,,,,,,,,,,,,,,,,,,,,,,,,,,,,,,,,,,,,,,,,,,,,,,,,,,,,,,,,,,,,,,,,,,,,,,,,,,,,,,,,,,,,,,,,,,,,,,,,,,,,,,,,,,,,,,,,,,,,,,,,,,,,,,,,,,,,,,,,,,,,,,,,,,,,,,,,*/furˈind͡ʒine/,,,,,,,,,,,,,,,,,,,,,,,,,,,,,,,,,,,,,,,,,,,,,,,,,,,,,,,,,,,,,,,,,,,,,,,,,,,,,,,,,,,,,,,,,,,,,,,,,,,,,,,,,,,,,,,,,,,,,,,,,,,,,,,,,,,,,,,,,,,,,,,,,,,,,,,,,,,,,,,,,,,,,,,,,,,,,,,,,,,,,,,,,,,,,,,,,,,,,,,,,,,,,,,,,,,,,,,,,,,,,,,,,,,,,,,,,,,,,,,,,,,,,,,,,,,,,,,,,,,,,,,,,,,,,,,,,,,,,,,,,,,,,,,,,,,,,,,,,,,,,,,,,,,,,,,,,,,,,,,,,,,,,,,,,,,,,,,,,,,,,,,,,,,,,,,,,,,,,,,,,,,,,,,,,,,,,,,,,,,,,,,,,,,,,,,,,,,,,,,,,,,,,,,,,,,,,,,,,,,,,,,,,,
R303,,,,,,,,,,,,,,,,,,,,,,,,,,,,,,,,,,,,,,,,,,,,,,,,,,,,,,,,,,,,,,,,,,,,,,,,,,,,,,,,,,,,,,,,,,,,,,,,,,,,,,,,,,,,,,,,,,,,,,,,,,,,,,,,,,,,,,,,,,,,,,,,,,,,,,,,,,,,,,,,,,,,,,,,,,,,,,,,,,,,,,,,,,,,,,,,,,,,,,,,,,,,,,,,,,,,,,,,,,,,,,,,,,,,,,,,,,,,,,,,,*/rənˈunkj/,,,,,,,,,,,,,,,,,,,,,,,,,,,,,,,,,,,,,,,,,,,,,,,,,,,,,,,,,,,,,,,,,,,,,,,,,,,,,,,,,,,,,,,,,,,,,,,,,,,,,,,,,,,,,,,,,,,,,,,,,,,,,,,,,,,,,,,,,,,,,,,,,,,,,,,,,,,,,,,,,,,,,,,,,,,,,,,,,,,,,,,,,,,,,,,,,,,*/kunˈunə/,,,,,,,,,,,,,,,,,,,,,,,,,,,,*/fənˈinə/,,,,,,,,,,,,,,,,,,,,,,,,,,,,,,,,,,,,,,,,,,,,,,,,,,,,,,,,,,,,,,,,,,,,,,,,*/kununˈa/,,,,,,,,,,,,,,,,,,,,,,,,,,,,,*/senˈin/,,,,,,,,,,,,,,,,,,,,,,,,,,,,,,,,,,,,,,,,,,,,,,,*/sunˈin/,,,,,,,,,,,,,,,,,,,,,,,,,,,,,,,,,,,,,,,,,,,,,,,,,,,,,,,,,,,,,,,,,,,,,,,,,,,,,,,,,,,,,,,,,,,,,,,,,,,,,,,,,,,,,,,,,,,,,,,,,,,,,,,,,,,,,,,,,,,,,,,,,,,,,,,,,,,,,,,,,,,,,,,,,,,,,,,,,,,,,,,,,,,,,,,,,,,,,,,,,,,,,,,,,,,,,,,,,,,,,,,,,,,,,,,,,,,,,,,,,,,,,,,,,,,,,,,,,,,,,,,,,,,,,,,,,,,,,,,,,,,,,,,,,,,,,,,,,,,,,,,,,,,,,,,,,,,,,,,,,,,,,,,,,,,,,,,,,,,,,,,,,,*/minˈune/,,,,,,,,,,,,,,,,,,,,,,,,,,,,,,,,,,,,,,,,,,,,,,,,,,,*/funˈind͡ʒine/,,,,,,,,,,,,,,,,,,,,,,,,,,,,,,,,,,,,,,,,,,,,,,,,,,,,,,,,,,,,,,,,,,,,,,,,,,,,,,,,,,,,,,,,,,,,,,,,,,,,,,,,,,,,,,,,,,,,,,,,,,,,,,,,,,,,,,,,,,,,,,,,,,,,,,,,,,,,,,,,,,,,,,,,,,,,,,,,,,,,,,,,,,,,,,,*/mənˈunkj/,,,,,,,,,,,,,,,,,,,,,,,,,,,,,,,,,,,,,,,,,,,,,,,,,,,,,,,,,,,,,,,,,,,,,,,,,,,,,,,,,,,,,,,,,,,,,,,,,,,,,,,,,,,,,,,,,,,,,,,,,,,,,,,,,,,,,,,,,,,,,,,,,,,,,,,,,,,,,,,,,,,,,,,,,,,,,,,,,,,,,,,,,,,,,,,,,,,,,,,,,,,,,,,,,,,,,,,,,,,,,,,,,,,,,,,,,,,
R304,,,,,,,,,,,,,,,,,,,,,,,,,,,,,,,,,,,,,,,,,,,,,,,,,,,,,,,,,,,,,,,,,,,,,,,,,,,,,,,,,,,,,,,,,,,,,,,,,,,,,,,,,,,,,,,,,,,,,,,,,,,,,,,,,,,,,,,,,,,,,,,,,,,,,,,,,,,,,,,,,,,,,,,,,,,,,,,,,,,,,,,,,,,,,,,,,,,,,,,,,,,,,,,,,,,,,,,,,,,,,,,,,,,,,,,,,,,,,,,,,*/rərˈunkj/,,,,,,,,,,,,,,,,,,,,,,,,,,,,,,,,,,,,,,,,,,,,,,,,,,,,,,,,,,,,,,,,,,,,,,,,,,,,,,,,,,,,,,,,,,,,,,,,,,,,,,,,,,,,,,,,,,,,,,,,,,,,,,,,,,,,,,,,,,,,,,,,,,,,,,,,,,,,,,,,,,,,,,,,,,,,,,,,,,,,,,,,,,,,,,,,,,,,,,,,,,,,,,,,,,,,,,,,,,,,,,,,,,,,,,,,,,,,,,,,,,,,,,,,,,,,,,,,,,,,,,,,,,,,,,,,,,,,,,,,,,,,,,,,,,,,,,,,,,,,,,,,,,,,,,,,,,,,,,,,,,,,,,,,,,,,,,,,,,,,,,,,,,,,,,,,,,,,,,,,,,,,,,,,,,,,,,,,,,,,,,,,,,,,,,,,,,,,,,,,,,,,,,,,,,,,,,,,,,,,,,,,,,,,,,,,,,,,,,,,,,,,,,,,,,,,,,,,,,,,,,,,,,,,,,,,,,,,,,,,,,,,,,,,,,,,,,,,,,,,,,,,,,,,,,,,,,,,,,,,,,,,,,,,,,,,,,,,,,,,,,,,,,,,,,,,,,,,,,,,,,,,,,,,,,,,,,,,,,,,,,,,,,,,,,,,,,,,,,,,,,,,,,,,,,,,,,,,,,,,,,,,,,,,,,,,,,,,,,,,,,,,,,,,,,,,,,,,,,,,,,,,,,,,,,,,,,,,,,,,,,,,,,,,,,,,,,,,,,,,,,,,,,,,,,,,,,,,,,,,,,,,,,,,,,,,,,,,,,,,,,,,,,,,,,,,,,,,,,,,,,,,,,,,,,,,,,,,,,,,,,,,,,,,,,,,,,,,,,,,,,,,,,,,,,,,,,,,,,,,,,,,,,,,,,,,,,,,,,,,,,,,,,,,,,,,,,,,,,,,,,,,,,,,,,,,,,,,,,,,,,,,,,,,,,,,,,,,,,,,,,,,,,,,,,,,,,,,,,,,,,,,,,,,,,,,,,,,,,,,,,,,,,,,,,,,,,,,,,,,,,,,,,,,,,,,,,,,,,,,,,,,,,,,,,,,,,,,,,,,,,,,,,,,,,,,,,,,,,,,,,,,,,,,,,,,,,,,,,,,,,,,,,,,,,,,,,,,,,,,,,,,,,,,,,,,,,,,,,,,,,,,,,,,,,,,,,,,,,,,,,,,,,,,,,,,,,,,,,,,,,,,,,,,,,,,,,,,,,,,,,,,,,,,,,,,,,,,,,,,,,,,,,,,,,,,,,,,,,,,,,,,,,,,,,,,,,
R305,,,,,,,,,,,,,,,,,,,,,,,,,,,,,,,,,,,,,,,,,,,,,,,,,,,,,,,,,,,,,,,,,,,,,,,,,,,,,,,,,,,,,,,,,,,,,,,,,,,,,,,,,,,,,,,,,,,,,,,,,,,,,,,,,,,,,,,,,,,,,,,,,,,,,,,,,,,,,,,,,,,,,,,,,,,,,,,,,,,,,,,,,,,,,,,,,,,,,,,,,,,,,,,,,,,,,,,,,,,,,,,,,,,,,,,,,,,,,,,,,,,,,,,,,,,,,,,,,,,,,,,,,,,,,,,,,,,,,,,,,,,,,,,,,,,,,,,,,,,,,,,,,,,,,,,,,,,,,,,,,,,,,,,,,,,,,,,,,,,,,,,,,,,,,,,,,,,,,,,,,,,,,,,,,,,,,,,,,,,,,,,,,,,,,,,,,,,,,,,,,,,,,,,,,,,,,,,,,,,,,,,,,,,,,,,,,,,,,,,,,,,,,,,,,,,,,,,,,,,,,,,,,,,,,,,,,,,,,,,,,,,,,,,,,,,,,,,,,,,,,,,,,,,,,,,,,,,,,,,,,,,,,,,,,,,,,,,,,,,,,,,,,,,,,,,,,,,,,,,,,,,,,,,,,,,,,,,,,,,,,,,,,,,,,,,,,,,,,,,,,,,,,,,,,,,,,,,,,,,,,,,,,,,,,,,,,,,,,,,,,,,,,,,,,,,,,,,,,,,,,,,,,,,,,,,,,,,,,,,,,,,,,,,,,,,,,,,,,,,,,,,,,,,,,,,,,,,,,,,,,,,,,,,,,,,,,,,,,,,,,,,,,,,,,,,,,,,,,,,,,,,,,,,,,,,,,,,,,,,,,,,,,,,,,,,,,,,,,,,,,,,,,,,,,,,,,,,,,,,,,,,,,,,,,,,,,,,,,,,,,,,,,,,,,,,,,,,,,,,,,,,,,,,,,,,,,,,,,,,,,,,,,,,,,,,,,,,,,,,,,,,,*/semənˈa/,,,,,,,,,,,,,,,,,,,,,,,,,,,,,,,,,,,,,,,,,,,,,,,,,,,,,,,,,,,,,,,,,,,,,,,,,,,,,,,,,,,,,,,,,,,,,,,,,,,,,,,,,,,,,,,,,,,,,,,,,,,,,,,,,,,,,,,,,,,,,,,,,,,,,,,,,,,,,,,,,,,,,,,,,,,,,,,,,,,,,,,,,,,,,,,,,,,,,,,,,,,,,,,,,,,*/sˈemene/,,,,,,,,,,,,,,,,,,,,,,,,,,,,,,,,,,,,,,,,,,,,,,,,,,,,,,,,,,,,,,,,,,,,,,,,,,,,,,,,,,,,,,,,,,,,,,,,,,,,,,,,,,,,,,,,,,,,,,,,,,,,,,,,,,,,,,,,,,,,,,,,,,,,,,,,,,,,,,,,,,,,,,,,,,,,,,,,,,,,,,,,,,,,,,,,,,,,,,,,,,,,,,,,,,,,,,,,,,,,,,,,,,,,,,,,,,,,,,,,,,,,,,,,,,,,,,,,,,,,,,,,,,,,,,,,,,,,,,,,,,,,,,,,,,,,,,,,,,,,,,,,,,,,,,,,,,,,,,,,
R306,,,,,,,,,,,,,,,,,,,,,,,,,,,,,,,,,,,,,,,,,,,,,,,,,,,,,,,,,,,,,,,,,,,,,,,,,,,,,,,,,,,,,,,,,,,,,,,,,,,,,,,*/t͡ʃirəʃˈar/,*/t͡ʃire̯ˈaʃə/,,,,,,,,,,,,,,,,,,,,,,,,,,,,,,,,,,,,,,,,,,,,,,,,,,,,,,,,,,,,,,,,,,,,,,,,,,,,,,,,,,,,,,,,,,,,,,,,,,,,,,,,,,,,,,,,,,,,,,,,,,,,,,,,,,,,,,,,,,,,,,,,,,,,,,,,,,,,,,,,,,,,,,,,,,,,,,,,,,,,,,,,,,,,,,,,,,,,,,,,,,,,,,,,,,,,,,,,,,,,,,,,,,,,,,,,,,,,,,,,,,,,,,,,,,,,,,,,,,,,,,,,,,,,,,,,,,,,,,,,,,,,,,,,,,,,,,,,,,,,,,,,,,,,,,,,,,,,,,,,,,,,,,,,,,,,,,,,,,,,,,,,,,,,,,,,,,,,,,,,,,,,,,,,,,,,,,,,,,,,,,,,,,,,,,,,,,,,,,,,,,,,,,,,,,,,,,,,,,,,,,,,,,,,,,,,,,,,,,,,,,,,,,,,,,,,,,,,,,,,,,,,,,,,,,,,,,,,,,,,,,,,,,,,,,,,,,,,,,,,,,,,,,,,,,,,,,,,,,,,,,,,,,,,,,,,,,,,,,,,,,,,,,,,,,,,*/t͡ʃirˈeʃ/,,,,,,,,,,,,,,,,,,,,,,,,,,,,,,,,,,,,,,,,,,,,,,,,,,,,,,,,,,,,,,,,,,,,,,,,,,,,,,,,,,,,,,,,,,,,,,,,,,,,,,,,,,,,,,,,,,,,,,,,,,,,,,,,,,,,,,,,,,,,,,,,,,,,,,,,,,,,,,,,,,,,,,,,,,,,,,,,,,,,,,,,,,,,,,,,,,,,,,,,,,,,,,,,,,,,,,,,,,,,,,,,,,,,,,,,,,,,,,,,,,,,,,,,,,,,,,,,,,,,,,,,,,,,,,,,,,,,,,,,,,,,,,,,,,,,,,,,,,,,,,,,,,,,,,,,,,,,,,,,,,,,,,,,,,,,,,,,,,,,,,,,,,,,,,,,,,,,,,,,,,,,,,,,,,,,,,,,,,,,,,,,,,,,,,,,,,,,,,,,,,,,,,,,,,,,,,,,,,,,,,,,,,,,,,,,,,,,,,,,,,,,,,,,,,,,,,,,,,,,,,,,,,,,,,,,,,,,,,,,,,,,,,,,,,,,,,,,,,,,,,,,,,,,,,,,,,,,,,,,,,,,,,,,,,,,,,,,,,,,,,,,,,,,,,,,,,,,,,,,,,,,,,,,,,,,,,,,,,,,,,,,,,,,,,,,,,,,,,,,,,,,,,,,,,,,,,,,,,,,,,,,,,,,,,,,,,,,,,,,,,,,,,,,,,,,,,,,,,,,,,,,,,,,,,,,,,,,,,,,,,,,,,,,,,,,,,,,,,,,,,,,,,,,,,,,,,,,,,,,,,,,,,,,,,,,,,,,,,,,,,,,,,,,,,,,,,,,,,,,,,,,,,,,,,,,,,,,,,,
R307,,,,,,,,,,,,,,,,,,,,,,,,,,,,,,,,,,,,,,,,,,,,,,,,,,,,,,,,,,,,,,,,,,,,,,,,,,,,,,,,,,,,,,,,,,,,,,,,,,,,,,,,,,,,,,,,,,,,,,,,,,,,,,,,,,,,,,,,,,,,,,,,,,,,,,,,,,,,,,,,,,,,,,,,,,,,,,,,,,,,,,,,,,,,,,,,,,,,,,,,,,,,,,,,,*/kəpət͡sˈɨnə/,,,,,,,,,,,,,,,,,,,,,,,,,,,,,,,,,,,,,*/t͡sˈɨt͡sə/,,,,,,,,,,,,,,,,,,,,,,,,,,,,,,,,,,,,,,,,,,,,,,,,,,,,,,,,,,,,,,,,,,,,,,,,,,,,,,,,,,,,,,,,,,,,,,,,,,,,,,,,,,,,,,,,,,,,,,,,,,,,,,,,,,,,,,,,,,,,,,,,,,,,,,,,,,,,,,,,,,,,,,,,,,,,,,,,,,,,,,,,,,,,,,,,,,,,,,,,,,,,,,,,,,,,,,,,,,,,,,,,,,,,,,,,,,,,,,,,,,,,,,,,,,,,,,*/t͡sit͡sˈɨnə/,,,,,,,,,,,,,,,,,,,,,,,,,,,,,,,,,,,,,,,,,,,,,,,,,,,,,,,,,,,,,,,,,,,,,,,,,,,,,,,,,,,,,,,,,,,,,,,,,,,,,,,,,,,,,,,,,,,,,,,,,,,,,,,,,,,,,,,,,,,,,,,,,,,,,,,,,,,,,,,,,,,,,,,,,,,,,,,,,,,,,,,,,,,,,,,,,,,,,,,,,,,,,,,*/urt͡sˈɨkə/,,,,,,,,,,,,,,,,,,,,,,,,,,,,,,,,,,,,,,,,,,,,,,,,,,,,,,,,,,,,,,,,,,,,,,,,,,,,,,,,,,,,,,,,,,,,,,,,,,,,,,,,,,,,,,,,,,,,,,,,,,,,,,,,,,,,,,,,,,,,,,,,,,,,,,,,,,,,,,,,,,,,,,,,,,,,,,,,,,,,,,,,,,,,,,,,,,,,,,,,,,,,,,,,,,,,,,,,,,,,,,,,,,,,,,,,,,,,,,,,,,,,,,,,,,,,,,,,,,,,,,,,,,,,,,,,,,,,,,,,,,,,,,,,,,,,,,,,,,,,,,,,,,,,,,,,,,,,,,,,,,,,,,,,,,,,,,,,,,,,,,,,,,,,,,,,,,,,,,,,,,,,,,,,,,,,,,,,,,,,,,,,,,,,,,,,,,,,,,,,,,,,,,,,,,,,,,,,,,,,,,,,,,,,,,,,,,,,,,,,,,,,,,,,,,,,,,,,,,,,,,,,,,,,,,,,,,,,,,,,,,,,,,,,,,,,,,,,,,,,,,,,,,,,,,,,,,,,,,,,,,,,,,,,,,,,,,,,,,,,,,,,,,,,,,,,,,,,,,,,,,,,,,,,,,,,,,,,,,,,,,,,,,,,,,,,,,,,,,,,,,,,,,,,,,,,,,,,,,,,,,,,,,,,,,,,,,,,,,,,,,,,,,,,,,,,,,,,,,,,,,,,,,,,,,,,,,,,,,,,,,,,,,,,,,,,,,,,,,,,,,,,,,,,,,,,,,,,,,,,,,,,,,,,
R308,,,,,,,,,,,,,,,,,,,,,,,,,,,,,,,,,,,,,,,,,,,,,,,,,,,,,,,,,,,,,,,,,,,,,,,,,,,,,,,,,,,,,,,,,,,,,,,,,,,,,,,,,,,,,,,,,,,,,,,,,,,,,,,,,,,,,,,,,,,,,,,,,,,,,,,,,,,,,,,,,,,,,,,,,,,,,,,,,,,,,,,,,,,,,,,,,,,,,,,,,,,,,,,,,,,,,,,,,,,,,,,,,,,,,,,,,,,,,,,,,,,,,,,,,,,,,,,,,,,,,,,,,,,,,,,,,,,,,,,,,,,,,,,,,,,,,,,,,,,,,,,,,,,,,,,,,,,,,,,,,,,,,,,,,,,,,,,,,,,,,,,,,,,,,,,,,,,,,,,,,,,,,,,,,,,,,,,,,,,,,,,,,,,,,,,,,,,,,,,,,,,,,,,,,,,,,,,,,,,,,,,,,,,,,,,,,,,,,,,,,,,,,,,,,,,,,,,,,,,,,,,,,,,,,,,,,,,,,,,,,,,,,,,,,,,,,,,,,,,,*/t͡sɨt͡sˈɨnə/,,,,,,,,,,,,,,,,,,,,,,,,,,,,,,,,,,,,,,,,,,,,,,,,,,,,,,,,,,,,,,,,,,,,,,,,,,,,,,,,,,,,,,,,,,,,,,,,,,,,,,,,,,,,,,,,,,,,,,,,,,,,,,,,,,,,,,,,,,,,,,,,,,,,,,,,,,,,,,,,,,,,,,,,,,,,,,,,,,,,,,,,,,,,,,,,,,,,,,,,,,,,,,,,,,,,,,,,,,,,,,,,,,,,,,,,,,,,,,,,,,,,,,,,,,,,,,,,,,,,,,,,,,,,,,,,,,,,,,,,,,,,,,,,,,,,,,,,,,,,,,,,,,,,,,,,,,,,,,,,,,,,,,,,,,,,,,,,,,,,,,,,,,,,,,,,,,,,,,,,,,,,,,,,,,,,,,,,,,,,,,,,,,,,,,,,,,,,,,,,,,,,,,,,,,,,,,,,,,,,,,,,,,,,,,,,,,,,,,,,,,,,,,,,,,,,,,,,,,,,,,,,,,,,,,,,,,,,,,,,,,,,,,,,,,,,,,,,,,,,,,,,,,,,,,,,,,,,,,,,,,,,,,,,,,,,,,,,,,,,,,,,,,,,,,,,,,,,,,,,,,,,,,,,,,,,,,,,,,,,,,,,,,,,,,,,,,,,,,,,,,,,,,,,,,,,,,,,,,,,,,,,,,,,,,,,,,,,,,,,,,,,,,,,,,,,,,,,,,,,,,,,,,,,,,,,,,,,,,,,,,,,,,,,,,,,,,,,,,,,,,,,,,,,,,,,,,,,,,,,,,,,,,,,,,,,,,,,,,,,,,,,,,,,,,,,,,,,,,,,,,,,,,,,,,,,,,,,,,,,,,,,,,,,,,,,,,,,,,,,,,,,,,,,,,,,,,,,,,,,,,,,,,,,,,,,,,,,,,,,,,,,,,,,,,,,,,,,,,,,,,,,,,,,,,,,,,,,,,,,,,,,,,,,,,,,,,,,,,,,,,,,,,,,,,,,,,,,,,,,,,,,,,,,,,,,,,,
R309,,,,,,,,,,,,,,,,,,,,,,,,,,,,,,,,,,,,,,,,,,,,,,,,,,,,,,,,,,,,,,,,,,,,,,,,,,,,,,,,,,,,,,,,,,,,,,,,,,,,,,,,,,,,,,,,,,,,,,,,,,,,,,,,,,,,,,,,,,,,,,,,,,,,,,,,,,,,,,,,,,,,,,,,,,,,,,,,,,,,,,,,,,,,,,,,,,,,,,*/ʒˈune/,,,,,,,,,,,,,,,,,,,,,,,,,,,,,,,,,,,,,,,,,,,,,,,,,,,,,,,,,,,,,,,,,,,,,,,,,,,,,,,,,,,,,,,,,,,,,,,,,,,,,,,,,,,,,,,,,,,,,,,,,,,,,,,,,,,,,,,,,,,,,,,,,,,,,,,,,,,,,,,,,,,,,,,,,,,,,,,,,,,,,,,,,,,,,,,,,,,,,,,,,,,,,,,,,,,,,,,,,,,,,,,,,,,,,,,,,,,,,,,,,,,,,,,,,,,,,,,,,,,,,,,,,,,,,,,,,,,,,,,,,,,,,,,,,,,,,,,,,,,,,,,,,,,,,,,,,,,,,,,,,,,,,,,,,,,,,,,,,,,,,,,,,,,,,,,,,,,,,,,,,,,,,,,,,,,,,,,,,,,,,,,,,,,,,,,,,,,,,,,,,,,,,,,,,,,,,,,,,,,,,,,,,,,,,,,,,,,,,,,,,,,,,,,,,,,,,,,,,,,,,,,,,,,,,,,,,,,,,,,,,,,,,,,,,,,,,,,,,,,,,,,,,,,,,,,,,,,,,,,,,,,,,,,,,,,,,,,,,,,,,,,,,,,,,,,,*/ʒˈunk/,*/ʒˈunkə/,,,,,,,,,,,,,,,,,,,,,,,,,,,,,,,,,,,,,,,,,,,,,,,,,,,,,,,,,,,,,,,,,,,,,,,,,,,,,,,,,,,,,,,,,,,,,,,,,,,,,,,,,,,,,,,,,,,,,,,,,,,,,,,,,,,,,,,,,,,,,,,,,,,,,,,,,,,,,,,,,,,,,,,,,,,,,,,,,,,,,,,,,,,,,,,,,,,,,,,,,,,,,,,,,,,,,,,,,,,,,,,,,,,,,,,,,,,,,,,,,,,,,,,,,,,,,,,,,,,,,,,,,,,,,,,,,,,,,,,,,,,,,,,,,,,,,,,,,,,,,,,,,,,,,,,,,,,,,,,,,,,,,,,,,,,,,,,,,,,,,,,,,,,,,,,,,,,,,,,,,,,,,,,,,*/astrukˈa/,,,,,,,,,,,,,,,,,,,,,,,,,,,,,,,,,,,,,,,,,,,,,,,,,,,,,,,,,,,,,,,,,,,,,,,,,,,,,,,,,,,,,,,,,,,,,,,,,,,,,,,,,,,,,,,,,,,,,,,,,,,,,,,,,,,,,,,,,,,,,,,,,,,,,,,,,,,,,,,,,,,,,,,,,,,,,,,,,,,,,,,,,,,,,,,,,,,,,,,,,,,,,,,,,,,,,,,,,,,,,,,,,,,,,,,,,,,,,,,,,,,,,,,,,,,,,,,,,,,,,,,,,,,,,,,,,,,,,,,,,,,,,,,,,,,,,,,,,,,,,,,,,,,,,,,,,,,
R310,,,,,,,,,,,,,,,,,,,,,,,,,,,,,,,,,,,,,,,,,,,,,,,,,,,,,,,,,,,,,,,,,,,,,,,,,,,,,,,,,,,,,,,,,,,,,,,,,,,,,,,,,,,,,,,,,,,,,,,,,,,,,,,,,,,,,,,,,,,,,,,,,,,,,,,,,,,,,,,,,,,,,,,,,,,,,,,,,,,,,,,,,,,,,,,,,,,,,,,,,,,,,,,,,,,,,,,,,,,,,,,,,,,,,,,,,,,,,,,,,,,,,,,,,,,,,,,,,,,,,,,,,,,,,,,,,,,,,,,,,,,,,,,,,,,,,,,,,,,,,,,,,,,,,,,,,,,,,,,,,,,,,,,,,,,,,,,,,,,,,,,,,,,,,,,,,,,,,,,,,,,,,,,,,,,,,,,,,,,,,,,,,,,,,,,,,,,,,,,,,,,,,,,,,,,,,,,,,,,,,,,,,,,,,,,,,,,,,,,,,,,,,,,,,,,,,,,,,,,,,,,,,,,,,,,,,,,,,,,,,,,,,,,,,,,,,,,,,,,,,,,,,,,,,,,,,,,,,,,,,,,,,,,,,,,,,,,,,,,,,,,,,,,,,,,,,,,,,,,*/nˈoər/,,,,,,,,,,,,,,,,,,,,,,,,,,,,,,,,,,,,,,,,,,,,,,,,,,,,,,,,,,,,,,,,,,,,,,,,,,,,,,,,,,,,,,,,,,,,,,,,,,,,,,,,,,,,,,,,,,,,,,,,,,,,,,,,,,,,,,,,,,,,,,,,,,,,,,,,,,,,,,,,,,,,,,,,,,,,,,,,,,,,,,,,,,,,,,,,,,,,,,,,,,,,,,,,,,,,,*/bˈoər/,,,,,,,,,,,,,,,,,,,,,,,,,,,,,,,,,,,,,,,,,,,,,,,,,,,,,,,,,,,,,,,,,,,,,,,,,,,,,,,,,,,,,,,,,,,,,*/dˈoə/,,,,,,,,,,,,,,,,,,,,,,,,,,,,,,,,,,,,,,,,,,,,,,,,,,,,,,,,,,,,,,,,,,,,,,,,,,,,,,,,,,,,,,,,,,,,,,,,,,,,,,,,,,,,,,,,,,,,,,,,,,,,,,,,,,,,,,,,,,,,,,,,,,,,,,,,,,,,,,,,,,,,,,,,,,,,,,,,,,,,,,,,,,,,,,,,,,,,,,,,,,,,,,,,,,,,,,,,,,,,,,,,,,,,,,,,,,,,,,,,,,,,,,,,,,,,,,,,,,,,,,,,,,,,,,,,,,,,,,,,,,,,,,,,,,,,,,,,,,,,,,,,,,,,,,,,,,,,,,,,,,,,,,,,,,,,,,,,,,,,,,,,,,,,,,,,,,,,,,,,,,,,,,,,,,,,,,,,,,,,,,,,,,,,,,,,,,,,,,,,,,,,,,,,,,,,,,,,,,,,,,,,,,,,,,,,,,,,,,,,,,,,,,,,,,,,,,,,,,,,,,,,,,,,,,,,,,,,,,,,,,,,,,,,,,,,,,,,,,,,,,,,,,,,,,,,,,,,,,,,,,,,,,,,,,,,,,,,,,,,,,,,,,,,,,,,,,,,,,,,,,,,,,,,,,
R311,,,,,,,,,,,,,,,,,,,,,,,,,,,,,,,,,,,,,,,,,,,,,,,,,,,,,,,,,,,,,,,,,,,,,,,,,,,,,,,,,,,,,,,,,,,,,,,,,,,,,,,,,,,,,,,,,,,,,,,,,,,,,,,,,,,,,,,,,,,,,,,,,,,,,,,,,,,,,,,,,,,,,,,,,,,,,,,,,,,,,,,,,,,,,,,,,,,,,,,,,,,,,,,,,,,,,,,,,,,,,,,,,,,,,,,,,,,,,,,,,,,,,,,,,,,,,,,,,,,,,,,,,,,,,,,,,,,,,,,,,,,,,,,,,,,,,,,,,,,,,,,,,,,,,,,,,,,,,,,,,,,,,,,,,,,,,,,,,,,,,,,,,,,,,,,,,,,,,,,,,,,,,,,,,,,,,,,,,,,,,,,,,,,,,,,,,,,,,,,,,,,,,,,,,,,,,,,,,,,,,,,,,,,,,,,,,,,,,,,,,,,,,,,,,,,,,,,,,,,,,,,,,,,,,,,,,,,,,,,,,,,,,,,,,,,,,,,,,,,,,,,,,,,,,,,,,,,,,,,,,,,,,,,,,,,,,,,,,,,,,,,,,,,,,,,,,,,,,,,*/nˈowər/,,,,,,,,,,,,,,,,,,,,,,,,,,,,,,,,,,,,,,,,,,,,,,,,,,,,,,,,,,,,,,,,,,,,,,,,,,,,,,,,,,,,,,,,,,,,,,,,,,,,,,,,,,,,,,,,,,,,,,,,,,,,,,,,,,,,,,,,,,,,,,,,,,,,,,,,,,,,,,,,,,,,,,,,,,,,,,,,,,,,,,,,,,,,,,,,,,,,,,,,,,,,,,,,,,,,,*/bˈowər/,,,,,,,,,,,,,,,,,,,,,,,,,,,,,,,,,,,,,,,,,,,,,,,,,,,,,,,,,,,,,,,,,,,,,,,,,,,,,,,,,,,,,,,,,,,,,*/dˈowə/,,,,,,,,,,,,,,,,,,,,,,,,,,,,,,,,,,,,,,,,,,,,,,,,,,,,,,,,,,,,,,,,,,,,,,,,,,,,,,,,,,,,,,,,,,,,,,,,,,,,,,,,,,,,,,,,,,,,,,,,,,,,,,,,,,,,,,,,,,,,,,,,,,,,,,,,,,,,,,,,,,,,,,,,,,,,,,,,,,,,,,,,,,,,,,,,,,,,,,,,,,,,,,,,,,,,,,,,,,,,,,,,,,,,,,,,,,,,,,,,,,,,,,,,,,,,,,,,,,,,,,,,,,,,,,,,,,,,,,,,,,,,,,,,,,,,,,,,,,,,,,,,,,,,,,,,,,,,,,,,,,,,,,,,,,,,,,,,,,,,,,,,,,,,,,,,,,,,,,,,,,,,,,,,,,,,,,,,,,,,,,,,,,,,,,,,,,,,,,,,,,,,,,,,,,,,,,,,,,,,,,,,,,,,,,,,,,,,,,,,,,,,,,,,,,,,,,,,,,,,,,,,,,,,,,,,,,,,,,,,,,,,,,,,,,,,,,,,,,,,,,,,,,,,,,,,,,,,,,,,,,,,,,,,,,,,,,,,,,,,,,,,,,,,,,,,,,,,,,,,,,,,,,,,,,
R312,,,,,,,,,,,,,,,,,,,,,,,,,,,,,,,,,,,,,,,,,,,,,,,,,,,,,,,,,,,,,,,,,,,,,,,,,,,,,,,,,,,,,,,,,,,,,,,,,,,,,,,,,,,,,,,,,,,,,,,,,,,,,,,,,,,,,,,,,,,,,,,,,,,,,,,,,,,,,,,,,,,,,,,,,,,,,,,,,,,,,,,,,,,,,,,,,,,,,,,,,,,,,,,,,,,,,,,,,,,,,,,,,,,,,,,,,,,,,,,,,,,,,,,,,,,,,,,,,,,,,,,,,,,,,,,,,,,,,,,,,,,,,,,,,,,,,,,,,,,,,,,,,,,,,,,,,,,,,,,,,,,,,,,,,,,,,,,,,,,,,,,,,,,,,,,,,,,,,,,,,,,,,,,,,,,,,,,,,,,,,,,,,,,,,,,,,,,,,,,,,,,,,,,,,,,,,,,,,,,,,,,,,,,,,,,,,,,,,,,,,,,,,,,,,,,,,,,,,,,,,,,,,,,,,,,,,,,,,,,,,,,,,,,,,,,,,,,,,,,,,,,,,,,,,,,,,,,,,,,,,,,,,,,,,,,,,,,,,,,,,,,,,,,,,,,,,,,,,,,*/nˈowr/,,,,,,,,,,,,,,,,,,,,,,,,,,,,,,,,,,,,,,,,,,,,,,,,,,,,,,,,,,,,,,,,,,,,,,,,,,,,,,,,,,,,,,,,,,,,,,,,,,,,,,,,,,,,,,,,,,,,,,,,,,,,,,,,,,,,,,,,,,,,,,,,,,,,,,,,,,,,,,,,,,,,,,,,,,,,,,,,,,,,,,,,,,,,,,,,,,,,,,,,,,,,,,,,,,,,,*/bˈowr/,,,,,,,,,,,,,,,,,,,,,,,,,,,,,,,,,,,,,,,,,,,,,,,,,,,,,,,,,,,,,,,,,,,,,,,,,,,,,,,,,,,,,,,,,,,,,,,,,,,,,,,,,,,,,,,,,,,,,,,,,,,,,,,,,,,,,,,,,,,,,,,,,,,,,,,,,,,,,,,,,,,,,,,,,,,,,,,,,,,,,,,,,,,,,,,,,,,,,,,,,,,,,,,,,,,,,,,,,,,,,,,,,,,,,,,,,,,,,,,,,,,,,,,,,,,,,,,,,,,,,,,,,,,,,,,,,,,,,,,,,,,,,,,,,,,,,,,,,,,,,,,,,,,,,,,,,,,,,,,,,,,,,,,,,,,,,,,,,,,,,,,,,,,,,,,,,,,,,,,,,,,,,,,,,,,,,,,,,,,,,,,,,,,,,,,,,,,,,,,,,,,,,,,,,,,,,,,,,,,,,,,,,,,,,,,,,,,,,,,,,,,,,,,,,,,,,,,,,,,,,,,,,,,,,,,,,,,,,,,,,,,,,,,,,,,,,,,,,,,,,,,,,,,,,,,,,,,,,,,,,,,,,,,,,,,,,,,,,,,,,,,,,,,,,,,,,,,,,,,,,,,,,,,,,,,,,,,,,,,,,,,,,,,,,,,,,,,,,,,,,,,,,,,,,,,,,,,,,,,,,,,,,,,,,,,,,,,,,,,,,,,,,,,,,,,,,,,,,,,,,,,
R313,,,,,,,,,,,,,,,,,,,,,,,,,,,,,,,,,,,,,,,,,,,,,,,,,,,,,,,,,,,,,,,,,,,,,,,,,,,,,,,,,,,,,,,,,,,,,,,,,,,,,,,,,,,,,,,,,,,,,,,,,,,,,,,,,,,,,,,,,,,,,,,,,,,,,,,,,,,,,,,,,,,,,,,,,,,,,,,,,,,,,,,,,,,,,,,,,,,,,,,,,,,,,,,,,,,,,,,,,,,,,,,,,,,,,,,,,,,,,,,,,,,,,,,,,,,,,,,,,,,,,,,,,,,,,,,,,,,,,,,,,,,,,,,,,,,,,,,,,,,,,,,,,,,,,,,,,,,,,,,,,,,,,,,,,,,,,,,,,,,,,,,,,,,,,,,,,,,,,,,,,,,,,,,,,,,,,,,,,,,,,,,,,,,,,,,,,,,,,,,,,,,,,,,,,,,,,,,,,,,,,,,,,,,,,,,,,,,,,,,,,,,,,,,,,,,,,,,,,,,,,,,,,,,,,,,,,,,,,,,,,,,,,,,,,,,,,,,,,,,,,,,,,,,,,,,,,,,,,,,,,,,,,,,,,,,,,,,,,,,,,,,,,,,,,,,,,,,,,,,*/nˈor/,,,,,,,,,,,,,,,,,,,,,,,,,,,,,,,,,,,,,,,,,,,,,,,,,,,,,,,,,,,,,,,,,,,,,,,,,,,,,,,,,,,,,,,,,,,,,,,,,,,,,,,,,,,,,,,,,,,,,,,,,,,,,,,,,,,,,,,,,,,,,,,,,,,,,,,,,,,,,,,,,,,,,,,,,,,,,,,,,,,,,,,,,,,,,,,,,,,,,,,,,,,,,,,,,,,,,,,,,,,,,,,,,,,,,,,,,,,,,,,,,,,,,,,,,,,,,,,,,,,,,,,,,,,,,,,,,,,,,,,,,,,,,,,,,,,,,,,,,,,,,,,,,,,,,,,,,,,,,,,,,,,,,,,,,,,,,,,,,,,,,,,,,,,,,,,,,,,,,,,,,,,,,,,,,,,,,,,,,,,,,,,,,,,,,,,,,,,,,,,,,,,,,,,,,,,,,,,,,,,,,,,,,,,,,,,,,,,,,,,,,,,,,,,,,,,,,,,,,,,,,,,,,,,,,,,,,,,,,,,,,,,,,,,,,,,,,,,,,,,,,,,,,,,,,,,,,,,,,,,,,,,,,,,,,,,,,,,,,,,,,,,,,,,,,,,,,,,,,,,,,,,,,,,,,,,,,,,,,,,,,,,,,,,,,,,,,,,,,,,,,,,,,,,,,,,,,,,,,,,,,,,,,,,,,,,,,,,,,,,,,,,,,,,,,,,,,,,,,,,,,,,,,,,,,,,,,,,,,,,,,,,,,,,,,,,,,,,,,,,,,,,,,,,,,,,,,,,,,,,,,,,,,,,,,,,,,,,,,,,,,,,,,,,,,,,,,,,,,,,,,,,,,,,,,,,,,,,,,,,,,,,,,,,,,,,,,,,,,,,,,,,,,,,,,,,,,,,,,,,,,,,,,,,,,,,,,,,,,,,,,,,,,,,,,,,,,,,,,,,,,,,,,,,,,,,,*/zɡˈorə/,,,,
R314,,,,,,,,,,,,,,,,,,,,,,,,,,,,,,,,,,,,,,,,,,,,,,,,,,,,,,,,,,,,,,,,,,,,,,,,,,,,,,,,,,,,,,,,,,,,,,,,,,,,,,,,,,,,,,,,,,,,,,,,,,,,,,,,,,,,,,,,,,,,,,,,,,,,,,,,,,,,,,,,,,,,,,,,,,,,,,,,,,,,,,,,,,,,,,,,,,,,,,,,,,,,,,,,,,,,,,,,,,,,,,,,,,,,,,,,,,,,,,,,,,,,,,,,,,,,,,,,,,,,,,,,,,,,,,,,,,,,,,,,,,,,,,,,,,,,,,,,,,,,,,,,,,,,,,,,,,,,,,,,,,,,,,,,,,,,,,,,,,,,,,,,,,,,,,,,,,,,,,,,,,,,,,,,,,,,,,,,,,,,,,,,,,,,,,,,,,,,,,,,,,,,,,,,,,,,,,,,,,,,,,,,,,,,,,,,,,,,,,,,,,,,,,,,,,,,,,,,,,,,,,,,,,,,,,,,,,,,,,,,,,,,,,,,,,,,,,,,,,,,,*/tre̯ˈaptə/,,,,,,,,,,,,,,,,,,,,,,,,,,,,,,,,,,,,,,,,,,,,,,,,,,,,,,,,,,,,,,,,,,,,,,,,,,,,,,,,,,,,,,,,,,,,,,,,,,,,,,,,,,,,,,,,,,,,,,,,,,,,,,,,,,,,,,,,,,,,,,,,,,,,,,,,,,,,,,,,,,,,,,,,,,,,,,,,,,,,,,,,,,,,,,,,,,,,,,,,,,,,,,,,,,,,,,,,,,,,,,,,,,,,,,,,,,,,,,,,,,,,,,,,,,,,,,,,,,,,,,,,,,,,,,,,,,,,,,,,,,,,,,,,,,,,,,,,,,,,,,,,,,,,,,,,,,,,,,,,,,,,,,,,,,,,,,,,,,,,,,,,,,,,,,,,,,,,,,,,,,,,,,,,,,,,,,,,,,,,,,,,,,,,,,,,,,,,,,,,,,,,,,,,,,,,,,,,,,,,,,,,,,,,,,,,,,,,,,,,,,,,,,,,,,,,,,,,,,,,,*/pərˈesimj/,,,,,,,,,,,,,,,,,,,,,,,,,,,,,,,,,,,,,,,,,,,,,,,,,,,,,,,,,,,,,,,,,,,,,,,,,,,,,,,,,,,,,,,,,,,,,,,,,,,,,,,,,,,,,,,,,,,,,,,,,,,,,,,,,,,,,,,,,,,,,,,,,,,,,,,,,,,,,,,,,,,,,,,,,,,,,,,,,,,,,,,,,,,,,,,,,,,,,,,,,,,,,,,,,,,,,,,,,,,,,,,,,,,,,,,,,,,,,,,,,,,,,,,,,,,,,,,,,,,,,,,,,,,,,,,,,,,,,,,,,,,,,,,,,,,,,,,,,,,,,,,,,,,,,,,,,,,,,,,,,,,,,,,,,,,,,,,,,,,,,,,,,,,,,,,,,,,,,,,,,,,,,,,,,,,,,,,,,,,,,,,,,,,,,,,,,,,,,,,,,,,,,,,,,,,,,,,,,,,,,,,,,,,,,,,,,,,,,,,,,,,,,,,,,,,,,,,,,,,,,,,,,,,,,,,,,
R315,,,,,,,,,,,,,,,,,,,,,,,,,,,,,,,,,,,,,,,,,,,,,,,,,,,,,,,,,,,,,,,,,,,,,,,,,,,,,,,,,,,,,,,,,,,,,,,,,,,,,,,,,,,,,,,,,,,,,,,,,,,,,,,,,,,,,,,,,,,,,,,,,,,,,,,,,,,,,,,,,,,,,,,,,,,,,,,,,,,,,,,,,,,,,,,,,,,,,,,,,,,,,,,,,,,,,,,,,,,,,,,,,,,,,,,,,,,,,,,,,,,,,,,,,,,,,,,,,,,,,,,,,,,,,,,,,,,,,,,,,,,,,,,,,,,,,,,,,,,,,,,,,,,,,,,,,,,,,,,,,,,,,,,,,,,,,,,,,,,,,,,,,,,,,,,,,,,,,,,,,,,,,,,,,,,,,,,,,,,,,,,,,,,,,,,,,,,,,,,,,,,,,,,,,,,,,,,,,,,,,,,,,,,*/ˈie/,,,,,,,,,,,,,,,,,,,,,,,,,,,,,,,,,,,,,,,,,,,,,,,,,,,,,,,,,,,,,,,,,,,,,,,,,,,,,,,,,,,,,,,,,,,,,,,,,,,,,,,,,,,,,,,,,,,,,,,,,,,,,,,,,,,,,,,,,,,,,,,,,,,,,,,,,,,,,,*/prˈie/,,,,,,,,,,,,,,,,,,,,,,,,,,,,,,,,,,,,,,,,,,,,,,,,,,,,,,,,,,,,,,,,,,,,,,,,,,,,,,,,,,,,,,,,,,,,,,,,,,,,,,,,,,,,,,,,,,,,,,,,,,,,,,,,,,,,,,,,,,,,,,,,,,,,,,,,,,,,,,,,,,,,,,,,,,,,,,,,,,,,,,,,,,,,,,,,,,,,,,,,,,,,,,,,,,,,,,,,,,,,,,,,,,,,,,,,,,,,,,,,,,,,,,,,,,,,,,,,,,,,,,,,,,,,,,,,,,,,,,,,,,,,,,,,,,,,,,,,,,,,,,,,,,,,,,,,,,,,,,,,,,,,,,,,,,,,,,,,,,,,,,,,,,,,,,,,,,,,,,,,,,,,,,,,,,,,,,,,,,,,,,,,,,,,,,,,,,,,,,,,,,,,,,,,,,,,,,,,,,,,,,,,,,,,,,,,,,,,,,,,,,,,,,,,,,,,,,,,,,,,,,,,,,,,,,,,,,,,,,,,,,,,,,,,,,,,,,,,,,,,,,,,,,,,,,,,,,,,,,,,,,,,,,,,,,,,,,,,,,,,,,,,,,,,,,,,,,,,,,,,,,,,,,,,,,,,,,,,,,,,,,,,,,,,,,,,,,,,,,,,,,,,,,,,,,,,,,,,,,,,,,,,,,,,,,,,,,,,,,,,,,,,,,,,,,,,,,,,,,,,,,,,,,,,,,,,,,,,,,,,,,,,,,,,,,,,,,,,,,,,,,,,,,,,,,,,,,,,,,,,,*/leʃˈie/,,,,,,,,,,,,,,,,,,,,,,,,,,,,,,,,,,,,,,,,,,,,,,,,,,,,,,,,,,,,,,,,,,,,,,,,,,,,,,,,,,,,,,,,,,,,,,,,,,,,,,,,,,,,,,,,,,,,,,,,,,,,,,,,,
null,null,null,null,null,null,null,null,null,null,null,null,null,null,null,null,null,null,null,null,null,null,null,null,null,null,null,null,null,null,null,null,null,null,null,null,null,null,null,null,null,null,null,null,null,null,null,null,null,null,null,null,null,null,null,null,null,null,null,null,null,null,null,null,null,null,null,null,null,null,null,null,null,null,null,null,null,null,null,null,null,null,null,null,null,null,null,null,null,null,null,null,null,null,null,null,null,null,null,null,null,null,null,null,null,null,null,null,null,null,null,null,null,null,null,null,null,null,null,null,null,null,null,null,null,null,null,null,null,null,null,null,null,null,null,null,null,null,null,null,null,null,null,null,null,null,null,null,null,null,null,null,null,null,null,null,null,null,null,null,null,null,null,null,null,null,null,null,null,null,null,null,null,null,null,null,null,null,null,null,null,null,null,null,null,null,null,null,null,null,null,null,null,null,null,null,null,null,null,null,null,null,null,null,null,null,null,null,null,null,null,null,null,null,null,null,null,null,null,null,null,null,null,null,null,null,null,null,null,null,null,null,null,null,null,null,null,null,null,null,null,null,null,null,null,null,null,null,null,null,null,null,null,null,null,null,null,null,null,null,null,null,null,null,null,null,null,null,null,null,null,null,null,null,null,null,null,null,null,null,null,null,null,null,null,null,null,null,null,null,null,null,null,null,null,null,null,null,null,null,null,null,null,null,null,null,null,null,null,null,null,null,null,null,null,null,null,null,null,null,null,null,null,null,null,null,null,null,null,null,null,null,null,null,null,null,null,null,null,null,null,null,null,null,null,null,null,null,null,null,null,null,null,null,null,null,null,null,null,null,null,null,null,null,null,null,null,null,null,null,null,null,null,null,null,null,null,null,null,null,null,null,null,null,null,null,null,null,null,null,null,null,null,null,null,null,null,null,null,null,null,null,null,null,null,null,null,null,null,null,null,null,null,null,null,null,null,null,null,null,null,null,null,null,null,null,null,null,null,null,null,null,null,null,null,null,null,null,null,null,null,null,null,null,null,null,null,null,null,null,null,null,null,null,null,null,null,null,null,null,null,null,null,null,null,null,null,null,null,null,null,null,null,null,null,null,null,null,null,null,null,null,null,null,null,null,null,null,null,null,null,null,null,null,null,null,null,null,null,null,null,null,null,null,null,null,null,null,null,null,null,null,null,null,null,null,null,null,null,null,null,null,null,null,null,null,null,null,null,null,null,null,null,null,null,null,null,null,null,null,null,null,null,null,null,null,null,null,null,null,null,null,null,null,null,null,null,null,null,null,null,null,null,null,null,null,null,null,null,null,null,null,null,null,null,null,null,null,null,null,null,null,null,null,null,null,null,null,null,null,null,null,null,null,null,null,null,null,null,null,null,null,null,null,null,null,null,null,null,null,null,null,null,null,null,null,null,null,null,null,null,null,null,null,null,null,null,null,null,null,null,null,null,null,null,null,null,null,null,null,null,null,null,null,null,null,null,null,null,null,null,null,null,null,null,null,null,null,null,null,null,null,null,null,null,null,null,null,null,null,null,null,null,null,null,null,null,null,null,null,null,null,null,null,null,null,null,null,null,null,null,null,null,null,null,null,null,null,null,null,null,null,null,null,null,null,null,null,null,null,null,null,null,null,null,null,null,null,null,null,null,null,null,null,null,null,null,null,null,null,null,null,null,null,null,null,null,null,null,null,null,null,null,null,null,null,null,null,null,null,null,null,null,null,null,null,null,null,null,null,null,null,null,null,null,null,null,null,null,null,null,null,null,null,null,null,null,null,null,null,null,null,null,null,null,null,null,null,null,null,null,null,null,null,null,null,null,null,null,null,null,null,null,null,null,null,null,null,null,null,null,null,null,null,null,null,null,null,null,null,null,null,null,null,null,null,null,null,null,null,null,null,null,null,null,null,null,null,null,null,null,null,null,null,null,null,null,null,null,null,null,null,null,null,null,null,null,null,null,null,null,null,null,null,null,null,null,null,null,null,null,null,null,null,null,null,null,null,null,null,null,null,null,null,null,null,null,null,null,null,null,null,null,null,null,null,null,null,null,null,null,null,null,null,null,null,null,null,null,null,null,null,null,null,null,null,null,null,null,null,null,null,null,null,null,null,null,null,null,null,null,null,null,null,null,null,null,null,null,null,null,null,null,null,null,null,null,null,null,null,null,null,null,null,null,null,null,null,null,null,null,null,null,null,null,null,null,null,null,null,null,null,null,null,null,null,null,null,null,null,null,null,null,null,null,null,null,null,null,null,null,null,null,null,null,null,null,null,null,null,null,null,null,null,null,null,null,null,null,null,null,null,null,null,null,null,null,null,null,null,null,null,null,null,null,null,null,null,null,null,null,null,null,null,null,null,null,null,null,null,null,null,null,null,null,null,null,null,null,null,null,null,null,null,null,null,null,null,null,null,null,null,null,null,null,null,null,null,null,null,null,null,null,null,null,null,null,null,null,null,null,null,null,null,null,null,null,null,null,null,null,null,null,null,null,null,null,null,null,null,null,null,null,null,null,null,null,null,null,null,null,null,null,null,null,null,null,null,null,null,null,null,null,null,null,null,null,null,null,null,null,null,null,null,null,null,null,null,null,null,null,null,null,null,null,null,null,null,null,null,null,null,null,null,null,null,null,null,null,null,null,null,null,null,null,null,null,null,null,null,null,null,null,null,null,null,null,null,null,null,null,null,null,null,null,null,null,null,null,null,null,null,null,null,null,null,null,null,null,null,null,null,null,null,null,null,null,null,null,null,null,null,null,null,null,null,null,null,null,null,null,null,null,null,null,null,null,null,null,null,null,null,null,null,null,null,null,null,null,null,null,null,null,null,null,null,null,null,null,null,null,null,null,null,null,null,null,null,null,null,null,null,null,null,null,null,null,null,null,null,null,null,null,null,null,null,null,null,null,null,null,null,null,null,null,null,null,null,null,null,null,null,null,null,null,null,null,null,null,null,null,null,null,null,null,null,null,null,null,null,null,null,null,null,null,null,null,null,null,null,null,null,null,null,null,null,null,null,null,null,null,null,null,null,null,null,null,null,null,null,null,null,null,null,null,null,null,null,null,null,null,null,null,null,null,null,null,null,null,null,null,null,null,null,null,null,null,null,null,null,null,null,null,null,null,null,null,null,null,null,null,null,null,null,null,null,null,null,null,null,null,null,null,null,null,null,null,null,null,null,null,null,null,null,null,null,null,null,null,null,null,null,null,null,null,null,null,null,null,null,null,null,null,null,null,null,null,null,null,null,null,null,null,null,null,null
